amfi_code,date,nav
FUND01,2023-01-02,34.7528
FUND01,2023-01-03,34.5297
FUND01,2023-01-04,34.6043
FUND01,2023-01-05,34.5818
FUND01,2023-01-06,34.5674
FUND01,2023-01-09,34.607
FUND01,2023-01-10,34.6655
FUND01,2023-01-11,34.8754
FUND01,2023-01-12,35.0038
FUND01,2023-01-13,35.0429
FUND01,2023-01-16,34.9427
FUND01,2023-01-17,34.7976
FUND01,2023-01-18,34.8587
FUND01,2023-01-19,35.0939
FUND01,2023-01-20,35.1219
FUND01,2023-01-23,35.1255
FUND01,2023-01-24,35.2342
FUND01,2023-01-25,35.0153
FUND01,2023-01-26,34.9851
FUND01,2023-01-27,35.0866
FUND01,2023-01-30,35.2514
FUND01,2023-01-31,35.2328
FUND01,2023-02-01,35.3162
FUND01,2023-02-02,35.3785
FUND01,2023-02-03,35.5296
FUND01,2023-02-06,35.3655
FUND01,2023-02-07,35.481
FUND01,2023-02-08,35.2505
FUND01,2023-02-09,34.8388
FUND01,2023-02-10,34.7606
FUND01,2023-02-13,34.6323
FUND01,2023-02-14,34.7954
FUND01,2023-02-15,34.9246
FUND01,2023-02-16,34.7461
FUND01,2023-02-17,34.905
FUND01,2023-02-20,34.762
FUND01,2023-02-21,34.7689
FUND01,2023-02-22,34.7419
FUND01,2023-02-23,34.7814
FUND01,2023-02-24,34.9358
FUND01,2023-02-27,35.0614
FUND01,2023-02-28,35.14
FUND01,2023-03-01,35.2682
FUND01,2023-03-02,35.3685
FUND01,2023-03-03,35.2859
FUND01,2023-03-06,35.1884
FUND01,2023-03-07,35.1321
FUND01,2023-03-08,35.2355
FUND01,2023-03-09,35.2154
FUND01,2023-03-10,35.6221
FUND01,2023-03-13,35.5067
FUND01,2023-03-14,35.3452
FUND01,2023-03-15,35.4938
FUND01,2023-03-16,35.7517
FUND01,2023-03-17,35.858
FUND01,2023-03-20,36.0201
FUND01,2023-03-21,36.2826
FUND01,2023-03-22,36.2884
FUND01,2023-03-23,36.0682
FUND01,2023-03-24,35.9999
FUND01,2023-03-27,36.1824
FUND01,2023-03-28,35.9593
FUND01,2023-03-29,35.9866
FUND01,2023-03-30,36.051
FUND01,2023-03-31,36.0193
FUND01,2023-04-03,36.1632
FUND01,2023-04-04,36.2834
FUND01,2023-04-05,36.7
FUND01,2023-04-06,36.8288
FUND01,2023-04-07,36.7457
FUND01,2023-04-10,36.6711
FUND01,2023-04-11,36.5502
FUND01,2023-04-12,36.7353
FUND01,2023-04-13,36.6598
FUND01,2023-04-14,36.6698
FUND01,2023-04-17,36.8207
FUND01,2023-04-18,36.718
FUND01,2023-04-19,36.6895
FUND01,2023-04-20,36.3949
FUND01,2023-04-21,36.2321
FUND01,2023-04-24,36.1575
FUND01,2023-04-25,36.2497
FUND01,2023-04-26,36.4743
FUND01,2023-04-27,36.4931
FUND01,2023-04-28,36.5598
FUND01,2023-05-01,36.6106
FUND01,2023-05-02,36.8188
FUND01,2023-05-03,36.9951
FUND01,2023-05-04,37.0648
FUND01,2023-05-05,36.9115
FUND01,2023-05-08,37.09
FUND01,2023-05-09,37.1786
FUND01,2023-05-10,37.4148
FUND01,2023-05-11,37.432
FUND01,2023-05-12,37.7973
FUND01,2023-05-15,37.7564
FUND01,2023-05-16,38.0611
FUND01,2023-05-17,38.1045
FUND01,2023-05-18,38.0352
FUND01,2023-05-19,37.8569
FUND01,2023-05-22,37.8529
FUND01,2023-05-23,38.1282
FUND01,2023-05-24,38.2971
FUND01,2023-05-25,38.4438
FUND01,2023-05-26,38.0388
FUND01,2023-05-29,38.1884
FUND01,2023-05-30,38.3109
FUND01,2023-05-31,38.2352
FUND01,2023-06-01,38.1458
FUND01,2023-06-02,38.1683
FUND01,2023-06-05,38.4999
FUND01,2023-06-06,38.3326
FUND01,2023-06-07,38.2788
FUND01,2023-06-08,38.5462
FUND01,2023-06-09,38.4888
FUND01,2023-06-12,38.4462
FUND01,2023-06-13,38.487
FUND01,2023-06-14,38.2862
FUND01,2023-06-15,38.3487
FUND01,2023-06-16,38.1543
FUND01,2023-06-19,38.3356
FUND01,2023-06-20,38.3592
FUND01,2023-06-21,38.7929
FUND01,2023-06-22,38.8673
FUND01,2023-06-23,39.1395
FUND01,2023-06-26,38.924
FUND01,2023-06-27,38.9251
FUND01,2023-06-28,39.0075
FUND01,2023-06-29,39.3502
FUND01,2023-06-30,39.0638
FUND01,2023-07-03,39.2687
FUND01,2023-07-04,39.4012
FUND01,2023-07-05,39.7081
FUND01,2023-07-06,39.8646
FUND01,2023-07-07,39.8983
FUND01,2023-07-10,39.8248
FUND01,2023-07-11,39.6157
FUND01,2023-07-12,39.6758
FUND01,2023-07-13,39.6641
FUND01,2023-07-14,40.0636
FUND01,2023-07-17,39.9729
FUND01,2023-07-18,40.057
FUND01,2023-07-19,39.7865
FUND01,2023-07-20,39.7367
FUND01,2023-07-21,39.8092
FUND01,2023-07-24,39.9869
FUND01,2023-07-25,40.2824
FUND01,2023-07-26,40.2983
FUND01,2023-07-27,40.1115
FUND01,2023-07-28,40.2217
FUND01,2023-07-31,40.3434
FUND01,2023-08-01,40.4607
FUND01,2023-08-02,40.3522
FUND01,2023-08-03,40.5909
FUND01,2023-08-04,40.632
FUND01,2023-08-07,40.7897
FUND01,2023-08-08,41.0579
FUND01,2023-08-09,41.1999
FUND01,2023-08-10,41.28
FUND01,2023-08-11,41.7214
FUND01,2023-08-14,41.7942
FUND01,2023-08-15,41.7613
FUND01,2023-08-16,41.8084
FUND01,2023-08-17,42.1241
FUND01,2023-08-18,42.1729
FUND01,2023-08-21,42.301
FUND01,2023-08-22,42.5635
FUND01,2023-08-23,42.4868
FUND01,2023-08-24,42.1685
FUND01,2023-08-25,42.2531
FUND01,2023-08-28,42.324
FUND01,2023-08-29,42.2288
FUND01,2023-08-30,42.4267
FUND01,2023-08-31,42.573
FUND01,2023-09-01,42.4001
FUND01,2023-09-04,42.5286
FUND01,2023-09-05,42.5151
FUND01,2023-09-06,42.2451
FUND01,2023-09-07,42.3602
FUND01,2023-09-08,42.3767
FUND01,2023-09-11,42.2542
FUND01,2023-09-12,42.3832
FUND01,2023-09-13,42.5056
FUND01,2023-09-14,42.4162
FUND01,2023-09-15,42.5213
FUND01,2023-09-18,42.7492
FUND01,2023-09-19,42.6321
FUND01,2023-09-20,42.7339
FUND01,2023-09-21,42.7601
FUND01,2023-09-22,43.2401
FUND01,2023-09-25,42.8886
FUND01,2023-09-26,43.0542
FUND01,2023-09-27,43.0183
FUND01,2023-09-28,43.024
FUND01,2023-09-29,43.4334
FUND01,2023-10-02,43.4577
FUND01,2023-10-03,43.9404
FUND01,2023-10-04,43.8758
FUND01,2023-10-05,43.9743
FUND01,2023-10-06,43.8995
FUND01,2023-10-09,43.7838
FUND01,2023-10-10,43.823
FUND01,2023-10-11,43.7913
FUND01,2023-10-12,43.8592
FUND01,2023-10-13,43.4528
FUND01,2023-10-16,43.8869
FUND01,2023-10-17,43.8789
FUND01,2023-10-18,44.2638
FUND01,2023-10-19,44.0815
FUND01,2023-10-20,44.1684
FUND01,2023-10-23,44.8503
FUND01,2023-10-24,44.6944
FUND01,2023-10-25,44.408
FUND01,2023-10-26,44.321
FUND01,2023-10-27,44.4458
FUND01,2023-10-30,44.617
FUND01,2023-10-31,44.9137
FUND01,2023-11-01,44.8867
FUND01,2023-11-02,44.5765
FUND01,2023-11-03,44.5125
FUND01,2023-11-06,44.798
FUND01,2023-11-07,44.9228
FUND01,2023-11-08,44.5377
FUND01,2023-11-09,44.5572
FUND01,2023-11-10,44.876
FUND01,2023-11-13,45.3504
FUND01,2023-11-14,45.497
FUND01,2023-11-15,45.5904
FUND01,2023-11-16,45.3528
FUND01,2023-11-17,45.2008
FUND01,2023-11-20,45.2379
FUND01,2023-11-21,45.3719
FUND01,2023-11-22,45.5226
FUND01,2023-11-23,45.4479
FUND01,2023-11-24,45.2298
FUND01,2023-11-27,45.0921
FUND01,2023-11-28,44.8747
FUND01,2023-11-29,45.0371
FUND01,2023-11-30,44.576
FUND01,2023-12-01,44.5332
FUND01,2023-12-04,44.6539
FUND01,2023-12-05,44.9994
FUND01,2023-12-06,45.0415
FUND01,2023-12-07,45.28
FUND01,2023-12-08,45.2225
FUND01,2023-12-11,45.0919
FUND01,2023-12-12,44.9765
FUND01,2023-12-13,45.3256
FUND01,2023-12-14,45.5641
FUND01,2023-12-15,45.6956
FUND01,2023-12-18,46.4365
FUND01,2023-12-19,46.4574
FUND01,2023-12-20,46.6204
FUND01,2023-12-21,46.7157
FUND01,2023-12-22,46.6952
FUND01,2023-12-25,47.2303
FUND01,2023-12-26,47.5923
FUND01,2023-12-27,47.3087
FUND01,2023-12-28,47.2485
FUND01,2023-12-29,47.3718
FUND01,2024-01-01,47.5742
FUND01,2024-01-02,47.3021
FUND01,2024-01-03,46.8304
FUND01,2024-01-04,46.4401
FUND01,2024-01-05,46.4526
FUND01,2024-01-08,46.458
FUND01,2024-01-09,46.5612
FUND01,2024-01-10,46.4212
FUND01,2024-01-11,46.1827
FUND01,2024-01-12,45.7726
FUND01,2024-01-15,45.8707
FUND01,2024-01-16,45.9779
FUND01,2024-01-17,46.2196
FUND01,2024-01-18,46.4187
FUND01,2024-01-19,46.4052
FUND01,2024-01-22,46.7266
FUND01,2024-01-23,46.7248
FUND01,2024-01-24,46.6082
FUND01,2024-01-25,46.5225
FUND01,2024-01-26,46.423
FUND01,2024-01-29,45.9796
FUND01,2024-01-30,46.041
FUND01,2024-01-31,46.1226
FUND01,2024-02-01,46.072
FUND01,2024-02-02,45.9456
FUND01,2024-02-05,46.0533
FUND01,2024-02-06,46.4517
FUND01,2024-02-07,46.4879
FUND01,2024-02-08,46.4053
FUND01,2024-02-09,46.3045
FUND01,2024-02-12,46.3173
FUND01,2024-02-13,46.0705
FUND01,2024-02-14,46.0712
FUND01,2024-02-15,46.1121
FUND01,2024-02-16,46.5386
FUND01,2024-02-19,46.7724
FUND01,2024-02-20,47.0273
FUND01,2024-02-21,46.8984
FUND01,2024-02-22,47.0739
FUND01,2024-02-23,46.8508
FUND01,2024-02-26,46.9475
FUND01,2024-02-27,47.0679
FUND01,2024-02-28,46.9271
FUND01,2024-02-29,47.3952
FUND01,2024-03-01,47.5498
FUND01,2024-03-04,47.1543
FUND01,2024-03-05,47.3048
FUND01,2024-03-06,47.243
FUND01,2024-03-07,47.2717
FUND01,2024-03-08,47.4033
FUND01,2024-03-11,47.5186
FUND01,2024-03-12,47.093
FUND01,2024-03-13,46.8657
FUND01,2024-03-14,47.0636
FUND01,2024-03-15,47.379
FUND01,2024-03-18,47.8302
FUND01,2024-03-19,48.2632
FUND01,2024-03-20,47.8272
FUND01,2024-03-21,48.0285
FUND01,2024-03-22,47.626
FUND01,2024-03-25,48.0149
FUND01,2024-03-26,48.1008
FUND01,2024-03-27,47.8724
FUND01,2024-03-28,48.3523
FUND01,2024-03-29,48.5273
FUND01,2024-04-01,48.1263
FUND01,2024-04-02,48.2215
FUND01,2024-04-03,48.0852
FUND01,2024-04-04,48.1392
FUND01,2024-04-05,48.0632
FUND01,2024-04-08,48.4016
FUND01,2024-04-09,48.1078
FUND01,2024-04-10,48.2083
FUND01,2024-04-11,48.6473
FUND01,2024-04-12,48.488
FUND01,2024-04-15,48.565
FUND01,2024-04-16,48.6402
FUND01,2024-04-17,48.5123
FUND01,2024-04-18,48.6888
FUND01,2024-04-19,48.7402
FUND01,2024-04-22,48.5539
FUND01,2024-04-23,48.9842
FUND01,2024-04-24,49.1954
FUND01,2024-04-25,49.1865
FUND01,2024-04-26,49.0693
FUND01,2024-04-29,48.9184
FUND01,2024-04-30,49.2301
FUND01,2024-05-01,49.2259
FUND01,2024-05-02,49.3615
FUND01,2024-05-03,49.3486
FUND01,2024-05-06,49.5208
FUND01,2024-05-07,49.5237
FUND01,2024-05-08,49.7308
FUND01,2024-05-09,49.7181
FUND01,2024-05-10,49.9413
FUND01,2024-05-13,50.1288
FUND01,2024-05-14,50.1315
FUND01,2024-05-15,49.9596
FUND01,2024-05-16,49.7695
FUND01,2024-05-17,49.6267
FUND01,2024-05-20,49.4275
FUND01,2024-05-21,49.6579
FUND01,2024-05-22,49.6769
FUND01,2024-05-23,50.0724
FUND01,2024-05-24,50.6375
FUND01,2024-05-27,50.6737
FUND01,2024-05-28,50.3365
FUND01,2024-05-29,50.2768
FUND01,2024-05-30,50.2893
FUND01,2024-05-31,49.9687
FUND01,2024-06-03,49.9401
FUND01,2024-06-04,50.0373
FUND01,2024-06-05,49.9596
FUND01,2024-06-06,49.8097
FUND01,2024-06-07,49.6625
FUND01,2024-06-10,50.1084
FUND01,2024-06-11,50.101
FUND01,2024-06-12,49.9362
FUND01,2024-06-13,49.879
FUND01,2024-06-14,50.1322
FUND01,2024-06-17,50.0014
FUND01,2024-06-18,50.1444
FUND01,2024-06-19,50.3457
FUND01,2024-06-20,50.5528
FUND01,2024-06-21,50.9149
FUND01,2024-06-24,50.8141
FUND01,2024-06-25,51.1145
FUND01,2024-06-26,50.9553
FUND01,2024-06-27,50.8913
FUND01,2024-06-28,51.2072
FUND01,2024-07-01,51.4354
FUND01,2024-07-02,51.4669
FUND01,2024-07-03,51.2104
FUND01,2024-07-04,51.376
FUND01,2024-07-05,51.2551
FUND01,2024-07-08,51.064
FUND01,2024-07-09,50.9396
FUND01,2024-07-10,51.0291
FUND01,2024-07-11,50.5524
FUND01,2024-07-12,50.6684
FUND01,2024-07-15,50.7401
FUND01,2024-07-16,50.6316
FUND01,2024-07-17,50.9082
FUND01,2024-07-18,51.0848
FUND01,2024-07-19,50.9703
FUND01,2024-07-22,50.8409
FUND01,2024-07-23,51.0372
FUND01,2024-07-24,50.7052
FUND01,2024-07-25,50.6566
FUND01,2024-07-26,50.5372
FUND01,2024-07-29,50.5842
FUND01,2024-07-30,50.6647
FUND01,2024-07-31,50.7039
FUND01,2024-08-01,51.0042
FUND01,2024-08-02,51.0894
FUND01,2024-08-05,51.0447
FUND01,2024-08-06,50.7857
FUND01,2024-08-07,50.9881
FUND01,2024-08-08,51.145
FUND01,2024-08-09,51.5236
FUND01,2024-08-12,51.374
FUND01,2024-08-13,51.4113
FUND01,2024-08-14,51.4281
FUND01,2024-08-15,51.4379
FUND01,2024-08-16,51.4714
FUND01,2024-08-19,51.0887
FUND01,2024-08-20,51.317
FUND01,2024-08-21,51.505
FUND01,2024-08-22,51.8089
FUND01,2024-08-23,52.3864
FUND01,2024-08-26,52.3396
FUND01,2024-08-27,52.3622
FUND01,2024-08-28,52.3961
FUND01,2024-08-29,52.9047
FUND01,2024-08-30,52.5072
FUND01,2024-09-02,52.6583
FUND01,2024-09-03,52.327
FUND01,2024-09-04,51.7252
FUND01,2024-09-05,51.2664
FUND01,2024-09-06,50.9652
FUND01,2024-09-09,51.2512
FUND01,2024-09-10,51.0734
FUND01,2024-09-11,51.0497
FUND01,2024-09-12,50.802
FUND01,2024-09-13,50.978
FUND01,2024-09-16,50.7454
FUND01,2024-09-17,51.0894
FUND01,2024-09-18,50.8823
FUND01,2024-09-19,50.7305
FUND01,2024-09-20,50.7902
FUND01,2024-09-23,50.8266
FUND01,2024-09-24,51.1966
FUND01,2024-09-25,51.2563
FUND01,2024-09-26,50.997
FUND01,2024-09-27,50.8937
FUND01,2024-09-30,50.7877
FUND01,2024-10-01,50.9908
FUND01,2024-10-02,51.1133
FUND01,2024-10-03,51.1154
FUND01,2024-10-04,51.3545
FUND01,2024-10-07,51.2582
FUND01,2024-10-08,51.2563
FUND01,2024-10-09,51.3306
FUND01,2024-10-10,51.7292
FUND01,2024-10-11,51.7364
FUND01,2024-10-14,51.6825
FUND01,2024-10-15,51.4602
FUND01,2024-10-16,51.6566
FUND01,2024-10-17,51.5454
FUND01,2024-10-18,51.6595
FUND01,2024-10-21,51.2301
FUND01,2024-10-22,51.5114
FUND01,2024-10-23,51.2208
FUND01,2024-10-24,51.065
FUND01,2024-10-25,51.3491
FUND01,2024-10-28,51.0588
FUND01,2024-10-29,51.0705
FUND01,2024-10-30,51.119
FUND01,2024-10-31,50.9105
FUND01,2024-11-01,51.2616
FUND01,2024-11-04,51.6526
FUND01,2024-11-05,51.2063
FUND01,2024-11-06,50.8893
FUND01,2024-11-07,51.1127
FUND01,2024-11-08,50.8313
FUND01,2024-11-11,50.7692
FUND01,2024-11-12,50.8306
FUND01,2024-11-13,51.026
FUND01,2024-11-14,51.0033
FUND01,2024-11-15,51.0568
FUND01,2024-11-18,50.9016
FUND01,2024-11-19,51.2406
FUND01,2024-11-20,51.1525
FUND01,2024-11-21,51.2647
FUND01,2024-11-22,51.1726
FUND01,2024-11-25,51.2289
FUND01,2024-11-26,51.2193
FUND01,2024-11-27,51.2112
FUND01,2024-11-28,50.9986
FUND01,2024-11-29,51.2197
FUND01,2024-12-02,51.59
FUND01,2024-12-03,51.6798
FUND01,2024-12-04,51.8884
FUND01,2024-12-05,52.1234
FUND01,2024-12-06,52.3815
FUND01,2024-12-09,52.4875
FUND01,2024-12-10,52.5713
FUND01,2024-12-11,52.8159
FUND01,2024-12-12,52.8647
FUND01,2024-12-13,52.6552
FUND01,2024-12-16,52.6927
FUND01,2024-12-17,52.258
FUND01,2024-12-18,52.288
FUND01,2024-12-19,52.4208
FUND01,2024-12-20,52.756
FUND01,2024-12-23,52.8252
FUND01,2024-12-24,53.0868
FUND01,2024-12-25,53.1186
FUND01,2024-12-26,52.8957
FUND01,2024-12-27,52.5776
FUND01,2024-12-30,52.3702
FUND01,2024-12-31,52.0663
FUND01,2025-01-01,52.2523
FUND01,2025-01-02,52.2329
FUND01,2025-01-03,52.404
FUND01,2025-01-06,52.4536
FUND01,2025-01-07,52.7418
FUND01,2025-01-08,53.0357
FUND01,2025-01-09,52.9072
FUND01,2025-01-10,52.871
FUND01,2025-01-13,52.7707
FUND01,2025-01-14,52.4014
FUND01,2025-01-15,52.5988
FUND01,2025-01-16,52.9236
FUND01,2025-01-17,52.9538
FUND01,2025-01-20,52.8632
FUND01,2025-01-21,53.1654
FUND01,2025-01-22,52.613
FUND01,2025-01-23,52.6884
FUND01,2025-01-24,52.7555
FUND01,2025-01-27,52.646
FUND01,2025-01-28,53.0211
FUND01,2025-01-29,53.2943
FUND01,2025-01-30,53.2611
FUND01,2025-01-31,53.2715
FUND01,2025-02-03,53.2067
FUND01,2025-02-04,53.111
FUND01,2025-02-05,52.8172
FUND01,2025-02-06,53.1907
FUND01,2025-02-07,53.479
FUND01,2025-02-10,53.7113
FUND01,2025-02-11,53.4681
FUND01,2025-02-12,54.0218
FUND01,2025-02-13,54.5557
FUND01,2025-02-14,54.6366
FUND01,2025-02-17,54.4379
FUND01,2025-02-18,54.2496
FUND01,2025-02-19,54.3886
FUND01,2025-02-20,54.1886
FUND01,2025-02-21,54.2125
FUND01,2025-02-24,54.5218
FUND01,2025-02-25,54.1695
FUND01,2025-02-26,54.7114
FUND01,2025-02-27,55.1461
FUND01,2025-02-28,54.8595
FUND01,2025-03-03,54.529
FUND01,2025-03-04,54.4893
FUND01,2025-03-05,54.2587
FUND01,2025-03-06,54.2243
FUND01,2025-03-07,53.6009
FUND01,2025-03-10,53.5756
FUND01,2025-03-11,54.0606
FUND01,2025-03-12,53.8102
FUND01,2025-03-13,53.7737
FUND01,2025-03-14,53.4306
FUND01,2025-03-17,53.6226
FUND01,2025-03-18,53.5982
FUND01,2025-03-19,54.1181
FUND01,2025-03-20,54.2031
FUND01,2025-03-21,54.1411
FUND01,2025-03-24,54.3134
FUND01,2025-03-25,54.2172
FUND01,2025-03-26,53.9094
FUND01,2025-03-27,54.0181
FUND01,2025-03-28,54.0064
FUND01,2025-03-31,54.081
FUND01,2025-04-01,54.2087
FUND01,2025-04-02,54.1116
FUND01,2025-04-03,54.2511
FUND01,2025-04-04,54.7257
FUND01,2025-04-07,54.4744
FUND01,2025-04-08,54.9509
FUND01,2025-04-09,54.9214
FUND01,2025-04-10,54.757
FUND01,2025-04-11,55.413
FUND01,2025-04-14,55.4866
FUND01,2025-04-15,55.8764
FUND01,2025-04-16,56.1242
FUND01,2025-04-17,55.7158
FUND01,2025-04-18,55.7809
FUND01,2025-04-21,55.6771
FUND01,2025-04-22,55.3604
FUND01,2025-04-23,54.934
FUND01,2025-04-24,54.9934
FUND01,2025-04-25,55.1786
FUND01,2025-04-28,55.3129
FUND01,2025-04-29,55.2668
FUND01,2025-04-30,55.0932
FUND01,2025-05-01,54.8715
FUND01,2025-05-02,54.7617
FUND01,2025-05-05,54.5295
FUND01,2025-05-06,54.5103
FUND01,2025-05-07,54.5373
FUND01,2025-05-08,54.341
FUND01,2025-05-09,54.3146
FUND01,2025-05-12,54.1537
FUND01,2025-05-13,54.1852
FUND01,2025-05-14,54.3466
FUND01,2025-05-15,54.4247
FUND01,2025-05-16,54.5779
FUND01,2025-05-19,54.1881
FUND01,2025-05-20,54.1245
FUND01,2025-05-21,54.2272
FUND01,2025-05-22,54.4229
FUND01,2025-05-23,54.0479
FUND01,2025-05-26,54.1208
FUND01,2025-05-27,54.4594
FUND01,2025-05-28,54.4466
FUND01,2025-05-29,54.4551
FUND01,2025-05-30,54.6029
FUND01,2025-06-02,54.699
FUND01,2025-06-03,54.9049
FUND01,2025-06-04,54.9566
FUND01,2025-06-05,55.0289
FUND01,2025-06-06,54.8602
FUND01,2025-06-09,54.8494
FUND01,2025-06-10,55.2046
FUND01,2025-06-11,55.185
FUND01,2025-06-12,55.1745
FUND01,2025-06-13,55.0806
FUND01,2025-06-16,55.317
FUND01,2025-06-17,55.1287
FUND01,2025-06-18,55.3971
FUND01,2025-06-19,55.1872
FUND01,2025-06-20,54.9467
FUND01,2025-06-23,55.0328
FUND01,2025-06-24,55.0995
FUND01,2025-06-25,55.2095
FUND01,2025-06-26,55.5177
FUND01,2025-06-27,55.4438
FUND01,2025-06-30,55.5923
FUND01,2025-07-01,55.3886
FUND01,2025-07-02,55.7489
FUND01,2025-07-03,55.9477
FUND01,2025-07-04,56.1221
FUND01,2025-07-07,56.2053
FUND01,2025-07-08,56.0321
FUND01,2025-07-09,55.9798
FUND01,2025-07-10,56.1452
FUND01,2025-07-11,56.1739
FUND01,2025-07-14,56.2403
FUND01,2025-07-15,55.9157
FUND01,2025-07-16,55.9968
FUND01,2025-07-17,55.8488
FUND01,2025-07-18,55.5988
FUND01,2025-07-21,55.592
FUND01,2025-07-22,55.1416
FUND01,2025-07-23,55.3554
FUND01,2025-07-24,55.6098
FUND01,2025-07-25,55.6293
FUND01,2025-07-28,55.4036
FUND01,2025-07-29,55.1914
FUND01,2025-07-30,55.1855
FUND01,2025-07-31,54.5918
FUND01,2025-08-01,54.6708
FUND01,2025-08-04,54.874
FUND01,2025-08-05,54.8268
FUND01,2025-08-06,54.7327
FUND01,2025-08-07,54.8123
FUND01,2025-08-08,54.9354
FUND01,2025-08-11,55.2502
FUND01,2025-08-12,55.2882
FUND01,2025-08-13,55.1427
FUND01,2025-08-14,55.0566
FUND01,2025-08-15,55.1367
FUND01,2025-08-18,55.5721
FUND01,2025-08-19,55.5221
FUND01,2025-08-20,55.2816
FUND01,2025-08-21,55.0894
FUND01,2025-08-22,54.5812
FUND01,2025-08-25,54.6984
FUND01,2025-08-26,54.3823
FUND01,2025-08-27,54.1005
FUND01,2025-08-28,53.632
FUND01,2025-08-29,53.3832
FUND01,2025-09-01,53.5575
FUND01,2025-09-02,53.2605
FUND01,2025-09-03,52.8557
FUND01,2025-09-04,52.9317
FUND01,2025-09-05,52.8789
FUND01,2025-09-08,53.0179
FUND01,2025-09-09,53.2338
FUND01,2025-09-10,53.2637
FUND01,2025-09-11,52.9717
FUND01,2025-09-12,52.9729
FUND01,2025-09-15,53.129
FUND01,2025-09-16,53.0157
FUND01,2025-09-17,52.6904
FUND01,2025-09-18,52.9945
FUND01,2025-09-19,52.9232
FUND01,2025-09-22,52.8535
FUND01,2025-09-23,52.8893
FUND01,2025-09-24,53.1766
FUND01,2025-09-25,53.2743
FUND01,2025-09-26,53.2231
FUND01,2025-09-29,53.4253
FUND01,2025-09-30,53.9951
FUND01,2025-10-01,54.3789
FUND01,2025-10-02,54.5831
FUND01,2025-10-03,54.3288
FUND01,2025-10-06,55.3171
FUND01,2025-10-07,55.0395
FUND01,2025-10-08,54.9767
FUND01,2025-10-09,54.8294
FUND01,2025-10-10,55.2806
FUND01,2025-10-13,55.4227
FUND01,2025-10-14,55.0853
FUND01,2025-10-15,55.1875
FUND01,2025-10-16,55.3622
FUND01,2025-10-17,55.3129
FUND01,2025-10-20,55.0298
FUND01,2025-10-21,54.8759
FUND01,2025-10-22,54.7965
FUND01,2025-10-23,54.8353
FUND01,2025-10-24,54.7347
FUND01,2025-10-27,54.9562
FUND01,2025-10-28,54.7446
FUND01,2025-10-29,54.3332
FUND01,2025-10-30,54.1776
FUND01,2025-10-31,54.5528
FUND01,2025-11-03,54.439
FUND01,2025-11-04,55.0691
FUND01,2025-11-05,55.2291
FUND01,2025-11-06,54.9609
FUND01,2025-11-07,54.779
FUND01,2025-11-10,54.8745
FUND01,2025-11-11,54.6046
FUND01,2025-11-12,55.2452
FUND01,2025-11-13,55.0219
FUND01,2025-11-14,55.2306
FUND01,2025-11-17,55.6419
FUND01,2025-11-18,55.6469
FUND01,2025-11-19,55.4206
FUND01,2025-11-20,55.383
FUND01,2025-11-21,55.5103
FUND01,2025-11-24,55.7716
FUND02,2023-01-02,76.8783
FUND02,2023-01-03,76.4366
FUND02,2023-01-04,75.4812
FUND02,2023-01-05,75.9386
FUND02,2023-01-06,77.3461
FUND02,2023-01-09,78.7189
FUND02,2023-01-10,78.3566
FUND02,2023-01-11,78.0722
FUND02,2023-01-12,78.6184
FUND02,2023-01-13,79.4376
FUND02,2023-01-16,79.1848
FUND02,2023-01-17,79.1338
FUND02,2023-01-18,80.7915
FUND02,2023-01-19,80.7656
FUND02,2023-01-20,80.4591
FUND02,2023-01-23,80.6014
FUND02,2023-01-24,81.0845
FUND02,2023-01-25,80.3771
FUND02,2023-01-26,80.2472
FUND02,2023-01-27,79.4404
FUND02,2023-01-30,79.2902
FUND02,2023-01-31,80.7107
FUND02,2023-02-01,81.3147
FUND02,2023-02-02,81.2997
FUND02,2023-02-03,80.6566
FUND02,2023-02-06,80.4795
FUND02,2023-02-07,81.3103
FUND02,2023-02-08,80.9447
FUND02,2023-02-09,82.0776
FUND02,2023-02-10,81.0961
FUND02,2023-02-13,80.9339
FUND02,2023-02-14,82.2842
FUND02,2023-02-15,80.8206
FUND02,2023-02-16,81.7571
FUND02,2023-02-17,80.4205
FUND02,2023-02-20,80.4074
FUND02,2023-02-21,80.3335
FUND02,2023-02-22,80.9956
FUND02,2023-02-23,78.7013
FUND02,2023-02-24,77.3666
FUND02,2023-02-27,77.0156
FUND02,2023-02-28,77.093
FUND02,2023-03-01,76.5115
FUND02,2023-03-02,76.4072
FUND02,2023-03-03,75.6251
FUND02,2023-03-06,75.3966
FUND02,2023-03-07,74.86
FUND02,2023-03-08,75.0778
FUND02,2023-03-09,75.529
FUND02,2023-03-10,76.5739
FUND02,2023-03-13,76.163
FUND02,2023-03-14,75.9911
FUND02,2023-03-15,76.0751
FUND02,2023-03-16,75.9196
FUND02,2023-03-17,75.9338
FUND02,2023-03-20,74.8942
FUND02,2023-03-21,75.2
FUND02,2023-03-22,74.6176
FUND02,2023-03-23,74.011
FUND02,2023-03-24,72.98
FUND02,2023-03-27,73.8074
FUND02,2023-03-28,73.7611
FUND02,2023-03-29,74.5895
FUND02,2023-03-30,74.8259
FUND02,2023-03-31,73.7043
FUND02,2023-04-03,73.0193
FUND02,2023-04-04,73.5766
FUND02,2023-04-05,73.1078
FUND02,2023-04-06,72.4239
FUND02,2023-04-07,72.3528
FUND02,2023-04-10,72.2833
FUND02,2023-04-11,71.6592
FUND02,2023-04-12,71.4921
FUND02,2023-04-13,71.2254
FUND02,2023-04-14,69.5774
FUND02,2023-04-17,69.9452
FUND02,2023-04-18,69.4702
FUND02,2023-04-19,70.3493
FUND02,2023-04-20,69.6525
FUND02,2023-04-21,68.6878
FUND02,2023-04-24,69.4832
FUND02,2023-04-25,68.5173
FUND02,2023-04-26,68.1623
FUND02,2023-04-27,68.5819
FUND02,2023-04-28,68.4198
FUND02,2023-05-01,67.4244
FUND02,2023-05-02,67.5858
FUND02,2023-05-03,67.5102
FUND02,2023-05-04,68.3517
FUND02,2023-05-05,68.767
FUND02,2023-05-08,70.7314
FUND02,2023-05-09,69.7086
FUND02,2023-05-10,69.7411
FUND02,2023-05-11,69.1039
FUND02,2023-05-12,69.8833
FUND02,2023-05-15,70.4577
FUND02,2023-05-16,70.9929
FUND02,2023-05-17,70.533
FUND02,2023-05-18,70.0969
FUND02,2023-05-19,68.836
FUND02,2023-05-22,69.9634
FUND02,2023-05-23,70.3368
FUND02,2023-05-24,70.215
FUND02,2023-05-25,70.8642
FUND02,2023-05-26,71.4004
FUND02,2023-05-29,72.088
FUND02,2023-05-30,71.0603
FUND02,2023-05-31,70.6415
FUND02,2023-06-01,70.8154
FUND02,2023-06-02,71.0939
FUND02,2023-06-05,71.7667
FUND02,2023-06-06,71.1492
FUND02,2023-06-07,71.2798
FUND02,2023-06-08,72.772
FUND02,2023-06-09,73.2832
FUND02,2023-06-12,73.9184
FUND02,2023-06-13,73.9546
FUND02,2023-06-14,74.5256
FUND02,2023-06-15,75.8108
FUND02,2023-06-16,75.9356
FUND02,2023-06-19,76.8404
FUND02,2023-06-20,76.2736
FUND02,2023-06-21,76.738
FUND02,2023-06-22,77.4268
FUND02,2023-06-23,76.9433
FUND02,2023-06-26,77.7711
FUND02,2023-06-27,77.3402
FUND02,2023-06-28,76.8194
FUND02,2023-06-29,76.8697
FUND02,2023-06-30,78.2858
FUND02,2023-07-03,78.5604
FUND02,2023-07-04,79.2884
FUND02,2023-07-05,78.8079
FUND02,2023-07-06,78.9165
FUND02,2023-07-07,78.1157
FUND02,2023-07-10,77.7578
FUND02,2023-07-11,78.4067
FUND02,2023-07-12,78.4313
FUND02,2023-07-13,79.5297
FUND02,2023-07-14,79.4347
FUND02,2023-07-17,79.3431
FUND02,2023-07-18,80.3269
FUND02,2023-07-19,79.9015
FUND02,2023-07-20,78.8387
FUND02,2023-07-21,79.8341
FUND02,2023-07-24,80.1912
FUND02,2023-07-25,78.6488
FUND02,2023-07-26,78.7334
FUND02,2023-07-27,78.4937
FUND02,2023-07-28,79.8047
FUND02,2023-07-31,79.3232
FUND02,2023-08-01,78.9526
FUND02,2023-08-02,78.3446
FUND02,2023-08-03,77.6378
FUND02,2023-08-04,77.1897
FUND02,2023-08-07,76.2224
FUND02,2023-08-08,75.5508
FUND02,2023-08-09,74.4856
FUND02,2023-08-10,73.5102
FUND02,2023-08-11,72.5055
FUND02,2023-08-14,72.2065
FUND02,2023-08-15,71.8009
FUND02,2023-08-16,71.0393
FUND02,2023-08-17,71.3989
FUND02,2023-08-18,71.4149
FUND02,2023-08-21,71.179
FUND02,2023-08-22,70.9229
FUND02,2023-08-23,72.0084
FUND02,2023-08-24,72.215
FUND02,2023-08-25,72.5786
FUND02,2023-08-28,70.902
FUND02,2023-08-29,70.5232
FUND02,2023-08-30,69.1631
FUND02,2023-08-31,68.9382
FUND02,2023-09-01,69.2207
FUND02,2023-09-04,68.8378
FUND02,2023-09-05,69.2117
FUND02,2023-09-06,68.6073
FUND02,2023-09-07,69.016
FUND02,2023-09-08,68.0765
FUND02,2023-09-11,67.9582
FUND02,2023-09-12,68.2656
FUND02,2023-09-13,68.6473
FUND02,2023-09-14,68.6128
FUND02,2023-09-15,69.8816
FUND02,2023-09-18,69.662
FUND02,2023-09-19,69.4197
FUND02,2023-09-20,67.7053
FUND02,2023-09-21,68.8511
FUND02,2023-09-22,68.6635
FUND02,2023-09-25,67.9671
FUND02,2023-09-26,68.8375
FUND02,2023-09-27,69.665
FUND02,2023-09-28,69.7807
FUND02,2023-09-29,68.907
FUND02,2023-10-02,69.2182
FUND02,2023-10-03,68.869
FUND02,2023-10-04,68.1738
FUND02,2023-10-05,68.873
FUND02,2023-10-06,67.5689
FUND02,2023-10-09,67.9662
FUND02,2023-10-10,68.2984
FUND02,2023-10-11,69.6313
FUND02,2023-10-12,69.8857
FUND02,2023-10-13,68.6102
FUND02,2023-10-16,68.1286
FUND02,2023-10-17,68.2145
FUND02,2023-10-18,68.4829
FUND02,2023-10-19,69.1458
FUND02,2023-10-20,67.9465
FUND02,2023-10-23,67.7857
FUND02,2023-10-24,68.4351
FUND02,2023-10-25,69.4517
FUND02,2023-10-26,70.6859
FUND02,2023-10-27,70.4795
FUND02,2023-10-30,71.2374
FUND02,2023-10-31,72.4055
FUND02,2023-11-01,73.251
FUND02,2023-11-02,73.787
FUND02,2023-11-03,74.3975
FUND02,2023-11-06,73.9069
FUND02,2023-11-07,72.9731
FUND02,2023-11-08,73.6809
FUND02,2023-11-09,73.4949
FUND02,2023-11-10,73.5249
FUND02,2023-11-13,73.1828
FUND02,2023-11-14,72.9673
FUND02,2023-11-15,73.172
FUND02,2023-11-16,72.5335
FUND02,2023-11-17,72.6275
FUND02,2023-11-20,72.8401
FUND02,2023-11-21,72.8368
FUND02,2023-11-22,72.3875
FUND02,2023-11-23,72.9591
FUND02,2023-11-24,74.2633
FUND02,2023-11-27,73.9024
FUND02,2023-11-28,74.7901
FUND02,2023-11-29,75.4512
FUND02,2023-11-30,73.6616
FUND02,2023-12-01,73.1953
FUND02,2023-12-04,72.8163
FUND02,2023-12-05,73.388
FUND02,2023-12-06,73.564
FUND02,2023-12-07,73.9337
FUND02,2023-12-08,74.4153
FUND02,2023-12-11,73.8501
FUND02,2023-12-12,73.3926
FUND02,2023-12-13,72.6166
FUND02,2023-12-14,72.5514
FUND02,2023-12-15,72.5203
FUND02,2023-12-18,72.6827
FUND02,2023-12-19,72.2452
FUND02,2023-12-20,72.8953
FUND02,2023-12-21,73.5582
FUND02,2023-12-22,74.6527
FUND02,2023-12-25,75.1905
FUND02,2023-12-26,75.3688
FUND02,2023-12-27,75.8847
FUND02,2023-12-28,76.3605
FUND02,2023-12-29,75.954
FUND02,2024-01-01,76.9046
FUND02,2024-01-02,78.1705
FUND02,2024-01-03,79.6428
FUND02,2024-01-04,79.7217
FUND02,2024-01-05,80.0124
FUND02,2024-01-08,80.3718
FUND02,2024-01-09,80.4235
FUND02,2024-01-10,80.9348
FUND02,2024-01-11,80.8986
FUND02,2024-01-12,80.8084
FUND02,2024-01-15,82.1685
FUND02,2024-01-16,82.3476
FUND02,2024-01-17,82.4532
FUND02,2024-01-18,83.1765
FUND02,2024-01-19,83.3468
FUND02,2024-01-22,83.6257
FUND02,2024-01-23,83.6326
FUND02,2024-01-24,82.7502
FUND02,2024-01-25,82.7818
FUND02,2024-01-26,81.972
FUND02,2024-01-29,82.1849
FUND02,2024-01-30,81.3473
FUND02,2024-01-31,82.0868
FUND02,2024-02-01,82.7067
FUND02,2024-02-02,82.975
FUND02,2024-02-05,82.9539
FUND02,2024-02-06,83.3265
FUND02,2024-02-07,81.8772
FUND02,2024-02-08,81.1063
FUND02,2024-02-09,81.0495
FUND02,2024-02-12,81.3607
FUND02,2024-02-13,81.3555
FUND02,2024-02-14,80.6585
FUND02,2024-02-15,80.8112
FUND02,2024-02-16,80.528
FUND02,2024-02-19,79.7908
FUND02,2024-02-20,80.0856
FUND02,2024-02-21,79.9844
FUND02,2024-02-22,80.9172
FUND02,2024-02-23,81.466
FUND02,2024-02-26,82.0703
FUND02,2024-02-27,82.3676
FUND02,2024-02-28,81.7827
FUND02,2024-02-29,81.1339
FUND02,2024-03-01,80.0909
FUND02,2024-03-04,82.2635
FUND02,2024-03-05,81.5021
FUND02,2024-03-06,81.3993
FUND02,2024-03-07,81.1839
FUND02,2024-03-08,81.0282
FUND02,2024-03-11,80.6472
FUND02,2024-03-12,79.3161
FUND02,2024-03-13,78.6413
FUND02,2024-03-14,77.6886
FUND02,2024-03-15,77.6498
FUND02,2024-03-18,77.2132
FUND02,2024-03-19,76.777
FUND02,2024-03-20,76.9805
FUND02,2024-03-21,76.6195
FUND02,2024-03-22,77.3268
FUND02,2024-03-25,77.1039
FUND02,2024-03-26,77.3148
FUND02,2024-03-27,76.4246
FUND02,2024-03-28,76.9369
FUND02,2024-03-29,76.7016
FUND02,2024-04-01,77.0408
FUND02,2024-04-02,77.3258
FUND02,2024-04-03,77.2541
FUND02,2024-04-04,77.4599
FUND02,2024-04-05,77.2372
FUND02,2024-04-08,78.2442
FUND02,2024-04-09,78.9681
FUND02,2024-04-10,79.3709
FUND02,2024-04-11,78.5629
FUND02,2024-04-12,77.8215
FUND02,2024-04-15,77.3985
FUND02,2024-04-16,77.2758
FUND02,2024-04-17,77.6454
FUND02,2024-04-18,77.0574
FUND02,2024-04-19,77.9423
FUND02,2024-04-22,77.9968
FUND02,2024-04-23,76.6059
FUND02,2024-04-24,76.3223
FUND02,2024-04-25,74.5598
FUND02,2024-04-26,74.0943
FUND02,2024-04-29,73.7697
FUND02,2024-04-30,73.405
FUND02,2024-05-01,73.2345
FUND02,2024-05-02,73.018
FUND02,2024-05-03,72.6682
FUND02,2024-05-06,73.72
FUND02,2024-05-07,74.5923
FUND02,2024-05-08,73.8592
FUND02,2024-05-09,74.7595
FUND02,2024-05-10,73.6953
FUND02,2024-05-13,73.1926
FUND02,2024-05-14,74.2674
FUND02,2024-05-15,72.7882
FUND02,2024-05-16,73.2212
FUND02,2024-05-17,72.4264
FUND02,2024-05-20,72.3788
FUND02,2024-05-21,72.3072
FUND02,2024-05-22,73.4832
FUND02,2024-05-23,72.9847
FUND02,2024-05-24,72.987
FUND02,2024-05-27,73.4562
FUND02,2024-05-28,73.3352
FUND02,2024-05-29,72.8299
FUND02,2024-05-30,72.8388
FUND02,2024-05-31,72.9499
FUND02,2024-06-03,73.5912
FUND02,2024-06-04,73.0024
FUND02,2024-06-05,72.7497
FUND02,2024-06-06,73.0141
FUND02,2024-06-07,72.9505
FUND02,2024-06-10,72.8749
FUND02,2024-06-11,72.9121
FUND02,2024-06-12,72.4943
FUND02,2024-06-13,72.0098
FUND02,2024-06-14,72.3495
FUND02,2024-06-17,71.6695
FUND02,2024-06-18,72.4848
FUND02,2024-06-19,72.6779
FUND02,2024-06-20,71.8736
FUND02,2024-06-21,72.1084
FUND02,2024-06-24,72.2673
FUND02,2024-06-25,72.8217
FUND02,2024-06-26,73.6458
FUND02,2024-06-27,73.4468
FUND02,2024-06-28,73.018
FUND02,2024-07-01,72.6599
FUND02,2024-07-02,72.0532
FUND02,2024-07-03,71.6069
FUND02,2024-07-04,71.8418
FUND02,2024-07-05,71.8997
FUND02,2024-07-08,71.6229
FUND02,2024-07-09,71.1847
FUND02,2024-07-10,71.4597
FUND02,2024-07-11,71.1778
FUND02,2024-07-12,70.5448
FUND02,2024-07-15,70.4935
FUND02,2024-07-16,70.3691
FUND02,2024-07-17,69.7239
FUND02,2024-07-18,70.3004
FUND02,2024-07-19,70.8938
FUND02,2024-07-22,70.9677
FUND02,2024-07-23,71.1004
FUND02,2024-07-24,71.4923
FUND02,2024-07-25,71.5196
FUND02,2024-07-26,72.1531
FUND02,2024-07-29,73.2993
FUND02,2024-07-30,73.4024
FUND02,2024-07-31,73.7483
FUND02,2024-08-01,74.3894
FUND02,2024-08-02,74.2078
FUND02,2024-08-05,73.4877
FUND02,2024-08-06,74.1486
FUND02,2024-08-07,73.1289
FUND02,2024-08-08,74.3799
FUND02,2024-08-09,75.0245
FUND02,2024-08-12,75.2039
FUND02,2024-08-13,75.2893
FUND02,2024-08-14,76.5513
FUND02,2024-08-15,75.9365
FUND02,2024-08-16,75.1774
FUND02,2024-08-19,74.8142
FUND02,2024-08-20,74.684
FUND02,2024-08-21,74.0429
FUND02,2024-08-22,74.197
FUND02,2024-08-23,74.3391
FUND02,2024-08-26,73.8326
FUND02,2024-08-27,74.9695
FUND02,2024-08-28,74.0603
FUND02,2024-08-29,73.2406
FUND02,2024-08-30,73.5426
FUND02,2024-09-02,73.4513
FUND02,2024-09-03,73.7822
FUND02,2024-09-04,73.4116
FUND02,2024-09-05,72.7633
FUND02,2024-09-06,72.3801
FUND02,2024-09-09,71.9736
FUND02,2024-09-10,72.3688
FUND02,2024-09-11,72.0978
FUND02,2024-09-12,72.6503
FUND02,2024-09-13,73.0914
FUND02,2024-09-16,73.8391
FUND02,2024-09-17,74.4995
FUND02,2024-09-18,75.0862
FUND02,2024-09-19,75.6674
FUND02,2024-09-20,75.3585
FUND02,2024-09-23,75.2273
FUND02,2024-09-24,74.0121
FUND02,2024-09-25,74.2599
FUND02,2024-09-26,73.8495
FUND02,2024-09-27,74.1712
FUND02,2024-09-30,74.5802
FUND02,2024-10-01,73.7031
FUND02,2024-10-02,73.0654
FUND02,2024-10-03,72.8795
FUND02,2024-10-04,72.5813
FUND02,2024-10-07,72.7411
FUND02,2024-10-08,72.0171
FUND02,2024-10-09,72.0963
FUND02,2024-10-10,71.0255
FUND02,2024-10-11,69.6661
FUND02,2024-10-14,70.1713
FUND02,2024-10-15,69.3762
FUND02,2024-10-16,69.0654
FUND02,2024-10-17,68.2118
FUND02,2024-10-18,67.374
FUND02,2024-10-21,67.1719
FUND02,2024-10-22,66.9634
FUND02,2024-10-23,67.6127
FUND02,2024-10-24,67.9371
FUND02,2024-10-25,67.8193
FUND02,2024-10-28,68.3367
FUND02,2024-10-29,69.0835
FUND02,2024-10-30,69.3907
FUND02,2024-10-31,69.1778
FUND02,2024-11-01,69.8714
FUND02,2024-11-04,71.0536
FUND02,2024-11-05,71.5323
FUND02,2024-11-06,72.744
FUND02,2024-11-07,73.412
FUND02,2024-11-08,74.0336
FUND02,2024-11-11,73.3411
FUND02,2024-11-12,72.6394
FUND02,2024-11-13,72.6547
FUND02,2024-11-14,71.5884
FUND02,2024-11-15,71.2459
FUND02,2024-11-18,71.8613
FUND02,2024-11-19,71.4699
FUND02,2024-11-20,71.8677
FUND02,2024-11-21,71.0231
FUND02,2024-11-22,70.7481
FUND02,2024-11-25,71.4607
FUND02,2024-11-26,71.6453
FUND02,2024-11-27,71.8841
FUND02,2024-11-28,73.0582
FUND02,2024-11-29,73.9776
FUND02,2024-12-02,73.4307
FUND02,2024-12-03,74.369
FUND02,2024-12-04,73.9981
FUND02,2024-12-05,74.0354
FUND02,2024-12-06,74.095
FUND02,2024-12-09,74.8751
FUND02,2024-12-10,74.1479
FUND02,2024-12-11,74.5052
FUND02,2024-12-12,74.9136
FUND02,2024-12-13,75.5223
FUND02,2024-12-16,75.4265
FUND02,2024-12-17,76.1723
FUND02,2024-12-18,75.7249
FUND02,2024-12-19,76.5737
FUND02,2024-12-20,76.8726
FUND02,2024-12-23,75.9346
FUND02,2024-12-24,76.2699
FUND02,2024-12-25,76.4464
FUND02,2024-12-26,76.2474
FUND02,2024-12-27,75.7822
FUND02,2024-12-30,75.6654
FUND02,2024-12-31,74.7129
FUND02,2025-01-01,75.9236
FUND02,2025-01-02,75.1869
FUND02,2025-01-03,74.78
FUND02,2025-01-06,75.6167
FUND02,2025-01-07,76.0736
FUND02,2025-01-08,76.6279
FUND02,2025-01-09,77.7471
FUND02,2025-01-10,77.5758
FUND02,2025-01-13,76.8814
FUND02,2025-01-14,77.5291
FUND02,2025-01-15,78.1481
FUND02,2025-01-16,77.9654
FUND02,2025-01-17,77.1105
FUND02,2025-01-20,78.04
FUND02,2025-01-21,78.505
FUND02,2025-01-22,77.5663
FUND02,2025-01-23,78.174
FUND02,2025-01-24,77.1908
FUND02,2025-01-27,76.8998
FUND02,2025-01-28,76.1571
FUND02,2025-01-29,75.7614
FUND02,2025-01-30,75.2316
FUND02,2025-01-31,74.8577
FUND02,2025-02-03,75.4058
FUND02,2025-02-04,75.6602
FUND02,2025-02-05,76.1478
FUND02,2025-02-06,76.963
FUND02,2025-02-07,76.7506
FUND02,2025-02-10,76.8581
FUND02,2025-02-11,77.2894
FUND02,2025-02-12,78.5532
FUND02,2025-02-13,79.2547
FUND02,2025-02-14,80.3138
FUND02,2025-02-17,81.1194
FUND02,2025-02-18,81.9616
FUND02,2025-02-19,80.6719
FUND02,2025-02-20,81.3787
FUND02,2025-02-21,81.5921
FUND02,2025-02-24,81.6871
FUND02,2025-02-25,81.3457
FUND02,2025-02-26,81.082
FUND02,2025-02-27,81.4461
FUND02,2025-02-28,82.1291
FUND02,2025-03-03,81.0532
FUND02,2025-03-04,81.2697
FUND02,2025-03-05,80.905
FUND02,2025-03-06,80.2519
FUND02,2025-03-07,80.595
FUND02,2025-03-10,80.4052
FUND02,2025-03-11,79.9717
FUND02,2025-03-12,79.4597
FUND02,2025-03-13,79.718
FUND02,2025-03-14,79.7638
FUND02,2025-03-17,79.0166
FUND02,2025-03-18,78.4585
FUND02,2025-03-19,78.3792
FUND02,2025-03-20,78.7232
FUND02,2025-03-21,78.0162
FUND02,2025-03-24,78.4181
FUND02,2025-03-25,77.8765
FUND02,2025-03-26,79.8807
FUND02,2025-03-27,79.243
FUND02,2025-03-28,78.7204
FUND02,2025-03-31,78.9132
FUND02,2025-04-01,78.3113
FUND02,2025-04-02,78.9591
FUND02,2025-04-03,80.3189
FUND02,2025-04-04,80.0863
FUND02,2025-04-07,80.2668
FUND02,2025-04-08,79.9383
FUND02,2025-04-09,79.9915
FUND02,2025-04-10,81.0974
FUND02,2025-04-11,81.8179
FUND02,2025-04-14,81.1925
FUND02,2025-04-15,82.4001
FUND02,2025-04-16,83.335
FUND02,2025-04-17,83.763
FUND02,2025-04-18,83.3113
FUND02,2025-04-21,83.4171
FUND02,2025-04-22,82.8629
FUND02,2025-04-23,83.2742
FUND02,2025-04-24,83.0874
FUND02,2025-04-25,81.4361
FUND02,2025-04-28,82.1835
FUND02,2025-04-29,82.3829
FUND02,2025-04-30,83.2543
FUND02,2025-05-01,83.2056
FUND02,2025-05-02,83.4051
FUND02,2025-05-05,84.3156
FUND02,2025-05-06,84.6723
FUND02,2025-05-07,84.9528
FUND02,2025-05-08,87.5191
FUND02,2025-05-09,87.4414
FUND02,2025-05-12,87.6356
FUND02,2025-05-13,89.0906
FUND02,2025-05-14,88.4908
FUND02,2025-05-15,87.7031
FUND02,2025-05-16,86.6072
FUND02,2025-05-19,87.0897
FUND02,2025-05-20,87.6485
FUND02,2025-05-21,88.3041
FUND02,2025-05-22,87.2645
FUND02,2025-05-23,88.1293
FUND02,2025-05-26,89.1577
FUND02,2025-05-27,89.1374
FUND02,2025-05-28,89.2234
FUND02,2025-05-29,89.8368
FUND02,2025-05-30,90.1998
FUND02,2025-06-02,90.7921
FUND02,2025-06-03,89.9463
FUND02,2025-06-04,89.8618
FUND02,2025-06-05,88.9203
FUND02,2025-06-06,89.4954
FUND02,2025-06-09,89.9912
FUND02,2025-06-10,89.9694
FUND02,2025-06-11,90.2747
FUND02,2025-06-12,89.0434
FUND02,2025-06-13,89.8048
FUND02,2025-06-16,89.479
FUND02,2025-06-17,89.6447
FUND02,2025-06-18,90.6233
FUND02,2025-06-19,90.0536
FUND02,2025-06-20,91.1045
FUND02,2025-06-23,91.2691
FUND02,2025-06-24,91.3535
FUND02,2025-06-25,91.8812
FUND02,2025-06-26,90.8894
FUND02,2025-06-27,91.4462
FUND02,2025-06-30,91.5588
FUND02,2025-07-01,92.4917
FUND02,2025-07-02,92.3691
FUND02,2025-07-03,92.1221
FUND02,2025-07-04,92.4965
FUND02,2025-07-07,92.5076
FUND02,2025-07-08,91.5711
FUND02,2025-07-09,91.4689
FUND02,2025-07-10,92.5954
FUND02,2025-07-11,92.5779
FUND02,2025-07-14,91.8989
FUND02,2025-07-15,92.5648
FUND02,2025-07-16,91.0497
FUND02,2025-07-17,89.3361
FUND02,2025-07-18,89.3922
FUND02,2025-07-21,89.6004
FUND02,2025-07-22,89.8415
FUND02,2025-07-23,89.1642
FUND02,2025-07-24,89.1003
FUND02,2025-07-25,88.0142
FUND02,2025-07-28,88.2504
FUND02,2025-07-29,86.9991
FUND02,2025-07-30,86.9377
FUND02,2025-07-31,87.2046
FUND02,2025-08-01,85.8548
FUND02,2025-08-04,85.4997
FUND02,2025-08-05,86.176
FUND02,2025-08-06,87.4602
FUND02,2025-08-07,86.3095
FUND02,2025-08-08,86.6366
FUND02,2025-08-11,85.7102
FUND02,2025-08-12,84.7076
FUND02,2025-08-13,86.0066
FUND02,2025-08-14,86.5921
FUND02,2025-08-15,86.0097
FUND02,2025-08-18,86.2401
FUND02,2025-08-19,86.8064
FUND02,2025-08-20,87.0088
FUND02,2025-08-21,88.8639
FUND02,2025-08-22,89.4178
FUND02,2025-08-25,87.0177
FUND02,2025-08-26,86.8436
FUND02,2025-08-27,86.3135
FUND02,2025-08-28,86.2091
FUND02,2025-08-29,86.2772
FUND02,2025-09-01,85.8183
FUND02,2025-09-02,85.0198
FUND02,2025-09-03,86.1417
FUND02,2025-09-04,86.672
FUND02,2025-09-05,86.1955
FUND02,2025-09-08,86.7913
FUND02,2025-09-09,87.3877
FUND02,2025-09-10,88.4637
FUND02,2025-09-11,87.6646
FUND02,2025-09-12,88.3513
FUND02,2025-09-15,87.9167
FUND02,2025-09-16,88.9085
FUND02,2025-09-17,88.8105
FUND02,2025-09-18,87.0153
FUND02,2025-09-19,87.1016
FUND02,2025-09-22,85.7313
FUND02,2025-09-23,85.6173
FUND02,2025-09-24,85.6286
FUND02,2025-09-25,85.3698
FUND02,2025-09-26,84.26
FUND02,2025-09-29,83.4521
FUND02,2025-09-30,82.8599
FUND02,2025-10-01,82.7262
FUND02,2025-10-02,83.7609
FUND02,2025-10-03,84.3626
FUND02,2025-10-06,84.0527
FUND02,2025-10-07,85.0927
FUND02,2025-10-08,84.0795
FUND02,2025-10-09,84.6648
FUND02,2025-10-10,84.5849
FUND02,2025-10-13,84.8249
FUND02,2025-10-14,85.3791
FUND02,2025-10-15,84.9028
FUND02,2025-10-16,85.5845
FUND02,2025-10-17,85.6341
FUND02,2025-10-20,87.5893
FUND02,2025-10-21,87.4027
FUND02,2025-10-22,88.4805
FUND02,2025-10-23,89.0656
FUND02,2025-10-24,88.1638
FUND02,2025-10-27,89.325
FUND02,2025-10-28,88.514
FUND02,2025-10-29,86.7572
FUND02,2025-10-30,87.4954
FUND02,2025-10-31,88.4132
FUND02,2025-11-03,88.5144
FUND02,2025-11-04,88.361
FUND02,2025-11-05,89.706
FUND02,2025-11-06,90.3526
FUND02,2025-11-07,89.8682
FUND02,2025-11-10,90.5322
FUND02,2025-11-11,89.558
FUND02,2025-11-12,89.1576
FUND02,2025-11-13,88.3557
FUND02,2025-11-14,86.628
FUND02,2025-11-17,85.7484
FUND02,2025-11-18,86.7688
FUND02,2025-11-19,85.9511
FUND02,2025-11-20,85.5739
FUND02,2025-11-21,84.7178
FUND02,2025-11-24,85.4482
FUND03,2023-01-02,75.8431
FUND03,2023-01-03,76.2122
FUND03,2023-01-04,76.2183
FUND03,2023-01-05,76.5637
FUND03,2023-01-06,75.2977
FUND03,2023-01-09,75.7741
FUND03,2023-01-10,75.6032
FUND03,2023-01-11,76.5115
FUND03,2023-01-12,76.332
FUND03,2023-01-13,76.3731
FUND03,2023-01-16,76.6726
FUND03,2023-01-17,76.3429
FUND03,2023-01-18,76.729
FUND03,2023-01-19,76.4938
FUND03,2023-01-20,77.0511
FUND03,2023-01-23,77.408
FUND03,2023-01-24,77.6433
FUND03,2023-01-25,77.3724
FUND03,2023-01-26,77.3152
FUND03,2023-01-27,77.4693
FUND03,2023-01-30,76.6564
FUND03,2023-01-31,76.4598
FUND03,2023-02-01,76.8732
FUND03,2023-02-02,76.3813
FUND03,2023-02-03,76.9336
FUND03,2023-02-06,76.7047
FUND03,2023-02-07,76.8671
FUND03,2023-02-08,76.4248
FUND03,2023-02-09,76.6525
FUND03,2023-02-10,76.872
FUND03,2023-02-13,77.3692
FUND03,2023-02-14,77.9597
FUND03,2023-02-15,78.5128
FUND03,2023-02-16,78.631
FUND03,2023-02-17,78.1456
FUND03,2023-02-20,78.7294
FUND03,2023-02-21,78.2105
FUND03,2023-02-22,78.0571
FUND03,2023-02-23,78.3952
FUND03,2023-02-24,78.6117
FUND03,2023-02-27,79.3122
FUND03,2023-02-28,79.3412
FUND03,2023-03-01,78.6544
FUND03,2023-03-02,78.5691
FUND03,2023-03-03,78.6727
FUND03,2023-03-06,78.5555
FUND03,2023-03-07,79.1797
FUND03,2023-03-08,79.1054
FUND03,2023-03-09,78.5283
FUND03,2023-03-10,78.7548
FUND03,2023-03-13,78.3017
FUND03,2023-03-14,79.0443
FUND03,2023-03-15,79.1891
FUND03,2023-03-16,78.6252
FUND03,2023-03-17,79.1097
FUND03,2023-03-20,80.1433
FUND03,2023-03-21,79.3149
FUND03,2023-03-22,79.7289
FUND03,2023-03-23,79.9663
FUND03,2023-03-24,80.0724
FUND03,2023-03-27,80.2505
FUND03,2023-03-28,80.4928
FUND03,2023-03-29,80.2255
FUND03,2023-03-30,80.8623
FUND03,2023-03-31,80.3097
FUND03,2023-04-03,81.1824
FUND03,2023-04-04,81.8775
FUND03,2023-04-05,81.3895
FUND03,2023-04-06,81.4187
FUND03,2023-04-07,82.0688
FUND03,2023-04-10,81.885
FUND03,2023-04-11,81.8455
FUND03,2023-04-12,81.701
FUND03,2023-04-13,82.243
FUND03,2023-04-14,82.0075
FUND03,2023-04-17,82.0349
FUND03,2023-04-18,82.3038
FUND03,2023-04-19,82.2443
FUND03,2023-04-20,81.8948
FUND03,2023-04-21,81.3387
FUND03,2023-04-24,80.7094
FUND03,2023-04-25,80.2311
FUND03,2023-04-26,79.5235
FUND03,2023-04-27,79.245
FUND03,2023-04-28,79.403
FUND03,2023-05-01,79.4568
FUND03,2023-05-02,79.1361
FUND03,2023-05-03,78.7357
FUND03,2023-05-04,78.3476
FUND03,2023-05-05,77.7961
FUND03,2023-05-08,77.3118
FUND03,2023-05-09,77.6373
FUND03,2023-05-10,77.0838
FUND03,2023-05-11,77.1208
FUND03,2023-05-12,76.8956
FUND03,2023-05-15,77.9244
FUND03,2023-05-16,77.2053
FUND03,2023-05-17,77.3151
FUND03,2023-05-18,77.207
FUND03,2023-05-19,76.9183
FUND03,2023-05-22,77.0778
FUND03,2023-05-23,77.1718
FUND03,2023-05-24,76.7603
FUND03,2023-05-25,76.9651
FUND03,2023-05-26,77.1552
FUND03,2023-05-29,77.7257
FUND03,2023-05-30,77.5021
FUND03,2023-05-31,78.1419
FUND03,2023-06-01,78.0899
FUND03,2023-06-02,77.2945
FUND03,2023-06-05,77.5408
FUND03,2023-06-06,77.5369
FUND03,2023-06-07,77.2009
FUND03,2023-06-08,77.6163
FUND03,2023-06-09,77.4505
FUND03,2023-06-12,77.9019
FUND03,2023-06-13,77.8976
FUND03,2023-06-14,78.2405
FUND03,2023-06-15,78.5553
FUND03,2023-06-16,78.7846
FUND03,2023-06-19,78.3801
FUND03,2023-06-20,78.7961
FUND03,2023-06-21,78.8358
FUND03,2023-06-22,79.711
FUND03,2023-06-23,79.946
FUND03,2023-06-26,80.2983
FUND03,2023-06-27,80.0008
FUND03,2023-06-28,79.8579
FUND03,2023-06-29,79.9301
FUND03,2023-06-30,79.4605
FUND03,2023-07-03,78.9937
FUND03,2023-07-04,78.9784
FUND03,2023-07-05,78.9761
FUND03,2023-07-06,79.092
FUND03,2023-07-07,79.5954
FUND03,2023-07-10,79.4558
FUND03,2023-07-11,79.776
FUND03,2023-07-12,79.7452
FUND03,2023-07-13,79.6933
FUND03,2023-07-14,79.8337
FUND03,2023-07-17,78.9814
FUND03,2023-07-18,79.04
FUND03,2023-07-19,78.8007
FUND03,2023-07-20,78.4391
FUND03,2023-07-21,77.6775
FUND03,2023-07-24,77.5235
FUND03,2023-07-25,76.7747
FUND03,2023-07-26,77.1619
FUND03,2023-07-27,77.093
FUND03,2023-07-28,76.429
FUND03,2023-07-31,76.1831
FUND03,2023-08-01,76.5204
FUND03,2023-08-02,76.3065
FUND03,2023-08-03,76.2212
FUND03,2023-08-04,76.1001
FUND03,2023-08-07,76.0774
FUND03,2023-08-08,75.4149
FUND03,2023-08-09,75.4258
FUND03,2023-08-10,75.2297
FUND03,2023-08-11,76.4479
FUND03,2023-08-14,76.3904
FUND03,2023-08-15,76.2337
FUND03,2023-08-16,76.6664
FUND03,2023-08-17,76.6321
FUND03,2023-08-18,76.7657
FUND03,2023-08-21,76.4364
FUND03,2023-08-22,77.1021
FUND03,2023-08-23,76.873
FUND03,2023-08-24,77.0571
FUND03,2023-08-25,77.5539
FUND03,2023-08-28,77.4575
FUND03,2023-08-29,77.4875
FUND03,2023-08-30,77.7607
FUND03,2023-08-31,78.0748
FUND03,2023-09-01,77.6497
FUND03,2023-09-04,77.7551
FUND03,2023-09-05,77.3919
FUND03,2023-09-06,77.1132
FUND03,2023-09-07,76.8756
FUND03,2023-09-08,77.4055
FUND03,2023-09-11,78.0968
FUND03,2023-09-12,79.2158
FUND03,2023-09-13,79.2225
FUND03,2023-09-14,78.8965
FUND03,2023-09-15,78.5178
FUND03,2023-09-18,79.2236
FUND03,2023-09-19,78.6021
FUND03,2023-09-20,78.4992
FUND03,2023-09-21,78.2919
FUND03,2023-09-22,79.0553
FUND03,2023-09-25,78.6573
FUND03,2023-09-26,79.1514
FUND03,2023-09-27,79.7383
FUND03,2023-09-28,79.698
FUND03,2023-09-29,79.9274
FUND03,2023-10-02,79.3003
FUND03,2023-10-03,79.2936
FUND03,2023-10-04,79.2331
FUND03,2023-10-05,78.1701
FUND03,2023-10-06,78.3741
FUND03,2023-10-09,78.5534
FUND03,2023-10-10,77.872
FUND03,2023-10-11,77.3137
FUND03,2023-10-12,77.0337
FUND03,2023-10-13,76.8454
FUND03,2023-10-16,76.7492
FUND03,2023-10-17,76.3854
FUND03,2023-10-18,76.0031
FUND03,2023-10-19,76.1572
FUND03,2023-10-20,75.993
FUND03,2023-10-23,75.979
FUND03,2023-10-24,75.9151
FUND03,2023-10-25,76.1302
FUND03,2023-10-26,76.0968
FUND03,2023-10-27,76.4771
FUND03,2023-10-30,76.5489
FUND03,2023-10-31,76.9427
FUND03,2023-11-01,77.4859
FUND03,2023-11-02,76.9104
FUND03,2023-11-03,77.3196
FUND03,2023-11-06,78.0871
FUND03,2023-11-07,77.711
FUND03,2023-11-08,77.7279
FUND03,2023-11-09,77.6094
FUND03,2023-11-10,77.8225
FUND03,2023-11-13,78.0692
FUND03,2023-11-14,77.8198
FUND03,2023-11-15,78.3965
FUND03,2023-11-16,78.0675
FUND03,2023-11-17,78.04
FUND03,2023-11-20,78.4976
FUND03,2023-11-21,79.3485
FUND03,2023-11-22,79.1616
FUND03,2023-11-23,79.5236
FUND03,2023-11-24,79.6481
FUND03,2023-11-27,79.0045
FUND03,2023-11-28,78.6313
FUND03,2023-11-29,78.1548
FUND03,2023-11-30,77.9746
FUND03,2023-12-01,77.8309
FUND03,2023-12-04,77.8727
FUND03,2023-12-05,78.4353
FUND03,2023-12-06,78.643
FUND03,2023-12-07,79.7898
FUND03,2023-12-08,79.7168
FUND03,2023-12-11,80.0843
FUND03,2023-12-12,80.2929
FUND03,2023-12-13,80.9713
FUND03,2023-12-14,80.8386
FUND03,2023-12-15,81.2355
FUND03,2023-12-18,81.9751
FUND03,2023-12-19,81.6907
FUND03,2023-12-20,81.6896
FUND03,2023-12-21,81.9417
FUND03,2023-12-22,81.7828
FUND03,2023-12-25,81.4314
FUND03,2023-12-26,82.2615
FUND03,2023-12-27,82.1923
FUND03,2023-12-28,82.9868
FUND03,2023-12-29,82.7932
FUND03,2024-01-01,82.7335
FUND03,2024-01-02,83.1184
FUND03,2024-01-03,83.059
FUND03,2024-01-04,82.6917
FUND03,2024-01-05,82.4051
FUND03,2024-01-08,82.5573
FUND03,2024-01-09,82.295
FUND03,2024-01-10,82.3657
FUND03,2024-01-11,81.4027
FUND03,2024-01-12,81.1911
FUND03,2024-01-15,81.1442
FUND03,2024-01-16,80.9531
FUND03,2024-01-17,80.554
FUND03,2024-01-18,80.2044
FUND03,2024-01-19,80.2657
FUND03,2024-01-22,80.9355
FUND03,2024-01-23,80.3612
FUND03,2024-01-24,80.2736
FUND03,2024-01-25,80.7243
FUND03,2024-01-26,80.9001
FUND03,2024-01-29,80.8908
FUND03,2024-01-30,80.727
FUND03,2024-01-31,80.764
FUND03,2024-02-01,80.7516
FUND03,2024-02-02,79.8382
FUND03,2024-02-05,79.5633
FUND03,2024-02-06,78.7641
FUND03,2024-02-07,79.3387
FUND03,2024-02-08,79.7187
FUND03,2024-02-09,79.4134
FUND03,2024-02-12,79.7861
FUND03,2024-02-13,80.8624
FUND03,2024-02-14,80.6241
FUND03,2024-02-15,81.2159
FUND03,2024-02-16,81.4049
FUND03,2024-02-19,81.3333
FUND03,2024-02-20,80.8835
FUND03,2024-02-21,80.6742
FUND03,2024-02-22,80.535
FUND03,2024-02-23,79.5682
FUND03,2024-02-26,79.8249
FUND03,2024-02-27,79.7184
FUND03,2024-02-28,79.9452
FUND03,2024-02-29,79.7968
FUND03,2024-03-01,81.1079
FUND03,2024-03-04,80.4201
FUND03,2024-03-05,80.0497
FUND03,2024-03-06,80.3828
FUND03,2024-03-07,81.4283
FUND03,2024-03-08,81.0274
FUND03,2024-03-11,81.8519
FUND03,2024-03-12,81.482
FUND03,2024-03-13,82.0774
FUND03,2024-03-14,82.1423
FUND03,2024-03-15,83.1543
FUND03,2024-03-18,83.9794
FUND03,2024-03-19,83.7208
FUND03,2024-03-20,85.0684
FUND03,2024-03-21,84.5896
FUND03,2024-03-22,84.4805
FUND03,2024-03-25,85.3304
FUND03,2024-03-26,85.028
FUND03,2024-03-27,84.7691
FUND03,2024-03-28,84.8612
FUND03,2024-03-29,85.0995
FUND03,2024-04-01,85.3088
FUND03,2024-04-02,85.0014
FUND03,2024-04-03,85.1239
FUND03,2024-04-04,85.4472
FUND03,2024-04-05,86.168
FUND03,2024-04-08,86.3526
FUND03,2024-04-09,85.8071
FUND03,2024-04-10,85.8534
FUND03,2024-04-11,85.6016
FUND03,2024-04-12,86.2389
FUND03,2024-04-15,85.4991
FUND03,2024-04-16,85.7883
FUND03,2024-04-17,85.3325
FUND03,2024-04-18,85.9464
FUND03,2024-04-19,86.3343
FUND03,2024-04-22,86.4691
FUND03,2024-04-23,86.7362
FUND03,2024-04-24,86.6134
FUND03,2024-04-25,86.9602
FUND03,2024-04-26,86.9707
FUND03,2024-04-29,87.3447
FUND03,2024-04-30,87.4059
FUND03,2024-05-01,86.2793
FUND03,2024-05-02,86.0756
FUND03,2024-05-03,86.8079
FUND03,2024-05-06,87.5162
FUND03,2024-05-07,87.599
FUND03,2024-05-08,87.5739
FUND03,2024-05-09,87.4507
FUND03,2024-05-10,87.7796
FUND03,2024-05-13,88.0856
FUND03,2024-05-14,87.6582
FUND03,2024-05-15,88.0025
FUND03,2024-05-16,88.6172
FUND03,2024-05-17,88.1987
FUND03,2024-05-20,88.1447
FUND03,2024-05-21,88.3975
FUND03,2024-05-22,88.7736
FUND03,2024-05-23,88.6082
FUND03,2024-05-24,88.3918
FUND03,2024-05-27,88.2067
FUND03,2024-05-28,88.4227
FUND03,2024-05-29,88.6599
FUND03,2024-05-30,88.6851
FUND03,2024-05-31,88.072
FUND03,2024-06-03,87.5925
FUND03,2024-06-04,87.9249
FUND03,2024-06-05,87.3844
FUND03,2024-06-06,87.5241
FUND03,2024-06-07,87.389
FUND03,2024-06-10,87.1413
FUND03,2024-06-11,87.1875
FUND03,2024-06-12,88.0033
FUND03,2024-06-13,88.1734
FUND03,2024-06-14,88.068
FUND03,2024-06-17,87.4078
FUND03,2024-06-18,87.6813
FUND03,2024-06-19,88.2485
FUND03,2024-06-20,88.5695
FUND03,2024-06-21,89.1564
FUND03,2024-06-24,89.4183
FUND03,2024-06-25,88.8293
FUND03,2024-06-26,88.8424
FUND03,2024-06-27,89.1263
FUND03,2024-06-28,89.5047
FUND03,2024-07-01,89.3032
FUND03,2024-07-02,89.3075
FUND03,2024-07-03,89.5169
FUND03,2024-07-04,90.1605
FUND03,2024-07-05,90.6804
FUND03,2024-07-08,91.0291
FUND03,2024-07-09,91.2574
FUND03,2024-07-10,90.7921
FUND03,2024-07-11,90.2924
FUND03,2024-07-12,90.283
FUND03,2024-07-15,90.8211
FUND03,2024-07-16,91.0484
FUND03,2024-07-17,91.357
FUND03,2024-07-18,90.6584
FUND03,2024-07-19,89.9845
FUND03,2024-07-22,90.5585
FUND03,2024-07-23,90.5768
FUND03,2024-07-24,89.9752
FUND03,2024-07-25,90.4348
FUND03,2024-07-26,90.5946
FUND03,2024-07-29,92.0605
FUND03,2024-07-30,92.7119
FUND03,2024-07-31,92.9198
FUND03,2024-08-01,92.8806
FUND03,2024-08-02,93.0321
FUND03,2024-08-05,93.017
FUND03,2024-08-06,92.3369
FUND03,2024-08-07,92.8309
FUND03,2024-08-08,93.0034
FUND03,2024-08-09,91.6686
FUND03,2024-08-12,91.3923
FUND03,2024-08-13,91.0224
FUND03,2024-08-14,91.5354
FUND03,2024-08-15,91.5493
FUND03,2024-08-16,92.3134
FUND03,2024-08-19,91.563
FUND03,2024-08-20,91.0714
FUND03,2024-08-21,91.6267
FUND03,2024-08-22,91.3409
FUND03,2024-08-23,90.8589
FUND03,2024-08-26,90.638
FUND03,2024-08-27,90.3046
FUND03,2024-08-28,90.6002
FUND03,2024-08-29,91.1774
FUND03,2024-08-30,90.4384
FUND03,2024-09-02,90.3328
FUND03,2024-09-03,90.3746
FUND03,2024-09-04,90.4494
FUND03,2024-09-05,90.8877
FUND03,2024-09-06,90.9812
FUND03,2024-09-09,90.7341
FUND03,2024-09-10,90.2295
FUND03,2024-09-11,89.3834
FUND03,2024-09-12,89.2405
FUND03,2024-09-13,89.282
FUND03,2024-09-16,89.7569
FUND03,2024-09-17,89.6102
FUND03,2024-09-18,90.7591
FUND03,2024-09-19,90.7571
FUND03,2024-09-20,90.5576
FUND03,2024-09-23,90.7771
FUND03,2024-09-24,90.3408
FUND03,2024-09-25,90.4768
FUND03,2024-09-26,89.5125
FUND03,2024-09-27,89.871
FUND03,2024-09-30,89.9379
FUND03,2024-10-01,90.074
FUND03,2024-10-02,90.1835
FUND03,2024-10-03,89.6038
FUND03,2024-10-04,89.2077
FUND03,2024-10-07,89.9899
FUND03,2024-10-08,90.2629
FUND03,2024-10-09,90.0094
FUND03,2024-10-10,90.2471
FUND03,2024-10-11,90.4789
FUND03,2024-10-14,91.4602
FUND03,2024-10-15,92.039
FUND03,2024-10-16,92.2772
FUND03,2024-10-17,92.0911
FUND03,2024-10-18,93.0057
FUND03,2024-10-21,92.9912
FUND03,2024-10-22,92.5941
FUND03,2024-10-23,92.0253
FUND03,2024-10-24,91.6363
FUND03,2024-10-25,91.4933
FUND03,2024-10-28,91.9034
FUND03,2024-10-29,92.3881
FUND03,2024-10-30,92.9929
FUND03,2024-10-31,93.1051
FUND03,2024-11-01,93.5554
FUND03,2024-11-04,94.7226
FUND03,2024-11-05,95.2207
FUND03,2024-11-06,96.0742
FUND03,2024-11-07,95.3349
FUND03,2024-11-08,94.9934
FUND03,2024-11-11,94.6484
FUND03,2024-11-12,93.3292
FUND03,2024-11-13,93.4022
FUND03,2024-11-14,94.1343
FUND03,2024-11-15,93.9011
FUND03,2024-11-18,94.0357
FUND03,2024-11-19,93.6423
FUND03,2024-11-20,93.4322
FUND03,2024-11-21,93.611
FUND03,2024-11-22,93.0483
FUND03,2024-11-25,93.6689
FUND03,2024-11-26,92.7435
FUND03,2024-11-27,92.9393
FUND03,2024-11-28,92.7309
FUND03,2024-11-29,93.5057
FUND03,2024-12-02,93.9231
FUND03,2024-12-03,92.912
FUND03,2024-12-04,91.7437
FUND03,2024-12-05,91.2877
FUND03,2024-12-06,91.0777
FUND03,2024-12-09,91.0209
FUND03,2024-12-10,91.0708
FUND03,2024-12-11,91.4344
FUND03,2024-12-12,90.8015
FUND03,2024-12-13,89.9618
FUND03,2024-12-16,90.1182
FUND03,2024-12-17,89.979
FUND03,2024-12-18,89.9641
FUND03,2024-12-19,89.6899
FUND03,2024-12-20,89.6416
FUND03,2024-12-23,90.3893
FUND03,2024-12-24,89.6392
FUND03,2024-12-25,89.0861
FUND03,2024-12-26,89.4264
FUND03,2024-12-27,90.2111
FUND03,2024-12-30,90.1467
FUND03,2024-12-31,89.5726
FUND03,2025-01-01,88.6481
FUND03,2025-01-02,88.8061
FUND03,2025-01-03,88.2468
FUND03,2025-01-06,89.3083
FUND03,2025-01-07,90.4618
FUND03,2025-01-08,90.6064
FUND03,2025-01-09,90.8769
FUND03,2025-01-10,90.8547
FUND03,2025-01-13,91.445
FUND03,2025-01-14,91.4789
FUND03,2025-01-15,91.5454
FUND03,2025-01-16,92.2472
FUND03,2025-01-17,92.592
FUND03,2025-01-20,93.6837
FUND03,2025-01-21,92.8994
FUND03,2025-01-22,92.6592
FUND03,2025-01-23,92.2469
FUND03,2025-01-24,92.6982
FUND03,2025-01-27,92.4892
FUND03,2025-01-28,92.8232
FUND03,2025-01-29,92.2785
FUND03,2025-01-30,92.2676
FUND03,2025-01-31,93.4374
FUND03,2025-02-03,94.2927
FUND03,2025-02-04,93.3815
FUND03,2025-02-05,93.5998
FUND03,2025-02-06,94.0499
FUND03,2025-02-07,93.838
FUND03,2025-02-10,93.3209
FUND03,2025-02-11,93.6876
FUND03,2025-02-12,93.7744
FUND03,2025-02-13,94.088
FUND03,2025-02-14,94.0448
FUND03,2025-02-17,95.2543
FUND03,2025-02-18,94.8255
FUND03,2025-02-19,94.6105
FUND03,2025-02-20,94.9078
FUND03,2025-02-21,95.3162
FUND03,2025-02-24,94.6499
FUND03,2025-02-25,95.3436
FUND03,2025-02-26,94.6366
FUND03,2025-02-27,94.6765
FUND03,2025-02-28,94.5577
FUND03,2025-03-03,94.2362
FUND03,2025-03-04,94.8442
FUND03,2025-03-05,93.6898
FUND03,2025-03-06,93.3597
FUND03,2025-03-07,92.9449
FUND03,2025-03-10,93.416
FUND03,2025-03-11,94.2272
FUND03,2025-03-12,94.6546
FUND03,2025-03-13,95.398
FUND03,2025-03-14,94.2994
FUND03,2025-03-17,94.4185
FUND03,2025-03-18,93.7563
FUND03,2025-03-19,93.6045
FUND03,2025-03-20,93.7633
FUND03,2025-03-21,93.8471
FUND03,2025-03-24,94.5743
FUND03,2025-03-25,93.6096
FUND03,2025-03-26,93.2272
FUND03,2025-03-27,92.5247
FUND03,2025-03-28,91.7492
FUND03,2025-03-31,92.2785
FUND03,2025-04-01,92.4044
FUND03,2025-04-02,93.2098
FUND03,2025-04-03,93.837
FUND03,2025-04-04,93.9076
FUND03,2025-04-07,93.4567
FUND03,2025-04-08,93.9889
FUND03,2025-04-09,93.6775
FUND03,2025-04-10,93.1125
FUND03,2025-04-11,92.5754
FUND03,2025-04-14,92.6716
FUND03,2025-04-15,93.3351
FUND03,2025-04-16,93.3975
FUND03,2025-04-17,94.0456
FUND03,2025-04-18,94.128
FUND03,2025-04-21,93.9496
FUND03,2025-04-22,95.354
FUND03,2025-04-23,96.3201
FUND03,2025-04-24,96.4589
FUND03,2025-04-25,96.0667
FUND03,2025-04-28,95.2768
FUND03,2025-04-29,95.5183
FUND03,2025-04-30,95.4247
FUND03,2025-05-01,95.7001
FUND03,2025-05-02,95.9026
FUND03,2025-05-05,96.1636
FUND03,2025-05-06,96.7886
FUND03,2025-05-07,96.9888
FUND03,2025-05-08,96.6509
FUND03,2025-05-09,96.2899
FUND03,2025-05-12,96.6276
FUND03,2025-05-13,96.1109
FUND03,2025-05-14,96.5175
FUND03,2025-05-15,96.9237
FUND03,2025-05-16,96.9385
FUND03,2025-05-19,96.5707
FUND03,2025-05-20,95.6902
FUND03,2025-05-21,95.1518
FUND03,2025-05-22,94.3608
FUND03,2025-05-23,94.4108
FUND03,2025-05-26,94.2239
FUND03,2025-05-27,93.7963
FUND03,2025-05-28,94.2705
FUND03,2025-05-29,94.3723
FUND03,2025-05-30,94.4329
FUND03,2025-06-02,94.7514
FUND03,2025-06-03,95.3136
FUND03,2025-06-04,94.5331
FUND03,2025-06-05,94.9272
FUND03,2025-06-06,94.0451
FUND03,2025-06-09,93.6818
FUND03,2025-06-10,94.2254
FUND03,2025-06-11,94.6104
FUND03,2025-06-12,94.9836
FUND03,2025-06-13,95.1129
FUND03,2025-06-16,95.8688
FUND03,2025-06-17,95.1156
FUND03,2025-06-18,94.9971
FUND03,2025-06-19,95.058
FUND03,2025-06-20,96.13
FUND03,2025-06-23,96.6953
FUND03,2025-06-24,97.27
FUND03,2025-06-25,96.9114
FUND03,2025-06-26,98.1155
FUND03,2025-06-27,98.4012
FUND03,2025-06-30,97.9097
FUND03,2025-07-01,99.1763
FUND03,2025-07-02,98.4575
FUND03,2025-07-03,98.038
FUND03,2025-07-04,97.9532
FUND03,2025-07-07,97.4773
FUND03,2025-07-08,97.79
FUND03,2025-07-09,97.9727
FUND03,2025-07-10,98.0702
FUND03,2025-07-11,99.1019
FUND03,2025-07-14,98.2738
FUND03,2025-07-15,99.0304
FUND03,2025-07-16,98.6318
FUND03,2025-07-17,99.4417
FUND03,2025-07-18,100.4939
FUND03,2025-07-21,101.7705
FUND03,2025-07-22,101.7061
FUND03,2025-07-23,101.1125
FUND03,2025-07-24,101.3291
FUND03,2025-07-25,101.3394
FUND03,2025-07-28,100.4227
FUND03,2025-07-29,100.8568
FUND03,2025-07-30,100.398
FUND03,2025-07-31,101.2115
FUND03,2025-08-01,101.7734
FUND03,2025-08-04,101.6596
FUND03,2025-08-05,101.7187
FUND03,2025-08-06,101.626
FUND03,2025-08-07,101.4167
FUND03,2025-08-08,103.1373
FUND03,2025-08-11,102.6606
FUND03,2025-08-12,102.7307
FUND03,2025-08-13,103.3155
FUND03,2025-08-14,103.1431
FUND03,2025-08-15,102.8361
FUND03,2025-08-18,102.1446
FUND03,2025-08-19,102.8357
FUND03,2025-08-20,103.2673
FUND03,2025-08-21,103.5669
FUND03,2025-08-22,102.7709
FUND03,2025-08-25,103.0876
FUND03,2025-08-26,103.2849
FUND03,2025-08-27,103.1381
FUND03,2025-08-28,102.4183
FUND03,2025-08-29,102.4269
FUND03,2025-09-01,101.9892
FUND03,2025-09-02,102.0724
FUND03,2025-09-03,102.1466
FUND03,2025-09-04,102.0013
FUND03,2025-09-05,102.5222
FUND03,2025-09-08,102.5257
FUND03,2025-09-09,102.8556
FUND03,2025-09-10,103.1257
FUND03,2025-09-11,103.722
FUND03,2025-09-12,103.2271
FUND03,2025-09-15,103.0764
FUND03,2025-09-16,103.6248
FUND03,2025-09-17,103.7501
FUND03,2025-09-18,104.4152
FUND03,2025-09-19,104.8721
FUND03,2025-09-22,104.6631
FUND03,2025-09-23,105.1968
FUND03,2025-09-24,105.0926
FUND03,2025-09-25,105.6712
FUND03,2025-09-26,106.7603
FUND03,2025-09-29,107.4253
FUND03,2025-09-30,108.7829
FUND03,2025-10-01,107.9219
FUND03,2025-10-02,107.647
FUND03,2025-10-03,107.5353
FUND03,2025-10-06,107.3466
FUND03,2025-10-07,107.6021
FUND03,2025-10-08,107.4318
FUND03,2025-10-09,108.1093
FUND03,2025-10-10,108.7208
FUND03,2025-10-13,109.0035
FUND03,2025-10-14,108.4553
FUND03,2025-10-15,108.815
FUND03,2025-10-16,109.2497
FUND03,2025-10-17,109.4989
FUND03,2025-10-20,109.5589
FUND03,2025-10-21,110.4223
FUND03,2025-10-22,110.141
FUND03,2025-10-23,109.9675
FUND03,2025-10-24,110.4026
FUND03,2025-10-27,110.759
FUND03,2025-10-28,111.3072
FUND03,2025-10-29,111.1811
FUND03,2025-10-30,110.442
FUND03,2025-10-31,109.7534
FUND03,2025-11-03,109.5419
FUND03,2025-11-04,110.0488
FUND03,2025-11-05,110.5579
FUND03,2025-11-06,109.5265
FUND03,2025-11-07,109.8818
FUND03,2025-11-10,109.873
FUND03,2025-11-11,109.3029
FUND03,2025-11-12,110.6266
FUND03,2025-11-13,110.8257
FUND03,2025-11-14,111.3593
FUND03,2025-11-17,112.9323
FUND03,2025-11-18,112.6249
FUND03,2025-11-19,112.4294
FUND03,2025-11-20,113.3687
FUND03,2025-11-21,112.6193
FUND03,2025-11-24,112.7075
FUND04,2023-01-02,84.1107
FUND04,2023-01-03,84.6633
FUND04,2023-01-04,84.0444
FUND04,2023-01-05,83.6534
FUND04,2023-01-06,83.3635
FUND04,2023-01-09,82.6941
FUND04,2023-01-10,83.3703
FUND04,2023-01-11,83.2046
FUND04,2023-01-12,83.0673
FUND04,2023-01-13,82.4681
FUND04,2023-01-16,82.2615
FUND04,2023-01-17,83.1872
FUND04,2023-01-18,83.6748
FUND04,2023-01-19,82.7162
FUND04,2023-01-20,82.1486
FUND04,2023-01-23,82.5623
FUND04,2023-01-24,82.2929
FUND04,2023-01-25,81.9912
FUND04,2023-01-26,81.5061
FUND04,2023-01-27,80.7432
FUND04,2023-01-30,80.8304
FUND04,2023-01-31,80.6364
FUND04,2023-02-01,81.3405
FUND04,2023-02-02,81.3319
FUND04,2023-02-03,80.7885
FUND04,2023-02-06,81.2298
FUND04,2023-02-07,82.0614
FUND04,2023-02-08,81.6509
FUND04,2023-02-09,80.6645
FUND04,2023-02-10,80.4126
FUND04,2023-02-13,79.6488
FUND04,2023-02-14,80.6365
FUND04,2023-02-15,79.8482
FUND04,2023-02-16,79.6873
FUND04,2023-02-17,80.5774
FUND04,2023-02-20,81.1222
FUND04,2023-02-21,80.8482
FUND04,2023-02-22,80.4158
FUND04,2023-02-23,80.3398
FUND04,2023-02-24,80.2293
FUND04,2023-02-27,81.1389
FUND04,2023-02-28,81.0782
FUND04,2023-03-01,80.308
FUND04,2023-03-02,80.9183
FUND04,2023-03-03,81.5633
FUND04,2023-03-06,81.4592
FUND04,2023-03-07,81.9508
FUND04,2023-03-08,82.013
FUND04,2023-03-09,81.3199
FUND04,2023-03-10,81.3028
FUND04,2023-03-13,80.6527
FUND04,2023-03-14,80.3092
FUND04,2023-03-15,79.788
FUND04,2023-03-16,80.013
FUND04,2023-03-17,80.1529
FUND04,2023-03-20,79.4093
FUND04,2023-03-21,78.905
FUND04,2023-03-22,78.9337
FUND04,2023-03-23,79.2323
FUND04,2023-03-24,79.3046
FUND04,2023-03-27,78.0538
FUND04,2023-03-28,78.8191
FUND04,2023-03-29,79.8719
FUND04,2023-03-30,80.8286
FUND04,2023-03-31,81.1815
FUND04,2023-04-03,81.612
FUND04,2023-04-04,81.2524
FUND04,2023-04-05,81.3957
FUND04,2023-04-06,80.7532
FUND04,2023-04-07,80.8562
FUND04,2023-04-10,80.0409
FUND04,2023-04-11,80.4145
FUND04,2023-04-12,80.2366
FUND04,2023-04-13,80.7179
FUND04,2023-04-14,80.8567
FUND04,2023-04-17,80.6157
FUND04,2023-04-18,81.1443
FUND04,2023-04-19,80.4784
FUND04,2023-04-20,80.3532
FUND04,2023-04-21,80.0678
FUND04,2023-04-24,80.5346
FUND04,2023-04-25,80.5209
FUND04,2023-04-26,80.7109
FUND04,2023-04-27,81.0524
FUND04,2023-04-28,79.6914
FUND04,2023-05-01,79.1815
FUND04,2023-05-02,79.2791
FUND04,2023-05-03,79.8971
FUND04,2023-05-04,80.2626
FUND04,2023-05-05,81.0635
FUND04,2023-05-08,80.9631
FUND04,2023-05-09,81.0538
FUND04,2023-05-10,80.7883
FUND04,2023-05-11,80.5616
FUND04,2023-05-12,80.1028
FUND04,2023-05-15,79.8149
FUND04,2023-05-16,79.7342
FUND04,2023-05-17,79.3845
FUND04,2023-05-18,79.4303
FUND04,2023-05-19,78.4033
FUND04,2023-05-22,78.679
FUND04,2023-05-23,78.8113
FUND04,2023-05-24,79.099
FUND04,2023-05-25,78.8609
FUND04,2023-05-26,78.5978
FUND04,2023-05-29,79.1931
FUND04,2023-05-30,79.1339
FUND04,2023-05-31,80.315
FUND04,2023-06-01,79.5191
FUND04,2023-06-02,79.4056
FUND04,2023-06-05,78.7807
FUND04,2023-06-06,78.3572
FUND04,2023-06-07,77.9341
FUND04,2023-06-08,77.6897
FUND04,2023-06-09,78.1647
FUND04,2023-06-12,77.5401
FUND04,2023-06-13,77.9161
FUND04,2023-06-14,77.1241
FUND04,2023-06-15,76.9247
FUND04,2023-06-16,77.6974
FUND04,2023-06-19,77.99
FUND04,2023-06-20,78.1754
FUND04,2023-06-21,78.5659
FUND04,2023-06-22,78.9273
FUND04,2023-06-23,79.3204
FUND04,2023-06-26,80.1659
FUND04,2023-06-27,79.5872
FUND04,2023-06-28,79.5765
FUND04,2023-06-29,79.9782
FUND04,2023-06-30,80.4478
FUND04,2023-07-03,80.8073
FUND04,2023-07-04,81.6111
FUND04,2023-07-05,81.3431
FUND04,2023-07-06,80.5706
FUND04,2023-07-07,81.3519
FUND04,2023-07-10,81.3826
FUND04,2023-07-11,81.0869
FUND04,2023-07-12,81.1392
FUND04,2023-07-13,80.9136
FUND04,2023-07-14,81.5406
FUND04,2023-07-17,82.1032
FUND04,2023-07-18,82.322
FUND04,2023-07-19,82.6795
FUND04,2023-07-20,82.731
FUND04,2023-07-21,83.3844
FUND04,2023-07-24,81.9737
FUND04,2023-07-25,81.3041
FUND04,2023-07-26,81.3115
FUND04,2023-07-27,81.0966
FUND04,2023-07-28,80.5634
FUND04,2023-07-31,80.9599
FUND04,2023-08-01,80.4111
FUND04,2023-08-02,80.5699
FUND04,2023-08-03,80.6741
FUND04,2023-08-04,80.7391
FUND04,2023-08-07,80.2799
FUND04,2023-08-08,80.1972
FUND04,2023-08-09,80.9482
FUND04,2023-08-10,81.3013
FUND04,2023-08-11,81.9055
FUND04,2023-08-14,81.8889
FUND04,2023-08-15,80.8999
FUND04,2023-08-16,80.6546
FUND04,2023-08-17,80.5966
FUND04,2023-08-18,81.3954
FUND04,2023-08-21,82.1034
FUND04,2023-08-22,82.3902
FUND04,2023-08-23,81.9052
FUND04,2023-08-24,82.0136
FUND04,2023-08-25,81.8879
FUND04,2023-08-28,81.7734
FUND04,2023-08-29,81.0663
FUND04,2023-08-30,81.3727
FUND04,2023-08-31,81.3861
FUND04,2023-09-01,81.8965
FUND04,2023-09-04,81.0516
FUND04,2023-09-05,80.414
FUND04,2023-09-06,82.5913
FUND04,2023-09-07,82.0909
FUND04,2023-09-08,82.2952
FUND04,2023-09-11,82.5904
FUND04,2023-09-12,82.0283
FUND04,2023-09-13,83.0971
FUND04,2023-09-14,83.089
FUND04,2023-09-15,83.2118
FUND04,2023-09-18,84.3514
FUND04,2023-09-19,83.8953
FUND04,2023-09-20,83.6279
FUND04,2023-09-21,83.4485
FUND04,2023-09-22,82.6419
FUND04,2023-09-25,82.8405
FUND04,2023-09-26,83.1591
FUND04,2023-09-27,83.3026
FUND04,2023-09-28,83.7345
FUND04,2023-09-29,84.2972
FUND04,2023-10-02,84.5385
FUND04,2023-10-03,84.4215
FUND04,2023-10-04,85.2081
FUND04,2023-10-05,84.8062
FUND04,2023-10-06,85.7056
FUND04,2023-10-09,85.6174
FUND04,2023-10-10,86.1295
FUND04,2023-10-11,87.3142
FUND04,2023-10-12,85.9001
FUND04,2023-10-13,85.8121
FUND04,2023-10-16,85.5912
FUND04,2023-10-17,86.6938
FUND04,2023-10-18,86.4689
FUND04,2023-10-19,88.2295
FUND04,2023-10-20,87.2765
FUND04,2023-10-23,87.5332
FUND04,2023-10-24,87.3192
FUND04,2023-10-25,87.6756
FUND04,2023-10-26,87.3465
FUND04,2023-10-27,87.0915
FUND04,2023-10-30,85.9628
FUND04,2023-10-31,86.0638
FUND04,2023-11-01,85.1531
FUND04,2023-11-02,84.3693
FUND04,2023-11-03,84.4553
FUND04,2023-11-06,84.4127
FUND04,2023-11-07,85.0797
FUND04,2023-11-08,84.2696
FUND04,2023-11-09,84.5616
FUND04,2023-11-10,84.7936
FUND04,2023-11-13,84.6385
FUND04,2023-11-14,84.173
FUND04,2023-11-15,84.1565
FUND04,2023-11-16,84.7334
FUND04,2023-11-17,84.534
FUND04,2023-11-20,85.0907
FUND04,2023-11-21,84.9528
FUND04,2023-11-22,86.058
FUND04,2023-11-23,86.1079
FUND04,2023-11-24,86.0302
FUND04,2023-11-27,85.0487
FUND04,2023-11-28,84.1928
FUND04,2023-11-29,84.4601
FUND04,2023-11-30,84.3518
FUND04,2023-12-01,84.5579
FUND04,2023-12-04,84.1665
FUND04,2023-12-05,84.106
FUND04,2023-12-06,83.7543
FUND04,2023-12-07,83.9674
FUND04,2023-12-08,83.8655
FUND04,2023-12-11,85.0424
FUND04,2023-12-12,84.6466
FUND04,2023-12-13,85.3723
FUND04,2023-12-14,84.746
FUND04,2023-12-15,84.4899
FUND04,2023-12-18,84.0017
FUND04,2023-12-19,84.8085
FUND04,2023-12-20,85.1123
FUND04,2023-12-21,85.2304
FUND04,2023-12-22,85.4094
FUND04,2023-12-25,84.7641
FUND04,2023-12-26,85.6672
FUND04,2023-12-27,86.5714
FUND04,2023-12-28,86.5828
FUND04,2023-12-29,86.6244
FUND04,2024-01-01,87.0693
FUND04,2024-01-02,86.991
FUND04,2024-01-03,86.8968
FUND04,2024-01-04,86.6167
FUND04,2024-01-05,86.4305
FUND04,2024-01-08,86.1625
FUND04,2024-01-09,86.6558
FUND04,2024-01-10,86.4808
FUND04,2024-01-11,86.2428
FUND04,2024-01-12,85.8801
FUND04,2024-01-15,84.9703
FUND04,2024-01-16,85.9733
FUND04,2024-01-17,86.3264
FUND04,2024-01-18,86.9071
FUND04,2024-01-19,86.6033
FUND04,2024-01-22,87.5603
FUND04,2024-01-23,87.6869
FUND04,2024-01-24,88.653
FUND04,2024-01-25,88.6783
FUND04,2024-01-26,88.6833
FUND04,2024-01-29,88.3745
FUND04,2024-01-30,88.4585
FUND04,2024-01-31,88.6381
FUND04,2024-02-01,89.6407
FUND04,2024-02-02,90.6854
FUND04,2024-02-05,90.7799
FUND04,2024-02-06,91.6248
FUND04,2024-02-07,89.8371
FUND04,2024-02-08,89.5623
FUND04,2024-02-09,89.7603
FUND04,2024-02-12,90.3776
FUND04,2024-02-13,90.6922
FUND04,2024-02-14,90.6897
FUND04,2024-02-15,90.4181
FUND04,2024-02-16,89.9234
FUND04,2024-02-19,91.2099
FUND04,2024-02-20,91.9942
FUND04,2024-02-21,92.9102
FUND04,2024-02-22,92.953
FUND04,2024-02-23,92.6249
FUND04,2024-02-26,93.0365
FUND04,2024-02-27,93.0554
FUND04,2024-02-28,93.0039
FUND04,2024-02-29,93.0226
FUND04,2024-03-01,92.6272
FUND04,2024-03-04,92.0719
FUND04,2024-03-05,91.9438
FUND04,2024-03-06,91.0465
FUND04,2024-03-07,91.4802
FUND04,2024-03-08,92.0768
FUND04,2024-03-11,91.5934
FUND04,2024-03-12,90.4032
FUND04,2024-03-13,90.6983
FUND04,2024-03-14,90.8914
FUND04,2024-03-15,90.9399
FUND04,2024-03-18,90.0864
FUND04,2024-03-19,88.8562
FUND04,2024-03-20,90.0036
FUND04,2024-03-21,89.8955
FUND04,2024-03-22,90.2619
FUND04,2024-03-25,90.2498
FUND04,2024-03-26,90.5576
FUND04,2024-03-27,89.7449
FUND04,2024-03-28,89.4865
FUND04,2024-03-29,88.6329
FUND04,2024-04-01,87.9615
FUND04,2024-04-02,87.5387
FUND04,2024-04-03,86.4146
FUND04,2024-04-04,86.156
FUND04,2024-04-05,85.7406
FUND04,2024-04-08,85.029
FUND04,2024-04-09,84.9789
FUND04,2024-04-10,85.0044
FUND04,2024-04-11,84.5161
FUND04,2024-04-12,85.7933
FUND04,2024-04-15,86.2773
FUND04,2024-04-16,87.0188
FUND04,2024-04-17,86.843
FUND04,2024-04-18,87.4443
FUND04,2024-04-19,87.9679
FUND04,2024-04-22,87.3458
FUND04,2024-04-23,86.943
FUND04,2024-04-24,88.8318
FUND04,2024-04-25,88.5984
FUND04,2024-04-26,88.9482
FUND04,2024-04-29,88.8425
FUND04,2024-04-30,89.4173
FUND04,2024-05-01,88.8005
FUND04,2024-05-02,88.1811
FUND04,2024-05-03,88.9471
FUND04,2024-05-06,89.1105
FUND04,2024-05-07,87.5284
FUND04,2024-05-08,87.577
FUND04,2024-05-09,87.4939
FUND04,2024-05-10,87.9826
FUND04,2024-05-13,88.2231
FUND04,2024-05-14,88.4779
FUND04,2024-05-15,88.5685
FUND04,2024-05-16,88.7908
FUND04,2024-05-17,88.0756
FUND04,2024-05-20,87.584
FUND04,2024-05-21,87.0711
FUND04,2024-05-22,86.2496
FUND04,2024-05-23,86.7804
FUND04,2024-05-24,87.4982
FUND04,2024-05-27,87.925
FUND04,2024-05-28,87.5717
FUND04,2024-05-29,87.261
FUND04,2024-05-30,87.0135
FUND04,2024-05-31,87.7557
FUND04,2024-06-03,88.1276
FUND04,2024-06-04,89.2833
FUND04,2024-06-05,88.6838
FUND04,2024-06-06,88.5713
FUND04,2024-06-07,87.7878
FUND04,2024-06-10,86.9107
FUND04,2024-06-11,86.8452
FUND04,2024-06-12,86.6651
FUND04,2024-06-13,86.373
FUND04,2024-06-14,85.4357
FUND04,2024-06-17,85.5915
FUND04,2024-06-18,85.4465
FUND04,2024-06-19,86.0515
FUND04,2024-06-20,86.4312
FUND04,2024-06-21,85.6344
FUND04,2024-06-24,85.9153
FUND04,2024-06-25,85.5716
FUND04,2024-06-26,86.5644
FUND04,2024-06-27,86.5788
FUND04,2024-06-28,86.2929
FUND04,2024-07-01,86.0691
FUND04,2024-07-02,85.1565
FUND04,2024-07-03,85.9836
FUND04,2024-07-04,87.3506
FUND04,2024-07-05,86.2779
FUND04,2024-07-08,86.152
FUND04,2024-07-09,86.1154
FUND04,2024-07-10,85.7738
FUND04,2024-07-11,86.5711
FUND04,2024-07-12,87.3949
FUND04,2024-07-15,87.2714
FUND04,2024-07-16,88.6281
FUND04,2024-07-17,88.6833
FUND04,2024-07-18,88.5603
FUND04,2024-07-19,88.7756
FUND04,2024-07-22,88.3248
FUND04,2024-07-23,89.2983
FUND04,2024-07-24,89.7356
FUND04,2024-07-25,89.5368
FUND04,2024-07-26,89.4495
FUND04,2024-07-29,88.8894
FUND04,2024-07-30,89.0943
FUND04,2024-07-31,88.2847
FUND04,2024-08-01,88.3206
FUND04,2024-08-02,88.0201
FUND04,2024-08-05,88.4192
FUND04,2024-08-06,89.1279
FUND04,2024-08-07,89.6755
FUND04,2024-08-08,89.6294
FUND04,2024-08-09,89.1982
FUND04,2024-08-12,89.0367
FUND04,2024-08-13,89.06
FUND04,2024-08-14,89.4123
FUND04,2024-08-15,89.0746
FUND04,2024-08-16,88.4781
FUND04,2024-08-19,88.6243
FUND04,2024-08-20,89.5398
FUND04,2024-08-21,90.8014
FUND04,2024-08-22,91.3634
FUND04,2024-08-23,90.7362
FUND04,2024-08-26,91.7066
FUND04,2024-08-27,91.174
FUND04,2024-08-28,90.6947
FUND04,2024-08-29,91.0133
FUND04,2024-08-30,90.1286
FUND04,2024-09-02,90.692
FUND04,2024-09-03,90.6912
FUND04,2024-09-04,90.9909
FUND04,2024-09-05,90.4773
FUND04,2024-09-06,91.0726
FUND04,2024-09-09,91.4496
FUND04,2024-09-10,91.2415
FUND04,2024-09-11,91.9078
FUND04,2024-09-12,90.1532
FUND04,2024-09-13,90.4269
FUND04,2024-09-16,90.3904
FUND04,2024-09-17,89.899
FUND04,2024-09-18,90.05
FUND04,2024-09-19,90.414
FUND04,2024-09-20,89.9609
FUND04,2024-09-23,89.9167
FUND04,2024-09-24,89.9239
FUND04,2024-09-25,90.217
FUND04,2024-09-26,91.0618
FUND04,2024-09-27,90.7874
FUND04,2024-09-30,91.6974
FUND04,2024-10-01,90.8571
FUND04,2024-10-02,91.092
FUND04,2024-10-03,89.9802
FUND04,2024-10-04,90.062
FUND04,2024-10-07,90.5727
FUND04,2024-10-08,91.9487
FUND04,2024-10-09,92.0172
FUND04,2024-10-10,91.5484
FUND04,2024-10-11,92.2714
FUND04,2024-10-14,92.3346
FUND04,2024-10-15,92.4364
FUND04,2024-10-16,93.0924
FUND04,2024-10-17,93.8727
FUND04,2024-10-18,92.7184
FUND04,2024-10-21,92.789
FUND04,2024-10-22,92.8134
FUND04,2024-10-23,92.1223
FUND04,2024-10-24,91.0625
FUND04,2024-10-25,91.0528
FUND04,2024-10-28,90.7786
FUND04,2024-10-29,90.3318
FUND04,2024-10-30,90.2756
FUND04,2024-10-31,90.0783
FUND04,2024-11-01,90.1244
FUND04,2024-11-04,91.1992
FUND04,2024-11-05,91.2141
FUND04,2024-11-06,92.5046
FUND04,2024-11-07,93.3825
FUND04,2024-11-08,94.0798
FUND04,2024-11-11,93.6141
FUND04,2024-11-12,93.4489
FUND04,2024-11-13,92.8556
FUND04,2024-11-14,93.1738
FUND04,2024-11-15,93.1638
FUND04,2024-11-18,93.5008
FUND04,2024-11-19,93.7437
FUND04,2024-11-20,93.8948
FUND04,2024-11-21,93.6855
FUND04,2024-11-22,93.0541
FUND04,2024-11-25,92.7889
FUND04,2024-11-26,93.3112
FUND04,2024-11-27,93.235
FUND04,2024-11-28,93.2298
FUND04,2024-11-29,93.8578
FUND04,2024-12-02,94.2288
FUND04,2024-12-03,93.2476
FUND04,2024-12-04,93.2285
FUND04,2024-12-05,92.6696
FUND04,2024-12-06,92.6683
FUND04,2024-12-09,92.9686
FUND04,2024-12-10,93.3509
FUND04,2024-12-11,94.5237
FUND04,2024-12-12,94.2134
FUND04,2024-12-13,94.0461
FUND04,2024-12-16,94.4773
FUND04,2024-12-17,95.1789
FUND04,2024-12-18,94.4967
FUND04,2024-12-19,95.008
FUND04,2024-12-20,95.5072
FUND04,2024-12-23,95.4387
FUND04,2024-12-24,95.2789
FUND04,2024-12-25,95.8264
FUND04,2024-12-26,96.1628
FUND04,2024-12-27,96.4818
FUND04,2024-12-30,96.0019
FUND04,2024-12-31,94.8283
FUND04,2025-01-01,94.7994
FUND04,2025-01-02,94.6476
FUND04,2025-01-03,95.0013
FUND04,2025-01-06,94.5061
FUND04,2025-01-07,94.9814
FUND04,2025-01-08,95.3026
FUND04,2025-01-09,94.8228
FUND04,2025-01-10,95.5151
FUND04,2025-01-13,95.312
FUND04,2025-01-14,94.8625
FUND04,2025-01-15,95.0731
FUND04,2025-01-16,95.0993
FUND04,2025-01-17,94.5057
FUND04,2025-01-20,94.971
FUND04,2025-01-21,95.001
FUND04,2025-01-22,94.5101
FUND04,2025-01-23,93.3329
FUND04,2025-01-24,93.66
FUND04,2025-01-27,93.7638
FUND04,2025-01-28,93.8817
FUND04,2025-01-29,94.8639
FUND04,2025-01-30,93.1707
FUND04,2025-01-31,94.072
FUND04,2025-02-03,95.0473
FUND04,2025-02-04,94.4018
FUND04,2025-02-05,95.1392
FUND04,2025-02-06,94.6101
FUND04,2025-02-07,93.9244
FUND04,2025-02-10,93.8907
FUND04,2025-02-11,95.1828
FUND04,2025-02-12,95.4713
FUND04,2025-02-13,95.5428
FUND04,2025-02-14,96.1989
FUND04,2025-02-17,95.7974
FUND04,2025-02-18,96.8843
FUND04,2025-02-19,98.0353
FUND04,2025-02-20,98.3809
FUND04,2025-02-21,97.8509
FUND04,2025-02-24,98.6563
FUND04,2025-02-25,98.907
FUND04,2025-02-26,99.4109
FUND04,2025-02-27,100.2762
FUND04,2025-02-28,100.635
FUND04,2025-03-03,100.0087
FUND04,2025-03-04,101.1381
FUND04,2025-03-05,101.3836
FUND04,2025-03-06,101.6631
FUND04,2025-03-07,102.1598
FUND04,2025-03-10,102.4321
FUND04,2025-03-11,103.0322
FUND04,2025-03-12,103.2206
FUND04,2025-03-13,103.126
FUND04,2025-03-14,102.7502
FUND04,2025-03-17,102.405
FUND04,2025-03-18,102.2282
FUND04,2025-03-19,103.0078
FUND04,2025-03-20,102.7933
FUND04,2025-03-21,102.7491
FUND04,2025-03-24,102.7125
FUND04,2025-03-25,103.1533
FUND04,2025-03-26,103.6829
FUND04,2025-03-27,105.2212
FUND04,2025-03-28,104.1885
FUND04,2025-03-31,104.0546
FUND04,2025-04-01,104.531
FUND04,2025-04-02,103.2816
FUND04,2025-04-03,104.6377
FUND04,2025-04-04,104.5889
FUND04,2025-04-07,104.0211
FUND04,2025-04-08,104.8002
FUND04,2025-04-09,103.1541
FUND04,2025-04-10,103.3539
FUND04,2025-04-11,102.6433
FUND04,2025-04-14,102.6715
FUND04,2025-04-15,102.992
FUND04,2025-04-16,103.629
FUND04,2025-04-17,103.9807
FUND04,2025-04-18,105.6087
FUND04,2025-04-21,105.6971
FUND04,2025-04-22,105.4731
FUND04,2025-04-23,106.4602
FUND04,2025-04-24,106.4501
FUND04,2025-04-25,106.8168
FUND04,2025-04-28,103.779
FUND04,2025-04-29,104.1632
FUND04,2025-04-30,104.1461
FUND04,2025-05-01,103.8544
FUND04,2025-05-02,103.3952
FUND04,2025-05-05,104.1185
FUND04,2025-05-06,102.6022
FUND04,2025-05-07,105.0069
FUND04,2025-05-08,105.9343
FUND04,2025-05-09,106.2617
FUND04,2025-05-12,107.7807
FUND04,2025-05-13,108.0387
FUND04,2025-05-14,107.3723
FUND04,2025-05-15,108.2208
FUND04,2025-05-16,106.9661
FUND04,2025-05-19,107.477
FUND04,2025-05-20,108.4609
FUND04,2025-05-21,108.9272
FUND04,2025-05-22,107.8118
FUND04,2025-05-23,108.015
FUND04,2025-05-26,107.959
FUND04,2025-05-27,107.4139
FUND04,2025-05-28,105.6371
FUND04,2025-05-29,104.7608
FUND04,2025-05-30,104.417
FUND04,2025-06-02,105.3174
FUND04,2025-06-03,107.4803
FUND04,2025-06-04,108.1956
FUND04,2025-06-05,107.6128
FUND04,2025-06-06,107.3224
FUND04,2025-06-09,108.2137
FUND04,2025-06-10,108.7414
FUND04,2025-06-11,109.0943
FUND04,2025-06-12,109.3262
FUND04,2025-06-13,110.328
FUND04,2025-06-16,112.1761
FUND04,2025-06-17,112.227
FUND04,2025-06-18,112.4005
FUND04,2025-06-19,112.8586
FUND04,2025-06-20,112.52
FUND04,2025-06-23,110.7571
FUND04,2025-06-24,111.1999
FUND04,2025-06-25,110.6454
FUND04,2025-06-26,111.7542
FUND04,2025-06-27,111.9463
FUND04,2025-06-30,113.2163
FUND04,2025-07-01,112.549
FUND04,2025-07-02,113.5241
FUND04,2025-07-03,112.2117
FUND04,2025-07-04,113.0249
FUND04,2025-07-07,112.8719
FUND04,2025-07-08,113.6898
FUND04,2025-07-09,113.4353
FUND04,2025-07-10,114.0455
FUND04,2025-07-11,114.5089
FUND04,2025-07-14,114.8739
FUND04,2025-07-15,115.2902
FUND04,2025-07-16,116.7527
FUND04,2025-07-17,116.3177
FUND04,2025-07-18,117.5573
FUND04,2025-07-21,117.2976
FUND04,2025-07-22,118.3789
FUND04,2025-07-23,120.4519
FUND04,2025-07-24,119.7941
FUND04,2025-07-25,117.9493
FUND04,2025-07-28,118.1359
FUND04,2025-07-29,117.583
FUND04,2025-07-30,117.1749
FUND04,2025-07-31,116.9374
FUND04,2025-08-01,116.5253
FUND04,2025-08-04,117.7906
FUND04,2025-08-05,118.8062
FUND04,2025-08-06,119.8598
FUND04,2025-08-07,121.9345
FUND04,2025-08-08,121.2932
FUND04,2025-08-11,119.1228
FUND04,2025-08-12,120.933
FUND04,2025-08-13,121.2011
FUND04,2025-08-14,121.1982
FUND04,2025-08-15,119.6451
FUND04,2025-08-18,118.507
FUND04,2025-08-19,119.1527
FUND04,2025-08-20,119.0735
FUND04,2025-08-21,117.2426
FUND04,2025-08-22,116.4803
FUND04,2025-08-25,117.4196
FUND04,2025-08-26,118.5637
FUND04,2025-08-27,118.795
FUND04,2025-08-28,121.3051
FUND04,2025-08-29,122.2633
FUND04,2025-09-01,123.9304
FUND04,2025-09-02,125.1875
FUND04,2025-09-03,125.9972
FUND04,2025-09-04,124.8103
FUND04,2025-09-05,123.396
FUND04,2025-09-08,122.7736
FUND04,2025-09-09,123.0529
FUND04,2025-09-10,123.101
FUND04,2025-09-11,123.4859
FUND04,2025-09-12,123.5151
FUND04,2025-09-15,123.9945
FUND04,2025-09-16,124.9384
FUND04,2025-09-17,124.9935
FUND04,2025-09-18,124.778
FUND04,2025-09-19,122.4314
FUND04,2025-09-22,123.2601
FUND04,2025-09-23,122.6095
FUND04,2025-09-24,121.8405
FUND04,2025-09-25,122.6611
FUND04,2025-09-26,123.5329
FUND04,2025-09-29,124.1951
FUND04,2025-09-30,125.1092
FUND04,2025-10-01,124.1551
FUND04,2025-10-02,123.9944
FUND04,2025-10-03,123.5427
FUND04,2025-10-06,125.1545
FUND04,2025-10-07,125.9939
FUND04,2025-10-08,125.8172
FUND04,2025-10-09,126.6404
FUND04,2025-10-10,127.0363
FUND04,2025-10-13,126.9758
FUND04,2025-10-14,127.4585
FUND04,2025-10-15,128.301
FUND04,2025-10-16,128.2166
FUND04,2025-10-17,127.0921
FUND04,2025-10-20,127.4707
FUND04,2025-10-21,127.2732
FUND04,2025-10-22,126.2548
FUND04,2025-10-23,125.5932
FUND04,2025-10-24,125.412
FUND04,2025-10-27,125.485
FUND04,2025-10-28,126.0491
FUND04,2025-10-29,125.9013
FUND04,2025-10-30,126.3643
FUND04,2025-10-31,126.0673
FUND04,2025-11-03,126.6192
FUND04,2025-11-04,127.0414
FUND04,2025-11-05,127.6194
FUND04,2025-11-06,129.0109
FUND04,2025-11-07,128.7933
FUND04,2025-11-10,127.3405
FUND04,2025-11-11,127.3167
FUND04,2025-11-12,128.1199
FUND04,2025-11-13,128.1924
FUND04,2025-11-14,128.5401
FUND04,2025-11-17,126.9684
FUND04,2025-11-18,126.2418
FUND04,2025-11-19,126.788
FUND04,2025-11-20,127.5585
FUND04,2025-11-21,126.9067
FUND04,2025-11-24,127.2963
FUND05,2023-01-02,28.0877
FUND05,2023-01-03,28.2895
FUND05,2023-01-04,28.734
FUND05,2023-01-05,28.997
FUND05,2023-01-06,28.9207
FUND05,2023-01-09,29.183
FUND05,2023-01-10,28.8155
FUND05,2023-01-11,28.8593
FUND05,2023-01-12,29.1507
FUND05,2023-01-13,29.3468
FUND05,2023-01-16,29.5836
FUND05,2023-01-17,30.1104
FUND05,2023-01-18,29.9281
FUND05,2023-01-19,30.1606
FUND05,2023-01-20,30.1538
FUND05,2023-01-23,30.4749
FUND05,2023-01-24,30.5259
FUND05,2023-01-25,30.7595
FUND05,2023-01-26,31.2067
FUND05,2023-01-27,31.4031
FUND05,2023-01-30,31.3631
FUND05,2023-01-31,31.2785
FUND05,2023-02-01,31.1023
FUND05,2023-02-02,31.412
FUND05,2023-02-03,31.8024
FUND05,2023-02-06,31.752
FUND05,2023-02-07,31.2543
FUND05,2023-02-08,31.0953
FUND05,2023-02-09,31.2359
FUND05,2023-02-10,30.9889
FUND05,2023-02-13,30.4616
FUND05,2023-02-14,30.3584
FUND05,2023-02-15,29.8195
FUND05,2023-02-16,29.9252
FUND05,2023-02-17,29.8355
FUND05,2023-02-20,29.87
FUND05,2023-02-21,30.237
FUND05,2023-02-22,30.0085
FUND05,2023-02-23,29.4467
FUND05,2023-02-24,29.4573
FUND05,2023-02-27,29.5997
FUND05,2023-02-28,29.237
FUND05,2023-03-01,29.158
FUND05,2023-03-02,29.0847
FUND05,2023-03-03,29.1099
FUND05,2023-03-06,28.9665
FUND05,2023-03-07,29.6788
FUND05,2023-03-08,29.6269
FUND05,2023-03-09,29.6948
FUND05,2023-03-10,29.5835
FUND05,2023-03-13,28.8978
FUND05,2023-03-14,29.2747
FUND05,2023-03-15,28.4608
FUND05,2023-03-16,28.8259
FUND05,2023-03-17,28.5007
FUND05,2023-03-20,28.1696
FUND05,2023-03-21,28.1593
FUND05,2023-03-22,28.7332
FUND05,2023-03-23,28.8335
FUND05,2023-03-24,28.8016
FUND05,2023-03-27,28.6202
FUND05,2023-03-28,28.8054
FUND05,2023-03-29,28.7272
FUND05,2023-03-30,28.9294
FUND05,2023-03-31,28.4358
FUND05,2023-04-03,28.5886
FUND05,2023-04-04,28.688
FUND05,2023-04-05,28.3543
FUND05,2023-04-06,28.1082
FUND05,2023-04-07,28.0881
FUND05,2023-04-10,27.9824
FUND05,2023-04-11,28.0726
FUND05,2023-04-12,27.7273
FUND05,2023-04-13,27.5236
FUND05,2023-04-14,28.0642
FUND05,2023-04-17,27.8687
FUND05,2023-04-18,27.7789
FUND05,2023-04-19,27.7517
FUND05,2023-04-20,27.6991
FUND05,2023-04-21,28.0171
FUND05,2023-04-24,27.89
FUND05,2023-04-25,28.1217
FUND05,2023-04-26,27.9224
FUND05,2023-04-27,28.1339
FUND05,2023-04-28,28.097
FUND05,2023-05-01,28.07
FUND05,2023-05-02,28.0649
FUND05,2023-05-03,28.2211
FUND05,2023-05-04,27.9353
FUND05,2023-05-05,27.7084
FUND05,2023-05-08,28.2335
FUND05,2023-05-09,28.3796
FUND05,2023-05-10,28.3048
FUND05,2023-05-11,28.4858
FUND05,2023-05-12,28.4879
FUND05,2023-05-15,27.928
FUND05,2023-05-16,27.9857
FUND05,2023-05-17,27.9722
FUND05,2023-05-18,28.0773
FUND05,2023-05-19,27.8987
FUND05,2023-05-22,27.8605
FUND05,2023-05-23,28.1641
FUND05,2023-05-24,28.1431
FUND05,2023-05-25,28.0517
FUND05,2023-05-26,28.1611
FUND05,2023-05-29,28.0785
FUND05,2023-05-30,28.3657
FUND05,2023-05-31,28.3385
FUND05,2023-06-01,28.4486
FUND05,2023-06-02,28.2858
FUND05,2023-06-05,27.9854
FUND05,2023-06-06,28.1838
FUND05,2023-06-07,28.2676
FUND05,2023-06-08,28.4472
FUND05,2023-06-09,28.6533
FUND05,2023-06-12,28.2919
FUND05,2023-06-13,28.3398
FUND05,2023-06-14,27.8455
FUND05,2023-06-15,27.9928
FUND05,2023-06-16,27.7364
FUND05,2023-06-19,27.8701
FUND05,2023-06-20,28.0694
FUND05,2023-06-21,27.9503
FUND05,2023-06-22,27.9617
FUND05,2023-06-23,28.2865
FUND05,2023-06-26,27.8827
FUND05,2023-06-27,28.0614
FUND05,2023-06-28,28.1085
FUND05,2023-06-29,28.3657
FUND05,2023-06-30,27.9613
FUND05,2023-07-03,27.9794
FUND05,2023-07-04,28.2747
FUND05,2023-07-05,28.638
FUND05,2023-07-06,28.4572
FUND05,2023-07-07,28.4031
FUND05,2023-07-10,28.8914
FUND05,2023-07-11,28.5399
FUND05,2023-07-12,28.5456
FUND05,2023-07-13,28.6088
FUND05,2023-07-14,28.6714
FUND05,2023-07-17,28.4479
FUND05,2023-07-18,28.7123
FUND05,2023-07-19,28.9596
FUND05,2023-07-20,29.4508
FUND05,2023-07-21,29.2587
FUND05,2023-07-24,29.1498
FUND05,2023-07-25,29.4554
FUND05,2023-07-26,29.9548
FUND05,2023-07-27,29.9705
FUND05,2023-07-28,29.5767
FUND05,2023-07-31,29.5373
FUND05,2023-08-01,29.812
FUND05,2023-08-02,30.0123
FUND05,2023-08-03,30.3314
FUND05,2023-08-04,30.8756
FUND05,2023-08-07,30.7746
FUND05,2023-08-08,30.543
FUND05,2023-08-09,30.2311
FUND05,2023-08-10,30.2162
FUND05,2023-08-11,30.512
FUND05,2023-08-14,31.0051
FUND05,2023-08-15,31.0852
FUND05,2023-08-16,31.1084
FUND05,2023-08-17,31.0903
FUND05,2023-08-18,31.4526
FUND05,2023-08-21,31.2562
FUND05,2023-08-22,31.2459
FUND05,2023-08-23,31.2433
FUND05,2023-08-24,31.2548
FUND05,2023-08-25,31.7828
FUND05,2023-08-28,31.5471
FUND05,2023-08-29,32.2637
FUND05,2023-08-30,32.0932
FUND05,2023-08-31,31.8759
FUND05,2023-09-01,31.7058
FUND05,2023-09-04,31.9104
FUND05,2023-09-05,31.926
FUND05,2023-09-06,32.2678
FUND05,2023-09-07,32.0484
FUND05,2023-09-08,31.5854
FUND05,2023-09-11,31.4993
FUND05,2023-09-12,31.598
FUND05,2023-09-13,31.1993
FUND05,2023-09-14,31.1886
FUND05,2023-09-15,31.3581
FUND05,2023-09-18,31.1497
FUND05,2023-09-19,30.9377
FUND05,2023-09-20,30.6517
FUND05,2023-09-21,30.631
FUND05,2023-09-22,30.7756
FUND05,2023-09-25,31.5557
FUND05,2023-09-26,31.906
FUND05,2023-09-27,31.5633
FUND05,2023-09-28,31.146
FUND05,2023-09-29,31.1342
FUND05,2023-10-02,31.5939
FUND05,2023-10-03,31.8002
FUND05,2023-10-04,31.6688
FUND05,2023-10-05,31.9738
FUND05,2023-10-06,32.3898
FUND05,2023-10-09,32.8359
FUND05,2023-10-10,32.5408
FUND05,2023-10-11,32.689
FUND05,2023-10-12,32.332
FUND05,2023-10-13,32.1175
FUND05,2023-10-16,31.7675
FUND05,2023-10-17,31.7121
FUND05,2023-10-18,31.3217
FUND05,2023-10-19,31.5594
FUND05,2023-10-20,31.5753
FUND05,2023-10-23,31.349
FUND05,2023-10-24,31.5052
FUND05,2023-10-25,31.9587
FUND05,2023-10-26,32.0777
FUND05,2023-10-27,31.9288
FUND05,2023-10-30,31.8669
FUND05,2023-10-31,31.8566
FUND05,2023-11-01,31.675
FUND05,2023-11-02,31.2064
FUND05,2023-11-03,31.1192
FUND05,2023-11-06,31.4864
FUND05,2023-11-07,31.2713
FUND05,2023-11-08,30.7471
FUND05,2023-11-09,30.7414
FUND05,2023-11-10,31.0655
FUND05,2023-11-13,30.6029
FUND05,2023-11-14,30.674
FUND05,2023-11-15,30.8065
FUND05,2023-11-16,30.9743
FUND05,2023-11-17,31.1486
FUND05,2023-11-20,31.3383
FUND05,2023-11-21,30.9107
FUND05,2023-11-22,31.1011
FUND05,2023-11-23,31.5058
FUND05,2023-11-24,31.4623
FUND05,2023-11-27,31.5868
FUND05,2023-11-28,31.3178
FUND05,2023-11-29,31.7044
FUND05,2023-11-30,31.5474
FUND05,2023-12-01,32.0351
FUND05,2023-12-04,31.9453
FUND05,2023-12-05,32.1598
FUND05,2023-12-06,32.0251
FUND05,2023-12-07,32.5861
FUND05,2023-12-08,32.0276
FUND05,2023-12-11,32.1538
FUND05,2023-12-12,31.5716
FUND05,2023-12-13,31.2486
FUND05,2023-12-14,31.8
FUND05,2023-12-15,32.0795
FUND05,2023-12-18,31.5186
FUND05,2023-12-19,31.5362
FUND05,2023-12-20,31.3797
FUND05,2023-12-21,31.5599
FUND05,2023-12-22,32.105
FUND05,2023-12-25,32.3137
FUND05,2023-12-26,32.4599
FUND05,2023-12-27,32.6283
FUND05,2023-12-28,32.3275
FUND05,2023-12-29,32.5514
FUND05,2024-01-01,32.8412
FUND05,2024-01-02,32.6804
FUND05,2024-01-03,32.5115
FUND05,2024-01-04,32.9558
FUND05,2024-01-05,33.038
FUND05,2024-01-08,32.7201
FUND05,2024-01-09,32.6153
FUND05,2024-01-10,32.501
FUND05,2024-01-11,32.5021
FUND05,2024-01-12,32.5008
FUND05,2024-01-15,32.4478
FUND05,2024-01-16,32.9566
FUND05,2024-01-17,33.2238
FUND05,2024-01-18,33.6877
FUND05,2024-01-19,33.1945
FUND05,2024-01-22,33.2481
FUND05,2024-01-23,33.6201
FUND05,2024-01-24,33.8603
FUND05,2024-01-25,33.674
FUND05,2024-01-26,33.4656
FUND05,2024-01-29,33.7753
FUND05,2024-01-30,33.7314
FUND05,2024-01-31,33.949
FUND05,2024-02-01,34.0177
FUND05,2024-02-02,34.0026
FUND05,2024-02-05,34.0603
FUND05,2024-02-06,33.8269
FUND05,2024-02-07,34.3657
FUND05,2024-02-08,34.5564
FUND05,2024-02-09,35.0129
FUND05,2024-02-12,34.8676
FUND05,2024-02-13,34.7193
FUND05,2024-02-14,34.6409
FUND05,2024-02-15,34.3935
FUND05,2024-02-16,34.6246
FUND05,2024-02-19,34.8679
FUND05,2024-02-20,34.7283
FUND05,2024-02-21,34.6497
FUND05,2024-02-22,34.7884
FUND05,2024-02-23,34.5741
FUND05,2024-02-26,34.4679
FUND05,2024-02-27,34.9733
FUND05,2024-02-28,34.7597
FUND05,2024-02-29,34.6193
FUND05,2024-03-01,35.4211
FUND05,2024-03-04,34.7649
FUND05,2024-03-05,34.4156
FUND05,2024-03-06,34.9936
FUND05,2024-03-07,34.886
FUND05,2024-03-08,35.0644
FUND05,2024-03-11,35.755
FUND05,2024-03-12,35.5462
FUND05,2024-03-13,35.3787
FUND05,2024-03-14,35.5313
FUND05,2024-03-15,35.5289
FUND05,2024-03-18,35.3828
FUND05,2024-03-19,35.3621
FUND05,2024-03-20,34.961
FUND05,2024-03-21,35.129
FUND05,2024-03-22,35.4145
FUND05,2024-03-25,35.3848
FUND05,2024-03-26,35.3352
FUND05,2024-03-27,35.5315
FUND05,2024-03-28,35.3811
FUND05,2024-03-29,35.3047
FUND05,2024-04-01,35.3047
FUND05,2024-04-02,35.7942
FUND05,2024-04-03,35.8003
FUND05,2024-04-04,35.7856
FUND05,2024-04-05,35.7547
FUND05,2024-04-08,35.6532
FUND05,2024-04-09,35.3654
FUND05,2024-04-10,35.0945
FUND05,2024-04-11,35.3879
FUND05,2024-04-12,35.2283
FUND05,2024-04-15,35.2792
FUND05,2024-04-16,35.1496
FUND05,2024-04-17,34.7511
FUND05,2024-04-18,34.627
FUND05,2024-04-19,35.0837
FUND05,2024-04-22,34.9743
FUND05,2024-04-23,34.7829
FUND05,2024-04-24,34.6703
FUND05,2024-04-25,34.5871
FUND05,2024-04-26,34.6795
FUND05,2024-04-29,34.5723
FUND05,2024-04-30,34.5632
FUND05,2024-05-01,34.4316
FUND05,2024-05-02,34.5636
FUND05,2024-05-03,34.6817
FUND05,2024-05-06,34.769
FUND05,2024-05-07,34.9886
FUND05,2024-05-08,34.9788
FUND05,2024-05-09,35.3822
FUND05,2024-05-10,35.5524
FUND05,2024-05-13,36.0504
FUND05,2024-05-14,36.0466
FUND05,2024-05-15,36.1571
FUND05,2024-05-16,35.9573
FUND05,2024-05-17,35.9844
FUND05,2024-05-20,36.2715
FUND05,2024-05-21,36.1744
FUND05,2024-05-22,36.6825
FUND05,2024-05-23,36.7135
FUND05,2024-05-24,37.2593
FUND05,2024-05-27,36.9304
FUND05,2024-05-28,36.861
FUND05,2024-05-29,36.719
FUND05,2024-05-30,37.0756
FUND05,2024-05-31,37.3126
FUND05,2024-06-03,37.3099
FUND05,2024-06-04,37.1797
FUND05,2024-06-05,37.1936
FUND05,2024-06-06,37.459
FUND05,2024-06-07,37.7638
FUND05,2024-06-10,37.7667
FUND05,2024-06-11,37.6379
FUND05,2024-06-12,37.6956
FUND05,2024-06-13,37.7626
FUND05,2024-06-14,37.8717
FUND05,2024-06-17,37.7403
FUND05,2024-06-18,38.3548
FUND05,2024-06-19,38.1613
FUND05,2024-06-20,38.7042
FUND05,2024-06-21,39.2136
FUND05,2024-06-24,39.572
FUND05,2024-06-25,40.2638
FUND05,2024-06-26,40.49
FUND05,2024-06-27,40.3995
FUND05,2024-06-28,40.234
FUND05,2024-07-01,40.0157
FUND05,2024-07-02,40.3419
FUND05,2024-07-03,39.829
FUND05,2024-07-04,39.3435
FUND05,2024-07-05,39.9104
FUND05,2024-07-08,40.2988
FUND05,2024-07-09,40.4739
FUND05,2024-07-10,40.8351
FUND05,2024-07-11,41.1448
FUND05,2024-07-12,41.1009
FUND05,2024-07-15,40.5827
FUND05,2024-07-16,41.0764
FUND05,2024-07-17,41.2666
FUND05,2024-07-18,40.7807
FUND05,2024-07-19,40.858
FUND05,2024-07-22,40.7107
FUND05,2024-07-23,40.6934
FUND05,2024-07-24,40.5983
FUND05,2024-07-25,40.8247
FUND05,2024-07-26,40.7731
FUND05,2024-07-29,40.3743
FUND05,2024-07-30,40.6437
FUND05,2024-07-31,40.8464
FUND05,2024-08-01,40.3472
FUND05,2024-08-02,40.5206
FUND05,2024-08-05,40.8692
FUND05,2024-08-06,40.8382
FUND05,2024-08-07,40.9323
FUND05,2024-08-08,40.6758
FUND05,2024-08-09,40.06
FUND05,2024-08-12,40.2728
FUND05,2024-08-13,40.2657
FUND05,2024-08-14,40.4461
FUND05,2024-08-15,40.3855
FUND05,2024-08-16,40.3156
FUND05,2024-08-19,40.3993
FUND05,2024-08-20,40.401
FUND05,2024-08-21,40.7409
FUND05,2024-08-22,40.6105
FUND05,2024-08-23,40.1074
FUND05,2024-08-26,40.184
FUND05,2024-08-27,39.7373
FUND05,2024-08-28,38.8553
FUND05,2024-08-29,38.4956
FUND05,2024-08-30,38.3672
FUND05,2024-09-02,38.1159
FUND05,2024-09-03,37.6121
FUND05,2024-09-04,37.5591
FUND05,2024-09-05,37.9935
FUND05,2024-09-06,38.3005
FUND05,2024-09-09,38.3268
FUND05,2024-09-10,38.6681
FUND05,2024-09-11,38.5386
FUND05,2024-09-12,38.2563
FUND05,2024-09-13,38.5134
FUND05,2024-09-16,38.1614
FUND05,2024-09-17,38.2996
FUND05,2024-09-18,38.3143
FUND05,2024-09-19,38.2127
FUND05,2024-09-20,38.0786
FUND05,2024-09-23,38.4918
FUND05,2024-09-24,37.9647
FUND05,2024-09-25,38.08
FUND05,2024-09-26,38.0044
FUND05,2024-09-27,37.7741
FUND05,2024-09-30,37.8106
FUND05,2024-10-01,37.9413
FUND05,2024-10-02,37.9441
FUND05,2024-10-03,38.0511
FUND05,2024-10-04,38.5591
FUND05,2024-10-07,38.3742
FUND05,2024-10-08,38.5421
FUND05,2024-10-09,37.9626
FUND05,2024-10-10,38.1421
FUND05,2024-10-11,37.5245
FUND05,2024-10-14,37.7608
FUND05,2024-10-15,37.6225
FUND05,2024-10-16,37.7012
FUND05,2024-10-17,37.2304
FUND05,2024-10-18,37.2613
FUND05,2024-10-21,37.5606
FUND05,2024-10-22,37.7932
FUND05,2024-10-23,37.8105
FUND05,2024-10-24,37.8315
FUND05,2024-10-25,38.2449
FUND05,2024-10-28,38.5217
FUND05,2024-10-29,38.3287
FUND05,2024-10-30,38.1522
FUND05,2024-10-31,37.9422
FUND05,2024-11-01,37.9533
FUND05,2024-11-04,37.5801
FUND05,2024-11-05,36.873
FUND05,2024-11-06,36.8232
FUND05,2024-11-07,36.9296
FUND05,2024-11-08,37.0143
FUND05,2024-11-11,37.3985
FUND05,2024-11-12,36.9864
FUND05,2024-11-13,36.8382
FUND05,2024-11-14,36.3825
FUND05,2024-11-15,36.4854
FUND05,2024-11-18,36.4734
FUND05,2024-11-19,36.338
FUND05,2024-11-20,36.3739
FUND05,2024-11-21,36.1647
FUND05,2024-11-22,35.8542
FUND05,2024-11-25,36.3864
FUND05,2024-11-26,36.6741
FUND05,2024-11-27,36.6358
FUND05,2024-11-28,36.15
FUND05,2024-11-29,36.1025
FUND05,2024-12-02,36.3113
FUND05,2024-12-03,36.3891
FUND05,2024-12-04,36.742
FUND05,2024-12-05,37.1703
FUND05,2024-12-06,37.1649
FUND05,2024-12-09,37.0311
FUND05,2024-12-10,36.889
FUND05,2024-12-11,36.7744
FUND05,2024-12-12,37.0964
FUND05,2024-12-13,36.9776
FUND05,2024-12-16,36.4408
FUND05,2024-12-17,36.6157
FUND05,2024-12-18,36.6056
FUND05,2024-12-19,36.4741
FUND05,2024-12-20,35.8518
FUND05,2024-12-23,36.2515
FUND05,2024-12-24,36.501
FUND05,2024-12-25,36.1498
FUND05,2024-12-26,36.2214
FUND05,2024-12-27,35.8903
FUND05,2024-12-30,35.4728
FUND05,2024-12-31,34.8244
FUND05,2025-01-01,35.0901
FUND05,2025-01-02,35.3896
FUND05,2025-01-03,35.3126
FUND05,2025-01-06,35.3153
FUND05,2025-01-07,35.8949
FUND05,2025-01-08,35.6728
FUND05,2025-01-09,35.3143
FUND05,2025-01-10,35.3765
FUND05,2025-01-13,35.5732
FUND05,2025-01-14,35.5
FUND05,2025-01-15,35.0661
FUND05,2025-01-16,34.8455
FUND05,2025-01-17,35.0817
FUND05,2025-01-20,35.329
FUND05,2025-01-21,34.8194
FUND05,2025-01-22,34.4576
FUND05,2025-01-23,34.1731
FUND05,2025-01-24,34.1863
FUND05,2025-01-27,34.8864
FUND05,2025-01-28,34.8181
FUND05,2025-01-29,34.8589
FUND05,2025-01-30,34.6302
FUND05,2025-01-31,35.4574
FUND05,2025-02-03,35.287
FUND05,2025-02-04,35.1462
FUND05,2025-02-05,35.2172
FUND05,2025-02-06,34.8189
FUND05,2025-02-07,35.0938
FUND05,2025-02-10,35.1127
FUND05,2025-02-11,34.8679
FUND05,2025-02-12,34.7023
FUND05,2025-02-13,34.132
FUND05,2025-02-14,33.9823
FUND05,2025-02-17,33.3073
FUND05,2025-02-18,33.1927
FUND05,2025-02-19,33.0651
FUND05,2025-02-20,32.9101
FUND05,2025-02-21,32.7576
FUND05,2025-02-24,32.5294
FUND05,2025-02-25,32.9108
FUND05,2025-02-26,33.3574
FUND05,2025-02-27,33.3269
FUND05,2025-02-28,33.6905
FUND05,2025-03-03,33.6182
FUND05,2025-03-04,33.5473
FUND05,2025-03-05,33.3177
FUND05,2025-03-06,33.5473
FUND05,2025-03-07,33.7546
FUND05,2025-03-10,33.3832
FUND05,2025-03-11,33.4518
FUND05,2025-03-12,33.3166
FUND05,2025-03-13,33.0666
FUND05,2025-03-14,33.0792
FUND05,2025-03-17,32.5282
FUND05,2025-03-18,32.4211
FUND05,2025-03-19,32.9925
FUND05,2025-03-20,33.1421
FUND05,2025-03-21,32.8237
FUND05,2025-03-24,33.0073
FUND05,2025-03-25,33.0539
FUND05,2025-03-26,32.9788
FUND05,2025-03-27,32.8251
FUND05,2025-03-28,32.8455
FUND05,2025-03-31,32.6905
FUND05,2025-04-01,32.6596
FUND05,2025-04-02,32.8971
FUND05,2025-04-03,33.1589
FUND05,2025-04-04,32.7922
FUND05,2025-04-07,32.6741
FUND05,2025-04-08,33.1668
FUND05,2025-04-09,33.7236
FUND05,2025-04-10,33.8565
FUND05,2025-04-11,34.3678
FUND05,2025-04-14,34.7627
FUND05,2025-04-15,34.7428
FUND05,2025-04-16,34.1398
FUND05,2025-04-17,34.1419
FUND05,2025-04-18,33.7689
FUND05,2025-04-21,33.831
FUND05,2025-04-22,34.3836
FUND05,2025-04-23,34.4817
FUND05,2025-04-24,34.2592
FUND05,2025-04-25,33.9196
FUND05,2025-04-28,33.3411
FUND05,2025-04-29,32.7895
FUND05,2025-04-30,33.2898
FUND05,2025-05-01,33.5667
FUND05,2025-05-02,33.5478
FUND05,2025-05-05,33.5222
FUND05,2025-05-06,33.5271
FUND05,2025-05-07,33.5441
FUND05,2025-05-08,33.9851
FUND05,2025-05-09,34.1253
FUND05,2025-05-12,33.5373
FUND05,2025-05-13,33.8781
FUND05,2025-05-14,33.3104
FUND05,2025-05-15,33.209
FUND05,2025-05-16,32.8151
FUND05,2025-05-19,32.8471
FUND05,2025-05-20,32.4956
FUND05,2025-05-21,32.1125
FUND05,2025-05-22,31.8298
FUND05,2025-05-23,32.0825
FUND05,2025-05-26,32.0485
FUND05,2025-05-27,32.2607
FUND05,2025-05-28,32.6755
FUND05,2025-05-29,32.7657
FUND05,2025-05-30,32.954
FUND05,2025-06-02,32.6866
FUND05,2025-06-03,32.6818
FUND05,2025-06-04,32.3639
FUND05,2025-06-05,32.5451
FUND05,2025-06-06,32.8306
FUND05,2025-06-09,33.1362
FUND05,2025-06-10,33.1481
FUND05,2025-06-11,33.4357
FUND05,2025-06-12,33.4125
FUND05,2025-06-13,33.2641
FUND05,2025-06-16,33.4349
FUND05,2025-06-17,33.6739
FUND05,2025-06-18,34.3625
FUND05,2025-06-19,34.6092
FUND05,2025-06-20,34.2874
FUND05,2025-06-23,34.0066
FUND05,2025-06-24,33.629
FUND05,2025-06-25,33.6731
FUND05,2025-06-26,33.3605
FUND05,2025-06-27,33.79
FUND05,2025-06-30,33.7221
FUND05,2025-07-01,33.9376
FUND05,2025-07-02,34.0048
FUND05,2025-07-03,34.131
FUND05,2025-07-04,33.8335
FUND05,2025-07-07,33.844
FUND05,2025-07-08,33.7346
FUND05,2025-07-09,33.7246
FUND05,2025-07-10,33.7832
FUND05,2025-07-11,34.0111
FUND05,2025-07-14,33.8895
FUND05,2025-07-15,34.1616
FUND05,2025-07-16,34.2838
FUND05,2025-07-17,34.8106
FUND05,2025-07-18,33.7939
FUND05,2025-07-21,33.6192
FUND05,2025-07-22,34.0207
FUND05,2025-07-23,33.2695
FUND05,2025-07-24,33.7345
FUND05,2025-07-25,33.7802
FUND05,2025-07-28,33.18
FUND05,2025-07-29,33.4171
FUND05,2025-07-30,33.121
FUND05,2025-07-31,32.8692
FUND05,2025-08-01,33.3227
FUND05,2025-08-04,33.2271
FUND05,2025-08-05,32.9606
FUND05,2025-08-06,33.5766
FUND05,2025-08-07,33.878
FUND05,2025-08-08,33.7968
FUND05,2025-08-11,33.5773
FUND05,2025-08-12,33.5363
FUND05,2025-08-13,34.0331
FUND05,2025-08-14,33.753
FUND05,2025-08-15,33.3867
FUND05,2025-08-18,33.7902
FUND05,2025-08-19,33.7251
FUND05,2025-08-20,33.7764
FUND05,2025-08-21,33.9567
FUND05,2025-08-22,33.8583
FUND05,2025-08-25,33.1403
FUND05,2025-08-26,33.0973
FUND05,2025-08-27,33.4874
FUND05,2025-08-28,34.1628
FUND05,2025-08-29,34.1476
FUND05,2025-09-01,34.1597
FUND05,2025-09-02,34.6006
FUND05,2025-09-03,34.8074
FUND05,2025-09-04,34.9213
FUND05,2025-09-05,34.3206
FUND05,2025-09-08,34.2131
FUND05,2025-09-09,34.3002
FUND05,2025-09-10,33.8538
FUND05,2025-09-11,33.763
FUND05,2025-09-12,34.303
FUND05,2025-09-15,34.2447
FUND05,2025-09-16,33.8236
FUND05,2025-09-17,33.2698
FUND05,2025-09-18,33.2868
FUND05,2025-09-19,33.1342
FUND05,2025-09-22,32.8955
FUND05,2025-09-23,32.983
FUND05,2025-09-24,33.0879
FUND05,2025-09-25,33.1602
FUND05,2025-09-26,33.2852
FUND05,2025-09-29,32.9374
FUND05,2025-09-30,32.7677
FUND05,2025-10-01,32.6916
FUND05,2025-10-02,32.6959
FUND05,2025-10-03,33.0072
FUND05,2025-10-06,32.8111
FUND05,2025-10-07,32.6016
FUND05,2025-10-08,33.0581
FUND05,2025-10-09,33.1256
FUND05,2025-10-10,32.729
FUND05,2025-10-13,32.6575
FUND05,2025-10-14,32.3142
FUND05,2025-10-15,32.0033
FUND05,2025-10-16,31.6386
FUND05,2025-10-17,31.4313
FUND05,2025-10-20,32.0334
FUND05,2025-10-21,32.3444
FUND05,2025-10-22,32.7665
FUND05,2025-10-23,33.1075
FUND05,2025-10-24,33.0876
FUND05,2025-10-27,33.2281
FUND05,2025-10-28,33.2792
FUND05,2025-10-29,32.9797
FUND05,2025-10-30,32.6549
FUND05,2025-10-31,32.9396
FUND05,2025-11-03,32.5985
FUND05,2025-11-04,32.6775
FUND05,2025-11-05,32.8894
FUND05,2025-11-06,33.1325
FUND05,2025-11-07,33.2629
FUND05,2025-11-10,32.9238
FUND05,2025-11-11,33.1042
FUND05,2025-11-12,33.0833
FUND05,2025-11-13,32.8125
FUND05,2025-11-14,32.2453
FUND05,2025-11-17,32.3961
FUND05,2025-11-18,31.9632
FUND05,2025-11-19,31.4916
FUND05,2025-11-20,32.0065
FUND05,2025-11-21,31.68
FUND05,2025-11-24,31.5797
FUND06,2023-01-02,63.9521
FUND06,2023-01-03,63.8915
FUND06,2023-01-04,63.9051
FUND06,2023-01-05,63.2983
FUND06,2023-01-06,63.1536
FUND06,2023-01-09,63.4194
FUND06,2023-01-10,63.2297
FUND06,2023-01-11,62.9768
FUND06,2023-01-12,63.1039
FUND06,2023-01-13,63.2954
FUND06,2023-01-16,63.4114
FUND06,2023-01-17,63.2685
FUND06,2023-01-18,63.5039
FUND06,2023-01-19,63.9934
FUND06,2023-01-20,64.3535
FUND06,2023-01-23,63.9174
FUND06,2023-01-24,64.7874
FUND06,2023-01-25,64.4183
FUND06,2023-01-26,64.0804
FUND06,2023-01-27,64.1893
FUND06,2023-01-30,64.1822
FUND06,2023-01-31,64.3078
FUND06,2023-02-01,64.711
FUND06,2023-02-02,65.0048
FUND06,2023-02-03,64.7619
FUND06,2023-02-06,64.8037
FUND06,2023-02-07,65.1217
FUND06,2023-02-08,65.4535
FUND06,2023-02-09,65.8083
FUND06,2023-02-10,66.0733
FUND06,2023-02-13,66.3065
FUND06,2023-02-14,66.1731
FUND06,2023-02-15,65.7983
FUND06,2023-02-16,65.9453
FUND06,2023-02-17,65.8304
FUND06,2023-02-20,66.2231
FUND06,2023-02-21,65.9819
FUND06,2023-02-22,65.8888
FUND06,2023-02-23,65.7817
FUND06,2023-02-24,66.0913
FUND06,2023-02-27,66.3376
FUND06,2023-02-28,66.3656
FUND06,2023-03-01,66.4746
FUND06,2023-03-02,66.9828
FUND06,2023-03-03,66.4683
FUND06,2023-03-06,66.7151
FUND06,2023-03-07,67.0632
FUND06,2023-03-08,67.4541
FUND06,2023-03-09,67.7211
FUND06,2023-03-10,67.5048
FUND06,2023-03-13,67.3612
FUND06,2023-03-14,67.585
FUND06,2023-03-15,67.4257
FUND06,2023-03-16,67.3865
FUND06,2023-03-17,66.9476
FUND06,2023-03-20,66.6066
FUND06,2023-03-21,66.7326
FUND06,2023-03-22,66.6248
FUND06,2023-03-23,66.4165
FUND06,2023-03-24,66.3811
FUND06,2023-03-27,66.4929
FUND06,2023-03-28,66.4352
FUND06,2023-03-29,66.5084
FUND06,2023-03-30,66.5562
FUND06,2023-03-31,66.5014
FUND06,2023-04-03,66.5191
FUND06,2023-04-04,66.2724
FUND06,2023-04-05,66.1427
FUND06,2023-04-06,65.6123
FUND06,2023-04-07,65.2859
FUND06,2023-04-10,64.955
FUND06,2023-04-11,64.858
FUND06,2023-04-12,65.2113
FUND06,2023-04-13,65.2293
FUND06,2023-04-14,65.2946
FUND06,2023-04-17,65.0361
FUND06,2023-04-18,65.1415
FUND06,2023-04-19,65.6635
FUND06,2023-04-20,65.6584
FUND06,2023-04-21,65.4335
FUND06,2023-04-24,65.1081
FUND06,2023-04-25,65.2065
FUND06,2023-04-26,64.9487
FUND06,2023-04-27,65.1796
FUND06,2023-04-28,64.9009
FUND06,2023-05-01,64.4338
FUND06,2023-05-02,64.5946
FUND06,2023-05-03,64.2359
FUND06,2023-05-04,64.433
FUND06,2023-05-05,64.7568
FUND06,2023-05-08,64.6032
FUND06,2023-05-09,64.6848
FUND06,2023-05-10,65.114
FUND06,2023-05-11,64.9973
FUND06,2023-05-12,65.4894
FUND06,2023-05-15,65.4126
FUND06,2023-05-16,65.155
FUND06,2023-05-17,65.2046
FUND06,2023-05-18,65.2919
FUND06,2023-05-19,65.6487
FUND06,2023-05-22,65.9337
FUND06,2023-05-23,66.0652
FUND06,2023-05-24,66.2829
FUND06,2023-05-25,66.3583
FUND06,2023-05-26,66.6179
FUND06,2023-05-29,66.4823
FUND06,2023-05-30,66.1772
FUND06,2023-05-31,66.2609
FUND06,2023-06-01,67.0905
FUND06,2023-06-02,67.3577
FUND06,2023-06-05,67.1652
FUND06,2023-06-06,67.6113
FUND06,2023-06-07,67.0608
FUND06,2023-06-08,67.0055
FUND06,2023-06-09,67.1476
FUND06,2023-06-12,66.9638
FUND06,2023-06-13,66.8045
FUND06,2023-06-14,66.7742
FUND06,2023-06-15,66.6311
FUND06,2023-06-16,66.4151
FUND06,2023-06-19,66.1095
FUND06,2023-06-20,65.6625
FUND06,2023-06-21,65.3954
FUND06,2023-06-22,65.3861
FUND06,2023-06-23,65.7054
FUND06,2023-06-26,65.5285
FUND06,2023-06-27,65.1891
FUND06,2023-06-28,65.6847
FUND06,2023-06-29,65.3648
FUND06,2023-06-30,65.4136
FUND06,2023-07-03,65.1565
FUND06,2023-07-04,64.9646
FUND06,2023-07-05,65.0992
FUND06,2023-07-06,65.2561
FUND06,2023-07-07,65.6532
FUND06,2023-07-10,65.8733
FUND06,2023-07-11,65.9403
FUND06,2023-07-12,66.1481
FUND06,2023-07-13,65.8599
FUND06,2023-07-14,66.2426
FUND06,2023-07-17,66.4238
FUND06,2023-07-18,66.5925
FUND06,2023-07-19,66.7945
FUND06,2023-07-20,66.3673
FUND06,2023-07-21,66.0469
FUND06,2023-07-24,66.1075
FUND06,2023-07-25,66.172
FUND06,2023-07-26,66.3657
FUND06,2023-07-27,66.4189
FUND06,2023-07-28,66.3844
FUND06,2023-07-31,66.7844
FUND06,2023-08-01,66.9115
FUND06,2023-08-02,67.1595
FUND06,2023-08-03,67.5451
FUND06,2023-08-04,67.9539
FUND06,2023-08-07,68.0735
FUND06,2023-08-08,68.3193
FUND06,2023-08-09,68.4235
FUND06,2023-08-10,68.7782
FUND06,2023-08-11,69.5119
FUND06,2023-08-14,69.2044
FUND06,2023-08-15,68.99
FUND06,2023-08-16,69.5077
FUND06,2023-08-17,69.5885
FUND06,2023-08-18,69.4748
FUND06,2023-08-21,69.2781
FUND06,2023-08-22,69.5948
FUND06,2023-08-23,69.7939
FUND06,2023-08-24,70.4519
FUND06,2023-08-25,70.4452
FUND06,2023-08-28,70.7557
FUND06,2023-08-29,71.3092
FUND06,2023-08-30,70.8679
FUND06,2023-08-31,70.5517
FUND06,2023-09-01,70.661
FUND06,2023-09-04,70.4999
FUND06,2023-09-05,70.3874
FUND06,2023-09-06,70.1987
FUND06,2023-09-07,70.1739
FUND06,2023-09-08,69.9083
FUND06,2023-09-11,69.5246
FUND06,2023-09-12,69.6682
FUND06,2023-09-13,69.7298
FUND06,2023-09-14,70.0617
FUND06,2023-09-15,70.2499
FUND06,2023-09-18,70.4073
FUND06,2023-09-19,70.6703
FUND06,2023-09-20,70.3993
FUND06,2023-09-21,70.2625
FUND06,2023-09-22,70.3724
FUND06,2023-09-25,70.6933
FUND06,2023-09-26,70.9232
FUND06,2023-09-27,70.8775
FUND06,2023-09-28,70.8401
FUND06,2023-09-29,70.943
FUND06,2023-10-02,70.5932
FUND06,2023-10-03,70.8875
FUND06,2023-10-04,71.1584
FUND06,2023-10-05,71.481
FUND06,2023-10-06,71.826
FUND06,2023-10-09,72.1741
FUND06,2023-10-10,71.58
FUND06,2023-10-11,71.6759
FUND06,2023-10-12,71.2336
FUND06,2023-10-13,70.9483
FUND06,2023-10-16,70.9281
FUND06,2023-10-17,71.3314
FUND06,2023-10-18,71.4612
FUND06,2023-10-19,71.559
FUND06,2023-10-20,72.1615
FUND06,2023-10-23,72.2634
FUND06,2023-10-24,71.9749
FUND06,2023-10-25,71.5426
FUND06,2023-10-26,71.2819
FUND06,2023-10-27,71.3408
FUND06,2023-10-30,70.8647
FUND06,2023-10-31,71.0281
FUND06,2023-11-01,71.1503
FUND06,2023-11-02,70.9404
FUND06,2023-11-03,70.9965
FUND06,2023-11-06,71.1854
FUND06,2023-11-07,71.0039
FUND06,2023-11-08,71.2626
FUND06,2023-11-09,71.0535
FUND06,2023-11-10,71.2655
FUND06,2023-11-13,71.7595
FUND06,2023-11-14,71.8872
FUND06,2023-11-15,71.4946
FUND06,2023-11-16,71.5461
FUND06,2023-11-17,71.5951
FUND06,2023-11-20,71.3381
FUND06,2023-11-21,70.9531
FUND06,2023-11-22,70.8527
FUND06,2023-11-23,71.1544
FUND06,2023-11-24,71.4411
FUND06,2023-11-27,71.8528
FUND06,2023-11-28,71.861
FUND06,2023-11-29,72.5245
FUND06,2023-11-30,72.2691
FUND06,2023-12-01,72.4366
FUND06,2023-12-04,72.3802
FUND06,2023-12-05,72.893
FUND06,2023-12-06,72.9269
FUND06,2023-12-07,72.6085
FUND06,2023-12-08,72.7113
FUND06,2023-12-11,72.3642
FUND06,2023-12-12,72.1008
FUND06,2023-12-13,72.4267
FUND06,2023-12-14,72.4431
FUND06,2023-12-15,72.7474
FUND06,2023-12-18,72.4821
FUND06,2023-12-19,72.9316
FUND06,2023-12-20,72.8968
FUND06,2023-12-21,72.2725
FUND06,2023-12-22,72.0017
FUND06,2023-12-25,71.568
FUND06,2023-12-26,71.1154
FUND06,2023-12-27,71.3027
FUND06,2023-12-28,71.4437
FUND06,2023-12-29,71.6579
FUND06,2024-01-01,71.4409
FUND06,2024-01-02,71.636
FUND06,2024-01-03,71.1816
FUND06,2024-01-04,71.0482
FUND06,2024-01-05,71.0196
FUND06,2024-01-08,70.8584
FUND06,2024-01-09,70.9132
FUND06,2024-01-10,70.9284
FUND06,2024-01-11,71.1026
FUND06,2024-01-12,71.2231
FUND06,2024-01-15,71.5545
FUND06,2024-01-16,71.4213
FUND06,2024-01-17,71.6551
FUND06,2024-01-18,71.7681
FUND06,2024-01-19,71.8701
FUND06,2024-01-22,71.9365
FUND06,2024-01-23,71.2555
FUND06,2024-01-24,71.8981
FUND06,2024-01-25,71.6223
FUND06,2024-01-26,71.3862
FUND06,2024-01-29,71.3045
FUND06,2024-01-30,70.9033
FUND06,2024-01-31,71.4876
FUND06,2024-02-01,71.3093
FUND06,2024-02-02,71.1106
FUND06,2024-02-05,70.8655
FUND06,2024-02-06,71.0286
FUND06,2024-02-07,71.501
FUND06,2024-02-08,71.6123
FUND06,2024-02-09,71.3834
FUND06,2024-02-12,71.8346
FUND06,2024-02-13,71.9499
FUND06,2024-02-14,71.7369
FUND06,2024-02-15,71.7362
FUND06,2024-02-16,71.8018
FUND06,2024-02-19,71.9018
FUND06,2024-02-20,71.9252
FUND06,2024-02-21,71.9559
FUND06,2024-02-22,72.587
FUND06,2024-02-23,73.5434
FUND06,2024-02-26,73.6245
FUND06,2024-02-27,73.3415
FUND06,2024-02-28,73.0153
FUND06,2024-02-29,73.3079
FUND06,2024-03-01,72.7909
FUND06,2024-03-04,72.754
FUND06,2024-03-05,72.9075
FUND06,2024-03-06,72.9908
FUND06,2024-03-07,72.8799
FUND06,2024-03-08,73.5109
FUND06,2024-03-11,73.7998
FUND06,2024-03-12,73.6656
FUND06,2024-03-13,73.9508
FUND06,2024-03-14,73.9126
FUND06,2024-03-15,73.763
FUND06,2024-03-18,73.65
FUND06,2024-03-19,74.0686
FUND06,2024-03-20,73.9042
FUND06,2024-03-21,73.9038
FUND06,2024-03-22,74.2693
FUND06,2024-03-25,74.3954
FUND06,2024-03-26,74.5002
FUND06,2024-03-27,74.299
FUND06,2024-03-28,75.1085
FUND06,2024-03-29,75.4112
FUND06,2024-04-01,74.6247
FUND06,2024-04-02,75.09
FUND06,2024-04-03,74.6757
FUND06,2024-04-04,74.2345
FUND06,2024-04-05,74.023
FUND06,2024-04-08,74.469
FUND06,2024-04-09,74.4006
FUND06,2024-04-10,74.4953
FUND06,2024-04-11,73.9545
FUND06,2024-04-12,74.3389
FUND06,2024-04-15,74.2724
FUND06,2024-04-16,73.8615
FUND06,2024-04-17,73.9938
FUND06,2024-04-18,74.1818
FUND06,2024-04-19,74.234
FUND06,2024-04-22,74.6926
FUND06,2024-04-23,74.9142
FUND06,2024-04-24,75.4486
FUND06,2024-04-25,75.4538
FUND06,2024-04-26,75.5153
FUND06,2024-04-29,75.8355
FUND06,2024-04-30,76.2583
FUND06,2024-05-01,76.1672
FUND06,2024-05-02,76.8432
FUND06,2024-05-03,76.9079
FUND06,2024-05-06,76.934
FUND06,2024-05-07,77.1127
FUND06,2024-05-08,76.8378
FUND06,2024-05-09,76.2883
FUND06,2024-05-10,77.0242
FUND06,2024-05-13,77.4206
FUND06,2024-05-14,77.1206
FUND06,2024-05-15,77.1931
FUND06,2024-05-16,77.4361
FUND06,2024-05-17,77.2892
FUND06,2024-05-20,77.8164
FUND06,2024-05-21,77.6665
FUND06,2024-05-22,78.0409
FUND06,2024-05-23,77.8425
FUND06,2024-05-24,78.0464
FUND06,2024-05-27,78.6201
FUND06,2024-05-28,78.8143
FUND06,2024-05-29,78.6648
FUND06,2024-05-30,78.7689
FUND06,2024-05-31,79.053
FUND06,2024-06-03,78.9246
FUND06,2024-06-04,78.8082
FUND06,2024-06-05,79.4634
FUND06,2024-06-06,79.9924
FUND06,2024-06-07,79.777
FUND06,2024-06-10,79.3251
FUND06,2024-06-11,78.8884
FUND06,2024-06-12,78.5144
FUND06,2024-06-13,78.4382
FUND06,2024-06-14,78.4361
FUND06,2024-06-17,77.9686
FUND06,2024-06-18,78.048
FUND06,2024-06-19,77.0446
FUND06,2024-06-20,77.118
FUND06,2024-06-21,77.7052
FUND06,2024-06-24,77.3014
FUND06,2024-06-25,76.3158
FUND06,2024-06-26,76.3978
FUND06,2024-06-27,76.665
FUND06,2024-06-28,76.5472
FUND06,2024-07-01,76.651
FUND06,2024-07-02,77.1244
FUND06,2024-07-03,77.7402
FUND06,2024-07-04,77.9758
FUND06,2024-07-05,77.5633
FUND06,2024-07-08,77.6475
FUND06,2024-07-09,77.3198
FUND06,2024-07-10,77.3389
FUND06,2024-07-11,77.2788
FUND06,2024-07-12,77.1031
FUND06,2024-07-15,77.6633
FUND06,2024-07-16,77.6077
FUND06,2024-07-17,77.1109
FUND06,2024-07-18,77.2682
FUND06,2024-07-19,77.5333
FUND06,2024-07-22,77.5759
FUND06,2024-07-23,77.3278
FUND06,2024-07-24,77.2006
FUND06,2024-07-25,77.0189
FUND06,2024-07-26,76.867
FUND06,2024-07-29,76.6466
FUND06,2024-07-30,76.5941
FUND06,2024-07-31,76.1472
FUND06,2024-08-01,76.2567
FUND06,2024-08-02,76.0102
FUND06,2024-08-05,76.3369
FUND06,2024-08-06,76.4932
FUND06,2024-08-07,77.0402
FUND06,2024-08-08,76.5877
FUND06,2024-08-09,77.1025
FUND06,2024-08-12,77.0862
FUND06,2024-08-13,77.3272
FUND06,2024-08-14,77.664
FUND06,2024-08-15,78.0274
FUND06,2024-08-16,78.074
FUND06,2024-08-19,78.2599
FUND06,2024-08-20,78.2522
FUND06,2024-08-21,78.5354
FUND06,2024-08-22,78.2426
FUND06,2024-08-23,78.4111
FUND06,2024-08-26,78.9837
FUND06,2024-08-27,79.7279
FUND06,2024-08-28,80.1397
FUND06,2024-08-29,80.6966
FUND06,2024-08-30,80.914
FUND06,2024-09-02,81.3266
FUND06,2024-09-03,82.0702
FUND06,2024-09-04,82.0761
FUND06,2024-09-05,81.5108
FUND06,2024-09-06,81.4738
FUND06,2024-09-09,81.5684
FUND06,2024-09-10,81.2894
FUND06,2024-09-11,80.8733
FUND06,2024-09-12,80.7181
FUND06,2024-09-13,80.2933
FUND06,2024-09-16,80.6513
FUND06,2024-09-17,81.3008
FUND06,2024-09-18,81.5758
FUND06,2024-09-19,81.0855
FUND06,2024-09-20,81.1874
FUND06,2024-09-23,80.897
FUND06,2024-09-24,81.0254
FUND06,2024-09-25,80.7485
FUND06,2024-09-26,81.1343
FUND06,2024-09-27,81.4187
FUND06,2024-09-30,81.3261
FUND06,2024-10-01,81.5381
FUND06,2024-10-02,81.5874
FUND06,2024-10-03,82.2529
FUND06,2024-10-04,81.5693
FUND06,2024-10-07,81.748
FUND06,2024-10-08,82.2351
FUND06,2024-10-09,82.1243
FUND06,2024-10-10,81.9645
FUND06,2024-10-11,82.0564
FUND06,2024-10-14,81.7401
FUND06,2024-10-15,81.567
FUND06,2024-10-16,81.2138
FUND06,2024-10-17,81.1742
FUND06,2024-10-18,80.4295
FUND06,2024-10-21,80.235
FUND06,2024-10-22,80.4638
FUND06,2024-10-23,80.3512
FUND06,2024-10-24,80.2266
FUND06,2024-10-25,80.5793
FUND06,2024-10-28,81.1818
FUND06,2024-10-29,80.9361
FUND06,2024-10-30,81.4043
FUND06,2024-10-31,80.7836
FUND06,2024-11-01,80.4992
FUND06,2024-11-04,80.7205
FUND06,2024-11-05,80.8405
FUND06,2024-11-06,80.9099
FUND06,2024-11-07,81.2531
FUND06,2024-11-08,81.2042
FUND06,2024-11-11,81.511
FUND06,2024-11-12,81.356
FUND06,2024-11-13,81.1502
FUND06,2024-11-14,80.4856
FUND06,2024-11-15,80.7582
FUND06,2024-11-18,80.4658
FUND06,2024-11-19,80.8593
FUND06,2024-11-20,81.2555
FUND06,2024-11-21,81.1994
FUND06,2024-11-22,81.2573
FUND06,2024-11-25,81.3561
FUND06,2024-11-26,81.3062
FUND06,2024-11-27,80.7939
FUND06,2024-11-28,81.3496
FUND06,2024-11-29,81.1659
FUND06,2024-12-02,81.3867
FUND06,2024-12-03,81.5201
FUND06,2024-12-04,81.6532
FUND06,2024-12-05,81.7603
FUND06,2024-12-06,82.1246
FUND06,2024-12-09,81.8263
FUND06,2024-12-10,82.2206
FUND06,2024-12-11,82.3086
FUND06,2024-12-12,82.3494
FUND06,2024-12-13,82.2205
FUND06,2024-12-16,82.2297
FUND06,2024-12-17,82.4719
FUND06,2024-12-18,82.0595
FUND06,2024-12-19,81.4449
FUND06,2024-12-20,81.3693
FUND06,2024-12-23,81.6544
FUND06,2024-12-24,81.5695
FUND06,2024-12-25,82.103
FUND06,2024-12-26,82.6119
FUND06,2024-12-27,83.1639
FUND06,2024-12-30,83.7384
FUND06,2024-12-31,83.8651
FUND06,2025-01-01,84.1076
FUND06,2025-01-02,83.874
FUND06,2025-01-03,82.8785
FUND06,2025-01-06,83.0573
FUND06,2025-01-07,82.7928
FUND06,2025-01-08,82.7436
FUND06,2025-01-09,81.8367
FUND06,2025-01-10,82.196
FUND06,2025-01-13,82.1469
FUND06,2025-01-14,81.9528
FUND06,2025-01-15,81.5493
FUND06,2025-01-16,81.2745
FUND06,2025-01-17,80.988
FUND06,2025-01-20,80.6569
FUND06,2025-01-21,80.1653
FUND06,2025-01-22,80.1145
FUND06,2025-01-23,80.017
FUND06,2025-01-24,80.3545
FUND06,2025-01-27,79.7414
FUND06,2025-01-28,79.6054
FUND06,2025-01-29,79.3087
FUND06,2025-01-30,79.4566
FUND06,2025-01-31,79.463
FUND06,2025-02-03,79.7944
FUND06,2025-02-04,80.4853
FUND06,2025-02-05,80.5113
FUND06,2025-02-06,80.7305
FUND06,2025-02-07,80.4815
FUND06,2025-02-10,80.4608
FUND06,2025-02-11,80.4954
FUND06,2025-02-12,81.3023
FUND06,2025-02-13,80.9077
FUND06,2025-02-14,80.8842
FUND06,2025-02-17,80.917
FUND06,2025-02-18,80.6658
FUND06,2025-02-19,80.8204
FUND06,2025-02-20,80.8513
FUND06,2025-02-21,80.9208
FUND06,2025-02-24,80.6814
FUND06,2025-02-25,80.9759
FUND06,2025-02-26,80.6598
FUND06,2025-02-27,80.5492
FUND06,2025-02-28,80.8845
FUND06,2025-03-03,81.4233
FUND06,2025-03-04,81.172
FUND06,2025-03-05,81.4272
FUND06,2025-03-06,81.4215
FUND06,2025-03-07,81.8331
FUND06,2025-03-10,81.9005
FUND06,2025-03-11,82.5572
FUND06,2025-03-12,83.1576
FUND06,2025-03-13,82.8168
FUND06,2025-03-14,82.7203
FUND06,2025-03-17,82.4649
FUND06,2025-03-18,82.4609
FUND06,2025-03-19,81.8071
FUND06,2025-03-20,81.2118
FUND06,2025-03-21,81.6134
FUND06,2025-03-24,81.7655
FUND06,2025-03-25,82.0711
FUND06,2025-03-26,81.7602
FUND06,2025-03-27,81.3962
FUND06,2025-03-28,81.3506
FUND06,2025-03-31,81.8869
FUND06,2025-04-01,81.941
FUND06,2025-04-02,82.0351
FUND06,2025-04-03,82.4996
FUND06,2025-04-04,82.6679
FUND06,2025-04-07,82.7624
FUND06,2025-04-08,82.9493
FUND06,2025-04-09,82.9038
FUND06,2025-04-10,83.5221
FUND06,2025-04-11,83.5091
FUND06,2025-04-14,83.2626
FUND06,2025-04-15,83.5466
FUND06,2025-04-16,83.932
FUND06,2025-04-17,83.779
FUND06,2025-04-18,84.0809
FUND06,2025-04-21,84.5183
FUND06,2025-04-22,83.2597
FUND06,2025-04-23,82.6346
FUND06,2025-04-24,82.811
FUND06,2025-04-25,82.4877
FUND06,2025-04-28,83.1451
FUND06,2025-04-29,83.2938
FUND06,2025-04-30,83.2819
FUND06,2025-05-01,83.3317
FUND06,2025-05-02,83.2145
FUND06,2025-05-05,82.9986
FUND06,2025-05-06,83.0708
FUND06,2025-05-07,83.4753
FUND06,2025-05-08,82.9158
FUND06,2025-05-09,83.0327
FUND06,2025-05-12,82.8897
FUND06,2025-05-13,82.9484
FUND06,2025-05-14,82.6918
FUND06,2025-05-15,82.7721
FUND06,2025-05-16,82.3957
FUND06,2025-05-19,82.4143
FUND06,2025-05-20,82.3431
FUND06,2025-05-21,81.7471
FUND06,2025-05-22,81.9282
FUND06,2025-05-23,80.9089
FUND06,2025-05-26,80.7967
FUND06,2025-05-27,80.2758
FUND06,2025-05-28,80.395
FUND06,2025-05-29,80.2979
FUND06,2025-05-30,80.6211
FUND06,2025-06-02,80.5728
FUND06,2025-06-03,80.5205
FUND06,2025-06-04,80.9556
FUND06,2025-06-05,80.8105
FUND06,2025-06-06,80.8253
FUND06,2025-06-09,81.3741
FUND06,2025-06-10,81.6444
FUND06,2025-06-11,82.4049
FUND06,2025-06-12,82.6028
FUND06,2025-06-13,82.4305
FUND06,2025-06-16,82.8585
FUND06,2025-06-17,83.2316
FUND06,2025-06-18,83.1549
FUND06,2025-06-19,83.3851
FUND06,2025-06-20,83.3804
FUND06,2025-06-23,83.5953
FUND06,2025-06-24,83.6343
FUND06,2025-06-25,83.6116
FUND06,2025-06-26,84.2789
FUND06,2025-06-27,84.4801
FUND06,2025-06-30,83.9969
FUND06,2025-07-01,84.103
FUND06,2025-07-02,84.0156
FUND06,2025-07-03,84.1616
FUND06,2025-07-04,84.28
FUND06,2025-07-07,84.4469
FUND06,2025-07-08,83.8229
FUND06,2025-07-09,83.2531
FUND06,2025-07-10,83.8087
FUND06,2025-07-11,83.8252
FUND06,2025-07-14,84.3608
FUND06,2025-07-15,84.5896
FUND06,2025-07-16,84.4119
FUND06,2025-07-17,83.7919
FUND06,2025-07-18,84.0132
FUND06,2025-07-21,84.2371
FUND06,2025-07-22,84.9332
FUND06,2025-07-23,84.8822
FUND06,2025-07-24,84.9385
FUND06,2025-07-25,84.2686
FUND06,2025-07-28,84.0633
FUND06,2025-07-29,84.1838
FUND06,2025-07-30,84.0766
FUND06,2025-07-31,83.7699
FUND06,2025-08-01,84.3354
FUND06,2025-08-04,84.9756
FUND06,2025-08-05,84.5907
FUND06,2025-08-06,84.6555
FUND06,2025-08-07,84.5178
FUND06,2025-08-08,85.1142
FUND06,2025-08-11,85.2329
FUND06,2025-08-12,85.491
FUND06,2025-08-13,85.1554
FUND06,2025-08-14,85.6955
FUND06,2025-08-15,85.6064
FUND06,2025-08-18,86.3573
FUND06,2025-08-19,86.8128
FUND06,2025-08-20,86.584
FUND06,2025-08-21,86.8185
FUND06,2025-08-22,86.942
FUND06,2025-08-25,86.8823
FUND06,2025-08-26,87.2056
FUND06,2025-08-27,87.2232
FUND06,2025-08-28,87.2621
FUND06,2025-08-29,87.0397
FUND06,2025-09-01,86.7734
FUND06,2025-09-02,86.8311
FUND06,2025-09-03,86.9291
FUND06,2025-09-04,87.3811
FUND06,2025-09-05,86.8718
FUND06,2025-09-08,86.9437
FUND06,2025-09-09,87.6002
FUND06,2025-09-10,87.3585
FUND06,2025-09-11,86.9726
FUND06,2025-09-12,86.6346
FUND06,2025-09-15,86.9733
FUND06,2025-09-16,86.5012
FUND06,2025-09-17,86.5364
FUND06,2025-09-18,86.3011
FUND06,2025-09-19,86.1031
FUND06,2025-09-22,86.0108
FUND06,2025-09-23,85.892
FUND06,2025-09-24,85.776
FUND06,2025-09-25,85.7823
FUND06,2025-09-26,85.9142
FUND06,2025-09-29,85.7647
FUND06,2025-09-30,85.9751
FUND06,2025-10-01,85.8153
FUND06,2025-10-02,85.6658
FUND06,2025-10-03,85.7093
FUND06,2025-10-06,85.069
FUND06,2025-10-07,84.7791
FUND06,2025-10-08,84.5491
FUND06,2025-10-09,84.1836
FUND06,2025-10-10,84.1218
FUND06,2025-10-13,83.8687
FUND06,2025-10-14,83.5486
FUND06,2025-10-15,83.9603
FUND06,2025-10-16,84.7804
FUND06,2025-10-17,85.1897
FUND06,2025-10-20,85.332
FUND06,2025-10-21,85.7943
FUND06,2025-10-22,85.9439
FUND06,2025-10-23,85.8696
FUND06,2025-10-24,85.9403
FUND06,2025-10-27,85.8366
FUND06,2025-10-28,85.0051
FUND06,2025-10-29,84.7076
FUND06,2025-10-30,84.4159
FUND06,2025-10-31,84.6279
FUND06,2025-11-03,84.4701
FUND06,2025-11-04,83.8071
FUND06,2025-11-05,83.8229
FUND06,2025-11-06,83.9585
FUND06,2025-11-07,84.2783
FUND06,2025-11-10,84.4444
FUND06,2025-11-11,85.3873
FUND06,2025-11-12,85.0783
FUND06,2025-11-13,85.6139
FUND06,2025-11-14,85.9989
FUND06,2025-11-17,85.7783
FUND06,2025-11-18,85.7557
FUND06,2025-11-19,85.4926
FUND06,2025-11-20,85.4717
FUND06,2025-11-21,85.327
FUND06,2025-11-24,85.1819
FUND07,2023-01-02,19.406
FUND07,2023-01-03,19.5463
FUND07,2023-01-04,19.4028
FUND07,2023-01-05,19.1521
FUND07,2023-01-06,19.2106
FUND07,2023-01-09,19.3033
FUND07,2023-01-10,19.2074
FUND07,2023-01-11,19.2971
FUND07,2023-01-12,19.5979
FUND07,2023-01-13,20.0604
FUND07,2023-01-16,19.9403
FUND07,2023-01-17,20.0031
FUND07,2023-01-18,19.8293
FUND07,2023-01-19,20.2699
FUND07,2023-01-20,20.216
FUND07,2023-01-23,20.3618
FUND07,2023-01-24,20.3899
FUND07,2023-01-25,20.2393
FUND07,2023-01-26,20.2208
FUND07,2023-01-27,20.0258
FUND07,2023-01-30,19.9415
FUND07,2023-01-31,19.914
FUND07,2023-02-01,19.9613
FUND07,2023-02-02,19.6292
FUND07,2023-02-03,19.6324
FUND07,2023-02-06,20.027
FUND07,2023-02-07,19.8952
FUND07,2023-02-08,19.9577
FUND07,2023-02-09,19.9066
FUND07,2023-02-10,19.4921
FUND07,2023-02-13,19.3572
FUND07,2023-02-14,19.2693
FUND07,2023-02-15,19.4063
FUND07,2023-02-16,19.414
FUND07,2023-02-17,19.3943
FUND07,2023-02-20,19.5065
FUND07,2023-02-21,19.5386
FUND07,2023-02-22,19.527
FUND07,2023-02-23,19.6393
FUND07,2023-02-24,19.4465
FUND07,2023-02-27,19.4289
FUND07,2023-02-28,19.6271
FUND07,2023-03-01,19.3203
FUND07,2023-03-02,19.2168
FUND07,2023-03-03,19.2524
FUND07,2023-03-06,19.2987
FUND07,2023-03-07,19.2621
FUND07,2023-03-08,19.3379
FUND07,2023-03-09,19.2201
FUND07,2023-03-10,19.3762
FUND07,2023-03-13,19.4177
FUND07,2023-03-14,19.699
FUND07,2023-03-15,19.839
FUND07,2023-03-16,19.9354
FUND07,2023-03-17,20.1636
FUND07,2023-03-20,20.0536
FUND07,2023-03-21,20.0221
FUND07,2023-03-22,19.7686
FUND07,2023-03-23,19.9127
FUND07,2023-03-24,20.1767
FUND07,2023-03-27,20.1154
FUND07,2023-03-28,19.9423
FUND07,2023-03-29,20.1263
FUND07,2023-03-30,20.0267
FUND07,2023-03-31,19.963
FUND07,2023-04-03,20.2102
FUND07,2023-04-04,20.1684
FUND07,2023-04-05,20.1531
FUND07,2023-04-06,20.4138
FUND07,2023-04-07,20.5192
FUND07,2023-04-10,20.3665
FUND07,2023-04-11,20.6134
FUND07,2023-04-12,20.3538
FUND07,2023-04-13,20.5234
FUND07,2023-04-14,20.6136
FUND07,2023-04-17,20.5451
FUND07,2023-04-18,20.4368
FUND07,2023-04-19,20.2773
FUND07,2023-04-20,20.5576
FUND07,2023-04-21,20.5907
FUND07,2023-04-24,20.5055
FUND07,2023-04-25,20.6086
FUND07,2023-04-26,20.8113
FUND07,2023-04-27,20.8756
FUND07,2023-04-28,21.0002
FUND07,2023-05-01,21.1667
FUND07,2023-05-02,21.1901
FUND07,2023-05-03,21.2552
FUND07,2023-05-04,21.2506
FUND07,2023-05-05,21.1042
FUND07,2023-05-08,20.9145
FUND07,2023-05-09,21.0001
FUND07,2023-05-10,20.9008
FUND07,2023-05-11,20.9113
FUND07,2023-05-12,20.8857
FUND07,2023-05-15,21.0538
FUND07,2023-05-16,21.1126
FUND07,2023-05-17,21.1758
FUND07,2023-05-18,21.1437
FUND07,2023-05-19,21.1355
FUND07,2023-05-22,21.0947
FUND07,2023-05-23,21.1488
FUND07,2023-05-24,20.8852
FUND07,2023-05-25,20.8959
FUND07,2023-05-26,20.9682
FUND07,2023-05-29,21.0448
FUND07,2023-05-30,20.8861
FUND07,2023-05-31,20.833
FUND07,2023-06-01,20.7864
FUND07,2023-06-02,20.7147
FUND07,2023-06-05,20.5365
FUND07,2023-06-06,20.3802
FUND07,2023-06-07,20.3951
FUND07,2023-06-08,20.4685
FUND07,2023-06-09,20.5051
FUND07,2023-06-12,20.3826
FUND07,2023-06-13,20.4558
FUND07,2023-06-14,20.4384
FUND07,2023-06-15,20.3748
FUND07,2023-06-16,20.2448
FUND07,2023-06-19,20.1797
FUND07,2023-06-20,20.3032
FUND07,2023-06-21,20.2882
FUND07,2023-06-22,20.2826
FUND07,2023-06-23,20.1415
FUND07,2023-06-26,20.5827
FUND07,2023-06-27,20.2414
FUND07,2023-06-28,19.9423
FUND07,2023-06-29,19.8758
FUND07,2023-06-30,19.9191
FUND07,2023-07-03,20.2013
FUND07,2023-07-04,20.2937
FUND07,2023-07-05,20.3536
FUND07,2023-07-06,20.5096
FUND07,2023-07-07,20.538
FUND07,2023-07-10,20.2459
FUND07,2023-07-11,20.2986
FUND07,2023-07-12,20.3456
FUND07,2023-07-13,20.6952
FUND07,2023-07-14,20.5953
FUND07,2023-07-17,20.8061
FUND07,2023-07-18,20.6044
FUND07,2023-07-19,20.8585
FUND07,2023-07-20,20.8933
FUND07,2023-07-21,21.0403
FUND07,2023-07-24,21.167
FUND07,2023-07-25,21.2902
FUND07,2023-07-26,21.3201
FUND07,2023-07-27,21.2278
FUND07,2023-07-28,21.216
FUND07,2023-07-31,21.1064
FUND07,2023-08-01,21.1023
FUND07,2023-08-02,20.8578
FUND07,2023-08-03,20.8989
FUND07,2023-08-04,21.0683
FUND07,2023-08-07,21.275
FUND07,2023-08-08,21.5019
FUND07,2023-08-09,21.5411
FUND07,2023-08-10,21.5301
FUND07,2023-08-11,21.5025
FUND07,2023-08-14,21.581
FUND07,2023-08-15,21.7131
FUND07,2023-08-16,21.7834
FUND07,2023-08-17,21.5747
FUND07,2023-08-18,21.8153
FUND07,2023-08-21,21.9091
FUND07,2023-08-22,22.0888
FUND07,2023-08-23,22.1122
FUND07,2023-08-24,22.0829
FUND07,2023-08-25,22.4233
FUND07,2023-08-28,22.2555
FUND07,2023-08-29,21.9841
FUND07,2023-08-30,22.3328
FUND07,2023-08-31,22.3884
FUND07,2023-09-01,22.3302
FUND07,2023-09-04,22.2455
FUND07,2023-09-05,21.9205
FUND07,2023-09-06,22.2466
FUND07,2023-09-07,22.3809
FUND07,2023-09-08,22.4826
FUND07,2023-09-11,22.6387
FUND07,2023-09-12,22.496
FUND07,2023-09-13,22.5894
FUND07,2023-09-14,22.7911
FUND07,2023-09-15,22.4236
FUND07,2023-09-18,22.5402
FUND07,2023-09-19,22.6833
FUND07,2023-09-20,22.7158
FUND07,2023-09-21,22.5777
FUND07,2023-09-22,22.5642
FUND07,2023-09-25,22.5004
FUND07,2023-09-26,22.5775
FUND07,2023-09-27,22.501
FUND07,2023-09-28,22.6468
FUND07,2023-09-29,22.5724
FUND07,2023-10-02,22.498
FUND07,2023-10-03,22.7131
FUND07,2023-10-04,22.7003
FUND07,2023-10-05,22.8073
FUND07,2023-10-06,22.5971
FUND07,2023-10-09,22.8737
FUND07,2023-10-10,22.6359
FUND07,2023-10-11,22.6676
FUND07,2023-10-12,22.6439
FUND07,2023-10-13,22.5273
FUND07,2023-10-16,22.4952
FUND07,2023-10-17,22.7216
FUND07,2023-10-18,23.0375
FUND07,2023-10-19,23.0112
FUND07,2023-10-20,22.9638
FUND07,2023-10-23,22.6507
FUND07,2023-10-24,22.9615
FUND07,2023-10-25,22.7903
FUND07,2023-10-26,22.6475
FUND07,2023-10-27,22.6806
FUND07,2023-10-30,22.8223
FUND07,2023-10-31,23.1021
FUND07,2023-11-01,23.4999
FUND07,2023-11-02,23.6504
FUND07,2023-11-03,23.5796
FUND07,2023-11-06,23.4773
FUND07,2023-11-07,23.4609
FUND07,2023-11-08,23.6201
FUND07,2023-11-09,23.8075
FUND07,2023-11-10,23.9351
FUND07,2023-11-13,23.6057
FUND07,2023-11-14,23.5196
FUND07,2023-11-15,23.796
FUND07,2023-11-16,23.7152
FUND07,2023-11-17,23.7164
FUND07,2023-11-20,24.2244
FUND07,2023-11-21,24.2268
FUND07,2023-11-22,24.5055
FUND07,2023-11-23,24.8647
FUND07,2023-11-24,25.0247
FUND07,2023-11-27,24.9584
FUND07,2023-11-28,24.5417
FUND07,2023-11-29,24.3974
FUND07,2023-11-30,24.5331
FUND07,2023-12-01,24.6599
FUND07,2023-12-04,24.8963
FUND07,2023-12-05,24.7032
FUND07,2023-12-06,24.7571
FUND07,2023-12-07,24.387
FUND07,2023-12-08,24.2392
FUND07,2023-12-11,24.353
FUND07,2023-12-12,23.9645
FUND07,2023-12-13,24.1294
FUND07,2023-12-14,24.4817
FUND07,2023-12-15,24.2302
FUND07,2023-12-18,24.1985
FUND07,2023-12-19,24.5311
FUND07,2023-12-20,24.6408
FUND07,2023-12-21,24.7317
FUND07,2023-12-22,24.7683
FUND07,2023-12-25,24.526
FUND07,2023-12-26,24.5167
FUND07,2023-12-27,24.7731
FUND07,2023-12-28,24.8059
FUND07,2023-12-29,24.9587
FUND07,2024-01-01,24.9064
FUND07,2024-01-02,24.7577
FUND07,2024-01-03,24.6928
FUND07,2024-01-04,24.5111
FUND07,2024-01-05,24.2731
FUND07,2024-01-08,24.2855
FUND07,2024-01-09,24.2593
FUND07,2024-01-10,24.1017
FUND07,2024-01-11,24.2454
FUND07,2024-01-12,24.0894
FUND07,2024-01-15,24.1834
FUND07,2024-01-16,24.2912
FUND07,2024-01-17,24.6154
FUND07,2024-01-18,24.6958
FUND07,2024-01-19,24.8606
FUND07,2024-01-22,24.8912
FUND07,2024-01-23,24.641
FUND07,2024-01-24,24.8179
FUND07,2024-01-25,25.1517
FUND07,2024-01-26,25.1445
FUND07,2024-01-29,25.562
FUND07,2024-01-30,25.7587
FUND07,2024-01-31,26.1682
FUND07,2024-02-01,26.1495
FUND07,2024-02-02,25.9906
FUND07,2024-02-05,26.0189
FUND07,2024-02-06,25.8923
FUND07,2024-02-07,25.9485
FUND07,2024-02-08,25.918
FUND07,2024-02-09,25.9676
FUND07,2024-02-12,25.967
FUND07,2024-02-13,25.7916
FUND07,2024-02-14,25.7047
FUND07,2024-02-15,25.9701
FUND07,2024-02-16,25.9747
FUND07,2024-02-19,25.7267
FUND07,2024-02-20,25.3487
FUND07,2024-02-21,25.3033
FUND07,2024-02-22,25.3737
FUND07,2024-02-23,25.1625
FUND07,2024-02-26,24.8368
FUND07,2024-02-27,24.9593
FUND07,2024-02-28,25.5828
FUND07,2024-02-29,25.7696
FUND07,2024-03-01,25.5911
FUND07,2024-03-04,25.5851
FUND07,2024-03-05,25.5789
FUND07,2024-03-06,25.3481
FUND07,2024-03-07,25.0939
FUND07,2024-03-08,25.0833
FUND07,2024-03-11,25.2508
FUND07,2024-03-12,25.3161
FUND07,2024-03-13,25.2012
FUND07,2024-03-14,25.3156
FUND07,2024-03-15,25.4328
FUND07,2024-03-18,25.2594
FUND07,2024-03-19,25.0419
FUND07,2024-03-20,25.1815
FUND07,2024-03-21,25.416
FUND07,2024-03-22,25.5113
FUND07,2024-03-25,25.7572
FUND07,2024-03-26,26.062
FUND07,2024-03-27,25.7759
FUND07,2024-03-28,25.8869
FUND07,2024-03-29,26.1635
FUND07,2024-04-01,26.4066
FUND07,2024-04-02,26.711
FUND07,2024-04-03,26.6092
FUND07,2024-04-04,26.765
FUND07,2024-04-05,26.9409
FUND07,2024-04-08,26.836
FUND07,2024-04-09,26.8927
FUND07,2024-04-10,26.6379
FUND07,2024-04-11,26.4833
FUND07,2024-04-12,26.5669
FUND07,2024-04-15,26.7972
FUND07,2024-04-16,26.8148
FUND07,2024-04-17,27.1457
FUND07,2024-04-18,27.4715
FUND07,2024-04-19,27.2841
FUND07,2024-04-22,27.2811
FUND07,2024-04-23,27.1946
FUND07,2024-04-24,27.3831
FUND07,2024-04-25,27.5509
FUND07,2024-04-26,27.4027
FUND07,2024-04-29,27.6136
FUND07,2024-04-30,27.3543
FUND07,2024-05-01,27.6177
FUND07,2024-05-02,27.1231
FUND07,2024-05-03,27.104
FUND07,2024-05-06,26.9759
FUND07,2024-05-07,27.1326
FUND07,2024-05-08,27.2027
FUND07,2024-05-09,26.7668
FUND07,2024-05-10,26.5103
FUND07,2024-05-13,26.4094
FUND07,2024-05-14,26.6649
FUND07,2024-05-15,27.0137
FUND07,2024-05-16,27.1719
FUND07,2024-05-17,27.4843
FUND07,2024-05-20,27.3449
FUND07,2024-05-21,27.4497
FUND07,2024-05-22,27.4944
FUND07,2024-05-23,27.2866
FUND07,2024-05-24,27.2318
FUND07,2024-05-27,27.1759
FUND07,2024-05-28,27.2882
FUND07,2024-05-29,27.4092
FUND07,2024-05-30,27.3129
FUND07,2024-05-31,27.2204
FUND07,2024-06-03,26.8445
FUND07,2024-06-04,26.9656
FUND07,2024-06-05,26.9622
FUND07,2024-06-06,26.9741
FUND07,2024-06-07,27.104
FUND07,2024-06-10,27.0198
FUND07,2024-06-11,26.8394
FUND07,2024-06-12,26.7341
FUND07,2024-06-13,26.6818
FUND07,2024-06-14,26.7437
FUND07,2024-06-17,26.6381
FUND07,2024-06-18,26.5663
FUND07,2024-06-19,26.315
FUND07,2024-06-20,26.2507
FUND07,2024-06-21,25.9189
FUND07,2024-06-24,25.8057
FUND07,2024-06-25,25.9288
FUND07,2024-06-26,25.9799
FUND07,2024-06-27,25.9662
FUND07,2024-06-28,25.939
FUND07,2024-07-01,26.1339
FUND07,2024-07-02,25.9167
FUND07,2024-07-03,26.0212
FUND07,2024-07-04,25.8964
FUND07,2024-07-05,25.9685
FUND07,2024-07-08,25.9556
FUND07,2024-07-09,25.8654
FUND07,2024-07-10,25.944
FUND07,2024-07-11,25.8336
FUND07,2024-07-12,25.6121
FUND07,2024-07-15,25.5349
FUND07,2024-07-16,25.3078
FUND07,2024-07-17,25.3525
FUND07,2024-07-18,25.252
FUND07,2024-07-19,25.0257
FUND07,2024-07-22,25.1117
FUND07,2024-07-23,25.2051
FUND07,2024-07-24,25.1864
FUND07,2024-07-25,25.147
FUND07,2024-07-26,25.3385
FUND07,2024-07-29,25.303
FUND07,2024-07-30,25.3695
FUND07,2024-07-31,25.167
FUND07,2024-08-01,25.2905
FUND07,2024-08-02,25.2798
FUND07,2024-08-05,25.3963
FUND07,2024-08-06,25.3603
FUND07,2024-08-07,25.2317
FUND07,2024-08-08,25.0174
FUND07,2024-08-09,24.9947
FUND07,2024-08-12,24.9238
FUND07,2024-08-13,24.6942
FUND07,2024-08-14,24.9457
FUND07,2024-08-15,25.157
FUND07,2024-08-16,24.784
FUND07,2024-08-19,24.3967
FUND07,2024-08-20,24.1306
FUND07,2024-08-21,24.1753
FUND07,2024-08-22,24.6846
FUND07,2024-08-23,24.4788
FUND07,2024-08-26,24.4359
FUND07,2024-08-27,24.7001
FUND07,2024-08-28,24.6233
FUND07,2024-08-29,24.8488
FUND07,2024-08-30,25.042
FUND07,2024-09-02,25.053
FUND07,2024-09-03,25.2378
FUND07,2024-09-04,25.4344
FUND07,2024-09-05,25.1795
FUND07,2024-09-06,25.1627
FUND07,2024-09-09,25.0589
FUND07,2024-09-10,25.0811
FUND07,2024-09-11,24.8659
FUND07,2024-09-12,24.6937
FUND07,2024-09-13,24.7206
FUND07,2024-09-16,24.7356
FUND07,2024-09-17,25.0129
FUND07,2024-09-18,25.0695
FUND07,2024-09-19,25.3595
FUND07,2024-09-20,25.6293
FUND07,2024-09-23,25.8683
FUND07,2024-09-24,25.1892
FUND07,2024-09-25,25.0577
FUND07,2024-09-26,25.1627
FUND07,2024-09-27,24.9258
FUND07,2024-09-30,24.8422
FUND07,2024-10-01,24.9851
FUND07,2024-10-02,25.0106
FUND07,2024-10-03,24.9608
FUND07,2024-10-04,25.3065
FUND07,2024-10-07,25.242
FUND07,2024-10-08,25.4723
FUND07,2024-10-09,25.4795
FUND07,2024-10-10,25.5156
FUND07,2024-10-11,25.4628
FUND07,2024-10-14,25.3167
FUND07,2024-10-15,25.2908
FUND07,2024-10-16,25.0445
FUND07,2024-10-17,25.1777
FUND07,2024-10-18,25.216
FUND07,2024-10-21,25.1482
FUND07,2024-10-22,25.317
FUND07,2024-10-23,25.1328
FUND07,2024-10-24,24.7729
FUND07,2024-10-25,24.8688
FUND07,2024-10-28,24.6245
FUND07,2024-10-29,24.3792
FUND07,2024-10-30,24.4256
FUND07,2024-10-31,24.6214
FUND07,2024-11-01,24.4918
FUND07,2024-11-04,24.3416
FUND07,2024-11-05,24.6369
FUND07,2024-11-06,24.3883
FUND07,2024-11-07,24.5619
FUND07,2024-11-08,24.6585
FUND07,2024-11-11,24.5386
FUND07,2024-11-12,24.5293
FUND07,2024-11-13,24.385
FUND07,2024-11-14,24.2774
FUND07,2024-11-15,24.2653
FUND07,2024-11-18,24.1507
FUND07,2024-11-19,23.8638
FUND07,2024-11-20,24.009
FUND07,2024-11-21,23.9144
FUND07,2024-11-22,24.0753
FUND07,2024-11-25,24.063
FUND07,2024-11-26,24.5943
FUND07,2024-11-27,24.7151
FUND07,2024-11-28,24.4781
FUND07,2024-11-29,24.2386
FUND07,2024-12-02,24.0892
FUND07,2024-12-03,24.0265
FUND07,2024-12-04,23.7401
FUND07,2024-12-05,23.5523
FUND07,2024-12-06,23.5706
FUND07,2024-12-09,23.3057
FUND07,2024-12-10,23.3034
FUND07,2024-12-11,23.3602
FUND07,2024-12-12,23.1969
FUND07,2024-12-13,23.3189
FUND07,2024-12-16,23.3495
FUND07,2024-12-17,23.5593
FUND07,2024-12-18,23.6941
FUND07,2024-12-19,23.6715
FUND07,2024-12-20,23.6587
FUND07,2024-12-23,23.7576
FUND07,2024-12-24,23.8417
FUND07,2024-12-25,23.5501
FUND07,2024-12-26,23.7319
FUND07,2024-12-27,23.6462
FUND07,2024-12-30,23.866
FUND07,2024-12-31,23.9144
FUND07,2025-01-01,23.812
FUND07,2025-01-02,23.8277
FUND07,2025-01-03,24.1048
FUND07,2025-01-06,23.9832
FUND07,2025-01-07,23.6869
FUND07,2025-01-08,23.6564
FUND07,2025-01-09,23.8989
FUND07,2025-01-10,24.2038
FUND07,2025-01-13,24.4101
FUND07,2025-01-14,24.0322
FUND07,2025-01-15,24.0047
FUND07,2025-01-16,23.9332
FUND07,2025-01-17,23.9169
FUND07,2025-01-20,23.7334
FUND07,2025-01-21,23.6994
FUND07,2025-01-22,23.5014
FUND07,2025-01-23,23.9321
FUND07,2025-01-24,23.9589
FUND07,2025-01-27,23.8803
FUND07,2025-01-28,23.6708
FUND07,2025-01-29,23.8591
FUND07,2025-01-30,23.9809
FUND07,2025-01-31,24.2089
FUND07,2025-02-03,24.2888
FUND07,2025-02-04,24.2183
FUND07,2025-02-05,24.1001
FUND07,2025-02-06,23.9758
FUND07,2025-02-07,23.9177
FUND07,2025-02-10,24.0584
FUND07,2025-02-11,23.9732
FUND07,2025-02-12,24.041
FUND07,2025-02-13,24.1947
FUND07,2025-02-14,24.1271
FUND07,2025-02-17,24.3228
FUND07,2025-02-18,24.4168
FUND07,2025-02-19,24.5042
FUND07,2025-02-20,24.5155
FUND07,2025-02-21,24.5641
FUND07,2025-02-24,24.4195
FUND07,2025-02-25,24.2798
FUND07,2025-02-26,24.3421
FUND07,2025-02-27,24.524
FUND07,2025-02-28,24.4972
FUND07,2025-03-03,24.6071
FUND07,2025-03-04,24.5801
FUND07,2025-03-05,24.4499
FUND07,2025-03-06,24.4684
FUND07,2025-03-07,24.5562
FUND07,2025-03-10,24.4436
FUND07,2025-03-11,24.3493
FUND07,2025-03-12,24.2736
FUND07,2025-03-13,24.3235
FUND07,2025-03-14,24.0664
FUND07,2025-03-17,24.1326
FUND07,2025-03-18,24.1967
FUND07,2025-03-19,24.2505
FUND07,2025-03-20,24.1628
FUND07,2025-03-21,24.2303
FUND07,2025-03-24,24.0428
FUND07,2025-03-25,23.9194
FUND07,2025-03-26,24.0807
FUND07,2025-03-27,23.853
FUND07,2025-03-28,23.7518
FUND07,2025-03-31,23.663
FUND07,2025-04-01,23.7957
FUND07,2025-04-02,23.5506
FUND07,2025-04-03,23.4606
FUND07,2025-04-04,23.2822
FUND07,2025-04-07,23.5912
FUND07,2025-04-08,23.5572
FUND07,2025-04-09,23.4796
FUND07,2025-04-10,23.5155
FUND07,2025-04-11,23.6858
FUND07,2025-04-14,23.3276
FUND07,2025-04-15,23.1511
FUND07,2025-04-16,23.2049
FUND07,2025-04-17,23.109
FUND07,2025-04-18,22.8705
FUND07,2025-04-21,22.7622
FUND07,2025-04-22,22.8044
FUND07,2025-04-23,22.876
FUND07,2025-04-24,23.2326
FUND07,2025-04-25,22.958
FUND07,2025-04-28,22.7143
FUND07,2025-04-29,22.5204
FUND07,2025-04-30,22.7022
FUND07,2025-05-01,22.5623
FUND07,2025-05-02,22.3164
FUND07,2025-05-05,22.4692
FUND07,2025-05-06,22.3574
FUND07,2025-05-07,22.5621
FUND07,2025-05-08,22.6139
FUND07,2025-05-09,22.5149
FUND07,2025-05-12,22.683
FUND07,2025-05-13,22.839
FUND07,2025-05-14,23.1153
FUND07,2025-05-15,23.0578
FUND07,2025-05-16,23.0171
FUND07,2025-05-19,23.2903
FUND07,2025-05-20,23.5029
FUND07,2025-05-21,23.5645
FUND07,2025-05-22,23.4276
FUND07,2025-05-23,23.2563
FUND07,2025-05-26,23.0183
FUND07,2025-05-27,22.8599
FUND07,2025-05-28,22.839
FUND07,2025-05-29,22.6469
FUND07,2025-05-30,22.7861
FUND07,2025-06-02,22.3539
FUND07,2025-06-03,22.2323
FUND07,2025-06-04,22.1319
FUND07,2025-06-05,22.2491
FUND07,2025-06-06,22.3524
FUND07,2025-06-09,22.1577
FUND07,2025-06-10,22.211
FUND07,2025-06-11,22.0491
FUND07,2025-06-12,22.1126
FUND07,2025-06-13,21.9218
FUND07,2025-06-16,21.9577
FUND07,2025-06-17,22.2178
FUND07,2025-06-18,22.5776
FUND07,2025-06-19,22.7794
FUND07,2025-06-20,22.6156
FUND07,2025-06-23,22.5412
FUND07,2025-06-24,22.3959
FUND07,2025-06-25,22.3067
FUND07,2025-06-26,22.0246
FUND07,2025-06-27,21.9335
FUND07,2025-06-30,22.1347
FUND07,2025-07-01,22.5259
FUND07,2025-07-02,22.6154
FUND07,2025-07-03,22.6653
FUND07,2025-07-04,22.7965
FUND07,2025-07-07,22.5372
FUND07,2025-07-08,22.407
FUND07,2025-07-09,22.5592
FUND07,2025-07-10,22.5341
FUND07,2025-07-11,22.4859
FUND07,2025-07-14,22.647
FUND07,2025-07-15,22.3332
FUND07,2025-07-16,22.5465
FUND07,2025-07-17,22.422
FUND07,2025-07-18,22.533
FUND07,2025-07-21,22.5481
FUND07,2025-07-22,22.6881
FUND07,2025-07-23,22.8745
FUND07,2025-07-24,22.7134
FUND07,2025-07-25,22.8733
FUND07,2025-07-28,22.9766
FUND07,2025-07-29,23.2412
FUND07,2025-07-30,23.1631
FUND07,2025-07-31,23.3879
FUND07,2025-08-01,23.5331
FUND07,2025-08-04,23.4695
FUND07,2025-08-05,23.6639
FUND07,2025-08-06,23.6125
FUND07,2025-08-07,23.7923
FUND07,2025-08-08,23.7899
FUND07,2025-08-11,23.8252
FUND07,2025-08-12,23.8533
FUND07,2025-08-13,24.0533
FUND07,2025-08-14,24.0533
FUND07,2025-08-15,24.1756
FUND07,2025-08-18,24.302
FUND07,2025-08-19,24.1591
FUND07,2025-08-20,24.345
FUND07,2025-08-21,24.6342
FUND07,2025-08-22,24.7463
FUND07,2025-08-25,24.8391
FUND07,2025-08-26,24.6945
FUND07,2025-08-27,24.9532
FUND07,2025-08-28,24.6783
FUND07,2025-08-29,24.7218
FUND07,2025-09-01,25.0299
FUND07,2025-09-02,24.9151
FUND07,2025-09-03,25.034
FUND07,2025-09-04,24.9121
FUND07,2025-09-05,25.0535
FUND07,2025-09-08,24.8002
FUND07,2025-09-09,24.7387
FUND07,2025-09-10,24.635
FUND07,2025-09-11,24.6703
FUND07,2025-09-12,24.3671
FUND07,2025-09-15,24.6629
FUND07,2025-09-16,24.7375
FUND07,2025-09-17,24.6618
FUND07,2025-09-18,24.9577
FUND07,2025-09-19,24.9697
FUND07,2025-09-22,25.035
FUND07,2025-09-23,25.1065
FUND07,2025-09-24,25.4273
FUND07,2025-09-25,25.4746
FUND07,2025-09-26,25.2844
FUND07,2025-09-29,25.3183
FUND07,2025-09-30,25.416
FUND07,2025-10-01,25.4278
FUND07,2025-10-02,25.3189
FUND07,2025-10-03,25.1799
FUND07,2025-10-06,24.8712
FUND07,2025-10-07,24.9788
FUND07,2025-10-08,24.8366
FUND07,2025-10-09,24.7315
FUND07,2025-10-10,24.8439
FUND07,2025-10-13,25.0645
FUND07,2025-10-14,24.8834
FUND07,2025-10-15,24.8333
FUND07,2025-10-16,24.7753
FUND07,2025-10-17,24.8871
FUND07,2025-10-20,24.7065
FUND07,2025-10-21,24.572
FUND07,2025-10-22,24.6668
FUND07,2025-10-23,24.5699
FUND07,2025-10-24,24.3937
FUND07,2025-10-27,24.4078
FUND07,2025-10-28,24.2536
FUND07,2025-10-29,24.2192
FUND07,2025-10-30,24.472
FUND07,2025-10-31,24.4552
FUND07,2025-11-03,24.4459
FUND07,2025-11-04,24.3745
FUND07,2025-11-05,24.1083
FUND07,2025-11-06,24.1568
FUND07,2025-11-07,24.3599
FUND07,2025-11-10,24.6102
FUND07,2025-11-11,25.1611
FUND07,2025-11-12,25.1212
FUND07,2025-11-13,25.1764
FUND07,2025-11-14,24.9822
FUND07,2025-11-17,25.351
FUND07,2025-11-18,25.5592
FUND07,2025-11-19,25.7631
FUND07,2025-11-20,25.8972
FUND07,2025-11-21,25.8882
FUND07,2025-11-24,25.4051
FUND08,2023-01-02,82.5096
FUND08,2023-01-03,82.7618
FUND08,2023-01-04,82.9397
FUND08,2023-01-05,82.1145
FUND08,2023-01-06,81.2861
FUND08,2023-01-09,81.2426
FUND08,2023-01-10,81.1866
FUND08,2023-01-11,80.4291
FUND08,2023-01-12,81.7436
FUND08,2023-01-13,81.4358
FUND08,2023-01-16,81.4103
FUND08,2023-01-17,81.6301
FUND08,2023-01-18,82.7659
FUND08,2023-01-19,82.1966
FUND08,2023-01-20,82.0794
FUND08,2023-01-23,81.1355
FUND08,2023-01-24,81.9467
FUND08,2023-01-25,82.2938
FUND08,2023-01-26,82.4386
FUND08,2023-01-27,82.6797
FUND08,2023-01-30,84.0931
FUND08,2023-01-31,84.0321
FUND08,2023-02-01,83.6027
FUND08,2023-02-02,83.1794
FUND08,2023-02-03,83.9973
FUND08,2023-02-06,84.479
FUND08,2023-02-07,84.879
FUND08,2023-02-08,84.3947
FUND08,2023-02-09,84.8461
FUND08,2023-02-10,85.3427
FUND08,2023-02-13,85.4514
FUND08,2023-02-14,85.3723
FUND08,2023-02-15,85.7713
FUND08,2023-02-16,86.1135
FUND08,2023-02-17,85.7564
FUND08,2023-02-20,85.5338
FUND08,2023-02-21,84.2015
FUND08,2023-02-22,84.6916
FUND08,2023-02-23,84.6304
FUND08,2023-02-24,85.8686
FUND08,2023-02-27,84.4761
FUND08,2023-02-28,84.6334
FUND08,2023-03-01,85.1225
FUND08,2023-03-02,84.5972
FUND08,2023-03-03,85.0001
FUND08,2023-03-06,85.2477
FUND08,2023-03-07,85.6903
FUND08,2023-03-08,85.5304
FUND08,2023-03-09,83.0414
FUND08,2023-03-10,83.1279
FUND08,2023-03-13,83.2246
FUND08,2023-03-14,82.686
FUND08,2023-03-15,81.6963
FUND08,2023-03-16,82.1155
FUND08,2023-03-17,82.4407
FUND08,2023-03-20,83.6696
FUND08,2023-03-21,83.0697
FUND08,2023-03-22,84.0052
FUND08,2023-03-23,84.0431
FUND08,2023-03-24,83.6819
FUND08,2023-03-27,84.0929
FUND08,2023-03-28,84.7995
FUND08,2023-03-29,84.4123
FUND08,2023-03-30,85.6635
FUND08,2023-03-31,85.7036
FUND08,2023-04-03,84.7509
FUND08,2023-04-04,83.8828
FUND08,2023-04-05,84.7393
FUND08,2023-04-06,84.3306
FUND08,2023-04-07,84.4248
FUND08,2023-04-10,84.5323
FUND08,2023-04-11,84.4691
FUND08,2023-04-12,85.2593
FUND08,2023-04-13,84.9041
FUND08,2023-04-14,84.0572
FUND08,2023-04-17,82.2919
FUND08,2023-04-18,82.2258
FUND08,2023-04-19,82.049
FUND08,2023-04-20,83.0131
FUND08,2023-04-21,82.4966
FUND08,2023-04-24,83.3018
FUND08,2023-04-25,83.1034
FUND08,2023-04-26,84.4509
FUND08,2023-04-27,83.7147
FUND08,2023-04-28,83.4285
FUND08,2023-05-01,83.9768
FUND08,2023-05-02,84.9249
FUND08,2023-05-03,85.6129
FUND08,2023-05-04,84.5804
FUND08,2023-05-05,85.4568
FUND08,2023-05-08,85.4745
FUND08,2023-05-09,84.2119
FUND08,2023-05-10,83.8012
FUND08,2023-05-11,83.5556
FUND08,2023-05-12,82.9622
FUND08,2023-05-15,83.989
FUND08,2023-05-16,84.4308
FUND08,2023-05-17,85.3456
FUND08,2023-05-18,84.6755
FUND08,2023-05-19,83.3919
FUND08,2023-05-22,83.7652
FUND08,2023-05-23,83.8161
FUND08,2023-05-24,84.5101
FUND08,2023-05-25,85.0511
FUND08,2023-05-26,85.1987
FUND08,2023-05-29,85.8552
FUND08,2023-05-30,85.9413
FUND08,2023-05-31,86.1296
FUND08,2023-06-01,87.7315
FUND08,2023-06-02,88.8041
FUND08,2023-06-05,87.9658
FUND08,2023-06-06,86.704
FUND08,2023-06-07,87.8183
FUND08,2023-06-08,87.4894
FUND08,2023-06-09,87.4084
FUND08,2023-06-12,87.0393
FUND08,2023-06-13,87.3282
FUND08,2023-06-14,87.0193
FUND08,2023-06-15,86.0864
FUND08,2023-06-16,84.6898
FUND08,2023-06-19,82.8403
FUND08,2023-06-20,82.0565
FUND08,2023-06-21,83.0104
FUND08,2023-06-22,82.3145
FUND08,2023-06-23,82.3207
FUND08,2023-06-26,83.1991
FUND08,2023-06-27,84.2349
FUND08,2023-06-28,83.8254
FUND08,2023-06-29,84.4017
FUND08,2023-06-30,84.1332
FUND08,2023-07-03,82.6488
FUND08,2023-07-04,83.4052
FUND08,2023-07-05,83.5147
FUND08,2023-07-06,82.8614
FUND08,2023-07-07,83.0436
FUND08,2023-07-10,83.3243
FUND08,2023-07-11,83.4771
FUND08,2023-07-12,82.7537
FUND08,2023-07-13,82.6442
FUND08,2023-07-14,82.9021
FUND08,2023-07-17,83.5046
FUND08,2023-07-18,83.3622
FUND08,2023-07-19,82.5511
FUND08,2023-07-20,82.8995
FUND08,2023-07-21,83.8725
FUND08,2023-07-24,83.4349
FUND08,2023-07-25,83.8499
FUND08,2023-07-26,84.6878
FUND08,2023-07-27,85.5419
FUND08,2023-07-28,86.6312
FUND08,2023-07-31,86.8837
FUND08,2023-08-01,88.0408
FUND08,2023-08-02,89.1682
FUND08,2023-08-03,88.5117
FUND08,2023-08-04,88.7915
FUND08,2023-08-07,89.0107
FUND08,2023-08-08,88.473
FUND08,2023-08-09,88.2295
FUND08,2023-08-10,86.6161
FUND08,2023-08-11,87.2108
FUND08,2023-08-14,87.9213
FUND08,2023-08-15,88.8833
FUND08,2023-08-16,90.0185
FUND08,2023-08-17,89.5411
FUND08,2023-08-18,89.4347
FUND08,2023-08-21,90.7383
FUND08,2023-08-22,91.6713
FUND08,2023-08-23,91.0726
FUND08,2023-08-24,89.1102
FUND08,2023-08-25,88.9477
FUND08,2023-08-28,88.0943
FUND08,2023-08-29,88.1712
FUND08,2023-08-30,88.9891
FUND08,2023-08-31,87.8236
FUND08,2023-09-01,88.0727
FUND08,2023-09-04,87.1077
FUND08,2023-09-05,89.134
FUND08,2023-09-06,89.2027
FUND08,2023-09-07,89.621
FUND08,2023-09-08,88.7815
FUND08,2023-09-11,87.0555
FUND08,2023-09-12,86.3087
FUND08,2023-09-13,85.5699
FUND08,2023-09-14,86.5234
FUND08,2023-09-15,85.6301
FUND08,2023-09-18,86.3104
FUND08,2023-09-19,86.6723
FUND08,2023-09-20,86.6082
FUND08,2023-09-21,84.641
FUND08,2023-09-22,84.2354
FUND08,2023-09-25,85.0166
FUND08,2023-09-26,85.4642
FUND08,2023-09-27,85.6075
FUND08,2023-09-28,84.4944
FUND08,2023-09-29,84.6177
FUND08,2023-10-02,84.8411
FUND08,2023-10-03,84.4844
FUND08,2023-10-04,84.8477
FUND08,2023-10-05,84.315
FUND08,2023-10-06,82.7733
FUND08,2023-10-09,82.3049
FUND08,2023-10-10,81.8034
FUND08,2023-10-11,82.75
FUND08,2023-10-12,83.3251
FUND08,2023-10-13,83.3105
FUND08,2023-10-16,82.9135
FUND08,2023-10-17,83.366
FUND08,2023-10-18,84.543
FUND08,2023-10-19,83.8112
FUND08,2023-10-20,83.3402
FUND08,2023-10-23,84.252
FUND08,2023-10-24,84.6515
FUND08,2023-10-25,84.3329
FUND08,2023-10-26,85.259
FUND08,2023-10-27,85.7191
FUND08,2023-10-30,84.9965
FUND08,2023-10-31,85.2374
FUND08,2023-11-01,85.2567
FUND08,2023-11-02,86.5854
FUND08,2023-11-03,87.0973
FUND08,2023-11-06,87.5125
FUND08,2023-11-07,87.6461
FUND08,2023-11-08,88.0942
FUND08,2023-11-09,86.9878
FUND08,2023-11-10,85.8426
FUND08,2023-11-13,86.177
FUND08,2023-11-14,86.521
FUND08,2023-11-15,86.2233
FUND08,2023-11-16,84.6545
FUND08,2023-11-17,83.8273
FUND08,2023-11-20,84.269
FUND08,2023-11-21,84.3926
FUND08,2023-11-22,83.9165
FUND08,2023-11-23,83.2198
FUND08,2023-11-24,83.4494
FUND08,2023-11-27,83.3573
FUND08,2023-11-28,83.2589
FUND08,2023-11-29,82.8947
FUND08,2023-11-30,83.0342
FUND08,2023-12-01,83.2758
FUND08,2023-12-04,82.8176
FUND08,2023-12-05,84.1159
FUND08,2023-12-06,83.6823
FUND08,2023-12-07,83.8356
FUND08,2023-12-08,82.6566
FUND08,2023-12-11,81.9168
FUND08,2023-12-12,82.6385
FUND08,2023-12-13,83.2181
FUND08,2023-12-14,83.4078
FUND08,2023-12-15,82.9132
FUND08,2023-12-18,83.2088
FUND08,2023-12-19,82.4687
FUND08,2023-12-20,83.3093
FUND08,2023-12-21,81.3073
FUND08,2023-12-22,81.0414
FUND08,2023-12-25,80.4674
FUND08,2023-12-26,81.455
FUND08,2023-12-27,81.3297
FUND08,2023-12-28,82.2846
FUND08,2023-12-29,83.4094
FUND08,2024-01-01,83.7848
FUND08,2024-01-02,82.5395
FUND08,2024-01-03,81.988
FUND08,2024-01-04,81.6333
FUND08,2024-01-05,81.9598
FUND08,2024-01-08,82.2717
FUND08,2024-01-09,81.2836
FUND08,2024-01-10,81.8975
FUND08,2024-01-11,81.1526
FUND08,2024-01-12,80.9106
FUND08,2024-01-15,81.1271
FUND08,2024-01-16,81.0534
FUND08,2024-01-17,82.2537
FUND08,2024-01-18,83.1449
FUND08,2024-01-19,82.1545
FUND08,2024-01-22,81.3229
FUND08,2024-01-23,82.2119
FUND08,2024-01-24,82.3221
FUND08,2024-01-25,82.8249
FUND08,2024-01-26,82.8684
FUND08,2024-01-29,83.8362
FUND08,2024-01-30,84.4593
FUND08,2024-01-31,85.0986
FUND08,2024-02-01,84.5907
FUND08,2024-02-02,85.0909
FUND08,2024-02-05,83.8481
FUND08,2024-02-06,83.6859
FUND08,2024-02-07,83.2184
FUND08,2024-02-08,82.6447
FUND08,2024-02-09,81.9526
FUND08,2024-02-12,80.4542
FUND08,2024-02-13,81.3997
FUND08,2024-02-14,81.2633
FUND08,2024-02-15,81.1538
FUND08,2024-02-16,81.554
FUND08,2024-02-19,82.3816
FUND08,2024-02-20,83.4248
FUND08,2024-02-21,83.116
FUND08,2024-02-22,83.285
FUND08,2024-02-23,82.6117
FUND08,2024-02-26,83.196
FUND08,2024-02-27,83.2366
FUND08,2024-02-28,83.9611
FUND08,2024-02-29,84.6284
FUND08,2024-03-01,85.2653
FUND08,2024-03-04,85.7133
FUND08,2024-03-05,85.8074
FUND08,2024-03-06,84.8459
FUND08,2024-03-07,85.1291
FUND08,2024-03-08,86.4801
FUND08,2024-03-11,86.1582
FUND08,2024-03-12,85.6434
FUND08,2024-03-13,86.1583
FUND08,2024-03-14,87.5183
FUND08,2024-03-15,86.7009
FUND08,2024-03-18,84.7883
FUND08,2024-03-19,84.3308
FUND08,2024-03-20,84.4333
FUND08,2024-03-21,84.3464
FUND08,2024-03-22,84.168
FUND08,2024-03-25,83.8012
FUND08,2024-03-26,83.3242
FUND08,2024-03-27,82.7108
FUND08,2024-03-28,83.0106
FUND08,2024-03-29,83.4746
FUND08,2024-04-01,82.2746
FUND08,2024-04-02,83.5029
FUND08,2024-04-03,83.8685
FUND08,2024-04-04,84.323
FUND08,2024-04-05,84.127
FUND08,2024-04-08,84.3499
FUND08,2024-04-09,83.4977
FUND08,2024-04-10,84.7455
FUND08,2024-04-11,85.8798
FUND08,2024-04-12,85.7146
FUND08,2024-04-15,84.6938
FUND08,2024-04-16,84.479
FUND08,2024-04-17,84.9659
FUND08,2024-04-18,84.6812
FUND08,2024-04-19,84.0826
FUND08,2024-04-22,84.2324
FUND08,2024-04-23,83.576
FUND08,2024-04-24,84.6331
FUND08,2024-04-25,85.3983
FUND08,2024-04-26,85.9478
FUND08,2024-04-29,85.41
FUND08,2024-04-30,85.5985
FUND08,2024-05-01,86.5022
FUND08,2024-05-02,84.8523
FUND08,2024-05-03,85.0387
FUND08,2024-05-06,86.17
FUND08,2024-05-07,87.6396
FUND08,2024-05-08,86.8945
FUND08,2024-05-09,87.142
FUND08,2024-05-10,88.0096
FUND08,2024-05-13,89.0173
FUND08,2024-05-14,87.5281
FUND08,2024-05-15,85.9263
FUND08,2024-05-16,86.0741
FUND08,2024-05-17,86.4962
FUND08,2024-05-20,86.4219
FUND08,2024-05-21,86.185
FUND08,2024-05-22,87.2294
FUND08,2024-05-23,88.4475
FUND08,2024-05-24,87.9887
FUND08,2024-05-27,88.1429
FUND08,2024-05-28,87.2252
FUND08,2024-05-29,88.6514
FUND08,2024-05-30,87.5256
FUND08,2024-05-31,86.6846
FUND08,2024-06-03,85.9963
FUND08,2024-06-04,85.1872
FUND08,2024-06-05,86.2192
FUND08,2024-06-06,88.0965
FUND08,2024-06-07,88.3348
FUND08,2024-06-10,88.086
FUND08,2024-06-11,88.7001
FUND08,2024-06-12,87.9817
FUND08,2024-06-13,89.0965
FUND08,2024-06-14,89.0925
FUND08,2024-06-17,89.4653
FUND08,2024-06-18,88.9193
FUND08,2024-06-19,88.7771
FUND08,2024-06-20,87.4727
FUND08,2024-06-21,87.5135
FUND08,2024-06-24,88.26
FUND08,2024-06-25,86.7738
FUND08,2024-06-26,85.9885
FUND08,2024-06-27,85.6348
FUND08,2024-06-28,85.4146
FUND08,2024-07-01,85.3682
FUND08,2024-07-02,85.3576
FUND08,2024-07-03,85.6067
FUND08,2024-07-04,85.6037
FUND08,2024-07-05,84.2966
FUND08,2024-07-08,84.5659
FUND08,2024-07-09,85.5323
FUND08,2024-07-10,85.7616
FUND08,2024-07-11,84.3795
FUND08,2024-07-12,84.5856
FUND08,2024-07-15,84.9824
FUND08,2024-07-16,84.2294
FUND08,2024-07-17,84.3135
FUND08,2024-07-18,85.3339
FUND08,2024-07-19,86.636
FUND08,2024-07-22,86.7628
FUND08,2024-07-23,87.1955
FUND08,2024-07-24,87.0879
FUND08,2024-07-25,86.7831
FUND08,2024-07-26,87.9207
FUND08,2024-07-29,88.7294
FUND08,2024-07-30,89.2619
FUND08,2024-07-31,88.8532
FUND08,2024-08-01,90.0855
FUND08,2024-08-02,90.9792
FUND08,2024-08-05,89.9185
FUND08,2024-08-06,90.8505
FUND08,2024-08-07,91.0186
FUND08,2024-08-08,91.2798
FUND08,2024-08-09,89.603
FUND08,2024-08-12,88.4162
FUND08,2024-08-13,89.2516
FUND08,2024-08-14,88.6443
FUND08,2024-08-15,89.3367
FUND08,2024-08-16,88.2658
FUND08,2024-08-19,87.0868
FUND08,2024-08-20,88.652
FUND08,2024-08-21,89.4239
FUND08,2024-08-22,89.3439
FUND08,2024-08-23,89.555
FUND08,2024-08-26,88.9941
FUND08,2024-08-27,89.3133
FUND08,2024-08-28,90.3141
FUND08,2024-08-29,89.9934
FUND08,2024-08-30,90.4241
FUND08,2024-09-02,89.0348
FUND08,2024-09-03,90.545
FUND08,2024-09-04,91.4132
FUND08,2024-09-05,91.4146
FUND08,2024-09-06,91.1585
FUND08,2024-09-09,92.3753
FUND08,2024-09-10,91.9709
FUND08,2024-09-11,92.3125
FUND08,2024-09-12,92.0715
FUND08,2024-09-13,91.3124
FUND08,2024-09-16,92.2168
FUND08,2024-09-17,91.8921
FUND08,2024-09-18,92.3137
FUND08,2024-09-19,92.0441
FUND08,2024-09-20,91.9565
FUND08,2024-09-23,91.8379
FUND08,2024-09-24,91.3084
FUND08,2024-09-25,91.9546
FUND08,2024-09-26,91.9077
FUND08,2024-09-27,92.6683
FUND08,2024-09-30,93.3358
FUND08,2024-10-01,94.4187
FUND08,2024-10-02,94.017
FUND08,2024-10-03,94.6219
FUND08,2024-10-04,94.4969
FUND08,2024-10-07,94.505
FUND08,2024-10-08,93.908
FUND08,2024-10-09,93.5233
FUND08,2024-10-10,94.096
FUND08,2024-10-11,93.8258
FUND08,2024-10-14,93.22
FUND08,2024-10-15,93.979
FUND08,2024-10-16,94.3168
FUND08,2024-10-17,93.281
FUND08,2024-10-18,93.3996
FUND08,2024-10-21,94.402
FUND08,2024-10-22,95.3871
FUND08,2024-10-23,94.941
FUND08,2024-10-24,93.9931
FUND08,2024-10-25,93.7027
FUND08,2024-10-28,94.8954
FUND08,2024-10-29,95.5763
FUND08,2024-10-30,93.5759
FUND08,2024-10-31,94.3468
FUND08,2024-11-01,92.4384
FUND08,2024-11-04,94.1184
FUND08,2024-11-05,94.8821
FUND08,2024-11-06,94.5635
FUND08,2024-11-07,94.6848
FUND08,2024-11-08,95.2916
FUND08,2024-11-11,94.8845
FUND08,2024-11-12,95.3193
FUND08,2024-11-13,95.2329
FUND08,2024-11-14,95.0398
FUND08,2024-11-15,96.4087
FUND08,2024-11-18,94.6183
FUND08,2024-11-19,94.6872
FUND08,2024-11-20,93.4945
FUND08,2024-11-21,93.3643
FUND08,2024-11-22,92.7799
FUND08,2024-11-25,94.993
FUND08,2024-11-26,94.5689
FUND08,2024-11-27,94.4767
FUND08,2024-11-28,93.9638
FUND08,2024-11-29,94.7646
FUND08,2024-12-02,94.345
FUND08,2024-12-03,93.8009
FUND08,2024-12-04,95.4517
FUND08,2024-12-05,96.1694
FUND08,2024-12-06,96.4369
FUND08,2024-12-09,98.6177
FUND08,2024-12-10,98.069
FUND08,2024-12-11,97.3603
FUND08,2024-12-12,96.6741
FUND08,2024-12-13,97.7786
FUND08,2024-12-16,97.2474
FUND08,2024-12-17,98.3469
FUND08,2024-12-18,97.8029
FUND08,2024-12-19,96.1894
FUND08,2024-12-20,95.5041
FUND08,2024-12-23,95.7859
FUND08,2024-12-24,96.8706
FUND08,2024-12-25,98.0654
FUND08,2024-12-26,98.4266
FUND08,2024-12-27,99.0784
FUND08,2024-12-30,96.6832
FUND08,2024-12-31,96.9465
FUND08,2025-01-01,97.0095
FUND08,2025-01-02,96.7606
FUND08,2025-01-03,96.1927
FUND08,2025-01-06,97.0039
FUND08,2025-01-07,98.0549
FUND08,2025-01-08,99.866
FUND08,2025-01-09,99.7153
FUND08,2025-01-10,99.01
FUND08,2025-01-13,100.7661
FUND08,2025-01-14,100.4969
FUND08,2025-01-15,100.0423
FUND08,2025-01-16,98.7875
FUND08,2025-01-17,99.2004
FUND08,2025-01-20,99.7854
FUND08,2025-01-21,100.5935
FUND08,2025-01-22,100.8307
FUND08,2025-01-23,101.3679
FUND08,2025-01-24,101.9174
FUND08,2025-01-27,102.4324
FUND08,2025-01-28,103.5793
FUND08,2025-01-29,104.4266
FUND08,2025-01-30,104.6396
FUND08,2025-01-31,104.1501
FUND08,2025-02-03,104.9544
FUND08,2025-02-04,104.4247
FUND08,2025-02-05,104.3126
FUND08,2025-02-06,103.6519
FUND08,2025-02-07,105.7279
FUND08,2025-02-10,104.8088
FUND08,2025-02-11,105.4833
FUND08,2025-02-12,106.1743
FUND08,2025-02-13,107.0662
FUND08,2025-02-14,107.0583
FUND08,2025-02-17,107.1728
FUND08,2025-02-18,107.009
FUND08,2025-02-19,104.3491
FUND08,2025-02-20,103.6418
FUND08,2025-02-21,104.9803
FUND08,2025-02-24,104.2181
FUND08,2025-02-25,104.3789
FUND08,2025-02-26,106.9568
FUND08,2025-02-27,106.03
FUND08,2025-02-28,105.566
FUND08,2025-03-03,105.3507
FUND08,2025-03-04,103.4335
FUND08,2025-03-05,102.6328
FUND08,2025-03-06,101.3062
FUND08,2025-03-07,101.8457
FUND08,2025-03-10,101.6427
FUND08,2025-03-11,99.6669
FUND08,2025-03-12,100.4432
FUND08,2025-03-13,101.3761
FUND08,2025-03-14,101.0665
FUND08,2025-03-17,101.9814
FUND08,2025-03-18,102.5655
FUND08,2025-03-19,101.7278
FUND08,2025-03-20,102.0223
FUND08,2025-03-21,102.2266
FUND08,2025-03-24,101.4666
FUND08,2025-03-25,100.5325
FUND08,2025-03-26,100.9414
FUND08,2025-03-27,103.1254
FUND08,2025-03-28,103.12
FUND08,2025-03-31,103.3509
FUND08,2025-04-01,102.3728
FUND08,2025-04-02,102.1569
FUND08,2025-04-03,101.9956
FUND08,2025-04-04,101.67
FUND08,2025-04-07,101.0828
FUND08,2025-04-08,101.0669
FUND08,2025-04-09,100.5701
FUND08,2025-04-10,101.7547
FUND08,2025-04-11,103.7145
FUND08,2025-04-14,103.0143
FUND08,2025-04-15,102.6979
FUND08,2025-04-16,103.14
FUND08,2025-04-17,103.7267
FUND08,2025-04-18,103.0243
FUND08,2025-04-21,102.5103
FUND08,2025-04-22,103.0968
FUND08,2025-04-23,101.5641
FUND08,2025-04-24,103.6754
FUND08,2025-04-25,103.995
FUND08,2025-04-28,103.7328
FUND08,2025-04-29,103.6189
FUND08,2025-04-30,102.6202
FUND08,2025-05-01,104.3617
FUND08,2025-05-02,104.3113
FUND08,2025-05-05,103.9219
FUND08,2025-05-06,105.6418
FUND08,2025-05-07,106.6815
FUND08,2025-05-08,106.5208
FUND08,2025-05-09,106.982
FUND08,2025-05-12,106.6845
FUND08,2025-05-13,106.3582
FUND08,2025-05-14,106.1719
FUND08,2025-05-15,106.4952
FUND08,2025-05-16,107.6053
FUND08,2025-05-19,109.6057
FUND08,2025-05-20,107.4345
FUND08,2025-05-21,109.7745
FUND08,2025-05-22,110.8471
FUND08,2025-05-23,110.8965
FUND08,2025-05-26,110.4878
FUND08,2025-05-27,108.6104
FUND08,2025-05-28,109.8425
FUND08,2025-05-29,108.7622
FUND08,2025-05-30,109.4501
FUND08,2025-06-02,109.0621
FUND08,2025-06-03,107.4535
FUND08,2025-06-04,107.901
FUND08,2025-06-05,108.4182
FUND08,2025-06-06,107.5112
FUND08,2025-06-09,108.3976
FUND08,2025-06-10,110.2401
FUND08,2025-06-11,110.7729
FUND08,2025-06-12,111.2475
FUND08,2025-06-13,110.5247
FUND08,2025-06-16,109.4942
FUND08,2025-06-17,109.1149
FUND08,2025-06-18,109.2165
FUND08,2025-06-19,109.2604
FUND08,2025-06-20,109.0913
FUND08,2025-06-23,111.6384
FUND08,2025-06-24,112.261
FUND08,2025-06-25,111.2798
FUND08,2025-06-26,110.0763
FUND08,2025-06-27,108.3378
FUND08,2025-06-30,107.3575
FUND08,2025-07-01,107.9639
FUND08,2025-07-02,107.7105
FUND08,2025-07-03,107.0516
FUND08,2025-07-04,107.667
FUND08,2025-07-07,108.2457
FUND08,2025-07-08,108.6493
FUND08,2025-07-09,108.6679
FUND08,2025-07-10,108.6628
FUND08,2025-07-11,107.3688
FUND08,2025-07-14,105.5672
FUND08,2025-07-15,104.8104
FUND08,2025-07-16,104.0762
FUND08,2025-07-17,103.3181
FUND08,2025-07-18,103.1828
FUND08,2025-07-21,102.7604
FUND08,2025-07-22,101.5501
FUND08,2025-07-23,101.4832
FUND08,2025-07-24,101.8284
FUND08,2025-07-25,101.3942
FUND08,2025-07-28,102.1923
FUND08,2025-07-29,102.5205
FUND08,2025-07-30,102.92
FUND08,2025-07-31,102.5944
FUND08,2025-08-01,103.017
FUND08,2025-08-04,103.6977
FUND08,2025-08-05,101.877
FUND08,2025-08-06,102.9138
FUND08,2025-08-07,102.4573
FUND08,2025-08-08,103.1041
FUND08,2025-08-11,100.9341
FUND08,2025-08-12,100.5582
FUND08,2025-08-13,99.0068
FUND08,2025-08-14,98.8999
FUND08,2025-08-15,99.0949
FUND08,2025-08-18,99.4971
FUND08,2025-08-19,99.5453
FUND08,2025-08-20,98.4208
FUND08,2025-08-21,99.636
FUND08,2025-08-22,98.4249
FUND08,2025-08-25,98.1475
FUND08,2025-08-26,97.4709
FUND08,2025-08-27,96.956
FUND08,2025-08-28,95.7257
FUND08,2025-08-29,96.7153
FUND08,2025-09-01,97.4113
FUND08,2025-09-02,97.5044
FUND08,2025-09-03,97.4027
FUND08,2025-09-04,96.5661
FUND08,2025-09-05,96.4961
FUND08,2025-09-08,95.7136
FUND08,2025-09-09,95.8182
FUND08,2025-09-10,96.1953
FUND08,2025-09-11,96.0035
FUND08,2025-09-12,96.3861
FUND08,2025-09-15,96.9348
FUND08,2025-09-16,97.6849
FUND08,2025-09-17,99.4984
FUND08,2025-09-18,98.2131
FUND08,2025-09-19,97.1207
FUND08,2025-09-22,96.056
FUND08,2025-09-23,95.9083
FUND08,2025-09-24,94.5215
FUND08,2025-09-25,94.0853
FUND08,2025-09-26,94.8424
FUND08,2025-09-29,95.5101
FUND08,2025-09-30,96.987
FUND08,2025-10-01,97.7815
FUND08,2025-10-02,98.7266
FUND08,2025-10-03,98.2723
FUND08,2025-10-06,97.9756
FUND08,2025-10-07,98.801
FUND08,2025-10-08,99.6148
FUND08,2025-10-09,97.8777
FUND08,2025-10-10,96.6488
FUND08,2025-10-13,95.8027
FUND08,2025-10-14,95.0684
FUND08,2025-10-15,96.2551
FUND08,2025-10-16,97.8917
FUND08,2025-10-17,98.2192
FUND08,2025-10-20,98.5576
FUND08,2025-10-21,100.3574
FUND08,2025-10-22,100.8034
FUND08,2025-10-23,101.3544
FUND08,2025-10-24,101.7336
FUND08,2025-10-27,102.1157
FUND08,2025-10-28,103.4203
FUND08,2025-10-29,104.1457
FUND08,2025-10-30,104.2584
FUND08,2025-10-31,103.9097
FUND08,2025-11-03,104.1902
FUND08,2025-11-04,102.6178
FUND08,2025-11-05,103.0854
FUND08,2025-11-06,103.2358
FUND08,2025-11-07,103.5725
FUND08,2025-11-10,102.4943
FUND08,2025-11-11,102.9688
FUND08,2025-11-12,103.1734
FUND08,2025-11-13,103.197
FUND08,2025-11-14,103.5807
FUND08,2025-11-17,102.8159
FUND08,2025-11-18,101.4605
FUND08,2025-11-19,101.9165
FUND08,2025-11-20,99.8701
FUND08,2025-11-21,100.4492
FUND08,2025-11-24,102.4003
FUND09,2023-01-02,18.4718
FUND09,2023-01-03,18.3634
FUND09,2023-01-04,18.3252
FUND09,2023-01-05,18.3948
FUND09,2023-01-06,18.1893
FUND09,2023-01-09,18.1949
FUND09,2023-01-10,18.2099
FUND09,2023-01-11,18.385
FUND09,2023-01-12,18.5315
FUND09,2023-01-13,18.6394
FUND09,2023-01-16,18.7386
FUND09,2023-01-17,18.7534
FUND09,2023-01-18,18.7991
FUND09,2023-01-19,18.9076
FUND09,2023-01-20,19.0508
FUND09,2023-01-23,18.9597
FUND09,2023-01-24,19.0272
FUND09,2023-01-25,19.0237
FUND09,2023-01-26,19.0664
FUND09,2023-01-27,19.2302
FUND09,2023-01-30,19.2025
FUND09,2023-01-31,19.0829
FUND09,2023-02-01,18.9656
FUND09,2023-02-02,18.8947
FUND09,2023-02-03,18.9835
FUND09,2023-02-06,18.9677
FUND09,2023-02-07,18.8935
FUND09,2023-02-08,19.0043
FUND09,2023-02-09,19.0327
FUND09,2023-02-10,19.1345
FUND09,2023-02-13,19.4407
FUND09,2023-02-14,19.7085
FUND09,2023-02-15,19.764
FUND09,2023-02-16,19.8187
FUND09,2023-02-17,19.9832
FUND09,2023-02-20,20.1725
FUND09,2023-02-21,20.128
FUND09,2023-02-22,19.9591
FUND09,2023-02-23,20.0891
FUND09,2023-02-24,20.1284
FUND09,2023-02-27,20.2231
FUND09,2023-02-28,20.3086
FUND09,2023-03-01,20.2145
FUND09,2023-03-02,20.148
FUND09,2023-03-03,20.3092
FUND09,2023-03-06,20.2929
FUND09,2023-03-07,20.1868
FUND09,2023-03-08,20.1543
FUND09,2023-03-09,20.2185
FUND09,2023-03-10,20.152
FUND09,2023-03-13,20.409
FUND09,2023-03-14,20.5345
FUND09,2023-03-15,20.3233
FUND09,2023-03-16,20.3637
FUND09,2023-03-17,20.5989
FUND09,2023-03-20,21.0907
FUND09,2023-03-21,21.0273
FUND09,2023-03-22,21.0384
FUND09,2023-03-23,20.8421
FUND09,2023-03-24,20.9322
FUND09,2023-03-27,21.0111
FUND09,2023-03-28,21.061
FUND09,2023-03-29,20.9054
FUND09,2023-03-30,21.0293
FUND09,2023-03-31,21.3111
FUND09,2023-04-03,21.5252
FUND09,2023-04-04,21.5884
FUND09,2023-04-05,21.5882
FUND09,2023-04-06,21.7342
FUND09,2023-04-07,21.7199
FUND09,2023-04-10,21.3356
FUND09,2023-04-11,21.0815
FUND09,2023-04-12,21.2948
FUND09,2023-04-13,21.5044
FUND09,2023-04-14,21.4927
FUND09,2023-04-17,21.3778
FUND09,2023-04-18,21.3396
FUND09,2023-04-19,21.1512
FUND09,2023-04-20,21.1203
FUND09,2023-04-21,21.3911
FUND09,2023-04-24,21.3031
FUND09,2023-04-25,21.1898
FUND09,2023-04-26,20.994
FUND09,2023-04-27,21.0322
FUND09,2023-04-28,20.897
FUND09,2023-05-01,21.0014
FUND09,2023-05-02,20.9625
FUND09,2023-05-03,21.2214
FUND09,2023-05-04,21.3184
FUND09,2023-05-05,21.3985
FUND09,2023-05-08,21.1912
FUND09,2023-05-09,21.2023
FUND09,2023-05-10,21.2557
FUND09,2023-05-11,21.3152
FUND09,2023-05-12,21.3767
FUND09,2023-05-15,21.403
FUND09,2023-05-16,21.2321
FUND09,2023-05-17,20.8749
FUND09,2023-05-18,20.716
FUND09,2023-05-19,20.8731
FUND09,2023-05-22,20.9997
FUND09,2023-05-23,21.1783
FUND09,2023-05-24,21.2353
FUND09,2023-05-25,21.2772
FUND09,2023-05-26,21.2873
FUND09,2023-05-29,21.0353
FUND09,2023-05-30,21.0694
FUND09,2023-05-31,20.9795
FUND09,2023-06-01,20.8956
FUND09,2023-06-02,20.7556
FUND09,2023-06-05,20.753
FUND09,2023-06-06,20.8958
FUND09,2023-06-07,21.0224
FUND09,2023-06-08,20.8841
FUND09,2023-06-09,20.9276
FUND09,2023-06-12,20.9238
FUND09,2023-06-13,20.6309
FUND09,2023-06-14,20.7766
FUND09,2023-06-15,20.6879
FUND09,2023-06-16,20.7809
FUND09,2023-06-19,20.6709
FUND09,2023-06-20,20.7929
FUND09,2023-06-21,20.9855
FUND09,2023-06-22,21.032
FUND09,2023-06-23,21.1209
FUND09,2023-06-26,21.0298
FUND09,2023-06-27,20.9897
FUND09,2023-06-28,20.8294
FUND09,2023-06-29,20.9932
FUND09,2023-06-30,21.1784
FUND09,2023-07-03,21.1133
FUND09,2023-07-04,21.1264
FUND09,2023-07-05,21.0333
FUND09,2023-07-06,20.8442
FUND09,2023-07-07,20.775
FUND09,2023-07-10,20.6048
FUND09,2023-07-11,20.3267
FUND09,2023-07-12,20.3768
FUND09,2023-07-13,20.2392
FUND09,2023-07-14,20.2402
FUND09,2023-07-17,19.8634
FUND09,2023-07-18,19.883
FUND09,2023-07-19,19.7918
FUND09,2023-07-20,19.7104
FUND09,2023-07-21,19.8398
FUND09,2023-07-24,19.8294
FUND09,2023-07-25,19.8787
FUND09,2023-07-26,19.8933
FUND09,2023-07-27,19.9686
FUND09,2023-07-28,19.8629
FUND09,2023-07-31,19.8682
FUND09,2023-08-01,19.8421
FUND09,2023-08-02,19.9495
FUND09,2023-08-03,19.8744
FUND09,2023-08-04,19.9882
FUND09,2023-08-07,20.0706
FUND09,2023-08-08,19.9945
FUND09,2023-08-09,20.1052
FUND09,2023-08-10,20.055
FUND09,2023-08-11,19.9704
FUND09,2023-08-14,19.8633
FUND09,2023-08-15,19.718
FUND09,2023-08-16,19.7687
FUND09,2023-08-17,19.748
FUND09,2023-08-18,19.7116
FUND09,2023-08-21,19.8387
FUND09,2023-08-22,19.9705
FUND09,2023-08-23,19.9932
FUND09,2023-08-24,19.7241
FUND09,2023-08-25,19.7993
FUND09,2023-08-28,19.5295
FUND09,2023-08-29,19.412
FUND09,2023-08-30,19.3965
FUND09,2023-08-31,19.6158
FUND09,2023-09-01,19.2753
FUND09,2023-09-04,19.0714
FUND09,2023-09-05,18.9807
FUND09,2023-09-06,19.081
FUND09,2023-09-07,18.8655
FUND09,2023-09-08,18.7644
FUND09,2023-09-11,18.9334
FUND09,2023-09-12,19.0592
FUND09,2023-09-13,18.9832
FUND09,2023-09-14,19.1273
FUND09,2023-09-15,19.1456
FUND09,2023-09-18,19.0284
FUND09,2023-09-19,18.9382
FUND09,2023-09-20,18.8601
FUND09,2023-09-21,18.7215
FUND09,2023-09-22,18.7894
FUND09,2023-09-25,18.9314
FUND09,2023-09-26,18.7435
FUND09,2023-09-27,18.8392
FUND09,2023-09-28,18.7054
FUND09,2023-09-29,18.7023
FUND09,2023-10-02,18.7494
FUND09,2023-10-03,18.8917
FUND09,2023-10-04,18.8951
FUND09,2023-10-05,18.9352
FUND09,2023-10-06,19.1621
FUND09,2023-10-09,19.3897
FUND09,2023-10-10,19.5422
FUND09,2023-10-11,19.6538
FUND09,2023-10-12,19.732
FUND09,2023-10-13,19.9697
FUND09,2023-10-16,20.0818
FUND09,2023-10-17,19.9918
FUND09,2023-10-18,20.0139
FUND09,2023-10-19,20.0796
FUND09,2023-10-20,19.8871
FUND09,2023-10-23,19.8121
FUND09,2023-10-24,20.061
FUND09,2023-10-25,19.9052
FUND09,2023-10-26,19.9847
FUND09,2023-10-27,20.0363
FUND09,2023-10-30,20.1814
FUND09,2023-10-31,20.0765
FUND09,2023-11-01,19.9723
FUND09,2023-11-02,19.9869
FUND09,2023-11-03,19.9042
FUND09,2023-11-06,20.1312
FUND09,2023-11-07,20.1643
FUND09,2023-11-08,20.2942
FUND09,2023-11-09,20.1571
FUND09,2023-11-10,20.2491
FUND09,2023-11-13,20.6159
FUND09,2023-11-14,20.6151
FUND09,2023-11-15,20.4574
FUND09,2023-11-16,20.6309
FUND09,2023-11-17,20.5683
FUND09,2023-11-20,20.3864
FUND09,2023-11-21,20.2295
FUND09,2023-11-22,20.066
FUND09,2023-11-23,20.1479
FUND09,2023-11-24,20.0328
FUND09,2023-11-27,19.9156
FUND09,2023-11-28,19.8697
FUND09,2023-11-29,19.9371
FUND09,2023-11-30,20.0707
FUND09,2023-12-01,20.2544
FUND09,2023-12-04,20.2135
FUND09,2023-12-05,20.3672
FUND09,2023-12-06,20.2599
FUND09,2023-12-07,20.5144
FUND09,2023-12-08,20.6124
FUND09,2023-12-11,20.6587
FUND09,2023-12-12,20.4319
FUND09,2023-12-13,20.5811
FUND09,2023-12-14,20.5196
FUND09,2023-12-15,20.4373
FUND09,2023-12-18,20.3247
FUND09,2023-12-19,20.244
FUND09,2023-12-20,20.3224
FUND09,2023-12-21,20.3915
FUND09,2023-12-22,20.4062
FUND09,2023-12-25,20.6862
FUND09,2023-12-26,20.5091
FUND09,2023-12-27,20.5582
FUND09,2023-12-28,20.3706
FUND09,2023-12-29,20.4597
FUND09,2024-01-01,20.5506
FUND09,2024-01-02,20.5777
FUND09,2024-01-03,20.6593
FUND09,2024-01-04,20.7527
FUND09,2024-01-05,20.8317
FUND09,2024-01-08,20.6333
FUND09,2024-01-09,20.7697
FUND09,2024-01-10,21.0362
FUND09,2024-01-11,21.2123
FUND09,2024-01-12,21.1804
FUND09,2024-01-15,21.485
FUND09,2024-01-16,21.5305
FUND09,2024-01-17,21.7182
FUND09,2024-01-18,21.8316
FUND09,2024-01-19,22.0641
FUND09,2024-01-22,21.8212
FUND09,2024-01-23,21.7054
FUND09,2024-01-24,21.7942
FUND09,2024-01-25,21.7647
FUND09,2024-01-26,21.7159
FUND09,2024-01-29,21.9566
FUND09,2024-01-30,21.8764
FUND09,2024-01-31,21.9324
FUND09,2024-02-01,21.999
FUND09,2024-02-02,21.9712
FUND09,2024-02-05,21.6162
FUND09,2024-02-06,21.3366
FUND09,2024-02-07,21.3047
FUND09,2024-02-08,21.6469
FUND09,2024-02-09,21.5433
FUND09,2024-02-12,21.5472
FUND09,2024-02-13,21.8743
FUND09,2024-02-14,21.888
FUND09,2024-02-15,21.9752
FUND09,2024-02-16,22.0318
FUND09,2024-02-19,21.9078
FUND09,2024-02-20,21.7814
FUND09,2024-02-21,21.711
FUND09,2024-02-22,21.7174
FUND09,2024-02-23,21.6114
FUND09,2024-02-26,21.5428
FUND09,2024-02-27,21.5904
FUND09,2024-02-28,21.7828
FUND09,2024-02-29,22.1573
FUND09,2024-03-01,22.0526
FUND09,2024-03-04,22.1051
FUND09,2024-03-05,21.9579
FUND09,2024-03-06,21.8686
FUND09,2024-03-07,21.6079
FUND09,2024-03-08,21.8817
FUND09,2024-03-11,21.8229
FUND09,2024-03-12,21.98
FUND09,2024-03-13,21.8223
FUND09,2024-03-14,21.4648
FUND09,2024-03-15,21.734
FUND09,2024-03-18,21.4911
FUND09,2024-03-19,21.3401
FUND09,2024-03-20,21.5308
FUND09,2024-03-21,21.5521
FUND09,2024-03-22,21.5311
FUND09,2024-03-25,21.7438
FUND09,2024-03-26,21.7076
FUND09,2024-03-27,21.8393
FUND09,2024-03-28,21.6542
FUND09,2024-03-29,21.8824
FUND09,2024-04-01,21.8032
FUND09,2024-04-02,21.8387
FUND09,2024-04-03,21.7344
FUND09,2024-04-04,21.6159
FUND09,2024-04-05,21.5803
FUND09,2024-04-08,21.7292
FUND09,2024-04-09,21.6988
FUND09,2024-04-10,21.7366
FUND09,2024-04-11,21.6711
FUND09,2024-04-12,21.8834
FUND09,2024-04-15,21.6623
FUND09,2024-04-16,21.4108
FUND09,2024-04-17,21.6344
FUND09,2024-04-18,21.3083
FUND09,2024-04-19,21.5775
FUND09,2024-04-22,21.5828
FUND09,2024-04-23,21.6573
FUND09,2024-04-24,21.7149
FUND09,2024-04-25,21.6206
FUND09,2024-04-26,21.7081
FUND09,2024-04-29,22.0314
FUND09,2024-04-30,22.2309
FUND09,2024-05-01,22.1257
FUND09,2024-05-02,22.3293
FUND09,2024-05-03,22.1504
FUND09,2024-05-06,22.1236
FUND09,2024-05-07,22.1544
FUND09,2024-05-08,22.3589
FUND09,2024-05-09,22.1457
FUND09,2024-05-10,22.3196
FUND09,2024-05-13,22.2617
FUND09,2024-05-14,22.0093
FUND09,2024-05-15,22.1737
FUND09,2024-05-16,22.1156
FUND09,2024-05-17,21.8072
FUND09,2024-05-20,21.9388
FUND09,2024-05-21,21.6825
FUND09,2024-05-22,21.6316
FUND09,2024-05-23,21.4653
FUND09,2024-05-24,21.3487
FUND09,2024-05-27,21.5221
FUND09,2024-05-28,21.6272
FUND09,2024-05-29,21.4021
FUND09,2024-05-30,21.3751
FUND09,2024-05-31,21.3931
FUND09,2024-06-03,21.6077
FUND09,2024-06-04,21.6863
FUND09,2024-06-05,21.5067
FUND09,2024-06-06,21.3161
FUND09,2024-06-07,21.4246
FUND09,2024-06-10,21.5488
FUND09,2024-06-11,21.464
FUND09,2024-06-12,21.3757
FUND09,2024-06-13,21.4609
FUND09,2024-06-14,21.5128
FUND09,2024-06-17,21.1166
FUND09,2024-06-18,21.0831
FUND09,2024-06-19,21.2144
FUND09,2024-06-20,20.9972
FUND09,2024-06-21,21.1351
FUND09,2024-06-24,20.9543
FUND09,2024-06-25,20.9964
FUND09,2024-06-26,20.877
FUND09,2024-06-27,20.6437
FUND09,2024-06-28,20.6835
FUND09,2024-07-01,20.6757
FUND09,2024-07-02,20.9075
FUND09,2024-07-03,21.0389
FUND09,2024-07-04,20.8079
FUND09,2024-07-05,20.8639
FUND09,2024-07-08,21.0173
FUND09,2024-07-09,21.152
FUND09,2024-07-10,21.4403
FUND09,2024-07-11,21.7467
FUND09,2024-07-12,21.6447
FUND09,2024-07-15,21.7122
FUND09,2024-07-16,22.092
FUND09,2024-07-17,22.3012
FUND09,2024-07-18,22.2024
FUND09,2024-07-19,21.9686
FUND09,2024-07-22,21.7323
FUND09,2024-07-23,21.8417
FUND09,2024-07-24,21.8326
FUND09,2024-07-25,21.8117
FUND09,2024-07-26,21.7292
FUND09,2024-07-29,21.6034
FUND09,2024-07-30,21.7061
FUND09,2024-07-31,21.7094
FUND09,2024-08-01,21.7838
FUND09,2024-08-02,21.537
FUND09,2024-08-05,21.8196
FUND09,2024-08-06,22.0109
FUND09,2024-08-07,22.1868
FUND09,2024-08-08,21.8678
FUND09,2024-08-09,22.0145
FUND09,2024-08-12,21.797
FUND09,2024-08-13,21.8714
FUND09,2024-08-14,22.0606
FUND09,2024-08-15,22.2371
FUND09,2024-08-16,22.3602
FUND09,2024-08-19,22.6637
FUND09,2024-08-20,22.6984
FUND09,2024-08-21,22.5756
FUND09,2024-08-22,22.4985
FUND09,2024-08-23,22.5095
FUND09,2024-08-26,22.6521
FUND09,2024-08-27,22.4883
FUND09,2024-08-28,22.627
FUND09,2024-08-29,22.631
FUND09,2024-08-30,22.5647
FUND09,2024-09-02,22.4223
FUND09,2024-09-03,22.3547
FUND09,2024-09-04,22.4113
FUND09,2024-09-05,22.388
FUND09,2024-09-06,22.5164
FUND09,2024-09-09,22.2654
FUND09,2024-09-10,22.0397
FUND09,2024-09-11,21.8843
FUND09,2024-09-12,22.0653
FUND09,2024-09-13,22.0511
FUND09,2024-09-16,22.0648
FUND09,2024-09-17,22.1657
FUND09,2024-09-18,22.2773
FUND09,2024-09-19,22.2003
FUND09,2024-09-20,21.982
FUND09,2024-09-23,21.9334
FUND09,2024-09-24,21.7019
FUND09,2024-09-25,21.6991
FUND09,2024-09-26,21.5881
FUND09,2024-09-27,21.6399
FUND09,2024-09-30,21.6778
FUND09,2024-10-01,21.6292
FUND09,2024-10-02,21.7347
FUND09,2024-10-03,22.1824
FUND09,2024-10-04,21.8981
FUND09,2024-10-07,22.2851
FUND09,2024-10-08,22.1382
FUND09,2024-10-09,21.932
FUND09,2024-10-10,21.7892
FUND09,2024-10-11,21.911
FUND09,2024-10-14,21.9525
FUND09,2024-10-15,21.8631
FUND09,2024-10-16,21.7803
FUND09,2024-10-17,21.6699
FUND09,2024-10-18,21.769
FUND09,2024-10-21,21.9716
FUND09,2024-10-22,21.9393
FUND09,2024-10-23,21.8406
FUND09,2024-10-24,21.7897
FUND09,2024-10-25,21.4385
FUND09,2024-10-28,21.4377
FUND09,2024-10-29,21.5039
FUND09,2024-10-30,21.4548
FUND09,2024-10-31,21.385
FUND09,2024-11-01,21.5637
FUND09,2024-11-04,21.6195
FUND09,2024-11-05,21.6869
FUND09,2024-11-06,21.7724
FUND09,2024-11-07,21.8023
FUND09,2024-11-08,22.0143
FUND09,2024-11-11,21.8069
FUND09,2024-11-12,21.8097
FUND09,2024-11-13,21.462
FUND09,2024-11-14,21.4052
FUND09,2024-11-15,21.7187
FUND09,2024-11-18,21.5273
FUND09,2024-11-19,21.3653
FUND09,2024-11-20,21.3614
FUND09,2024-11-21,21.5006
FUND09,2024-11-22,21.6125
FUND09,2024-11-25,21.5362
FUND09,2024-11-26,21.8047
FUND09,2024-11-27,21.8033
FUND09,2024-11-28,21.9882
FUND09,2024-11-29,22.2459
FUND09,2024-12-02,22.0977
FUND09,2024-12-03,21.8697
FUND09,2024-12-04,21.961
FUND09,2024-12-05,21.9979
FUND09,2024-12-06,22.011
FUND09,2024-12-09,22.0609
FUND09,2024-12-10,22.0528
FUND09,2024-12-11,22.3063
FUND09,2024-12-12,21.8349
FUND09,2024-12-13,22.0406
FUND09,2024-12-16,22.0891
FUND09,2024-12-17,22.0767
FUND09,2024-12-18,21.9309
FUND09,2024-12-19,22.1315
FUND09,2024-12-20,21.956
FUND09,2024-12-23,21.9807
FUND09,2024-12-24,22.1668
FUND09,2024-12-25,21.9128
FUND09,2024-12-26,21.97
FUND09,2024-12-27,22.0264
FUND09,2024-12-30,22.1012
FUND09,2024-12-31,22.0357
FUND09,2025-01-01,22.1355
FUND09,2025-01-02,22.3073
FUND09,2025-01-03,22.2674
FUND09,2025-01-06,22.6063
FUND09,2025-01-07,22.4309
FUND09,2025-01-08,22.3301
FUND09,2025-01-09,22.5296
FUND09,2025-01-10,22.5027
FUND09,2025-01-13,22.3602
FUND09,2025-01-14,22.2968
FUND09,2025-01-15,22.5456
FUND09,2025-01-16,22.6813
FUND09,2025-01-17,22.5393
FUND09,2025-01-20,22.2459
FUND09,2025-01-21,22.4906
FUND09,2025-01-22,22.538
FUND09,2025-01-23,22.4779
FUND09,2025-01-24,22.3402
FUND09,2025-01-27,22.0177
FUND09,2025-01-28,21.8178
FUND09,2025-01-29,21.8722
FUND09,2025-01-30,21.8029
FUND09,2025-01-31,22.0666
FUND09,2025-02-03,22.219
FUND09,2025-02-04,22.1329
FUND09,2025-02-05,21.9943
FUND09,2025-02-06,22.2045
FUND09,2025-02-07,22.1532
FUND09,2025-02-10,22.5789
FUND09,2025-02-11,22.6024
FUND09,2025-02-12,22.3902
FUND09,2025-02-13,22.072
FUND09,2025-02-14,21.9639
FUND09,2025-02-17,22.1982
FUND09,2025-02-18,22.1668
FUND09,2025-02-19,21.7791
FUND09,2025-02-20,21.6896
FUND09,2025-02-21,21.6523
FUND09,2025-02-24,21.8716
FUND09,2025-02-25,21.9468
FUND09,2025-02-26,21.9311
FUND09,2025-02-27,21.9862
FUND09,2025-02-28,22.3429
FUND09,2025-03-03,22.5196
FUND09,2025-03-04,22.4084
FUND09,2025-03-05,22.5257
FUND09,2025-03-06,22.7156
FUND09,2025-03-07,23.1012
FUND09,2025-03-10,23.1566
FUND09,2025-03-11,23.1113
FUND09,2025-03-12,23.1784
FUND09,2025-03-13,23.1076
FUND09,2025-03-14,23.1407
FUND09,2025-03-17,23.0159
FUND09,2025-03-18,23.0278
FUND09,2025-03-19,22.7965
FUND09,2025-03-20,22.9418
FUND09,2025-03-21,23.0806
FUND09,2025-03-24,22.8168
FUND09,2025-03-25,22.9465
FUND09,2025-03-26,22.8628
FUND09,2025-03-27,23.1013
FUND09,2025-03-28,23.275
FUND09,2025-03-31,23.4638
FUND09,2025-04-01,23.571
FUND09,2025-04-02,23.4038
FUND09,2025-04-03,23.0651
FUND09,2025-04-04,23.0956
FUND09,2025-04-07,22.8939
FUND09,2025-04-08,22.933
FUND09,2025-04-09,22.6975
FUND09,2025-04-10,22.832
FUND09,2025-04-11,22.9241
FUND09,2025-04-14,22.7228
FUND09,2025-04-15,22.5744
FUND09,2025-04-16,22.6506
FUND09,2025-04-17,22.8016
FUND09,2025-04-18,22.8471
FUND09,2025-04-21,22.7419
FUND09,2025-04-22,22.7762
FUND09,2025-04-23,22.7474
FUND09,2025-04-24,22.6686
FUND09,2025-04-25,22.4487
FUND09,2025-04-28,22.4633
FUND09,2025-04-29,22.3399
FUND09,2025-04-30,22.3273
FUND09,2025-05-01,22.0143
FUND09,2025-05-02,22.1534
FUND09,2025-05-05,22.0724
FUND09,2025-05-06,22.0927
FUND09,2025-05-07,22.337
FUND09,2025-05-08,22.5925
FUND09,2025-05-09,22.7072
FUND09,2025-05-12,22.5497
FUND09,2025-05-13,22.5434
FUND09,2025-05-14,22.5996
FUND09,2025-05-15,22.651
FUND09,2025-05-16,22.6817
FUND09,2025-05-19,22.8225
FUND09,2025-05-20,22.9377
FUND09,2025-05-21,23.1453
FUND09,2025-05-22,23.2894
FUND09,2025-05-23,23.1821
FUND09,2025-05-26,23.1375
FUND09,2025-05-27,23.1435
FUND09,2025-05-28,23.2198
FUND09,2025-05-29,23.1465
FUND09,2025-05-30,23.1529
FUND09,2025-06-02,23.1062
FUND09,2025-06-03,23.0262
FUND09,2025-06-04,23.1021
FUND09,2025-06-05,23.2603
FUND09,2025-06-06,23.5627
FUND09,2025-06-09,23.7429
FUND09,2025-06-10,23.6848
FUND09,2025-06-11,23.908
FUND09,2025-06-12,23.6723
FUND09,2025-06-13,23.7508
FUND09,2025-06-16,23.6644
FUND09,2025-06-17,23.5797
FUND09,2025-06-18,23.9214
FUND09,2025-06-19,23.858
FUND09,2025-06-20,23.9083
FUND09,2025-06-23,24.0175
FUND09,2025-06-24,24.0216
FUND09,2025-06-25,23.7967
FUND09,2025-06-26,23.8608
FUND09,2025-06-27,23.8109
FUND09,2025-06-30,23.8013
FUND09,2025-07-01,23.8057
FUND09,2025-07-02,23.8916
FUND09,2025-07-03,23.97
FUND09,2025-07-04,23.7187
FUND09,2025-07-07,23.7642
FUND09,2025-07-08,24.0718
FUND09,2025-07-09,23.7525
FUND09,2025-07-10,23.6039
FUND09,2025-07-11,23.496
FUND09,2025-07-14,23.1712
FUND09,2025-07-15,22.8767
FUND09,2025-07-16,22.7282
FUND09,2025-07-17,22.9225
FUND09,2025-07-18,22.8705
FUND09,2025-07-21,22.7263
FUND09,2025-07-22,22.707
FUND09,2025-07-23,22.7942
FUND09,2025-07-24,22.8812
FUND09,2025-07-25,22.8962
FUND09,2025-07-28,23.3359
FUND09,2025-07-29,23.3881
FUND09,2025-07-30,23.4687
FUND09,2025-07-31,23.3881
FUND09,2025-08-01,23.2525
FUND09,2025-08-04,23.0675
FUND09,2025-08-05,22.8632
FUND09,2025-08-06,22.9611
FUND09,2025-08-07,22.9957
FUND09,2025-08-08,22.9003
FUND09,2025-08-11,22.851
FUND09,2025-08-12,23.0318
FUND09,2025-08-13,23.0058
FUND09,2025-08-14,23.0195
FUND09,2025-08-15,23.0752
FUND09,2025-08-18,23.1651
FUND09,2025-08-19,23.0482
FUND09,2025-08-20,22.6511
FUND09,2025-08-21,22.3438
FUND09,2025-08-22,22.408
FUND09,2025-08-25,22.3236
FUND09,2025-08-26,22.277
FUND09,2025-08-27,22.0118
FUND09,2025-08-28,21.8938
FUND09,2025-08-29,21.9201
FUND09,2025-09-01,21.934
FUND09,2025-09-02,21.7729
FUND09,2025-09-03,21.6011
FUND09,2025-09-04,21.9058
FUND09,2025-09-05,21.8744
FUND09,2025-09-08,21.8651
FUND09,2025-09-09,21.6634
FUND09,2025-09-10,21.5503
FUND09,2025-09-11,21.5152
FUND09,2025-09-12,21.3461
FUND09,2025-09-15,21.3674
FUND09,2025-09-16,21.1986
FUND09,2025-09-17,21.0935
FUND09,2025-09-18,20.9807
FUND09,2025-09-19,20.7395
FUND09,2025-09-22,20.5132
FUND09,2025-09-23,20.538
FUND09,2025-09-24,20.3942
FUND09,2025-09-25,20.3744
FUND09,2025-09-26,20.3604
FUND09,2025-09-29,20.4158
FUND09,2025-09-30,20.5413
FUND09,2025-10-01,20.4536
FUND09,2025-10-02,20.2926
FUND09,2025-10-03,20.3279
FUND09,2025-10-06,20.4592
FUND09,2025-10-07,20.416
FUND09,2025-10-08,20.4135
FUND09,2025-10-09,20.3924
FUND09,2025-10-10,20.3771
FUND09,2025-10-13,20.4766
FUND09,2025-10-14,20.4247
FUND09,2025-10-15,20.52
FUND09,2025-10-16,20.5879
FUND09,2025-10-17,20.911
FUND09,2025-10-20,20.8107
FUND09,2025-10-21,20.9889
FUND09,2025-10-22,21.1165
FUND09,2025-10-23,20.9397
FUND09,2025-10-24,21.0316
FUND09,2025-10-27,21.1308
FUND09,2025-10-28,21.0464
FUND09,2025-10-29,20.6841
FUND09,2025-10-30,20.8015
FUND09,2025-10-31,20.6164
FUND09,2025-11-03,20.5982
FUND09,2025-11-04,20.3446
FUND09,2025-11-05,20.4379
FUND09,2025-11-06,20.1773
FUND09,2025-11-07,20.0998
FUND09,2025-11-10,20.0259
FUND09,2025-11-11,20.032
FUND09,2025-11-12,19.827
FUND09,2025-11-13,19.899
FUND09,2025-11-14,19.9747
FUND09,2025-11-17,19.9299
FUND09,2025-11-18,19.8965
FUND09,2025-11-19,19.5126
FUND09,2025-11-20,19.743
FUND09,2025-11-21,19.718
FUND09,2025-11-24,19.8159
FUND10,2023-01-02,89.728
FUND10,2023-01-03,90.408
FUND10,2023-01-04,90.5172
FUND10,2023-01-05,90.4763
FUND10,2023-01-06,90.9113
FUND10,2023-01-09,91.1105
FUND10,2023-01-10,90.9773
FUND10,2023-01-11,90.8584
FUND10,2023-01-12,90.9361
FUND10,2023-01-13,91.2825
FUND10,2023-01-16,91.0945
FUND10,2023-01-17,91.4533
FUND10,2023-01-18,92.3106
FUND10,2023-01-19,92.5897
FUND10,2023-01-20,92.5883
FUND10,2023-01-23,92.8581
FUND10,2023-01-24,92.6934
FUND10,2023-01-25,92.2379
FUND10,2023-01-26,91.9389
FUND10,2023-01-27,91.3805
FUND10,2023-01-30,91.813
FUND10,2023-01-31,91.6351
FUND10,2023-02-01,90.8742
FUND10,2023-02-02,91.1145
FUND10,2023-02-03,91.2929
FUND10,2023-02-06,91.4466
FUND10,2023-02-07,90.9032
FUND10,2023-02-08,90.4573
FUND10,2023-02-09,91.2211
FUND10,2023-02-10,90.9906
FUND10,2023-02-13,91.2079
FUND10,2023-02-14,91.2851
FUND10,2023-02-15,90.7238
FUND10,2023-02-16,90.1288
FUND10,2023-02-17,90.3607
FUND10,2023-02-20,90.2557
FUND10,2023-02-21,90.1624
FUND10,2023-02-22,90.6228
FUND10,2023-02-23,89.9659
FUND10,2023-02-24,89.9656
FUND10,2023-02-27,90.479
FUND10,2023-02-28,90.8577
FUND10,2023-03-01,90.7665
FUND10,2023-03-02,90.989
FUND10,2023-03-03,91.2775
FUND10,2023-03-06,90.9322
FUND10,2023-03-07,90.3343
FUND10,2023-03-08,90.7213
FUND10,2023-03-09,90.7689
FUND10,2023-03-10,91.5594
FUND10,2023-03-13,91.3114
FUND10,2023-03-14,91.7583
FUND10,2023-03-15,92.1367
FUND10,2023-03-16,92.3726
FUND10,2023-03-17,92.4104
FUND10,2023-03-20,92.0308
FUND10,2023-03-21,91.9317
FUND10,2023-03-22,91.7467
FUND10,2023-03-23,91.7818
FUND10,2023-03-24,91.3619
FUND10,2023-03-27,91.4912
FUND10,2023-03-28,92.2724
FUND10,2023-03-29,91.9223
FUND10,2023-03-30,92.174
FUND10,2023-03-31,91.3915
FUND10,2023-04-03,91.6291
FUND10,2023-04-04,91.7657
FUND10,2023-04-05,91.4036
FUND10,2023-04-06,91.6624
FUND10,2023-04-07,91.732
FUND10,2023-04-10,92.5262
FUND10,2023-04-11,92.6003
FUND10,2023-04-12,92.7953
FUND10,2023-04-13,92.7581
FUND10,2023-04-14,92.3012
FUND10,2023-04-17,93.44
FUND10,2023-04-18,93.5449
FUND10,2023-04-19,93.7033
FUND10,2023-04-20,93.766
FUND10,2023-04-21,93.1543
FUND10,2023-04-24,92.5926
FUND10,2023-04-25,91.8991
FUND10,2023-04-26,92.4872
FUND10,2023-04-27,92.728
FUND10,2023-04-28,92.6095
FUND10,2023-05-01,92.0207
FUND10,2023-05-02,91.6916
FUND10,2023-05-03,91.6728
FUND10,2023-05-04,91.1737
FUND10,2023-05-05,91.5679
FUND10,2023-05-08,91.2518
FUND10,2023-05-09,91.1579
FUND10,2023-05-10,91.1406
FUND10,2023-05-11,90.2411
FUND10,2023-05-12,90.6045
FUND10,2023-05-15,90.6464
FUND10,2023-05-16,89.7402
FUND10,2023-05-17,89.6023
FUND10,2023-05-18,89.4883
FUND10,2023-05-19,89.0838
FUND10,2023-05-22,89.2524
FUND10,2023-05-23,89.7754
FUND10,2023-05-24,89.9445
FUND10,2023-05-25,89.3809
FUND10,2023-05-26,89.1247
FUND10,2023-05-29,88.332
FUND10,2023-05-30,88.4385
FUND10,2023-05-31,88.0536
FUND10,2023-06-01,88.1903
FUND10,2023-06-02,88.5422
FUND10,2023-06-05,88.9271
FUND10,2023-06-06,89.0373
FUND10,2023-06-07,88.9563
FUND10,2023-06-08,88.3121
FUND10,2023-06-09,89.2296
FUND10,2023-06-12,90.168
FUND10,2023-06-13,90.1538
FUND10,2023-06-14,90.359
FUND10,2023-06-15,89.9021
FUND10,2023-06-16,89.7652
FUND10,2023-06-19,89.8008
FUND10,2023-06-20,89.58
FUND10,2023-06-21,90.3345
FUND10,2023-06-22,90.4897
FUND10,2023-06-23,90.2541
FUND10,2023-06-26,90.1082
FUND10,2023-06-27,90.2348
FUND10,2023-06-28,89.5938
FUND10,2023-06-29,89.8188
FUND10,2023-06-30,89.8271
FUND10,2023-07-03,90.226
FUND10,2023-07-04,90.3996
FUND10,2023-07-05,90.1508
FUND10,2023-07-06,89.8957
FUND10,2023-07-07,90.4982
FUND10,2023-07-10,90.703
FUND10,2023-07-11,90.9785
FUND10,2023-07-12,91.2541
FUND10,2023-07-13,91.2409
FUND10,2023-07-14,90.8029
FUND10,2023-07-17,91.5852
FUND10,2023-07-18,91.5284
FUND10,2023-07-19,92.1003
FUND10,2023-07-20,92.0876
FUND10,2023-07-21,92.5857
FUND10,2023-07-24,92.2394
FUND10,2023-07-25,91.702
FUND10,2023-07-26,91.6086
FUND10,2023-07-27,91.429
FUND10,2023-07-28,91.7344
FUND10,2023-07-31,91.9058
FUND10,2023-08-01,91.2722
FUND10,2023-08-02,90.9837
FUND10,2023-08-03,90.4188
FUND10,2023-08-04,90.13
FUND10,2023-08-07,90.116
FUND10,2023-08-08,89.8815
FUND10,2023-08-09,90.3923
FUND10,2023-08-10,90.5926
FUND10,2023-08-11,90.2608
FUND10,2023-08-14,90.8245
FUND10,2023-08-15,91.233
FUND10,2023-08-16,91.341
FUND10,2023-08-17,91.2119
FUND10,2023-08-18,92.056
FUND10,2023-08-21,92.4219
FUND10,2023-08-22,91.9868
FUND10,2023-08-23,92.0811
FUND10,2023-08-24,91.751
FUND10,2023-08-25,92.1569
FUND10,2023-08-28,91.7429
FUND10,2023-08-29,91.4973
FUND10,2023-08-30,91.2606
FUND10,2023-08-31,91.489
FUND10,2023-09-01,91.0692
FUND10,2023-09-04,91.0976
FUND10,2023-09-05,90.2144
FUND10,2023-09-06,90.5949
FUND10,2023-09-07,89.4919
FUND10,2023-09-08,89.5899
FUND10,2023-09-11,89.7184
FUND10,2023-09-12,89.5354
FUND10,2023-09-13,90.0165
FUND10,2023-09-14,90.5125
FUND10,2023-09-15,90.9879
FUND10,2023-09-18,91.4914
FUND10,2023-09-19,91.6555
FUND10,2023-09-20,91.5195
FUND10,2023-09-21,91.6565
FUND10,2023-09-22,92.1498
FUND10,2023-09-25,92.1526
FUND10,2023-09-26,91.1523
FUND10,2023-09-27,90.4682
FUND10,2023-09-28,91.2491
FUND10,2023-09-29,90.9261
FUND10,2023-10-02,90.6937
FUND10,2023-10-03,91.1158
FUND10,2023-10-04,91.5197
FUND10,2023-10-05,91.782
FUND10,2023-10-06,91.8688
FUND10,2023-10-09,90.9903
FUND10,2023-10-10,91.9512
FUND10,2023-10-11,91.8151
FUND10,2023-10-12,92.3042
FUND10,2023-10-13,92.3903
FUND10,2023-10-16,92.1865
FUND10,2023-10-17,92.0978
FUND10,2023-10-18,92.0512
FUND10,2023-10-19,92.7812
FUND10,2023-10-20,92.2506
FUND10,2023-10-23,92.4457
FUND10,2023-10-24,93.2454
FUND10,2023-10-25,93.0508
FUND10,2023-10-26,93.092
FUND10,2023-10-27,92.6108
FUND10,2023-10-30,93.3429
FUND10,2023-10-31,92.8781
FUND10,2023-11-01,93.1818
FUND10,2023-11-02,92.358
FUND10,2023-11-03,92.0143
FUND10,2023-11-06,92.1345
FUND10,2023-11-07,91.6842
FUND10,2023-11-08,91.601
FUND10,2023-11-09,91.0571
FUND10,2023-11-10,91.1198
FUND10,2023-11-13,90.6455
FUND10,2023-11-14,90.2248
FUND10,2023-11-15,90.3609
FUND10,2023-11-16,89.588
FUND10,2023-11-17,89.8748
FUND10,2023-11-20,89.5594
FUND10,2023-11-21,90.2472
FUND10,2023-11-22,90.0523
FUND10,2023-11-23,89.7089
FUND10,2023-11-24,89.7786
FUND10,2023-11-27,90.2185
FUND10,2023-11-28,89.2246
FUND10,2023-11-29,88.9839
FUND10,2023-11-30,89.5272
FUND10,2023-12-01,89.1203
FUND10,2023-12-04,88.641
FUND10,2023-12-05,88.0116
FUND10,2023-12-06,87.8947
FUND10,2023-12-07,87.4072
FUND10,2023-12-08,87.613
FUND10,2023-12-11,87.0269
FUND10,2023-12-12,86.8586
FUND10,2023-12-13,86.8051
FUND10,2023-12-14,86.584
FUND10,2023-12-15,86.5123
FUND10,2023-12-18,86.1498
FUND10,2023-12-19,85.8181
FUND10,2023-12-20,86.3306
FUND10,2023-12-21,86.5241
FUND10,2023-12-22,86.7174
FUND10,2023-12-25,87.1655
FUND10,2023-12-26,87.3527
FUND10,2023-12-27,87.253
FUND10,2023-12-28,87.5115
FUND10,2023-12-29,87.436
FUND10,2024-01-01,88.1677
FUND10,2024-01-02,88.2775
FUND10,2024-01-03,88.3208
FUND10,2024-01-04,88.9852
FUND10,2024-01-05,89.35
FUND10,2024-01-08,89.0834
FUND10,2024-01-09,89.3055
FUND10,2024-01-10,88.8003
FUND10,2024-01-11,88.7229
FUND10,2024-01-12,88.8196
FUND10,2024-01-15,88.9019
FUND10,2024-01-16,88.8582
FUND10,2024-01-17,88.4891
FUND10,2024-01-18,88.6773
FUND10,2024-01-19,88.9301
FUND10,2024-01-22,88.6766
FUND10,2024-01-23,88.6919
FUND10,2024-01-24,88.9191
FUND10,2024-01-25,89.1466
FUND10,2024-01-26,89.3177
FUND10,2024-01-29,89.5389
FUND10,2024-01-30,89.8144
FUND10,2024-01-31,90.1405
FUND10,2024-02-01,90.3564
FUND10,2024-02-02,90.1684
FUND10,2024-02-05,90.3333
FUND10,2024-02-06,90.0787
FUND10,2024-02-07,89.8595
FUND10,2024-02-08,90.0268
FUND10,2024-02-09,90.0763
FUND10,2024-02-12,89.8186
FUND10,2024-02-13,90.0766
FUND10,2024-02-14,89.7859
FUND10,2024-02-15,90.0025
FUND10,2024-02-16,89.4722
FUND10,2024-02-19,90.0452
FUND10,2024-02-20,90.2736
FUND10,2024-02-21,90.4926
FUND10,2024-02-22,90.525
FUND10,2024-02-23,89.9926
FUND10,2024-02-26,89.321
FUND10,2024-02-27,89.3762
FUND10,2024-02-28,89.2471
FUND10,2024-02-29,89.407
FUND10,2024-03-01,89.8619
FUND10,2024-03-04,90.0599
FUND10,2024-03-05,89.6839
FUND10,2024-03-06,89.9724
FUND10,2024-03-07,89.7428
FUND10,2024-03-08,89.9343
FUND10,2024-03-11,90.2083
FUND10,2024-03-12,90.016
FUND10,2024-03-13,90.6502
FUND10,2024-03-14,90.5318
FUND10,2024-03-15,90.5692
FUND10,2024-03-18,91.1281
FUND10,2024-03-19,91.2323
FUND10,2024-03-20,90.9057
FUND10,2024-03-21,90.7838
FUND10,2024-03-22,90.9063
FUND10,2024-03-25,90.7444
FUND10,2024-03-26,90.5557
FUND10,2024-03-27,90.9783
FUND10,2024-03-28,90.9217
FUND10,2024-03-29,91.6794
FUND10,2024-04-01,91.6363
FUND10,2024-04-02,91.2279
FUND10,2024-04-03,91.1493
FUND10,2024-04-04,91.5679
FUND10,2024-04-05,91.3475
FUND10,2024-04-08,91.8461
FUND10,2024-04-09,91.8745
FUND10,2024-04-10,92.0681
FUND10,2024-04-11,91.7838
FUND10,2024-04-12,91.8229
FUND10,2024-04-15,91.8458
FUND10,2024-04-16,92.3176
FUND10,2024-04-17,92.1439
FUND10,2024-04-18,91.5019
FUND10,2024-04-19,91.059
FUND10,2024-04-22,90.7975
FUND10,2024-04-23,91.0904
FUND10,2024-04-24,90.7378
FUND10,2024-04-25,90.3508
FUND10,2024-04-26,90.2482
FUND10,2024-04-29,90.2648
FUND10,2024-04-30,90.2531
FUND10,2024-05-01,89.7408
FUND10,2024-05-02,89.635
FUND10,2024-05-03,90.0556
FUND10,2024-05-06,90.2445
FUND10,2024-05-07,90.4295
FUND10,2024-05-08,90.1362
FUND10,2024-05-09,90.0435
FUND10,2024-05-10,89.5467
FUND10,2024-05-13,89.8078
FUND10,2024-05-14,90.1841
FUND10,2024-05-15,90.1122
FUND10,2024-05-16,89.9787
FUND10,2024-05-17,89.6557
FUND10,2024-05-20,89.6309
FUND10,2024-05-21,90.3484
FUND10,2024-05-22,90.0724
FUND10,2024-05-23,90.1891
FUND10,2024-05-24,90.5941
FUND10,2024-05-27,90.5782
FUND10,2024-05-28,90.0531
FUND10,2024-05-29,90.2191
FUND10,2024-05-30,90.8826
FUND10,2024-05-31,90.972
FUND10,2024-06-03,90.9808
FUND10,2024-06-04,90.9844
FUND10,2024-06-05,90.1113
FUND10,2024-06-06,90.2683
FUND10,2024-06-07,90.0915
FUND10,2024-06-10,89.735
FUND10,2024-06-11,90.2729
FUND10,2024-06-12,89.8988
FUND10,2024-06-13,89.9641
FUND10,2024-06-14,89.4721
FUND10,2024-06-17,89.6362
FUND10,2024-06-18,89.076
FUND10,2024-06-19,89.1921
FUND10,2024-06-20,89.2652
FUND10,2024-06-21,89.5944
FUND10,2024-06-24,89.0799
FUND10,2024-06-25,88.9236
FUND10,2024-06-26,88.6085
FUND10,2024-06-27,88.9289
FUND10,2024-06-28,88.2399
FUND10,2024-07-01,88.1039
FUND10,2024-07-02,88.3268
FUND10,2024-07-03,88.4225
FUND10,2024-07-04,87.8174
FUND10,2024-07-05,88.2948
FUND10,2024-07-08,88.3433
FUND10,2024-07-09,88.7766
FUND10,2024-07-10,88.6271
FUND10,2024-07-11,88.6662
FUND10,2024-07-12,88.7715
FUND10,2024-07-15,88.6156
FUND10,2024-07-16,89.5489
FUND10,2024-07-17,89.4606
FUND10,2024-07-18,89.6256
FUND10,2024-07-19,89.3831
FUND10,2024-07-22,89.1775
FUND10,2024-07-23,89.1414
FUND10,2024-07-24,88.8702
FUND10,2024-07-25,88.5037
FUND10,2024-07-26,88.5433
FUND10,2024-07-29,88.3969
FUND10,2024-07-30,89.2929
FUND10,2024-07-31,89.2418
FUND10,2024-08-01,88.9934
FUND10,2024-08-02,89.2723
FUND10,2024-08-05,90.0211
FUND10,2024-08-06,89.3764
FUND10,2024-08-07,89.9095
FUND10,2024-08-08,89.4929
FUND10,2024-08-09,89.3138
FUND10,2024-08-12,88.7623
FUND10,2024-08-13,88.5936
FUND10,2024-08-14,88.0483
FUND10,2024-08-15,87.8245
FUND10,2024-08-16,87.7114
FUND10,2024-08-19,87.6761
FUND10,2024-08-20,87.8036
FUND10,2024-08-21,87.9355
FUND10,2024-08-22,87.9277
FUND10,2024-08-23,88.4806
FUND10,2024-08-26,88.5739
FUND10,2024-08-27,89.0932
FUND10,2024-08-28,89.172
FUND10,2024-08-29,88.9323
FUND10,2024-08-30,88.397
FUND10,2024-09-02,87.2768
FUND10,2024-09-03,87.1259
FUND10,2024-09-04,86.6831
FUND10,2024-09-05,86.6976
FUND10,2024-09-06,87.2365
FUND10,2024-09-09,86.3468
FUND10,2024-09-10,86.6401
FUND10,2024-09-11,86.0555
FUND10,2024-09-12,85.3396
FUND10,2024-09-13,86.249
FUND10,2024-09-16,86.5753
FUND10,2024-09-17,85.4058
FUND10,2024-09-18,85.9605
FUND10,2024-09-19,85.8937
FUND10,2024-09-20,86.5118
FUND10,2024-09-23,86.1641
FUND10,2024-09-24,86.2668
FUND10,2024-09-25,86.3376
FUND10,2024-09-26,85.5323
FUND10,2024-09-27,85.6068
FUND10,2024-09-30,85.9466
FUND10,2024-10-01,85.5891
FUND10,2024-10-02,85.8212
FUND10,2024-10-03,86.1065
FUND10,2024-10-04,86.1388
FUND10,2024-10-07,86.6155
FUND10,2024-10-08,86.8965
FUND10,2024-10-09,87.571
FUND10,2024-10-10,87.7005
FUND10,2024-10-11,88.1476
FUND10,2024-10-14,88.1131
FUND10,2024-10-15,88.4139
FUND10,2024-10-16,88.5785
FUND10,2024-10-17,88.7843
FUND10,2024-10-18,89.1139
FUND10,2024-10-21,89.0075
FUND10,2024-10-22,88.8996
FUND10,2024-10-23,88.1813
FUND10,2024-10-24,88.2989
FUND10,2024-10-25,87.8432
FUND10,2024-10-28,87.5537
FUND10,2024-10-29,87.4221
FUND10,2024-10-30,87.7118
FUND10,2024-10-31,87.9698
FUND10,2024-11-01,88.1827
FUND10,2024-11-04,88.1332
FUND10,2024-11-05,88.2725
FUND10,2024-11-06,87.9321
FUND10,2024-11-07,88.5834
FUND10,2024-11-08,89.2738
FUND10,2024-11-11,89.0498
FUND10,2024-11-12,88.5616
FUND10,2024-11-13,88.1097
FUND10,2024-11-14,87.755
FUND10,2024-11-15,87.4
FUND10,2024-11-18,87.5473
FUND10,2024-11-19,87.645
FUND10,2024-11-20,88.0137
FUND10,2024-11-21,88.1116
FUND10,2024-11-22,88.2221
FUND10,2024-11-25,88.1239
FUND10,2024-11-26,88.7857
FUND10,2024-11-27,89.4732
FUND10,2024-11-28,89.1696
FUND10,2024-11-29,89.3192
FUND10,2024-12-02,89.2366
FUND10,2024-12-03,89.1525
FUND10,2024-12-04,88.9446
FUND10,2024-12-05,88.495
FUND10,2024-12-06,88.4074
FUND10,2024-12-09,88.8177
FUND10,2024-12-10,89.4088
FUND10,2024-12-11,89.8255
FUND10,2024-12-12,89.91
FUND10,2024-12-13,90.4955
FUND10,2024-12-16,90.4876
FUND10,2024-12-17,90.4609
FUND10,2024-12-18,89.929
FUND10,2024-12-19,90.4485
FUND10,2024-12-20,90.8981
FUND10,2024-12-23,90.5222
FUND10,2024-12-24,90.0195
FUND10,2024-12-25,90.8755
FUND10,2024-12-26,90.9958
FUND10,2024-12-27,90.5667
FUND10,2024-12-30,90.4622
FUND10,2024-12-31,90.7289
FUND10,2025-01-01,91.2059
FUND10,2025-01-02,91.573
FUND10,2025-01-03,92.2812
FUND10,2025-01-06,92.6176
FUND10,2025-01-07,92.8375
FUND10,2025-01-08,93.3899
FUND10,2025-01-09,93.199
FUND10,2025-01-10,92.9721
FUND10,2025-01-13,92.3891
FUND10,2025-01-14,92.7421
FUND10,2025-01-15,92.466
FUND10,2025-01-16,92.6006
FUND10,2025-01-17,92.6703
FUND10,2025-01-20,92.5507
FUND10,2025-01-21,92.4028
FUND10,2025-01-22,92.8526
FUND10,2025-01-23,93.5766
FUND10,2025-01-24,93.4205
FUND10,2025-01-27,93.1083
FUND10,2025-01-28,93.9666
FUND10,2025-01-29,94.0317
FUND10,2025-01-30,93.8146
FUND10,2025-01-31,93.6969
FUND10,2025-02-03,94.094
FUND10,2025-02-04,94.0823
FUND10,2025-02-05,94.149
FUND10,2025-02-06,93.6122
FUND10,2025-02-07,93.3002
FUND10,2025-02-10,93.8075
FUND10,2025-02-11,94.0157
FUND10,2025-02-12,94.4813
FUND10,2025-02-13,93.762
FUND10,2025-02-14,93.5349
FUND10,2025-02-17,93.6952
FUND10,2025-02-18,94.0125
FUND10,2025-02-19,94.9457
FUND10,2025-02-20,95.0603
FUND10,2025-02-21,94.6935
FUND10,2025-02-24,94.3859
FUND10,2025-02-25,93.8256
FUND10,2025-02-26,94.4363
FUND10,2025-02-27,94.3952
FUND10,2025-02-28,94.1405
FUND10,2025-03-03,94.6672
FUND10,2025-03-04,95.2843
FUND10,2025-03-05,95.17
FUND10,2025-03-06,94.9672
FUND10,2025-03-07,95.1215
FUND10,2025-03-10,94.4015
FUND10,2025-03-11,94.6462
FUND10,2025-03-12,94.9704
FUND10,2025-03-13,95.0778
FUND10,2025-03-14,95.4171
FUND10,2025-03-17,95.4507
FUND10,2025-03-18,95.5535
FUND10,2025-03-19,96.1947
FUND10,2025-03-20,96.2713
FUND10,2025-03-21,97.0231
FUND10,2025-03-24,97.4357
FUND10,2025-03-25,97.3436
FUND10,2025-03-26,97.3514
FUND10,2025-03-27,97.0729
FUND10,2025-03-28,97.6473
FUND10,2025-03-31,98.9308
FUND10,2025-04-01,98.8413
FUND10,2025-04-02,99.0047
FUND10,2025-04-03,99.2551
FUND10,2025-04-04,99.3251
FUND10,2025-04-07,99.2762
FUND10,2025-04-08,99.5964
FUND10,2025-04-09,98.9487
FUND10,2025-04-10,98.5754
FUND10,2025-04-11,98.7105
FUND10,2025-04-14,98.7684
FUND10,2025-04-15,98.8868
FUND10,2025-04-16,99.1826
FUND10,2025-04-17,99.7606
FUND10,2025-04-18,99.3022
FUND10,2025-04-21,99.0165
FUND10,2025-04-22,99.537
FUND10,2025-04-23,99.6062
FUND10,2025-04-24,99.7204
FUND10,2025-04-25,100.3078
FUND10,2025-04-28,99.4826
FUND10,2025-04-29,100.1978
FUND10,2025-04-30,100.3174
FUND10,2025-05-01,99.7522
FUND10,2025-05-02,100.3408
FUND10,2025-05-05,101.205
FUND10,2025-05-06,101.9395
FUND10,2025-05-07,101.8488
FUND10,2025-05-08,102.2061
FUND10,2025-05-09,102.4888
FUND10,2025-05-12,101.8665
FUND10,2025-05-13,103.1048
FUND10,2025-05-14,102.6586
FUND10,2025-05-15,103.6701
FUND10,2025-05-16,103.6843
FUND10,2025-05-19,103.8405
FUND10,2025-05-20,103.7467
FUND10,2025-05-21,104.4479
FUND10,2025-05-22,105.3433
FUND10,2025-05-23,105.461
FUND10,2025-05-26,105.1837
FUND10,2025-05-27,104.8723
FUND10,2025-05-28,105.2273
FUND10,2025-05-29,104.1702
FUND10,2025-05-30,103.4224
FUND10,2025-06-02,103.456
FUND10,2025-06-03,103.6319
FUND10,2025-06-04,103.4285
FUND10,2025-06-05,103.2502
FUND10,2025-06-06,102.4545
FUND10,2025-06-09,102.2974
FUND10,2025-06-10,102.252
FUND10,2025-06-11,102.4188
FUND10,2025-06-12,102.7196
FUND10,2025-06-13,101.8203
FUND10,2025-06-16,102.587
FUND10,2025-06-17,101.611
FUND10,2025-06-18,101.8823
FUND10,2025-06-19,101.6977
FUND10,2025-06-20,102.1894
FUND10,2025-06-23,102.4792
FUND10,2025-06-24,102.4175
FUND10,2025-06-25,102.2969
FUND10,2025-06-26,101.5351
FUND10,2025-06-27,101.5207
FUND10,2025-06-30,101.2047
FUND10,2025-07-01,100.7902
FUND10,2025-07-02,100.296
FUND10,2025-07-03,100.3283
FUND10,2025-07-04,100.1596
FUND10,2025-07-07,100.5916
FUND10,2025-07-08,100.3667
FUND10,2025-07-09,99.7009
FUND10,2025-07-10,99.3632
FUND10,2025-07-11,99.4025
FUND10,2025-07-14,98.586
FUND10,2025-07-15,99.2138
FUND10,2025-07-16,99.1326
FUND10,2025-07-17,99.0968
FUND10,2025-07-18,99.183
FUND10,2025-07-21,99.5144
FUND10,2025-07-22,99.8442
FUND10,2025-07-23,99.5196
FUND10,2025-07-24,99.2139
FUND10,2025-07-25,100.146
FUND10,2025-07-28,99.1941
FUND10,2025-07-29,98.7546
FUND10,2025-07-30,98.3748
FUND10,2025-07-31,98.812
FUND10,2025-08-01,98.9668
FUND10,2025-08-04,99.1378
FUND10,2025-08-05,98.7631
FUND10,2025-08-06,98.9359
FUND10,2025-08-07,98.5198
FUND10,2025-08-08,98.2897
FUND10,2025-08-11,97.9691
FUND10,2025-08-12,97.666
FUND10,2025-08-13,97.2382
FUND10,2025-08-14,97.3587
FUND10,2025-08-15,97.5179
FUND10,2025-08-18,97.1729
FUND10,2025-08-19,96.9903
FUND10,2025-08-20,97.2076
FUND10,2025-08-21,97.3004
FUND10,2025-08-22,97.9734
FUND10,2025-08-25,97.8811
FUND10,2025-08-26,98.0538
FUND10,2025-08-27,98.3805
FUND10,2025-08-28,97.9507
FUND10,2025-08-29,97.4837
FUND10,2025-09-01,96.8878
FUND10,2025-09-02,97.0976
FUND10,2025-09-03,97.0333
FUND10,2025-09-04,97.1733
FUND10,2025-09-05,97.2547
FUND10,2025-09-08,97.3731
FUND10,2025-09-09,97.6843
FUND10,2025-09-10,97.5276
FUND10,2025-09-11,97.8918
FUND10,2025-09-12,98.1945
FUND10,2025-09-15,97.5888
FUND10,2025-09-16,97.5074
FUND10,2025-09-17,98.2329
FUND10,2025-09-18,99.8944
FUND10,2025-09-19,99.901
FUND10,2025-09-22,99.94
FUND10,2025-09-23,99.2073
FUND10,2025-09-24,99.286
FUND10,2025-09-25,99.2819
FUND10,2025-09-26,99.0476
FUND10,2025-09-29,99.8875
FUND10,2025-09-30,100.0124
FUND10,2025-10-01,99.5786
FUND10,2025-10-02,99.1016
FUND10,2025-10-03,99.4667
FUND10,2025-10-06,99.202
FUND10,2025-10-07,98.7989
FUND10,2025-10-08,98.0535
FUND10,2025-10-09,98.0195
FUND10,2025-10-10,98.3171
FUND10,2025-10-13,98.7142
FUND10,2025-10-14,98.8513
FUND10,2025-10-15,99.6327
FUND10,2025-10-16,99.1111
FUND10,2025-10-17,99.2269
FUND10,2025-10-20,99.4279
FUND10,2025-10-21,98.699
FUND10,2025-10-22,98.6387
FUND10,2025-10-23,98.1648
FUND10,2025-10-24,98.2946
FUND10,2025-10-27,97.9404
FUND10,2025-10-28,98.2638
FUND10,2025-10-29,99.0132
FUND10,2025-10-30,98.9394
FUND10,2025-10-31,98.6688
FUND10,2025-11-03,98.1398
FUND10,2025-11-04,98.3467
FUND10,2025-11-05,97.9515
FUND10,2025-11-06,98.4008
FUND10,2025-11-07,99.1845
FUND10,2025-11-10,100.0071
FUND10,2025-11-11,100.8787
FUND10,2025-11-12,100.9583
FUND10,2025-11-13,101.2017
FUND10,2025-11-14,100.8606
FUND10,2025-11-17,100.2668
FUND10,2025-11-18,100.6386
FUND10,2025-11-19,100.0009
FUND10,2025-11-20,100.4878
FUND10,2025-11-21,100.1132
FUND10,2025-11-24,100.0443
FUND11,2023-01-02,93.8445
FUND11,2023-01-03,93.6132
FUND11,2023-01-04,92.7318
FUND11,2023-01-05,91.8023
FUND11,2023-01-06,90.3339
FUND11,2023-01-09,89.1758
FUND11,2023-01-10,89.8207
FUND11,2023-01-11,89.7659
FUND11,2023-01-12,88.8978
FUND11,2023-01-13,89.6458
FUND11,2023-01-16,89.8381
FUND11,2023-01-17,90.2762
FUND11,2023-01-18,89.3684
FUND11,2023-01-19,88.9613
FUND11,2023-01-20,89.3075
FUND11,2023-01-23,89.0788
FUND11,2023-01-24,90.0332
FUND11,2023-01-25,90.7803
FUND11,2023-01-26,92.2167
FUND11,2023-01-27,92.5339
FUND11,2023-01-30,91.9417
FUND11,2023-01-31,92.0098
FUND11,2023-02-01,94.2584
FUND11,2023-02-02,95.3466
FUND11,2023-02-03,95.2195
FUND11,2023-02-06,95.949
FUND11,2023-02-07,95.7699
FUND11,2023-02-08,95.4756
FUND11,2023-02-09,96.6228
FUND11,2023-02-10,97.0769
FUND11,2023-02-13,98.0453
FUND11,2023-02-14,99.8514
FUND11,2023-02-15,99.3638
FUND11,2023-02-16,99.7105
FUND11,2023-02-17,100.7228
FUND11,2023-02-20,101.5811
FUND11,2023-02-21,101.2131
FUND11,2023-02-22,101.2938
FUND11,2023-02-23,103.346
FUND11,2023-02-24,102.7741
FUND11,2023-02-27,103.2974
FUND11,2023-02-28,103.8553
FUND11,2023-03-01,102.3371
FUND11,2023-03-02,103.0551
FUND11,2023-03-03,101.6435
FUND11,2023-03-06,101.897
FUND11,2023-03-07,103.231
FUND11,2023-03-08,102.7256
FUND11,2023-03-09,101.1308
FUND11,2023-03-10,101.1326
FUND11,2023-03-13,101.1387
FUND11,2023-03-14,101.2921
FUND11,2023-03-15,101.5576
FUND11,2023-03-16,101.884
FUND11,2023-03-17,100.3614
FUND11,2023-03-20,101.5079
FUND11,2023-03-21,99.2489
FUND11,2023-03-22,98.9087
FUND11,2023-03-23,99.7629
FUND11,2023-03-24,98.9971
FUND11,2023-03-27,97.5301
FUND11,2023-03-28,96.793
FUND11,2023-03-29,96.3288
FUND11,2023-03-30,98.3609
FUND11,2023-03-31,96.8596
FUND11,2023-04-03,97.3086
FUND11,2023-04-04,97.1314
FUND11,2023-04-05,96.3334
FUND11,2023-04-06,94.9756
FUND11,2023-04-07,93.8281
FUND11,2023-04-10,94.1873
FUND11,2023-04-11,94.8724
FUND11,2023-04-12,96.1935
FUND11,2023-04-13,95.2635
FUND11,2023-04-14,93.1881
FUND11,2023-04-17,93.7701
FUND11,2023-04-18,94.3078
FUND11,2023-04-19,95.4938
FUND11,2023-04-20,93.64
FUND11,2023-04-21,95.1208
FUND11,2023-04-24,95.2751
FUND11,2023-04-25,97.2976
FUND11,2023-04-26,97.1115
FUND11,2023-04-27,98.5404
FUND11,2023-04-28,97.973
FUND11,2023-05-01,100.188
FUND11,2023-05-02,99.6798
FUND11,2023-05-03,98.1355
FUND11,2023-05-04,98.4042
FUND11,2023-05-05,99.5975
FUND11,2023-05-08,100.935
FUND11,2023-05-09,100.898
FUND11,2023-05-10,101.3426
FUND11,2023-05-11,101.3569
FUND11,2023-05-12,102.8014
FUND11,2023-05-15,103.9471
FUND11,2023-05-16,103.4308
FUND11,2023-05-17,104.5031
FUND11,2023-05-18,104.5081
FUND11,2023-05-19,105.8251
FUND11,2023-05-22,105.4362
FUND11,2023-05-23,105.5645
FUND11,2023-05-24,104.9683
FUND11,2023-05-25,103.2898
FUND11,2023-05-26,102.0131
FUND11,2023-05-29,103.2317
FUND11,2023-05-30,103.9239
FUND11,2023-05-31,103.0967
FUND11,2023-06-01,103.6513
FUND11,2023-06-02,103.7144
FUND11,2023-06-05,104.5738
FUND11,2023-06-06,104.1201
FUND11,2023-06-07,104.1371
FUND11,2023-06-08,102.9185
FUND11,2023-06-09,104.1719
FUND11,2023-06-12,104.7666
FUND11,2023-06-13,104.9232
FUND11,2023-06-14,107.6162
FUND11,2023-06-15,108.9628
FUND11,2023-06-16,110.6102
FUND11,2023-06-19,111.0217
FUND11,2023-06-20,110.4589
FUND11,2023-06-21,111.0128
FUND11,2023-06-22,111.1021
FUND11,2023-06-23,110.7403
FUND11,2023-06-26,112.1382
FUND11,2023-06-27,111.8053
FUND11,2023-06-28,112.1303
FUND11,2023-06-29,112.3093
FUND11,2023-06-30,110.5899
FUND11,2023-07-03,111.2355
FUND11,2023-07-04,112.159
FUND11,2023-07-05,112.2526
FUND11,2023-07-06,112.5842
FUND11,2023-07-07,112.2433
FUND11,2023-07-10,111.5475
FUND11,2023-07-11,110.8524
FUND11,2023-07-12,108.8111
FUND11,2023-07-13,109.4497
FUND11,2023-07-14,107.9708
FUND11,2023-07-17,107.4981
FUND11,2023-07-18,105.1977
FUND11,2023-07-19,104.4998
FUND11,2023-07-20,105.1188
FUND11,2023-07-21,105.2463
FUND11,2023-07-24,105.3082
FUND11,2023-07-25,105.598
FUND11,2023-07-26,103.7712
FUND11,2023-07-27,104.7405
FUND11,2023-07-28,104.312
FUND11,2023-07-31,104.3735
FUND11,2023-08-01,104.8745
FUND11,2023-08-02,102.0092
FUND11,2023-08-03,103.5444
FUND11,2023-08-04,103.2058
FUND11,2023-08-07,103.8311
FUND11,2023-08-08,103.4871
FUND11,2023-08-09,102.8515
FUND11,2023-08-10,104.2882
FUND11,2023-08-11,103.0115
FUND11,2023-08-14,103.3528
FUND11,2023-08-15,102.8103
FUND11,2023-08-16,103.3887
FUND11,2023-08-17,104.3816
FUND11,2023-08-18,105.1618
FUND11,2023-08-21,105.7985
FUND11,2023-08-22,105.1671
FUND11,2023-08-23,104.9254
FUND11,2023-08-24,105.3155
FUND11,2023-08-25,106.6608
FUND11,2023-08-28,107.2103
FUND11,2023-08-29,107.0268
FUND11,2023-08-30,107.2906
FUND11,2023-08-31,108.3386
FUND11,2023-09-01,108.8942
FUND11,2023-09-04,109.9408
FUND11,2023-09-05,109.5112
FUND11,2023-09-06,110.5733
FUND11,2023-09-07,110.1919
FUND11,2023-09-08,110.3292
FUND11,2023-09-11,111.0187
FUND11,2023-09-12,109.5144
FUND11,2023-09-13,109.2543
FUND11,2023-09-14,109.5938
FUND11,2023-09-15,109.812
FUND11,2023-09-18,110.7886
FUND11,2023-09-19,108.1436
FUND11,2023-09-20,106.3038
FUND11,2023-09-21,107.4301
FUND11,2023-09-22,108.2843
FUND11,2023-09-25,110.5023
FUND11,2023-09-26,110.3982
FUND11,2023-09-27,111.8008
FUND11,2023-09-28,114.4162
FUND11,2023-09-29,111.7293
FUND11,2023-10-02,109.8344
FUND11,2023-10-03,109.2948
FUND11,2023-10-04,107.7105
FUND11,2023-10-05,109.4345
FUND11,2023-10-06,109.1611
FUND11,2023-10-09,108.3955
FUND11,2023-10-10,109.8159
FUND11,2023-10-11,110.5892
FUND11,2023-10-12,109.9486
FUND11,2023-10-13,110.7581
FUND11,2023-10-16,109.7268
FUND11,2023-10-17,108.9599
FUND11,2023-10-18,110.3226
FUND11,2023-10-19,109.3832
FUND11,2023-10-20,108.8437
FUND11,2023-10-23,108.3504
FUND11,2023-10-24,107.746
FUND11,2023-10-25,104.9247
FUND11,2023-10-26,103.2525
FUND11,2023-10-27,103.4416
FUND11,2023-10-30,104.9476
FUND11,2023-10-31,105.7222
FUND11,2023-11-01,105.1796
FUND11,2023-11-02,105.0677
FUND11,2023-11-03,103.2637
FUND11,2023-11-06,103.0155
FUND11,2023-11-07,102.7854
FUND11,2023-11-08,102.1808
FUND11,2023-11-09,102.8393
FUND11,2023-11-10,103.2849
FUND11,2023-11-13,103.9036
FUND11,2023-11-14,106.309
FUND11,2023-11-15,106.9277
FUND11,2023-11-16,104.7661
FUND11,2023-11-17,103.2742
FUND11,2023-11-20,103.2367
FUND11,2023-11-21,102.3084
FUND11,2023-11-22,102.0668
FUND11,2023-11-23,103.5933
FUND11,2023-11-24,103.7065
FUND11,2023-11-27,102.4295
FUND11,2023-11-28,103.9792
FUND11,2023-11-29,103.7872
FUND11,2023-11-30,103.7579
FUND11,2023-12-01,104.0144
FUND11,2023-12-04,104.5964
FUND11,2023-12-05,103.8243
FUND11,2023-12-06,103.9169
FUND11,2023-12-07,105.2869
FUND11,2023-12-08,106.662
FUND11,2023-12-11,105.7827
FUND11,2023-12-12,105.828
FUND11,2023-12-13,107.5324
FUND11,2023-12-14,107.2695
FUND11,2023-12-15,105.8001
FUND11,2023-12-18,105.1158
FUND11,2023-12-19,105.7955
FUND11,2023-12-20,105.7101
FUND11,2023-12-21,105.7807
FUND11,2023-12-22,106.0949
FUND11,2023-12-25,105.8164
FUND11,2023-12-26,106.3958
FUND11,2023-12-27,107.8906
FUND11,2023-12-28,108.3963
FUND11,2023-12-29,109.0159
FUND11,2024-01-01,110.3172
FUND11,2024-01-02,111.1836
FUND11,2024-01-03,112.5206
FUND11,2024-01-04,110.1859
FUND11,2024-01-05,110.2545
FUND11,2024-01-08,110.744
FUND11,2024-01-09,110.6175
FUND11,2024-01-10,109.6659
FUND11,2024-01-11,109.5435
FUND11,2024-01-12,108.7326
FUND11,2024-01-15,109.1424
FUND11,2024-01-16,109.9391
FUND11,2024-01-17,109.6936
FUND11,2024-01-18,110.9348
FUND11,2024-01-19,110.3594
FUND11,2024-01-22,109.701
FUND11,2024-01-23,109.8208
FUND11,2024-01-24,109.3926
FUND11,2024-01-25,110.5499
FUND11,2024-01-26,110.3803
FUND11,2024-01-29,111.0207
FUND11,2024-01-30,112.1322
FUND11,2024-01-31,110.2641
FUND11,2024-02-01,110.231
FUND11,2024-02-02,110.3974
FUND11,2024-02-05,108.308
FUND11,2024-02-06,108.3973
FUND11,2024-02-07,108.2089
FUND11,2024-02-08,106.616
FUND11,2024-02-09,108.1175
FUND11,2024-02-12,108.2869
FUND11,2024-02-13,105.7809
FUND11,2024-02-14,105.2856
FUND11,2024-02-15,104.9586
FUND11,2024-02-16,104.8632
FUND11,2024-02-19,104.0594
FUND11,2024-02-20,102.9289
FUND11,2024-02-21,103.2222
FUND11,2024-02-22,102.2132
FUND11,2024-02-23,103.2641
FUND11,2024-02-26,103.8145
FUND11,2024-02-27,104.0972
FUND11,2024-02-28,103.5091
FUND11,2024-02-29,103.656
FUND11,2024-03-01,103.7473
FUND11,2024-03-04,103.9355
FUND11,2024-03-05,102.2268
FUND11,2024-03-06,102.2461
FUND11,2024-03-07,99.8541
FUND11,2024-03-08,100.0074
FUND11,2024-03-11,102.6
FUND11,2024-03-12,101.59
FUND11,2024-03-13,100.7612
FUND11,2024-03-14,101.6562
FUND11,2024-03-15,100.7931
FUND11,2024-03-18,99.7387
FUND11,2024-03-19,99.5199
FUND11,2024-03-20,99.7038
FUND11,2024-03-21,100.6298
FUND11,2024-03-22,100.1688
FUND11,2024-03-25,99.5684
FUND11,2024-03-26,99.3222
FUND11,2024-03-27,98.6186
FUND11,2024-03-28,98.9511
FUND11,2024-03-29,100.3834
FUND11,2024-04-01,99.5427
FUND11,2024-04-02,98.3732
FUND11,2024-04-03,98.3277
FUND11,2024-04-04,97.7588
FUND11,2024-04-05,96.3318
FUND11,2024-04-08,95.0233
FUND11,2024-04-09,93.2156
FUND11,2024-04-10,93.1752
FUND11,2024-04-11,92.4813
FUND11,2024-04-12,94.2243
FUND11,2024-04-15,94.6348
FUND11,2024-04-16,93.655
FUND11,2024-04-17,92.6081
FUND11,2024-04-18,92.1834
FUND11,2024-04-19,90.903
FUND11,2024-04-22,90.8528
FUND11,2024-04-23,91.9148
FUND11,2024-04-24,91.6319
FUND11,2024-04-25,90.994
FUND11,2024-04-26,89.1531
FUND11,2024-04-29,87.8109
FUND11,2024-04-30,87.9122
FUND11,2024-05-01,87.8145
FUND11,2024-05-02,88.01
FUND11,2024-05-03,86.7295
FUND11,2024-05-06,87.5387
FUND11,2024-05-07,87.1049
FUND11,2024-05-08,85.4597
FUND11,2024-05-09,84.4981
FUND11,2024-05-10,83.9562
FUND11,2024-05-13,83.9127
FUND11,2024-05-14,82.4827
FUND11,2024-05-15,83.255
FUND11,2024-05-16,83.2636
FUND11,2024-05-17,84.0193
FUND11,2024-05-20,85.2947
FUND11,2024-05-21,85.0552
FUND11,2024-05-22,84.5157
FUND11,2024-05-23,85.0441
FUND11,2024-05-24,83.5311
FUND11,2024-05-27,84.4888
FUND11,2024-05-28,84.458
FUND11,2024-05-29,84.1053
FUND11,2024-05-30,83.1352
FUND11,2024-05-31,82.0277
FUND11,2024-06-03,81.7849
FUND11,2024-06-04,82.1975
FUND11,2024-06-05,82.2034
FUND11,2024-06-06,80.2552
FUND11,2024-06-07,79.7027
FUND11,2024-06-10,80.1487
FUND11,2024-06-11,81.6979
FUND11,2024-06-12,81.5921
FUND11,2024-06-13,81.9361
FUND11,2024-06-14,81.9609
FUND11,2024-06-17,81.6386
FUND11,2024-06-18,80.6834
FUND11,2024-06-19,79.9354
FUND11,2024-06-20,78.8423
FUND11,2024-06-21,79.2426
FUND11,2024-06-24,79.9641
FUND11,2024-06-25,79.8279
FUND11,2024-06-26,79.3207
FUND11,2024-06-27,80.1735
FUND11,2024-06-28,82.0409
FUND11,2024-07-01,80.5726
FUND11,2024-07-02,81.0625
FUND11,2024-07-03,81.1994
FUND11,2024-07-04,81.4912
FUND11,2024-07-05,82.0986
FUND11,2024-07-08,83.4329
FUND11,2024-07-09,83.3451
FUND11,2024-07-10,85.2313
FUND11,2024-07-11,84.209
FUND11,2024-07-12,84.8972
FUND11,2024-07-15,83.6589
FUND11,2024-07-16,82.4476
FUND11,2024-07-17,82.8281
FUND11,2024-07-18,83.4695
FUND11,2024-07-19,82.9894
FUND11,2024-07-22,83.4935
FUND11,2024-07-23,82.8853
FUND11,2024-07-24,83.8639
FUND11,2024-07-25,82.596
FUND11,2024-07-26,82.7953
FUND11,2024-07-29,83.0632
FUND11,2024-07-30,83.2663
FUND11,2024-07-31,83.2894
FUND11,2024-08-01,83.2071
FUND11,2024-08-02,81.0029
FUND11,2024-08-05,79.7891
FUND11,2024-08-06,80.637
FUND11,2024-08-07,81.2403
FUND11,2024-08-08,82.4078
FUND11,2024-08-09,82.4826
FUND11,2024-08-12,83.9501
FUND11,2024-08-13,83.8507
FUND11,2024-08-14,84.7709
FUND11,2024-08-15,84.3806
FUND11,2024-08-16,83.9198
FUND11,2024-08-19,84.7309
FUND11,2024-08-20,83.4799
FUND11,2024-08-21,84.8246
FUND11,2024-08-22,86.4708
FUND11,2024-08-23,86.4877
FUND11,2024-08-26,87.7493
FUND11,2024-08-27,87.2837
FUND11,2024-08-28,87.0818
FUND11,2024-08-29,87.3196
FUND11,2024-08-30,86.8405
FUND11,2024-09-02,87.4984
FUND11,2024-09-03,88.3335
FUND11,2024-09-04,88.9537
FUND11,2024-09-05,88.503
FUND11,2024-09-06,87.1255
FUND11,2024-09-09,87.5257
FUND11,2024-09-10,87.2269
FUND11,2024-09-11,85.7845
FUND11,2024-09-12,84.7334
FUND11,2024-09-13,84.5044
FUND11,2024-09-16,85.8644
FUND11,2024-09-17,86.2269
FUND11,2024-09-18,85.4614
FUND11,2024-09-19,84.5253
FUND11,2024-09-20,83.6756
FUND11,2024-09-23,82.8109
FUND11,2024-09-24,82.9705
FUND11,2024-09-25,83.9513
FUND11,2024-09-26,86.3343
FUND11,2024-09-27,87.9406
FUND11,2024-09-30,87.5229
FUND11,2024-10-01,88.4007
FUND11,2024-10-02,88.5145
FUND11,2024-10-03,90.1388
FUND11,2024-10-04,90.6446
FUND11,2024-10-07,90.202
FUND11,2024-10-08,91.1294
FUND11,2024-10-09,90.4034
FUND11,2024-10-10,89.8368
FUND11,2024-10-11,89.5682
FUND11,2024-10-14,89.3425
FUND11,2024-10-15,87.4333
FUND11,2024-10-16,88.3767
FUND11,2024-10-17,90.8519
FUND11,2024-10-18,89.706
FUND11,2024-10-21,90.9906
FUND11,2024-10-22,89.4097
FUND11,2024-10-23,89.3567
FUND11,2024-10-24,88.6095
FUND11,2024-10-25,88.8059
FUND11,2024-10-28,89.3119
FUND11,2024-10-29,88.1362
FUND11,2024-10-30,88.0095
FUND11,2024-10-31,88.7066
FUND11,2024-11-01,87.8743
FUND11,2024-11-04,89.0291
FUND11,2024-11-05,90.2411
FUND11,2024-11-06,89.8202
FUND11,2024-11-07,91.1673
FUND11,2024-11-08,89.3502
FUND11,2024-11-11,88.8031
FUND11,2024-11-12,89.3204
FUND11,2024-11-13,90.2222
FUND11,2024-11-14,91.2786
FUND11,2024-11-15,92.2316
FUND11,2024-11-18,92.2936
FUND11,2024-11-19,92.9781
FUND11,2024-11-20,93.0315
FUND11,2024-11-21,91.6369
FUND11,2024-11-22,92.5218
FUND11,2024-11-25,93.0934
FUND11,2024-11-26,92.9958
FUND11,2024-11-27,92.4624
FUND11,2024-11-28,94.3572
FUND11,2024-11-29,93.4686
FUND11,2024-12-02,93.5632
FUND11,2024-12-03,92.9055
FUND11,2024-12-04,92.8773
FUND11,2024-12-05,93.998
FUND11,2024-12-06,94.4231
FUND11,2024-12-09,94.146
FUND11,2024-12-10,94.9664
FUND11,2024-12-11,95.9106
FUND11,2024-12-12,95.869
FUND11,2024-12-13,95.4656
FUND11,2024-12-16,94.7714
FUND11,2024-12-17,92.932
FUND11,2024-12-18,94.454
FUND11,2024-12-19,93.7832
FUND11,2024-12-20,92.6784
FUND11,2024-12-23,91.8845
FUND11,2024-12-24,90.8219
FUND11,2024-12-25,91.8932
FUND11,2024-12-26,91.8351
FUND11,2024-12-27,90.9272
FUND11,2024-12-30,90.1899
FUND11,2024-12-31,89.2759
FUND11,2025-01-01,90.3424
FUND11,2025-01-02,89.0253
FUND11,2025-01-03,89.1246
FUND11,2025-01-06,89.6009
FUND11,2025-01-07,89.9672
FUND11,2025-01-08,90.2023
FUND11,2025-01-09,90.0955
FUND11,2025-01-10,87.9205
FUND11,2025-01-13,87.9283
FUND11,2025-01-14,87.4978
FUND11,2025-01-15,86.32
FUND11,2025-01-16,87.6407
FUND11,2025-01-17,88.8087
FUND11,2025-01-20,88.4875
FUND11,2025-01-21,88.8394
FUND11,2025-01-22,88.8662
FUND11,2025-01-23,87.1447
FUND11,2025-01-24,86.7783
FUND11,2025-01-27,87.5861
FUND11,2025-01-28,87.5082
FUND11,2025-01-29,86.6243
FUND11,2025-01-30,87.6651
FUND11,2025-01-31,88.0063
FUND11,2025-02-03,86.969
FUND11,2025-02-04,86.4775
FUND11,2025-02-05,86.1207
FUND11,2025-02-06,85.263
FUND11,2025-02-07,85.9587
FUND11,2025-02-10,85.4972
FUND11,2025-02-11,85.6413
FUND11,2025-02-12,87.2514
FUND11,2025-02-13,86.6677
FUND11,2025-02-14,85.6971
FUND11,2025-02-17,85.7207
FUND11,2025-02-18,85.3413
FUND11,2025-02-19,85.0673
FUND11,2025-02-20,84.2838
FUND11,2025-02-21,82.9492
FUND11,2025-02-24,82.6317
FUND11,2025-02-25,81.5432
FUND11,2025-02-26,80.6313
FUND11,2025-02-27,83.0317
FUND11,2025-02-28,85.1439
FUND11,2025-03-03,87.2689
FUND11,2025-03-04,87.0128
FUND11,2025-03-05,86.0426
FUND11,2025-03-06,86.5611
FUND11,2025-03-07,85.6583
FUND11,2025-03-10,85.4349
FUND11,2025-03-11,84.6298
FUND11,2025-03-12,85.4381
FUND11,2025-03-13,85.3661
FUND11,2025-03-14,85.6752
FUND11,2025-03-17,85.1574
FUND11,2025-03-18,85.0043
FUND11,2025-03-19,83.4255
FUND11,2025-03-20,83.3601
FUND11,2025-03-21,83.111
FUND11,2025-03-24,83.4927
FUND11,2025-03-25,83.1069
FUND11,2025-03-26,82.2702
FUND11,2025-03-27,82.3587
FUND11,2025-03-28,83.63
FUND11,2025-03-31,83.5271
FUND11,2025-04-01,85.0958
FUND11,2025-04-02,82.9062
FUND11,2025-04-03,82.1817
FUND11,2025-04-04,81.9734
FUND11,2025-04-07,80.8597
FUND11,2025-04-08,78.5805
FUND11,2025-04-09,78.6405
FUND11,2025-04-10,77.8483
FUND11,2025-04-11,77.219
FUND11,2025-04-14,77.1253
FUND11,2025-04-15,76.9711
FUND11,2025-04-16,76.494
FUND11,2025-04-17,77.0064
FUND11,2025-04-18,76.398
FUND11,2025-04-21,77.3204
FUND11,2025-04-22,78.3242
FUND11,2025-04-23,77.0569
FUND11,2025-04-24,76.3766
FUND11,2025-04-25,77.1289
FUND11,2025-04-28,76.1288
FUND11,2025-04-29,75.6926
FUND11,2025-04-30,75.8365
FUND11,2025-05-01,76.6457
FUND11,2025-05-02,77.6006
FUND11,2025-05-05,77.5058
FUND11,2025-05-06,77.9617
FUND11,2025-05-07,78.2498
FUND11,2025-05-08,79.5941
FUND11,2025-05-09,79.6047
FUND11,2025-05-12,79.514
FUND11,2025-05-13,79.3721
FUND11,2025-05-14,78.3254
FUND11,2025-05-15,77.2874
FUND11,2025-05-16,75.1476
FUND11,2025-05-19,76.3154
FUND11,2025-05-20,77.8904
FUND11,2025-05-21,76.5172
FUND11,2025-05-22,77.2122
FUND11,2025-05-23,77.5547
FUND11,2025-05-26,77.4127
FUND11,2025-05-27,77.9325
FUND11,2025-05-28,77.8706
FUND11,2025-05-29,80.0361
FUND11,2025-05-30,80.8116
FUND11,2025-06-02,80.1713
FUND11,2025-06-03,79.2878
FUND11,2025-06-04,80.4447
FUND11,2025-06-05,80.244
FUND11,2025-06-06,80.0845
FUND11,2025-06-09,80.2297
FUND11,2025-06-10,80.3062
FUND11,2025-06-11,81.292
FUND11,2025-06-12,80.5156
FUND11,2025-06-13,78.6126
FUND11,2025-06-16,78.1788
FUND11,2025-06-17,77.5538
FUND11,2025-06-18,77.0609
FUND11,2025-06-19,75.7493
FUND11,2025-06-20,75.0271
FUND11,2025-06-23,73.9121
FUND11,2025-06-24,74.6672
FUND11,2025-06-25,73.8427
FUND11,2025-06-26,73.686
FUND11,2025-06-27,74.8056
FUND11,2025-06-30,74.5611
FUND11,2025-07-01,74.8707
FUND11,2025-07-02,75.6733
FUND11,2025-07-03,76.1454
FUND11,2025-07-04,75.704
FUND11,2025-07-07,74.9044
FUND11,2025-07-08,75.9287
FUND11,2025-07-09,76.0971
FUND11,2025-07-10,75.5494
FUND11,2025-07-11,75.2926
FUND11,2025-07-14,75.2718
FUND11,2025-07-15,73.9012
FUND11,2025-07-16,74.2913
FUND11,2025-07-17,75.1171
FUND11,2025-07-18,74.6251
FUND11,2025-07-21,73.9927
FUND11,2025-07-22,73.6951
FUND11,2025-07-23,73.5624
FUND11,2025-07-24,75.1234
FUND11,2025-07-25,75.8068
FUND11,2025-07-28,75.9679
FUND11,2025-07-29,75.5034
FUND11,2025-07-30,75.5835
FUND11,2025-07-31,75.4586
FUND11,2025-08-01,74.566
FUND11,2025-08-04,74.2541
FUND11,2025-08-05,74.614
FUND11,2025-08-06,73.8035
FUND11,2025-08-07,72.8134
FUND11,2025-08-08,72.7137
FUND11,2025-08-11,72.4314
FUND11,2025-08-12,71.1551
FUND11,2025-08-13,72.053
FUND11,2025-08-14,72.9521
FUND11,2025-08-15,74.552
FUND11,2025-08-18,74.2178
FUND11,2025-08-19,74.6773
FUND11,2025-08-20,75.648
FUND11,2025-08-21,76.0939
FUND11,2025-08-22,77.0238
FUND11,2025-08-25,77.172
FUND11,2025-08-26,76.8019
FUND11,2025-08-27,77.1963
FUND11,2025-08-28,77.6112
FUND11,2025-08-29,78.1805
FUND11,2025-09-01,79.0871
FUND11,2025-09-02,79.2385
FUND11,2025-09-03,79.0827
FUND11,2025-09-04,80.0718
FUND11,2025-09-05,79.9685
FUND11,2025-09-08,79.3076
FUND11,2025-09-09,80.1097
FUND11,2025-09-10,78.3545
FUND11,2025-09-11,79.2873
FUND11,2025-09-12,80.0047
FUND11,2025-09-15,80.0261
FUND11,2025-09-16,80.9968
FUND11,2025-09-17,80.6803
FUND11,2025-09-18,80.9532
FUND11,2025-09-19,79.7665
FUND11,2025-09-22,78.7647
FUND11,2025-09-23,79.1495
FUND11,2025-09-24,78.8322
FUND11,2025-09-25,77.9154
FUND11,2025-09-26,78.6872
FUND11,2025-09-29,78.6411
FUND11,2025-09-30,78.1171
FUND11,2025-10-01,78.0051
FUND11,2025-10-02,79.2449
FUND11,2025-10-03,80.154
FUND11,2025-10-06,80.2186
FUND11,2025-10-07,80.7759
FUND11,2025-10-08,80.3095
FUND11,2025-10-09,81.832
FUND11,2025-10-10,82.9668
FUND11,2025-10-13,82.6793
FUND11,2025-10-14,82.8726
FUND11,2025-10-15,83.6881
FUND11,2025-10-16,84.5491
FUND11,2025-10-17,85.4569
FUND11,2025-10-20,86.0876
FUND11,2025-10-21,86.4193
FUND11,2025-10-22,85.0113
FUND11,2025-10-23,86.326
FUND11,2025-10-24,86.046
FUND11,2025-10-27,86.2876
FUND11,2025-10-28,86.2855
FUND11,2025-10-29,87.2515
FUND11,2025-10-30,86.8907
FUND11,2025-10-31,85.8622
FUND11,2025-11-03,87.1938
FUND11,2025-11-04,87.848
FUND11,2025-11-05,89.2806
FUND11,2025-11-06,89.2623
FUND11,2025-11-07,89.6014
FUND11,2025-11-10,90.4654
FUND11,2025-11-11,89.531
FUND11,2025-11-12,88.1146
FUND11,2025-11-13,87.3828
FUND11,2025-11-14,86.8255
FUND11,2025-11-17,88.4555
FUND11,2025-11-18,90.8396
FUND11,2025-11-19,90.6657
FUND11,2025-11-20,90.777
FUND11,2025-11-21,90.4994
FUND11,2025-11-24,90.2943
FUND12,2023-01-02,59.1811
FUND12,2023-01-03,58.9692
FUND12,2023-01-04,58.8623
FUND12,2023-01-05,59.0978
FUND12,2023-01-06,59.2695
FUND12,2023-01-09,59.1227
FUND12,2023-01-10,59.4473
FUND12,2023-01-11,59.4853
FUND12,2023-01-12,59.8073
FUND12,2023-01-13,59.7658
FUND12,2023-01-16,60.3581
FUND12,2023-01-17,60.8265
FUND12,2023-01-18,61.0811
FUND12,2023-01-19,61.5695
FUND12,2023-01-20,61.3775
FUND12,2023-01-23,61.9657
FUND12,2023-01-24,61.5814
FUND12,2023-01-25,61.6273
FUND12,2023-01-26,61.4456
FUND12,2023-01-27,60.8414
FUND12,2023-01-30,60.4407
FUND12,2023-01-31,60.3199
FUND12,2023-02-01,60.4956
FUND12,2023-02-02,60.3956
FUND12,2023-02-03,60.7165
FUND12,2023-02-06,60.6299
FUND12,2023-02-07,60.3503
FUND12,2023-02-08,60.8063
FUND12,2023-02-09,61.2165
FUND12,2023-02-10,61.1558
FUND12,2023-02-13,60.6501
FUND12,2023-02-14,60.3173
FUND12,2023-02-15,60.1705
FUND12,2023-02-16,60.2139
FUND12,2023-02-17,60.6174
FUND12,2023-02-20,60.6598
FUND12,2023-02-21,60.773
FUND12,2023-02-22,60.9318
FUND12,2023-02-23,60.5683
FUND12,2023-02-24,60.9505
FUND12,2023-02-27,61.4632
FUND12,2023-02-28,61.6544
FUND12,2023-03-01,62.1822
FUND12,2023-03-02,62.1192
FUND12,2023-03-03,62.1415
FUND12,2023-03-06,62.6146
FUND12,2023-03-07,62.5776
FUND12,2023-03-08,62.3934
FUND12,2023-03-09,63.0057
FUND12,2023-03-10,62.974
FUND12,2023-03-13,62.7247
FUND12,2023-03-14,62.7409
FUND12,2023-03-15,62.045
FUND12,2023-03-16,62.4101
FUND12,2023-03-17,62.878
FUND12,2023-03-20,62.4815
FUND12,2023-03-21,62.278
FUND12,2023-03-22,62.914
FUND12,2023-03-23,63.2578
FUND12,2023-03-24,63.1664
FUND12,2023-03-27,63.1304
FUND12,2023-03-28,63.2854
FUND12,2023-03-29,63.7843
FUND12,2023-03-30,64.0678
FUND12,2023-03-31,64.281
FUND12,2023-04-03,64.2316
FUND12,2023-04-04,64.7799
FUND12,2023-04-05,65.0014
FUND12,2023-04-06,64.6419
FUND12,2023-04-07,64.5286
FUND12,2023-04-10,65.1684
FUND12,2023-04-11,64.5586
FUND12,2023-04-12,64.2152
FUND12,2023-04-13,64.4231
FUND12,2023-04-14,64.3964
FUND12,2023-04-17,64.0278
FUND12,2023-04-18,62.8537
FUND12,2023-04-19,62.7628
FUND12,2023-04-20,63.1772
FUND12,2023-04-21,62.8608
FUND12,2023-04-24,62.4968
FUND12,2023-04-25,62.7745
FUND12,2023-04-26,63.2633
FUND12,2023-04-27,62.9873
FUND12,2023-04-28,62.8908
FUND12,2023-05-01,62.4024
FUND12,2023-05-02,62.4218
FUND12,2023-05-03,62.1929
FUND12,2023-05-04,62.1565
FUND12,2023-05-05,61.3657
FUND12,2023-05-08,61.6848
FUND12,2023-05-09,61.0982
FUND12,2023-05-10,60.6787
FUND12,2023-05-11,60.6202
FUND12,2023-05-12,59.9877
FUND12,2023-05-15,59.491
FUND12,2023-05-16,59.2109
FUND12,2023-05-17,58.6499
FUND12,2023-05-18,58.448
FUND12,2023-05-19,58.4339
FUND12,2023-05-22,58.9825
FUND12,2023-05-23,59.2744
FUND12,2023-05-24,58.5171
FUND12,2023-05-25,58.4697
FUND12,2023-05-26,58.2194
FUND12,2023-05-29,58.3792
FUND12,2023-05-30,58.2912
FUND12,2023-05-31,58.4186
FUND12,2023-06-01,58.6394
FUND12,2023-06-02,58.5364
FUND12,2023-06-05,58.0394
FUND12,2023-06-06,57.9297
FUND12,2023-06-07,58.1401
FUND12,2023-06-08,58.3348
FUND12,2023-06-09,58.2952
FUND12,2023-06-12,58.5207
FUND12,2023-06-13,58.509
FUND12,2023-06-14,58.1246
FUND12,2023-06-15,58.1967
FUND12,2023-06-16,58.474
FUND12,2023-06-19,58.9006
FUND12,2023-06-20,58.7357
FUND12,2023-06-21,58.7929
FUND12,2023-06-22,58.7369
FUND12,2023-06-23,58.3335
FUND12,2023-06-26,58.4512
FUND12,2023-06-27,58.1787
FUND12,2023-06-28,58.2186
FUND12,2023-06-29,58.0302
FUND12,2023-06-30,57.8657
FUND12,2023-07-03,57.8651
FUND12,2023-07-04,57.9084
FUND12,2023-07-05,58.0795
FUND12,2023-07-06,57.9716
FUND12,2023-07-07,57.903
FUND12,2023-07-10,58.0343
FUND12,2023-07-11,57.9229
FUND12,2023-07-12,57.9478
FUND12,2023-07-13,57.7887
FUND12,2023-07-14,57.7912
FUND12,2023-07-17,58.063
FUND12,2023-07-18,58.3324
FUND12,2023-07-19,58.6047
FUND12,2023-07-20,59.0018
FUND12,2023-07-21,59.0678
FUND12,2023-07-24,59.3985
FUND12,2023-07-25,59.3155
FUND12,2023-07-26,59.6526
FUND12,2023-07-27,59.9114
FUND12,2023-07-28,60.4612
FUND12,2023-07-31,60.7488
FUND12,2023-08-01,60.9876
FUND12,2023-08-02,61.1097
FUND12,2023-08-03,60.9655
FUND12,2023-08-04,60.7748
FUND12,2023-08-07,61.0687
FUND12,2023-08-08,60.6714
FUND12,2023-08-09,61.1961
FUND12,2023-08-10,61.2828
FUND12,2023-08-11,61.5029
FUND12,2023-08-14,61.8401
FUND12,2023-08-15,61.9424
FUND12,2023-08-16,61.935
FUND12,2023-08-17,61.246
FUND12,2023-08-18,61.3816
FUND12,2023-08-21,61.5852
FUND12,2023-08-22,61.1238
FUND12,2023-08-23,61.2057
FUND12,2023-08-24,61.1914
FUND12,2023-08-25,61.5499
FUND12,2023-08-28,61.0106
FUND12,2023-08-29,60.8495
FUND12,2023-08-30,60.8051
FUND12,2023-08-31,60.5446
FUND12,2023-09-01,60.624
FUND12,2023-09-04,59.979
FUND12,2023-09-05,59.2739
FUND12,2023-09-06,59.2844
FUND12,2023-09-07,59.4762
FUND12,2023-09-08,59.2331
FUND12,2023-09-11,59.3682
FUND12,2023-09-12,59.4832
FUND12,2023-09-13,59.6847
FUND12,2023-09-14,59.7282
FUND12,2023-09-15,59.2041
FUND12,2023-09-18,59.2229
FUND12,2023-09-19,59.282
FUND12,2023-09-20,59.7746
FUND12,2023-09-21,59.3169
FUND12,2023-09-22,60.0596
FUND12,2023-09-25,60.0518
FUND12,2023-09-26,59.7307
FUND12,2023-09-27,59.6597
FUND12,2023-09-28,60.0339
FUND12,2023-09-29,60.0696
FUND12,2023-10-02,59.8479
FUND12,2023-10-03,60.0862
FUND12,2023-10-04,60.4186
FUND12,2023-10-05,60.4397
FUND12,2023-10-06,61.008
FUND12,2023-10-09,61.7135
FUND12,2023-10-10,60.9377
FUND12,2023-10-11,60.9671
FUND12,2023-10-12,61.5882
FUND12,2023-10-13,61.7714
FUND12,2023-10-16,62.2792
FUND12,2023-10-17,62.4887
FUND12,2023-10-18,62.0277
FUND12,2023-10-19,61.8386
FUND12,2023-10-20,61.8553
FUND12,2023-10-23,62.315
FUND12,2023-10-24,62.3141
FUND12,2023-10-25,62.175
FUND12,2023-10-26,62.016
FUND12,2023-10-27,62.098
FUND12,2023-10-30,62.1862
FUND12,2023-10-31,62.9664
FUND12,2023-11-01,62.94
FUND12,2023-11-02,62.5449
FUND12,2023-11-03,62.7708
FUND12,2023-11-06,62.8817
FUND12,2023-11-07,62.9603
FUND12,2023-11-08,62.7408
FUND12,2023-11-09,62.918
FUND12,2023-11-10,62.7754
FUND12,2023-11-13,62.6152
FUND12,2023-11-14,62.4388
FUND12,2023-11-15,62.7842
FUND12,2023-11-16,62.3247
FUND12,2023-11-17,62.315
FUND12,2023-11-20,62.2469
FUND12,2023-11-21,62.5141
FUND12,2023-11-22,62.475
FUND12,2023-11-23,62.7986
FUND12,2023-11-24,62.563
FUND12,2023-11-27,62.7269
FUND12,2023-11-28,62.8392
FUND12,2023-11-29,62.8876
FUND12,2023-11-30,63.4317
FUND12,2023-12-01,63.6314
FUND12,2023-12-04,63.7423
FUND12,2023-12-05,64.1354
FUND12,2023-12-06,64.2879
FUND12,2023-12-07,64.2226
FUND12,2023-12-08,64.5744
FUND12,2023-12-11,65.3629
FUND12,2023-12-12,65.1896
FUND12,2023-12-13,65.4339
FUND12,2023-12-14,65.5022
FUND12,2023-12-15,65.5561
FUND12,2023-12-18,64.9187
FUND12,2023-12-19,64.7195
FUND12,2023-12-20,64.4634
FUND12,2023-12-21,64.9765
FUND12,2023-12-22,64.61
FUND12,2023-12-25,65.0878
FUND12,2023-12-26,64.7799
FUND12,2023-12-27,64.7406
FUND12,2023-12-28,64.6223
FUND12,2023-12-29,64.4515
FUND12,2024-01-01,63.9371
FUND12,2024-01-02,64.431
FUND12,2024-01-03,64.8372
FUND12,2024-01-04,65.2737
FUND12,2024-01-05,65.6305
FUND12,2024-01-08,65.9701
FUND12,2024-01-09,66.4272
FUND12,2024-01-10,66.1781
FUND12,2024-01-11,66.4004
FUND12,2024-01-12,66.9355
FUND12,2024-01-15,67.0823
FUND12,2024-01-16,67.0401
FUND12,2024-01-17,66.7482
FUND12,2024-01-18,66.6755
FUND12,2024-01-19,66.5312
FUND12,2024-01-22,65.4941
FUND12,2024-01-23,65.6804
FUND12,2024-01-24,66.2348
FUND12,2024-01-25,66.4773
FUND12,2024-01-26,66.5613
FUND12,2024-01-29,66.3256
FUND12,2024-01-30,66.2626
FUND12,2024-01-31,66.779
FUND12,2024-02-01,66.314
FUND12,2024-02-02,67.1351
FUND12,2024-02-05,66.6195
FUND12,2024-02-06,66.9464
FUND12,2024-02-07,66.7292
FUND12,2024-02-08,66.5911
FUND12,2024-02-09,65.849
FUND12,2024-02-12,66.2029
FUND12,2024-02-13,66.3756
FUND12,2024-02-14,66.7768
FUND12,2024-02-15,66.622
FUND12,2024-02-16,67.1184
FUND12,2024-02-19,67.206
FUND12,2024-02-20,67.1656
FUND12,2024-02-21,67.0095
FUND12,2024-02-22,67.4734
FUND12,2024-02-23,67.6257
FUND12,2024-02-26,67.7997
FUND12,2024-02-27,67.2873
FUND12,2024-02-28,67.2877
FUND12,2024-02-29,66.9491
FUND12,2024-03-01,66.683
FUND12,2024-03-04,66.0462
FUND12,2024-03-05,66.2755
FUND12,2024-03-06,66.2588
FUND12,2024-03-07,66.2815
FUND12,2024-03-08,65.9551
FUND12,2024-03-11,66.0413
FUND12,2024-03-12,65.7125
FUND12,2024-03-13,65.7034
FUND12,2024-03-14,65.9454
FUND12,2024-03-15,66.0983
FUND12,2024-03-18,66.3277
FUND12,2024-03-19,66.1102
FUND12,2024-03-20,65.4477
FUND12,2024-03-21,65.5657
FUND12,2024-03-22,65.2141
FUND12,2024-03-25,65.1237
FUND12,2024-03-26,64.7361
FUND12,2024-03-27,64.6766
FUND12,2024-03-28,64.9266
FUND12,2024-03-29,64.8337
FUND12,2024-04-01,64.4317
FUND12,2024-04-02,64.5021
FUND12,2024-04-03,64.615
FUND12,2024-04-04,64.6428
FUND12,2024-04-05,64.7603
FUND12,2024-04-08,65.208
FUND12,2024-04-09,65.8064
FUND12,2024-04-10,66.0771
FUND12,2024-04-11,65.9748
FUND12,2024-04-12,66.123
FUND12,2024-04-15,65.6555
FUND12,2024-04-16,65.6805
FUND12,2024-04-17,66.3527
FUND12,2024-04-18,66.3556
FUND12,2024-04-19,66.3727
FUND12,2024-04-22,66.1168
FUND12,2024-04-23,66.5307
FUND12,2024-04-24,66.4513
FUND12,2024-04-25,66.5806
FUND12,2024-04-26,66.4782
FUND12,2024-04-29,66.0699
FUND12,2024-04-30,66.028
FUND12,2024-05-01,65.6943
FUND12,2024-05-02,65.4783
FUND12,2024-05-03,65.3
FUND12,2024-05-06,65.9196
FUND12,2024-05-07,66.168
FUND12,2024-05-08,66.3001
FUND12,2024-05-09,66.0992
FUND12,2024-05-10,66.3345
FUND12,2024-05-13,66.3079
FUND12,2024-05-14,66.7605
FUND12,2024-05-15,66.7034
FUND12,2024-05-16,67.3356
FUND12,2024-05-17,67.2742
FUND12,2024-05-20,67.3281
FUND12,2024-05-21,67.1825
FUND12,2024-05-22,67.1946
FUND12,2024-05-23,66.8651
FUND12,2024-05-24,66.4777
FUND12,2024-05-27,65.9105
FUND12,2024-05-28,65.6363
FUND12,2024-05-29,65.3268
FUND12,2024-05-30,65.4478
FUND12,2024-05-31,65.2439
FUND12,2024-06-03,65.2107
FUND12,2024-06-04,65.6867
FUND12,2024-06-05,65.9151
FUND12,2024-06-06,65.3874
FUND12,2024-06-07,65.5495
FUND12,2024-06-10,65.7806
FUND12,2024-06-11,65.7517
FUND12,2024-06-12,65.4406
FUND12,2024-06-13,65.5877
FUND12,2024-06-14,65.5192
FUND12,2024-06-17,65.6332
FUND12,2024-06-18,65.8573
FUND12,2024-06-19,66.0255
FUND12,2024-06-20,65.8734
FUND12,2024-06-21,65.3282
FUND12,2024-06-24,65.3825
FUND12,2024-06-25,65.3602
FUND12,2024-06-26,65.3236
FUND12,2024-06-27,65.4576
FUND12,2024-06-28,65.6647
FUND12,2024-07-01,65.3091
FUND12,2024-07-02,65.6234
FUND12,2024-07-03,65.7668
FUND12,2024-07-04,65.845
FUND12,2024-07-05,65.8888
FUND12,2024-07-08,66.6779
FUND12,2024-07-09,66.8595
FUND12,2024-07-10,66.8505
FUND12,2024-07-11,66.3065
FUND12,2024-07-12,66.2324
FUND12,2024-07-15,66.4244
FUND12,2024-07-16,65.9962
FUND12,2024-07-17,65.9654
FUND12,2024-07-18,66.0363
FUND12,2024-07-19,66.3336
FUND12,2024-07-22,65.8231
FUND12,2024-07-23,65.7795
FUND12,2024-07-24,65.7179
FUND12,2024-07-25,65.7404
FUND12,2024-07-26,65.9076
FUND12,2024-07-29,66.2366
FUND12,2024-07-30,66.6447
FUND12,2024-07-31,67.5869
FUND12,2024-08-01,67.6879
FUND12,2024-08-02,67.8743
FUND12,2024-08-05,67.8508
FUND12,2024-08-06,67.8439
FUND12,2024-08-07,67.5384
FUND12,2024-08-08,67.496
FUND12,2024-08-09,67.2844
FUND12,2024-08-12,66.8484
FUND12,2024-08-13,66.9259
FUND12,2024-08-14,66.7474
FUND12,2024-08-15,66.8414
FUND12,2024-08-16,66.7613
FUND12,2024-08-19,66.962
FUND12,2024-08-20,67.4972
FUND12,2024-08-21,67.7084
FUND12,2024-08-22,67.6014
FUND12,2024-08-23,67.4904
FUND12,2024-08-26,67.5878
FUND12,2024-08-27,67.46
FUND12,2024-08-28,67.357
FUND12,2024-08-29,67.7894
FUND12,2024-08-30,67.9142
FUND12,2024-09-02,67.7647
FUND12,2024-09-03,67.854
FUND12,2024-09-04,67.8338
FUND12,2024-09-05,67.6725
FUND12,2024-09-06,67.784
FUND12,2024-09-09,67.6609
FUND12,2024-09-10,67.4689
FUND12,2024-09-11,67.7469
FUND12,2024-09-12,67.5235
FUND12,2024-09-13,68.0446
FUND12,2024-09-16,67.618
FUND12,2024-09-17,67.8065
FUND12,2024-09-18,67.971
FUND12,2024-09-19,68.1217
FUND12,2024-09-20,68.2507
FUND12,2024-09-23,68.6011
FUND12,2024-09-24,68.5289
FUND12,2024-09-25,68.4138
FUND12,2024-09-26,68.3141
FUND12,2024-09-27,69.0601
FUND12,2024-09-30,68.6993
FUND12,2024-10-01,69.116
FUND12,2024-10-02,68.8322
FUND12,2024-10-03,69.051
FUND12,2024-10-04,69.4797
FUND12,2024-10-07,69.0496
FUND12,2024-10-08,68.7467
FUND12,2024-10-09,69.0872
FUND12,2024-10-10,69.5512
FUND12,2024-10-11,69.3558
FUND12,2024-10-14,70.0237
FUND12,2024-10-15,69.9448
FUND12,2024-10-16,70.1093
FUND12,2024-10-17,70.6069
FUND12,2024-10-18,70.3513
FUND12,2024-10-21,70.9973
FUND12,2024-10-22,70.7376
FUND12,2024-10-23,70.724
FUND12,2024-10-24,70.6008
FUND12,2024-10-25,71.4976
FUND12,2024-10-28,71.5324
FUND12,2024-10-29,71.8861
FUND12,2024-10-30,72.3585
FUND12,2024-10-31,72.2177
FUND12,2024-11-01,72.5867
FUND12,2024-11-04,72.4884
FUND12,2024-11-05,71.8451
FUND12,2024-11-06,71.7265
FUND12,2024-11-07,71.7686
FUND12,2024-11-08,70.9369
FUND12,2024-11-11,70.5099
FUND12,2024-11-12,70.5032
FUND12,2024-11-13,70.6866
FUND12,2024-11-14,70.9474
FUND12,2024-11-15,70.9622
FUND12,2024-11-18,70.7362
FUND12,2024-11-19,70.9771
FUND12,2024-11-20,70.4839
FUND12,2024-11-21,70.7721
FUND12,2024-11-22,70.2208
FUND12,2024-11-25,70.585
FUND12,2024-11-26,70.2687
FUND12,2024-11-27,70.8741
FUND12,2024-11-28,70.7358
FUND12,2024-11-29,70.5253
FUND12,2024-12-02,70.1637
FUND12,2024-12-03,70.4003
FUND12,2024-12-04,69.9709
FUND12,2024-12-05,69.8964
FUND12,2024-12-06,70.0777
FUND12,2024-12-09,69.7687
FUND12,2024-12-10,69.4513
FUND12,2024-12-11,69.2849
FUND12,2024-12-12,68.8061
FUND12,2024-12-13,68.5632
FUND12,2024-12-16,68.5789
FUND12,2024-12-17,68.0317
FUND12,2024-12-18,68.0559
FUND12,2024-12-19,68.1049
FUND12,2024-12-20,68.194
FUND12,2024-12-23,68.2132
FUND12,2024-12-24,67.3824
FUND12,2024-12-25,67.0803
FUND12,2024-12-26,67.2117
FUND12,2024-12-27,67.1733
FUND12,2024-12-30,66.7884
FUND12,2024-12-31,67.3705
FUND12,2025-01-01,67.8362
FUND12,2025-01-02,67.3617
FUND12,2025-01-03,67.3277
FUND12,2025-01-06,67.5414
FUND12,2025-01-07,68.1437
FUND12,2025-01-08,67.3932
FUND12,2025-01-09,67.6431
FUND12,2025-01-10,67.525
FUND12,2025-01-13,67.6038
FUND12,2025-01-14,67.5176
FUND12,2025-01-15,68.135
FUND12,2025-01-16,68.8635
FUND12,2025-01-17,68.7836
FUND12,2025-01-20,68.4638
FUND12,2025-01-21,69.4163
FUND12,2025-01-22,69.5961
FUND12,2025-01-23,69.2194
FUND12,2025-01-24,69.655
FUND12,2025-01-27,69.6016
FUND12,2025-01-28,69.4999
FUND12,2025-01-29,69.9127
FUND12,2025-01-30,69.2931
FUND12,2025-01-31,69.6606
FUND12,2025-02-03,69.7495
FUND12,2025-02-04,69.9025
FUND12,2025-02-05,69.9958
FUND12,2025-02-06,69.3983
FUND12,2025-02-07,69.1351
FUND12,2025-02-10,69.2948
FUND12,2025-02-11,69.5061
FUND12,2025-02-12,69.5034
FUND12,2025-02-13,68.9114
FUND12,2025-02-14,68.8351
FUND12,2025-02-17,68.5637
FUND12,2025-02-18,68.3042
FUND12,2025-02-19,68.5001
FUND12,2025-02-20,68.6321
FUND12,2025-02-21,68.1015
FUND12,2025-02-24,68.0749
FUND12,2025-02-25,68.302
FUND12,2025-02-26,68.392
FUND12,2025-02-27,68.3506
FUND12,2025-02-28,68.3754
FUND12,2025-03-03,67.9665
FUND12,2025-03-04,68.6709
FUND12,2025-03-05,68.7399
FUND12,2025-03-06,68.443
FUND12,2025-03-07,67.7912
FUND12,2025-03-10,67.1727
FUND12,2025-03-11,66.9696
FUND12,2025-03-12,67.3587
FUND12,2025-03-13,67.1742
FUND12,2025-03-14,67.1007
FUND12,2025-03-17,66.7592
FUND12,2025-03-18,67.3088
FUND12,2025-03-19,68.1336
FUND12,2025-03-20,67.1625
FUND12,2025-03-21,67.0509
FUND12,2025-03-24,67.2463
FUND12,2025-03-25,67.4426
FUND12,2025-03-26,67.279
FUND12,2025-03-27,67.1291
FUND12,2025-03-28,67.39
FUND12,2025-03-31,67.9547
FUND12,2025-04-01,67.3293
FUND12,2025-04-02,67.1001
FUND12,2025-04-03,67.2846
FUND12,2025-04-04,66.938
FUND12,2025-04-07,66.7618
FUND12,2025-04-08,67.2529
FUND12,2025-04-09,67.3746
FUND12,2025-04-10,67.2056
FUND12,2025-04-11,67.3968
FUND12,2025-04-14,66.9294
FUND12,2025-04-15,67.0088
FUND12,2025-04-16,67.1909
FUND12,2025-04-17,67.6418
FUND12,2025-04-18,67.8933
FUND12,2025-04-21,67.9641
FUND12,2025-04-22,67.9149
FUND12,2025-04-23,67.8457
FUND12,2025-04-24,68.3094
FUND12,2025-04-25,68.7809
FUND12,2025-04-28,68.9998
FUND12,2025-04-29,69.0347
FUND12,2025-04-30,68.7409
FUND12,2025-05-01,68.268
FUND12,2025-05-02,68.1243
FUND12,2025-05-05,68.4273
FUND12,2025-05-06,68.5074
FUND12,2025-05-07,68.9947
FUND12,2025-05-08,68.9474
FUND12,2025-05-09,68.3719
FUND12,2025-05-12,68.1428
FUND12,2025-05-13,68.467
FUND12,2025-05-14,68.5785
FUND12,2025-05-15,68.6451
FUND12,2025-05-16,68.6503
FUND12,2025-05-19,68.4873
FUND12,2025-05-20,68.7419
FUND12,2025-05-21,68.5705
FUND12,2025-05-22,68.7359
FUND12,2025-05-23,68.7646
FUND12,2025-05-26,68.1976
FUND12,2025-05-27,68.7773
FUND12,2025-05-28,68.706
FUND12,2025-05-29,69.0341
FUND12,2025-05-30,69.2721
FUND12,2025-06-02,69.285
FUND12,2025-06-03,69.1371
FUND12,2025-06-04,69.2333
FUND12,2025-06-05,69.0586
FUND12,2025-06-06,68.7726
FUND12,2025-06-09,68.6074
FUND12,2025-06-10,68.0176
FUND12,2025-06-11,67.6737
FUND12,2025-06-12,67.6437
FUND12,2025-06-13,67.8652
FUND12,2025-06-16,67.1551
FUND12,2025-06-17,67.3474
FUND12,2025-06-18,67.8445
FUND12,2025-06-19,68.1843
FUND12,2025-06-20,68.6988
FUND12,2025-06-23,68.2796
FUND12,2025-06-24,67.9491
FUND12,2025-06-25,67.4603
FUND12,2025-06-26,67.9722
FUND12,2025-06-27,68.784
FUND12,2025-06-30,68.2174
FUND12,2025-07-01,68.1792
FUND12,2025-07-02,67.7144
FUND12,2025-07-03,67.0586
FUND12,2025-07-04,66.7396
FUND12,2025-07-07,67.2842
FUND12,2025-07-08,67.126
FUND12,2025-07-09,67.4337
FUND12,2025-07-10,67.6907
FUND12,2025-07-11,67.4113
FUND12,2025-07-14,67.9116
FUND12,2025-07-15,67.5376
FUND12,2025-07-16,67.3718
FUND12,2025-07-17,67.5526
FUND12,2025-07-18,67.4649
FUND12,2025-07-21,67.3957
FUND12,2025-07-22,67.7075
FUND12,2025-07-23,68.1436
FUND12,2025-07-24,67.5096
FUND12,2025-07-25,67.5412
FUND12,2025-07-28,68.0169
FUND12,2025-07-29,68.6104
FUND12,2025-07-30,67.7114
FUND12,2025-07-31,67.4557
FUND12,2025-08-01,67.5073
FUND12,2025-08-04,67.3782
FUND12,2025-08-05,67.6582
FUND12,2025-08-06,67.854
FUND12,2025-08-07,68.0719
FUND12,2025-08-08,68.007
FUND12,2025-08-11,67.9639
FUND12,2025-08-12,68.3233
FUND12,2025-08-13,68.5387
FUND12,2025-08-14,68.6825
FUND12,2025-08-15,68.7432
FUND12,2025-08-18,68.485
FUND12,2025-08-19,68.2303
FUND12,2025-08-20,68.2988
FUND12,2025-08-21,68.6972
FUND12,2025-08-22,68.348
FUND12,2025-08-25,68.4887
FUND12,2025-08-26,68.6555
FUND12,2025-08-27,68.583
FUND12,2025-08-28,68.5614
FUND12,2025-08-29,68.817
FUND12,2025-09-01,68.5516
FUND12,2025-09-02,69.0808
FUND12,2025-09-03,68.4605
FUND12,2025-09-04,68.7225
FUND12,2025-09-05,68.9978
FUND12,2025-09-08,69.528
FUND12,2025-09-09,68.7949
FUND12,2025-09-10,68.4279
FUND12,2025-09-11,68.843
FUND12,2025-09-12,68.5789
FUND12,2025-09-15,68.5901
FUND12,2025-09-16,69.0045
FUND12,2025-09-17,68.6342
FUND12,2025-09-18,68.2746
FUND12,2025-09-19,67.9372
FUND12,2025-09-22,67.9436
FUND12,2025-09-23,67.6946
FUND12,2025-09-24,67.7358
FUND12,2025-09-25,67.7164
FUND12,2025-09-26,67.9182
FUND12,2025-09-29,67.7008
FUND12,2025-09-30,67.9208
FUND12,2025-10-01,68.2485
FUND12,2025-10-02,68.5933
FUND12,2025-10-03,68.7754
FUND12,2025-10-06,68.6396
FUND12,2025-10-07,68.6995
FUND12,2025-10-08,68.2087
FUND12,2025-10-09,68.3413
FUND12,2025-10-10,68.6925
FUND12,2025-10-13,68.4742
FUND12,2025-10-14,69.0036
FUND12,2025-10-15,69.3316
FUND12,2025-10-16,70.0789
FUND12,2025-10-17,69.6829
FUND12,2025-10-20,69.7334
FUND12,2025-10-21,69.5095
FUND12,2025-10-22,69.3781
FUND12,2025-10-23,69.6843
FUND12,2025-10-24,70.1347
FUND12,2025-10-27,70.1474
FUND12,2025-10-28,70.0443
FUND12,2025-10-29,69.6613
FUND12,2025-10-30,69.6652
FUND12,2025-10-31,69.7894
FUND12,2025-11-03,70.0453
FUND12,2025-11-04,70.4163
FUND12,2025-11-05,70.2291
FUND12,2025-11-06,69.9981
FUND12,2025-11-07,70.5159
FUND12,2025-11-10,70.6379
FUND12,2025-11-11,70.0156
FUND12,2025-11-12,70.636
FUND12,2025-11-13,70.4013
FUND12,2025-11-14,70.7277
FUND12,2025-11-17,70.6264
FUND12,2025-11-18,70.6697
FUND12,2025-11-19,71.32
FUND12,2025-11-20,70.651
FUND12,2025-11-21,70.5528
FUND12,2025-11-24,70.3028
FUND13,2023-01-02,16.2038
FUND13,2023-01-03,16.3386
FUND13,2023-01-04,16.4189
FUND13,2023-01-05,16.3545
FUND13,2023-01-06,16.3329
FUND13,2023-01-09,16.2859
FUND13,2023-01-10,16.3135
FUND13,2023-01-11,16.291
FUND13,2023-01-12,16.3631
FUND13,2023-01-13,16.3284
FUND13,2023-01-16,16.3392
FUND13,2023-01-17,16.2988
FUND13,2023-01-18,16.2577
FUND13,2023-01-19,16.338
FUND13,2023-01-20,16.2213
FUND13,2023-01-23,16.2505
FUND13,2023-01-24,16.3287
FUND13,2023-01-25,16.448
FUND13,2023-01-26,16.3786
FUND13,2023-01-27,16.4906
FUND13,2023-01-30,16.4913
FUND13,2023-01-31,16.5088
FUND13,2023-02-01,16.5423
FUND13,2023-02-02,16.4403
FUND13,2023-02-03,16.5607
FUND13,2023-02-06,16.6298
FUND13,2023-02-07,16.5837
FUND13,2023-02-08,16.5434
FUND13,2023-02-09,16.7531
FUND13,2023-02-10,16.7458
FUND13,2023-02-13,16.7495
FUND13,2023-02-14,16.6194
FUND13,2023-02-15,16.6096
FUND13,2023-02-16,16.664
FUND13,2023-02-17,16.6274
FUND13,2023-02-20,16.6497
FUND13,2023-02-21,16.6873
FUND13,2023-02-22,16.6657
FUND13,2023-02-23,16.7614
FUND13,2023-02-24,16.755
FUND13,2023-02-27,16.7577
FUND13,2023-02-28,16.7668
FUND13,2023-03-01,16.6221
FUND13,2023-03-02,16.6813
FUND13,2023-03-03,16.7571
FUND13,2023-03-06,16.8338
FUND13,2023-03-07,16.8823
FUND13,2023-03-08,16.8849
FUND13,2023-03-09,16.9422
FUND13,2023-03-10,17.1891
FUND13,2023-03-13,17.1023
FUND13,2023-03-14,17.1656
FUND13,2023-03-15,17.219
FUND13,2023-03-16,17.3036
FUND13,2023-03-17,17.1874
FUND13,2023-03-20,17.3752
FUND13,2023-03-21,17.5006
FUND13,2023-03-22,17.4903
FUND13,2023-03-23,17.6645
FUND13,2023-03-24,17.6901
FUND13,2023-03-27,17.8929
FUND13,2023-03-28,17.9235
FUND13,2023-03-29,17.7494
FUND13,2023-03-30,17.7577
FUND13,2023-03-31,17.7271
FUND13,2023-04-03,17.6128
FUND13,2023-04-04,17.5341
FUND13,2023-04-05,17.5698
FUND13,2023-04-06,17.5129
FUND13,2023-04-07,17.6133
FUND13,2023-04-10,17.4718
FUND13,2023-04-11,17.4602
FUND13,2023-04-12,17.5128
FUND13,2023-04-13,17.5598
FUND13,2023-04-14,17.5197
FUND13,2023-04-17,17.5546
FUND13,2023-04-18,17.4719
FUND13,2023-04-19,17.4195
FUND13,2023-04-20,17.303
FUND13,2023-04-21,17.4295
FUND13,2023-04-24,17.4038
FUND13,2023-04-25,17.3256
FUND13,2023-04-26,17.3103
FUND13,2023-04-27,17.4416
FUND13,2023-04-28,17.6092
FUND13,2023-05-01,17.5391
FUND13,2023-05-02,17.7124
FUND13,2023-05-03,17.7182
FUND13,2023-05-04,17.8334
FUND13,2023-05-05,17.9244
FUND13,2023-05-08,17.8647
FUND13,2023-05-09,17.8125
FUND13,2023-05-10,17.6708
FUND13,2023-05-11,17.6848
FUND13,2023-05-12,17.7327
FUND13,2023-05-15,17.725
FUND13,2023-05-16,17.623
FUND13,2023-05-17,17.6746
FUND13,2023-05-18,17.7586
FUND13,2023-05-19,17.7846
FUND13,2023-05-22,17.7384
FUND13,2023-05-23,17.7799
FUND13,2023-05-24,17.7049
FUND13,2023-05-25,17.7405
FUND13,2023-05-26,17.7855
FUND13,2023-05-29,17.8929
FUND13,2023-05-30,18.0741
FUND13,2023-05-31,18.256
FUND13,2023-06-01,18.3498
FUND13,2023-06-02,18.3108
FUND13,2023-06-05,18.3845
FUND13,2023-06-06,18.2626
FUND13,2023-06-07,18.273
FUND13,2023-06-08,18.2724
FUND13,2023-06-09,18.2362
FUND13,2023-06-12,18.2944
FUND13,2023-06-13,18.2649
FUND13,2023-06-14,18.4642
FUND13,2023-06-15,18.4589
FUND13,2023-06-16,18.6499
FUND13,2023-06-19,18.6888
FUND13,2023-06-20,18.6048
FUND13,2023-06-21,18.6268
FUND13,2023-06-22,18.8427
FUND13,2023-06-23,18.8393
FUND13,2023-06-26,18.8593
FUND13,2023-06-27,18.9241
FUND13,2023-06-28,19.0126
FUND13,2023-06-29,19.0975
FUND13,2023-06-30,18.9433
FUND13,2023-07-03,18.8836
FUND13,2023-07-04,18.8436
FUND13,2023-07-05,19.1485
FUND13,2023-07-06,19.0817
FUND13,2023-07-07,19.1067
FUND13,2023-07-10,19.3817
FUND13,2023-07-11,19.4437
FUND13,2023-07-12,19.5896
FUND13,2023-07-13,19.6868
FUND13,2023-07-14,19.5388
FUND13,2023-07-17,19.5041
FUND13,2023-07-18,19.4911
FUND13,2023-07-19,19.3226
FUND13,2023-07-20,19.1282
FUND13,2023-07-21,19.2376
FUND13,2023-07-24,19.4387
FUND13,2023-07-25,19.3441
FUND13,2023-07-26,19.3442
FUND13,2023-07-27,19.5002
FUND13,2023-07-28,19.6172
FUND13,2023-07-31,19.4869
FUND13,2023-08-01,19.4948
FUND13,2023-08-02,19.5476
FUND13,2023-08-03,19.3709
FUND13,2023-08-04,19.3288
FUND13,2023-08-07,19.2852
FUND13,2023-08-08,19.069
FUND13,2023-08-09,19.0026
FUND13,2023-08-10,19.0264
FUND13,2023-08-11,19.0792
FUND13,2023-08-14,18.9634
FUND13,2023-08-15,19.0272
FUND13,2023-08-16,19.0193
FUND13,2023-08-17,19.0179
FUND13,2023-08-18,18.9715
FUND13,2023-08-21,18.7717
FUND13,2023-08-22,18.8661
FUND13,2023-08-23,18.9225
FUND13,2023-08-24,18.9314
FUND13,2023-08-25,18.8914
FUND13,2023-08-28,18.7717
FUND13,2023-08-29,18.8219
FUND13,2023-08-30,18.7883
FUND13,2023-08-31,18.8551
FUND13,2023-09-01,18.9314
FUND13,2023-09-04,18.894
FUND13,2023-09-05,18.8344
FUND13,2023-09-06,18.8297
FUND13,2023-09-07,18.8728
FUND13,2023-09-08,18.7172
FUND13,2023-09-11,18.7465
FUND13,2023-09-12,18.6178
FUND13,2023-09-13,18.5941
FUND13,2023-09-14,18.8254
FUND13,2023-09-15,18.7409
FUND13,2023-09-18,18.6537
FUND13,2023-09-19,18.6257
FUND13,2023-09-20,18.6155
FUND13,2023-09-21,18.5024
FUND13,2023-09-22,18.5459
FUND13,2023-09-25,18.6176
FUND13,2023-09-26,18.6773
FUND13,2023-09-27,18.7218
FUND13,2023-09-28,18.707
FUND13,2023-09-29,18.6274
FUND13,2023-10-02,18.6418
FUND13,2023-10-03,18.7032
FUND13,2023-10-04,18.6332
FUND13,2023-10-05,18.6243
FUND13,2023-10-06,18.6366
FUND13,2023-10-09,18.8641
FUND13,2023-10-10,18.9845
FUND13,2023-10-11,19.1276
FUND13,2023-10-12,19.2081
FUND13,2023-10-13,19.1591
FUND13,2023-10-16,19.2307
FUND13,2023-10-17,19.3926
FUND13,2023-10-18,19.3057
FUND13,2023-10-19,19.3233
FUND13,2023-10-20,19.3477
FUND13,2023-10-23,19.4149
FUND13,2023-10-24,19.5427
FUND13,2023-10-25,19.5346
FUND13,2023-10-26,19.5305
FUND13,2023-10-27,19.8576
FUND13,2023-10-30,19.8206
FUND13,2023-10-31,19.693
FUND13,2023-11-01,19.7189
FUND13,2023-11-02,19.6738
FUND13,2023-11-03,19.6686
FUND13,2023-11-06,19.6683
FUND13,2023-11-07,19.45
FUND13,2023-11-08,19.4702
FUND13,2023-11-09,19.5048
FUND13,2023-11-10,19.635
FUND13,2023-11-13,19.6641
FUND13,2023-11-14,19.7925
FUND13,2023-11-15,19.971
FUND13,2023-11-16,20.0367
FUND13,2023-11-17,20.0962
FUND13,2023-11-20,20.0743
FUND13,2023-11-21,20.1504
FUND13,2023-11-22,20.1283
FUND13,2023-11-23,19.8981
FUND13,2023-11-24,19.8971
FUND13,2023-11-27,20.0253
FUND13,2023-11-28,20.1283
FUND13,2023-11-29,20.1127
FUND13,2023-11-30,20.0431
FUND13,2023-12-01,20.0278
FUND13,2023-12-04,20.0362
FUND13,2023-12-05,19.9281
FUND13,2023-12-06,19.8371
FUND13,2023-12-07,19.8408
FUND13,2023-12-08,19.8747
FUND13,2023-12-11,19.9454
FUND13,2023-12-12,19.875
FUND13,2023-12-13,19.6905
FUND13,2023-12-14,19.6827
FUND13,2023-12-15,19.7934
FUND13,2023-12-18,19.6555
FUND13,2023-12-19,19.5811
FUND13,2023-12-20,19.5255
FUND13,2023-12-21,19.702
FUND13,2023-12-22,19.8258
FUND13,2023-12-25,19.804
FUND13,2023-12-26,19.8949
FUND13,2023-12-27,19.8349
FUND13,2023-12-28,19.8434
FUND13,2023-12-29,19.6681
FUND13,2024-01-01,19.5812
FUND13,2024-01-02,19.4971
FUND13,2024-01-03,19.392
FUND13,2024-01-04,19.4589
FUND13,2024-01-05,19.3714
FUND13,2024-01-08,19.4831
FUND13,2024-01-09,19.5503
FUND13,2024-01-10,19.5859
FUND13,2024-01-11,19.7151
FUND13,2024-01-12,19.7524
FUND13,2024-01-15,19.6921
FUND13,2024-01-16,19.6602
FUND13,2024-01-17,19.7392
FUND13,2024-01-18,19.622
FUND13,2024-01-19,19.7253
FUND13,2024-01-22,19.7166
FUND13,2024-01-23,19.791
FUND13,2024-01-24,19.8148
FUND13,2024-01-25,19.7474
FUND13,2024-01-26,19.92
FUND13,2024-01-29,19.9071
FUND13,2024-01-30,19.95
FUND13,2024-01-31,19.9075
FUND13,2024-02-01,19.8373
FUND13,2024-02-02,19.8588
FUND13,2024-02-05,19.8196
FUND13,2024-02-06,19.8252
FUND13,2024-02-07,19.8507
FUND13,2024-02-08,19.8085
FUND13,2024-02-09,19.9203
FUND13,2024-02-12,19.9936
FUND13,2024-02-13,19.795
FUND13,2024-02-14,19.7141
FUND13,2024-02-15,19.6883
FUND13,2024-02-16,19.6009
FUND13,2024-02-19,19.5393
FUND13,2024-02-20,19.6155
FUND13,2024-02-21,19.6762
FUND13,2024-02-22,19.5251
FUND13,2024-02-23,19.4067
FUND13,2024-02-26,19.4433
FUND13,2024-02-27,19.4246
FUND13,2024-02-28,19.5177
FUND13,2024-02-29,19.464
FUND13,2024-03-01,19.4791
FUND13,2024-03-04,19.4035
FUND13,2024-03-05,19.387
FUND13,2024-03-06,19.4582
FUND13,2024-03-07,19.508
FUND13,2024-03-08,19.4086
FUND13,2024-03-11,19.5241
FUND13,2024-03-12,19.5294
FUND13,2024-03-13,19.5847
FUND13,2024-03-14,19.6397
FUND13,2024-03-15,19.6055
FUND13,2024-03-18,19.7048
FUND13,2024-03-19,19.6432
FUND13,2024-03-20,19.6168
FUND13,2024-03-21,19.5059
FUND13,2024-03-22,19.363
FUND13,2024-03-25,19.5927
FUND13,2024-03-26,19.5877
FUND13,2024-03-27,19.5582
FUND13,2024-03-28,19.7579
FUND13,2024-03-29,19.5933
FUND13,2024-04-01,19.7275
FUND13,2024-04-02,19.7642
FUND13,2024-04-03,19.762
FUND13,2024-04-04,19.7502
FUND13,2024-04-05,19.7317
FUND13,2024-04-08,19.8942
FUND13,2024-04-09,20.0095
FUND13,2024-04-10,20.0077
FUND13,2024-04-11,19.9387
FUND13,2024-04-12,19.953
FUND13,2024-04-15,19.8616
FUND13,2024-04-16,19.7907
FUND13,2024-04-17,19.772
FUND13,2024-04-18,19.7068
FUND13,2024-04-19,19.6531
FUND13,2024-04-22,19.6282
FUND13,2024-04-23,19.5354
FUND13,2024-04-24,19.6992
FUND13,2024-04-25,19.4962
FUND13,2024-04-26,19.5778
FUND13,2024-04-29,19.6566
FUND13,2024-04-30,19.6503
FUND13,2024-05-01,19.6455
FUND13,2024-05-02,19.6712
FUND13,2024-05-03,19.6873
FUND13,2024-05-06,19.7695
FUND13,2024-05-07,19.8363
FUND13,2024-05-08,19.8066
FUND13,2024-05-09,19.7181
FUND13,2024-05-10,19.7616
FUND13,2024-05-13,19.8313
FUND13,2024-05-14,19.9229
FUND13,2024-05-15,19.8784
FUND13,2024-05-16,20.1426
FUND13,2024-05-17,19.9759
FUND13,2024-05-20,20.1766
FUND13,2024-05-21,20.1049
FUND13,2024-05-22,20.106
FUND13,2024-05-23,20.2985
FUND13,2024-05-24,20.5043
FUND13,2024-05-27,20.68
FUND13,2024-05-28,20.7769
FUND13,2024-05-29,20.8326
FUND13,2024-05-30,20.6967
FUND13,2024-05-31,20.5827
FUND13,2024-06-03,20.587
FUND13,2024-06-04,20.6634
FUND13,2024-06-05,20.7521
FUND13,2024-06-06,20.8546
FUND13,2024-06-07,21.0163
FUND13,2024-06-10,21.1817
FUND13,2024-06-11,21.1988
FUND13,2024-06-12,20.9842
FUND13,2024-06-13,21.1053
FUND13,2024-06-14,21.0942
FUND13,2024-06-17,21.0546
FUND13,2024-06-18,21.0853
FUND13,2024-06-19,20.9581
FUND13,2024-06-20,20.9464
FUND13,2024-06-21,20.8034
FUND13,2024-06-24,20.5682
FUND13,2024-06-25,20.506
FUND13,2024-06-26,20.6715
FUND13,2024-06-27,20.6964
FUND13,2024-06-28,20.7909
FUND13,2024-07-01,20.7907
FUND13,2024-07-02,20.8456
FUND13,2024-07-03,20.6556
FUND13,2024-07-04,20.5907
FUND13,2024-07-05,20.5103
FUND13,2024-07-08,20.3782
FUND13,2024-07-09,20.4019
FUND13,2024-07-10,20.4547
FUND13,2024-07-11,20.5033
FUND13,2024-07-12,20.5091
FUND13,2024-07-15,20.5945
FUND13,2024-07-16,20.613
FUND13,2024-07-17,20.6538
FUND13,2024-07-18,20.6041
FUND13,2024-07-19,20.6737
FUND13,2024-07-22,20.7303
FUND13,2024-07-23,20.6331
FUND13,2024-07-24,20.5757
FUND13,2024-07-25,20.7004
FUND13,2024-07-26,20.5734
FUND13,2024-07-29,20.5418
FUND13,2024-07-30,20.6613
FUND13,2024-07-31,20.7449
FUND13,2024-08-01,20.8612
FUND13,2024-08-02,20.9382
FUND13,2024-08-05,20.912
FUND13,2024-08-06,20.7337
FUND13,2024-08-07,20.9644
FUND13,2024-08-08,21.0641
FUND13,2024-08-09,20.981
FUND13,2024-08-12,21.0066
FUND13,2024-08-13,20.9509
FUND13,2024-08-14,20.9523
FUND13,2024-08-15,21.0282
FUND13,2024-08-16,20.9643
FUND13,2024-08-19,21.1801
FUND13,2024-08-20,21.1563
FUND13,2024-08-21,21.1198
FUND13,2024-08-22,21.26
FUND13,2024-08-23,21.1463
FUND13,2024-08-26,21.1726
FUND13,2024-08-27,21.4149
FUND13,2024-08-28,21.4379
FUND13,2024-08-29,21.4752
FUND13,2024-08-30,21.4245
FUND13,2024-09-02,21.3348
FUND13,2024-09-03,21.3231
FUND13,2024-09-04,21.5848
FUND13,2024-09-05,21.6993
FUND13,2024-09-06,21.7719
FUND13,2024-09-09,21.862
FUND13,2024-09-10,21.9826
FUND13,2024-09-11,21.9585
FUND13,2024-09-12,21.9699
FUND13,2024-09-13,21.9758
FUND13,2024-09-16,22.0396
FUND13,2024-09-17,21.9437
FUND13,2024-09-18,21.8101
FUND13,2024-09-19,21.7407
FUND13,2024-09-20,21.7972
FUND13,2024-09-23,21.6874
FUND13,2024-09-24,21.7861
FUND13,2024-09-25,21.6711
FUND13,2024-09-26,21.6602
FUND13,2024-09-27,21.5197
FUND13,2024-09-30,21.6002
FUND13,2024-10-01,21.4435
FUND13,2024-10-02,21.2354
FUND13,2024-10-03,21.255
FUND13,2024-10-04,21.3031
FUND13,2024-10-07,21.3996
FUND13,2024-10-08,21.4316
FUND13,2024-10-09,21.4909
FUND13,2024-10-10,21.5243
FUND13,2024-10-11,21.5598
FUND13,2024-10-14,21.7248
FUND13,2024-10-15,21.7142
FUND13,2024-10-16,21.6187
FUND13,2024-10-17,21.7767
FUND13,2024-10-18,21.8978
FUND13,2024-10-21,21.9754
FUND13,2024-10-22,21.9274
FUND13,2024-10-23,21.9948
FUND13,2024-10-24,22.1983
FUND13,2024-10-25,22.1576
FUND13,2024-10-28,22.2475
FUND13,2024-10-29,22.1082
FUND13,2024-10-30,22.0165
FUND13,2024-10-31,22.1405
FUND13,2024-11-01,22.2287
FUND13,2024-11-04,22.2023
FUND13,2024-11-05,22.0923
FUND13,2024-11-06,22.0215
FUND13,2024-11-07,22.2659
FUND13,2024-11-08,22.2864
FUND13,2024-11-11,22.3989
FUND13,2024-11-12,22.4794
FUND13,2024-11-13,22.5242
FUND13,2024-11-14,22.5894
FUND13,2024-11-15,22.5652
FUND13,2024-11-18,22.7096
FUND13,2024-11-19,22.7337
FUND13,2024-11-20,22.7107
FUND13,2024-11-21,22.7872
FUND13,2024-11-22,22.7968
FUND13,2024-11-25,22.857
FUND13,2024-11-26,22.772
FUND13,2024-11-27,22.5792
FUND13,2024-11-28,22.3387
FUND13,2024-11-29,22.1835
FUND13,2024-12-02,22.0828
FUND13,2024-12-03,22.0306
FUND13,2024-12-04,22.0446
FUND13,2024-12-05,22.1123
FUND13,2024-12-06,22.1871
FUND13,2024-12-09,22.0668
FUND13,2024-12-10,22.2945
FUND13,2024-12-11,22.2948
FUND13,2024-12-12,22.2399
FUND13,2024-12-13,22.2423
FUND13,2024-12-16,22.2863
FUND13,2024-12-17,22.34
FUND13,2024-12-18,22.2905
FUND13,2024-12-19,22.4796
FUND13,2024-12-20,22.3136
FUND13,2024-12-23,22.3816
FUND13,2024-12-24,22.4834
FUND13,2024-12-25,22.4912
FUND13,2024-12-26,22.3953
FUND13,2024-12-27,22.418
FUND13,2024-12-30,22.5382
FUND13,2024-12-31,22.5609
FUND13,2025-01-01,22.514
FUND13,2025-01-02,22.2919
FUND13,2025-01-03,22.3399
FUND13,2025-01-06,22.1301
FUND13,2025-01-07,22.2681
FUND13,2025-01-08,22.1928
FUND13,2025-01-09,22.3376
FUND13,2025-01-10,22.4644
FUND13,2025-01-13,22.4746
FUND13,2025-01-14,22.4648
FUND13,2025-01-15,22.703
FUND13,2025-01-16,22.686
FUND13,2025-01-17,22.6649
FUND13,2025-01-20,22.6244
FUND13,2025-01-21,22.5512
FUND13,2025-01-22,22.5659
FUND13,2025-01-23,22.5618
FUND13,2025-01-24,22.2645
FUND13,2025-01-27,22.1582
FUND13,2025-01-28,22.3165
FUND13,2025-01-29,22.4283
FUND13,2025-01-30,22.7103
FUND13,2025-01-31,22.5295
FUND13,2025-02-03,22.3136
FUND13,2025-02-04,22.4505
FUND13,2025-02-05,22.343
FUND13,2025-02-06,22.4573
FUND13,2025-02-07,22.3963
FUND13,2025-02-10,22.5454
FUND13,2025-02-11,22.5223
FUND13,2025-02-12,22.5191
FUND13,2025-02-13,22.7059
FUND13,2025-02-14,22.8079
FUND13,2025-02-17,22.7462
FUND13,2025-02-18,22.4364
FUND13,2025-02-19,22.6324
FUND13,2025-02-20,22.6337
FUND13,2025-02-21,22.6786
FUND13,2025-02-24,22.5864
FUND13,2025-02-25,22.5866
FUND13,2025-02-26,22.5062
FUND13,2025-02-27,22.4399
FUND13,2025-02-28,22.1632
FUND13,2025-03-03,22.2597
FUND13,2025-03-04,22.2978
FUND13,2025-03-05,22.2202
FUND13,2025-03-06,22.365
FUND13,2025-03-07,22.3527
FUND13,2025-03-10,22.3155
FUND13,2025-03-11,22.211
FUND13,2025-03-12,22.3986
FUND13,2025-03-13,22.6546
FUND13,2025-03-14,22.5459
FUND13,2025-03-17,22.4396
FUND13,2025-03-18,22.4216
FUND13,2025-03-19,22.5245
FUND13,2025-03-20,22.5444
FUND13,2025-03-21,22.5384
FUND13,2025-03-24,22.643
FUND13,2025-03-25,22.6807
FUND13,2025-03-26,22.6623
FUND13,2025-03-27,22.6546
FUND13,2025-03-28,22.6259
FUND13,2025-03-31,22.755
FUND13,2025-04-01,22.7664
FUND13,2025-04-02,22.7766
FUND13,2025-04-03,22.7892
FUND13,2025-04-04,22.9114
FUND13,2025-04-07,22.8769
FUND13,2025-04-08,23.1177
FUND13,2025-04-09,23.0287
FUND13,2025-04-10,22.8683
FUND13,2025-04-11,22.91
FUND13,2025-04-14,22.9649
FUND13,2025-04-15,22.9281
FUND13,2025-04-16,23.3285
FUND13,2025-04-17,23.3946
FUND13,2025-04-18,23.5589
FUND13,2025-04-21,23.6472
FUND13,2025-04-22,23.7028
FUND13,2025-04-23,23.6049
FUND13,2025-04-24,23.638
FUND13,2025-04-25,23.7174
FUND13,2025-04-28,23.5714
FUND13,2025-04-29,23.3066
FUND13,2025-04-30,23.4665
FUND13,2025-05-01,23.5569
FUND13,2025-05-02,23.6254
FUND13,2025-05-05,23.606
FUND13,2025-05-06,23.7191
FUND13,2025-05-07,23.5646
FUND13,2025-05-08,23.5075
FUND13,2025-05-09,23.452
FUND13,2025-05-12,23.6079
FUND13,2025-05-13,23.5892
FUND13,2025-05-14,23.5297
FUND13,2025-05-15,23.6447
FUND13,2025-05-16,23.7749
FUND13,2025-05-19,23.7729
FUND13,2025-05-20,23.8361
FUND13,2025-05-21,23.6933
FUND13,2025-05-22,23.638
FUND13,2025-05-23,23.5393
FUND13,2025-05-26,23.5202
FUND13,2025-05-27,23.6262
FUND13,2025-05-28,23.5491
FUND13,2025-05-29,23.6472
FUND13,2025-05-30,23.7615
FUND13,2025-06-02,23.6655
FUND13,2025-06-03,23.9412
FUND13,2025-06-04,23.9234
FUND13,2025-06-05,23.8037
FUND13,2025-06-06,23.7034
FUND13,2025-06-09,23.7734
FUND13,2025-06-10,23.7632
FUND13,2025-06-11,23.7929
FUND13,2025-06-12,23.5214
FUND13,2025-06-13,23.4258
FUND13,2025-06-16,23.2626
FUND13,2025-06-17,23.372
FUND13,2025-06-18,23.3098
FUND13,2025-06-19,23.2566
FUND13,2025-06-20,23.2772
FUND13,2025-06-23,23.434
FUND13,2025-06-24,23.5529
FUND13,2025-06-25,23.6754
FUND13,2025-06-26,23.5969
FUND13,2025-06-27,23.5707
FUND13,2025-06-30,23.5889
FUND13,2025-07-01,23.4823
FUND13,2025-07-02,23.4856
FUND13,2025-07-03,23.5072
FUND13,2025-07-04,23.6081
FUND13,2025-07-07,23.3914
FUND13,2025-07-08,23.3666
FUND13,2025-07-09,23.3905
FUND13,2025-07-10,23.6171
FUND13,2025-07-11,23.708
FUND13,2025-07-14,23.6578
FUND13,2025-07-15,23.5837
FUND13,2025-07-16,23.6798
FUND13,2025-07-17,23.7518
FUND13,2025-07-18,23.6575
FUND13,2025-07-21,23.6844
FUND13,2025-07-22,23.8836
FUND13,2025-07-23,23.973
FUND13,2025-07-24,23.8952
FUND13,2025-07-25,23.7308
FUND13,2025-07-28,23.823
FUND13,2025-07-29,23.8643
FUND13,2025-07-30,24.0026
FUND13,2025-07-31,24.176
FUND13,2025-08-01,24.1024
FUND13,2025-08-04,24.1195
FUND13,2025-08-05,24.0251
FUND13,2025-08-06,23.8244
FUND13,2025-08-07,23.8055
FUND13,2025-08-08,23.9198
FUND13,2025-08-11,23.948
FUND13,2025-08-12,23.9614
FUND13,2025-08-13,23.7892
FUND13,2025-08-14,23.821
FUND13,2025-08-15,23.8361
FUND13,2025-08-18,23.8511
FUND13,2025-08-19,23.816
FUND13,2025-08-20,23.7926
FUND13,2025-08-21,23.8746
FUND13,2025-08-22,23.9362
FUND13,2025-08-25,23.7216
FUND13,2025-08-26,23.7736
FUND13,2025-08-27,23.7492
FUND13,2025-08-28,23.7777
FUND13,2025-08-29,23.8814
FUND13,2025-09-01,23.9821
FUND13,2025-09-02,24.223
FUND13,2025-09-03,24.2125
FUND13,2025-09-04,24.3121
FUND13,2025-09-05,24.1952
FUND13,2025-09-08,24.2914
FUND13,2025-09-09,24.1364
FUND13,2025-09-10,24.2596
FUND13,2025-09-11,24.1409
FUND13,2025-09-12,23.995
FUND13,2025-09-15,24.0816
FUND13,2025-09-16,24.1869
FUND13,2025-09-17,24.4115
FUND13,2025-09-18,24.3841
FUND13,2025-09-19,24.3348
FUND13,2025-09-22,24.3411
FUND13,2025-09-23,24.199
FUND13,2025-09-24,24.1119
FUND13,2025-09-25,24.1417
FUND13,2025-09-26,24.0012
FUND13,2025-09-29,23.7453
FUND13,2025-09-30,23.579
FUND13,2025-10-01,23.601
FUND13,2025-10-02,23.4701
FUND13,2025-10-03,23.6017
FUND13,2025-10-06,23.714
FUND13,2025-10-07,23.8071
FUND13,2025-10-08,23.7955
FUND13,2025-10-09,23.823
FUND13,2025-10-10,23.6855
FUND13,2025-10-13,23.7414
FUND13,2025-10-14,23.8588
FUND13,2025-10-15,23.8803
FUND13,2025-10-16,23.736
FUND13,2025-10-17,23.5468
FUND13,2025-10-20,23.5349
FUND13,2025-10-21,23.5246
FUND13,2025-10-22,23.7969
FUND13,2025-10-23,23.6386
FUND13,2025-10-24,23.4625
FUND13,2025-10-27,23.5152
FUND13,2025-10-28,23.4719
FUND13,2025-10-29,23.8216
FUND13,2025-10-30,23.6853
FUND13,2025-10-31,23.8858
FUND13,2025-11-03,23.7867
FUND13,2025-11-04,23.7987
FUND13,2025-11-05,23.78
FUND13,2025-11-06,23.6775
FUND13,2025-11-07,23.8554
FUND13,2025-11-10,23.9383
FUND13,2025-11-11,23.8359
FUND13,2025-11-12,24.0064
FUND13,2025-11-13,23.917
FUND13,2025-11-14,24.0959
FUND13,2025-11-17,24.1331
FUND13,2025-11-18,24.0503
FUND13,2025-11-19,24.073
FUND13,2025-11-20,23.9829
FUND13,2025-11-21,23.7821
FUND13,2025-11-24,23.9642
FUND14,2023-01-02,51.708
FUND14,2023-01-03,51.3405
FUND14,2023-01-04,51.4445
FUND14,2023-01-05,51.0214
FUND14,2023-01-06,51.2795
FUND14,2023-01-09,51.552
FUND14,2023-01-10,51.9187
FUND14,2023-01-11,51.8524
FUND14,2023-01-12,51.5981
FUND14,2023-01-13,51.3707
FUND14,2023-01-16,52.1081
FUND14,2023-01-17,52.3475
FUND14,2023-01-18,52.4724
FUND14,2023-01-19,52.6499
FUND14,2023-01-20,53.3884
FUND14,2023-01-23,53.9853
FUND14,2023-01-24,53.3574
FUND14,2023-01-25,53.4871
FUND14,2023-01-26,54.2269
FUND14,2023-01-27,54.1752
FUND14,2023-01-30,54.1762
FUND14,2023-01-31,53.9191
FUND14,2023-02-01,54.1491
FUND14,2023-02-02,54.0374
FUND14,2023-02-03,54.5887
FUND14,2023-02-06,54.2019
FUND14,2023-02-07,54.1077
FUND14,2023-02-08,54.2101
FUND14,2023-02-09,54.0935
FUND14,2023-02-10,53.9999
FUND14,2023-02-13,54.1205
FUND14,2023-02-14,54.0267
FUND14,2023-02-15,54.1046
FUND14,2023-02-16,53.598
FUND14,2023-02-17,54.1106
FUND14,2023-02-20,53.3866
FUND14,2023-02-21,53.1571
FUND14,2023-02-22,53.733
FUND14,2023-02-23,52.9172
FUND14,2023-02-24,53.7575
FUND14,2023-02-27,53.5549
FUND14,2023-02-28,53.4702
FUND14,2023-03-01,53.496
FUND14,2023-03-02,53.9486
FUND14,2023-03-03,53.9217
FUND14,2023-03-06,54.2122
FUND14,2023-03-07,54.627
FUND14,2023-03-08,55.2845
FUND14,2023-03-09,55.4133
FUND14,2023-03-10,55.1994
FUND14,2023-03-13,54.7375
FUND14,2023-03-14,54.4921
FUND14,2023-03-15,54.3934
FUND14,2023-03-16,54.1918
FUND14,2023-03-17,54.5337
FUND14,2023-03-20,53.7811
FUND14,2023-03-21,53.5574
FUND14,2023-03-22,53.9
FUND14,2023-03-23,53.7865
FUND14,2023-03-24,53.7751
FUND14,2023-03-27,54.0597
FUND14,2023-03-28,54.6808
FUND14,2023-03-29,55.2006
FUND14,2023-03-30,54.9265
FUND14,2023-03-31,54.1996
FUND14,2023-04-03,54.2504
FUND14,2023-04-04,53.8763
FUND14,2023-04-05,53.7175
FUND14,2023-04-06,53.4232
FUND14,2023-04-07,53.8907
FUND14,2023-04-10,53.7227
FUND14,2023-04-11,53.678
FUND14,2023-04-12,54.0892
FUND14,2023-04-13,54.2933
FUND14,2023-04-14,54.2176
FUND14,2023-04-17,54.3573
FUND14,2023-04-18,55.0033
FUND14,2023-04-19,55.3683
FUND14,2023-04-20,55.3411
FUND14,2023-04-21,55.5684
FUND14,2023-04-24,55.6692
FUND14,2023-04-25,56.2518
FUND14,2023-04-26,56.143
FUND14,2023-04-27,56.4328
FUND14,2023-04-28,57.3369
FUND14,2023-05-01,57.0256
FUND14,2023-05-02,57.0544
FUND14,2023-05-03,57.7402
FUND14,2023-05-04,58.5549
FUND14,2023-05-05,58.95
FUND14,2023-05-08,59.1525
FUND14,2023-05-09,59.1543
FUND14,2023-05-10,58.4347
FUND14,2023-05-11,58.0878
FUND14,2023-05-12,58.5786
FUND14,2023-05-15,58.4042
FUND14,2023-05-16,58.3217
FUND14,2023-05-17,58.4433
FUND14,2023-05-18,58.4115
FUND14,2023-05-19,58.2506
FUND14,2023-05-22,57.3489
FUND14,2023-05-23,57.5536
FUND14,2023-05-24,57.5799
FUND14,2023-05-25,57.7184
FUND14,2023-05-26,57.5807
FUND14,2023-05-29,57.8945
FUND14,2023-05-30,57.5641
FUND14,2023-05-31,58.2173
FUND14,2023-06-01,58.5964
FUND14,2023-06-02,59.0465
FUND14,2023-06-05,58.9829
FUND14,2023-06-06,58.0424
FUND14,2023-06-07,57.6256
FUND14,2023-06-08,56.9196
FUND14,2023-06-09,56.9686
FUND14,2023-06-12,57.1648
FUND14,2023-06-13,58.0584
FUND14,2023-06-14,57.7978
FUND14,2023-06-15,57.6234
FUND14,2023-06-16,56.9704
FUND14,2023-06-19,58.1511
FUND14,2023-06-20,58.4506
FUND14,2023-06-21,59.0356
FUND14,2023-06-22,58.8906
FUND14,2023-06-23,58.7917
FUND14,2023-06-26,58.7127
FUND14,2023-06-27,57.7611
FUND14,2023-06-28,57.4709
FUND14,2023-06-29,57.4899
FUND14,2023-06-30,57.6466
FUND14,2023-07-03,58.1715
FUND14,2023-07-04,58.3192
FUND14,2023-07-05,58.0884
FUND14,2023-07-06,57.7572
FUND14,2023-07-07,57.5208
FUND14,2023-07-10,58.3301
FUND14,2023-07-11,58.4529
FUND14,2023-07-12,58.4724
FUND14,2023-07-13,59.2017
FUND14,2023-07-14,59.4923
FUND14,2023-07-17,59.7308
FUND14,2023-07-18,59.2659
FUND14,2023-07-19,59.7214
FUND14,2023-07-20,59.2482
FUND14,2023-07-21,59.2423
FUND14,2023-07-24,58.7295
FUND14,2023-07-25,59.4588
FUND14,2023-07-26,59.7335
FUND14,2023-07-27,59.6138
FUND14,2023-07-28,59.214
FUND14,2023-07-31,59.0382
FUND14,2023-08-01,59.1784
FUND14,2023-08-02,58.3592
FUND14,2023-08-03,58.7409
FUND14,2023-08-04,59.1859
FUND14,2023-08-07,59.1762
FUND14,2023-08-08,59.373
FUND14,2023-08-09,59.8458
FUND14,2023-08-10,60.1796
FUND14,2023-08-11,60.33
FUND14,2023-08-14,60.0972
FUND14,2023-08-15,59.9666
FUND14,2023-08-16,59.9883
FUND14,2023-08-17,59.1047
FUND14,2023-08-18,59.2908
FUND14,2023-08-21,58.7846
FUND14,2023-08-22,58.8946
FUND14,2023-08-23,58.926
FUND14,2023-08-24,58.8128
FUND14,2023-08-25,58.0742
FUND14,2023-08-28,58.3056
FUND14,2023-08-29,58.4437
FUND14,2023-08-30,58.5331
FUND14,2023-08-31,58.6847
FUND14,2023-09-01,58.3526
FUND14,2023-09-04,58.8932
FUND14,2023-09-05,58.9418
FUND14,2023-09-06,59.3363
FUND14,2023-09-07,58.9824
FUND14,2023-09-08,58.7131
FUND14,2023-09-11,58.8722
FUND14,2023-09-12,59.0276
FUND14,2023-09-13,59.0627
FUND14,2023-09-14,59.6402
FUND14,2023-09-15,58.9646
FUND14,2023-09-18,59.0226
FUND14,2023-09-19,58.4606
FUND14,2023-09-20,59.2401
FUND14,2023-09-21,59.4032
FUND14,2023-09-22,60.1148
FUND14,2023-09-25,60.8662
FUND14,2023-09-26,60.6238
FUND14,2023-09-27,60.4892
FUND14,2023-09-28,61.1478
FUND14,2023-09-29,60.8364
FUND14,2023-10-02,60.8142
FUND14,2023-10-03,60.6811
FUND14,2023-10-04,60.22
FUND14,2023-10-05,61.1498
FUND14,2023-10-06,61.5069
FUND14,2023-10-09,61.3707
FUND14,2023-10-10,60.8054
FUND14,2023-10-11,60.7862
FUND14,2023-10-12,61.1181
FUND14,2023-10-13,61.9509
FUND14,2023-10-16,62.9285
FUND14,2023-10-17,63.0591
FUND14,2023-10-18,63.8517
FUND14,2023-10-19,64.0005
FUND14,2023-10-20,64.4779
FUND14,2023-10-23,64.6228
FUND14,2023-10-24,64.4224
FUND14,2023-10-25,65.1848
FUND14,2023-10-26,65.122
FUND14,2023-10-27,64.8528
FUND14,2023-10-30,64.4697
FUND14,2023-10-31,64.9268
FUND14,2023-11-01,65.3337
FUND14,2023-11-02,65.7507
FUND14,2023-11-03,65.8723
FUND14,2023-11-06,65.2372
FUND14,2023-11-07,65.8722
FUND14,2023-11-08,66.2486
FUND14,2023-11-09,66.4874
FUND14,2023-11-10,66.0882
FUND14,2023-11-13,65.768
FUND14,2023-11-14,66.1167
FUND14,2023-11-15,65.7944
FUND14,2023-11-16,66.1486
FUND14,2023-11-17,66.2791
FUND14,2023-11-20,66.5257
FUND14,2023-11-21,67.0401
FUND14,2023-11-22,67.4772
FUND14,2023-11-23,67.654
FUND14,2023-11-24,67.2524
FUND14,2023-11-27,67.1755
FUND14,2023-11-28,67.8812
FUND14,2023-11-29,68.033
FUND14,2023-11-30,68.957
FUND14,2023-12-01,68.2879
FUND14,2023-12-04,69.0912
FUND14,2023-12-05,68.6262
FUND14,2023-12-06,67.9564
FUND14,2023-12-07,67.5445
FUND14,2023-12-08,67.0823
FUND14,2023-12-11,67.8999
FUND14,2023-12-12,67.4601
FUND14,2023-12-13,67.7109
FUND14,2023-12-14,67.6466
FUND14,2023-12-15,66.8865
FUND14,2023-12-18,67.1475
FUND14,2023-12-19,67.2712
FUND14,2023-12-20,66.7111
FUND14,2023-12-21,67.2564
FUND14,2023-12-22,66.8711
FUND14,2023-12-25,66.0405
FUND14,2023-12-26,66.5797
FUND14,2023-12-27,66.4132
FUND14,2023-12-28,65.8874
FUND14,2023-12-29,65.6517
FUND14,2024-01-01,65.407
FUND14,2024-01-02,65.4128
FUND14,2024-01-03,64.8701
FUND14,2024-01-04,65.4428
FUND14,2024-01-05,65.7093
FUND14,2024-01-08,65.6323
FUND14,2024-01-09,66.53
FUND14,2024-01-10,66.6534
FUND14,2024-01-11,66.8904
FUND14,2024-01-12,66.8681
FUND14,2024-01-15,66.9088
FUND14,2024-01-16,67.5623
FUND14,2024-01-17,67.3441
FUND14,2024-01-18,67.8061
FUND14,2024-01-19,67.4952
FUND14,2024-01-22,67.2251
FUND14,2024-01-23,66.8014
FUND14,2024-01-24,66.1226
FUND14,2024-01-25,66.4076
FUND14,2024-01-26,65.8293
FUND14,2024-01-29,66.313
FUND14,2024-01-30,66.7963
FUND14,2024-01-31,66.6713
FUND14,2024-02-01,67.057
FUND14,2024-02-02,67.3344
FUND14,2024-02-05,67.8707
FUND14,2024-02-06,67.3938
FUND14,2024-02-07,67.6385
FUND14,2024-02-08,68.2332
FUND14,2024-02-09,68.1528
FUND14,2024-02-12,68.3895
FUND14,2024-02-13,68.1396
FUND14,2024-02-14,69.2815
FUND14,2024-02-15,69.7551
FUND14,2024-02-16,69.6813
FUND14,2024-02-19,70.4144
FUND14,2024-02-20,70.3835
FUND14,2024-02-21,70.5987
FUND14,2024-02-22,71.0176
FUND14,2024-02-23,71.8622
FUND14,2024-02-26,71.7321
FUND14,2024-02-27,72.8205
FUND14,2024-02-28,73.3891
FUND14,2024-02-29,73.9772
FUND14,2024-03-01,74.4754
FUND14,2024-03-04,75.1239
FUND14,2024-03-05,75.4275
FUND14,2024-03-06,75.5566
FUND14,2024-03-07,76.4183
FUND14,2024-03-08,76.6682
FUND14,2024-03-11,77.188
FUND14,2024-03-12,76.6627
FUND14,2024-03-13,77.5708
FUND14,2024-03-14,77.853
FUND14,2024-03-15,78.7379
FUND14,2024-03-18,79.126
FUND14,2024-03-19,79.1484
FUND14,2024-03-20,79.6428
FUND14,2024-03-21,79.1902
FUND14,2024-03-22,78.2072
FUND14,2024-03-25,77.7032
FUND14,2024-03-26,78.4718
FUND14,2024-03-27,78.089
FUND14,2024-03-28,77.8228
FUND14,2024-03-29,78.4155
FUND14,2024-04-01,78.754
FUND14,2024-04-02,78.3784
FUND14,2024-04-03,78.3966
FUND14,2024-04-04,78.1904
FUND14,2024-04-05,78.7281
FUND14,2024-04-08,79.0394
FUND14,2024-04-09,78.5484
FUND14,2024-04-10,77.8577
FUND14,2024-04-11,76.9985
FUND14,2024-04-12,77.3572
FUND14,2024-04-15,77.7983
FUND14,2024-04-16,77.9676
FUND14,2024-04-17,77.5137
FUND14,2024-04-18,76.8694
FUND14,2024-04-19,77.3622
FUND14,2024-04-22,75.908
FUND14,2024-04-23,76.2283
FUND14,2024-04-24,76.0366
FUND14,2024-04-25,75.8543
FUND14,2024-04-26,77.1324
FUND14,2024-04-29,77.5398
FUND14,2024-04-30,77.6966
FUND14,2024-05-01,77.6755
FUND14,2024-05-02,76.9221
FUND14,2024-05-03,76.321
FUND14,2024-05-06,75.3954
FUND14,2024-05-07,75.3758
FUND14,2024-05-08,74.6937
FUND14,2024-05-09,74.7018
FUND14,2024-05-10,74.5349
FUND14,2024-05-13,74.8953
FUND14,2024-05-14,75.0092
FUND14,2024-05-15,74.931
FUND14,2024-05-16,74.8964
FUND14,2024-05-17,74.4103
FUND14,2024-05-20,74.6756
FUND14,2024-05-21,74.7177
FUND14,2024-05-22,75.896
FUND14,2024-05-23,76.5496
FUND14,2024-05-24,76.7014
FUND14,2024-05-27,77.4041
FUND14,2024-05-28,76.813
FUND14,2024-05-29,76.5397
FUND14,2024-05-30,75.793
FUND14,2024-05-31,76.283
FUND14,2024-06-03,76.723
FUND14,2024-06-04,76.2065
FUND14,2024-06-05,76.851
FUND14,2024-06-06,77.0996
FUND14,2024-06-07,76.5444
FUND14,2024-06-10,76.4981
FUND14,2024-06-11,76.4163
FUND14,2024-06-12,77.519
FUND14,2024-06-13,77.4524
FUND14,2024-06-14,77.9081
FUND14,2024-06-17,77.9977
FUND14,2024-06-18,79.0199
FUND14,2024-06-19,78.6547
FUND14,2024-06-20,79.1869
FUND14,2024-06-21,79.2315
FUND14,2024-06-24,78.992
FUND14,2024-06-25,79.0927
FUND14,2024-06-26,80.0801
FUND14,2024-06-27,80.5344
FUND14,2024-06-28,80.2009
FUND14,2024-07-01,79.8326
FUND14,2024-07-02,80.4372
FUND14,2024-07-03,81.223
FUND14,2024-07-04,80.8296
FUND14,2024-07-05,80.3684
FUND14,2024-07-08,80.0224
FUND14,2024-07-09,79.4069
FUND14,2024-07-10,79.8233
FUND14,2024-07-11,80.0119
FUND14,2024-07-12,79.7917
FUND14,2024-07-15,78.8566
FUND14,2024-07-16,78.6702
FUND14,2024-07-17,78.079
FUND14,2024-07-18,78.542
FUND14,2024-07-19,78.8782
FUND14,2024-07-22,79.2682
FUND14,2024-07-23,79.2004
FUND14,2024-07-24,79.7383
FUND14,2024-07-25,80.3187
FUND14,2024-07-26,80.6687
FUND14,2024-07-29,81.4871
FUND14,2024-07-30,81.4543
FUND14,2024-07-31,80.8131
FUND14,2024-08-01,80.108
FUND14,2024-08-02,81.1265
FUND14,2024-08-05,80.4606
FUND14,2024-08-06,80.8068
FUND14,2024-08-07,80.8849
FUND14,2024-08-08,80.8706
FUND14,2024-08-09,81.6701
FUND14,2024-08-12,82.6118
FUND14,2024-08-13,82.2379
FUND14,2024-08-14,82.3988
FUND14,2024-08-15,82.562
FUND14,2024-08-16,81.7711
FUND14,2024-08-19,82.2034
FUND14,2024-08-20,82.5733
FUND14,2024-08-21,82.6029
FUND14,2024-08-22,83.5609
FUND14,2024-08-23,82.594
FUND14,2024-08-26,83.1105
FUND14,2024-08-27,82.8385
FUND14,2024-08-28,82.2558
FUND14,2024-08-29,82.7482
FUND14,2024-08-30,82.7261
FUND14,2024-09-02,82.4798
FUND14,2024-09-03,83.5622
FUND14,2024-09-04,82.8265
FUND14,2024-09-05,82.1716
FUND14,2024-09-06,81.7683
FUND14,2024-09-09,81.9998
FUND14,2024-09-10,82.0427
FUND14,2024-09-11,82.0526
FUND14,2024-09-12,81.5408
FUND14,2024-09-13,81.0091
FUND14,2024-09-16,81.2501
FUND14,2024-09-17,80.2258
FUND14,2024-09-18,80.6205
FUND14,2024-09-19,80.505
FUND14,2024-09-20,81.2047
FUND14,2024-09-23,81.5049
FUND14,2024-09-24,81.8387
FUND14,2024-09-25,82.0218
FUND14,2024-09-26,80.74
FUND14,2024-09-27,81.0169
FUND14,2024-09-30,80.9696
FUND14,2024-10-01,81.6492
FUND14,2024-10-02,81.2091
FUND14,2024-10-03,80.6693
FUND14,2024-10-04,81.3421
FUND14,2024-10-07,80.9264
FUND14,2024-10-08,81.4131
FUND14,2024-10-09,80.6694
FUND14,2024-10-10,80.6753
FUND14,2024-10-11,80.975
FUND14,2024-10-14,80.9329
FUND14,2024-10-15,80.8231
FUND14,2024-10-16,81.389
FUND14,2024-10-17,80.2683
FUND14,2024-10-18,79.825
FUND14,2024-10-21,78.885
FUND14,2024-10-22,78.3972
FUND14,2024-10-23,77.9905
FUND14,2024-10-24,78.2619
FUND14,2024-10-25,78.1591
FUND14,2024-10-28,78.5324
FUND14,2024-10-29,79.2359
FUND14,2024-10-30,80.1174
FUND14,2024-10-31,79.9955
FUND14,2024-11-01,78.2889
FUND14,2024-11-04,78.5059
FUND14,2024-11-05,79.228
FUND14,2024-11-06,78.5615
FUND14,2024-11-07,78.2472
FUND14,2024-11-08,78.6751
FUND14,2024-11-11,78.9987
FUND14,2024-11-12,79.3867
FUND14,2024-11-13,79.7501
FUND14,2024-11-14,78.6711
FUND14,2024-11-15,79.1677
FUND14,2024-11-18,78.9053
FUND14,2024-11-19,80.207
FUND14,2024-11-20,81.2362
FUND14,2024-11-21,81.2153
FUND14,2024-11-22,82.0486
FUND14,2024-11-25,81.6915
FUND14,2024-11-26,81.9986
FUND14,2024-11-27,82.3648
FUND14,2024-11-28,82.9501
FUND14,2024-11-29,82.136
FUND14,2024-12-02,83.4647
FUND14,2024-12-03,83.7408
FUND14,2024-12-04,84.5314
FUND14,2024-12-05,84.39
FUND14,2024-12-06,84.4627
FUND14,2024-12-09,84.4456
FUND14,2024-12-10,84.5667
FUND14,2024-12-11,84.4949
FUND14,2024-12-12,84.9743
FUND14,2024-12-13,86.4461
FUND14,2024-12-16,85.5718
FUND14,2024-12-17,85.1838
FUND14,2024-12-18,84.0689
FUND14,2024-12-19,83.9678
FUND14,2024-12-20,83.936
FUND14,2024-12-23,84.2712
FUND14,2024-12-24,83.9994
FUND14,2024-12-25,82.9072
FUND14,2024-12-26,82.3503
FUND14,2024-12-27,82.6197
FUND14,2024-12-30,82.5705
FUND14,2024-12-31,83.8255
FUND14,2025-01-01,84.8711
FUND14,2025-01-02,84.8786
FUND14,2025-01-03,85.362
FUND14,2025-01-06,85.804
FUND14,2025-01-07,86.8369
FUND14,2025-01-08,87.4277
FUND14,2025-01-09,87.3997
FUND14,2025-01-10,86.8886
FUND14,2025-01-13,86.4301
FUND14,2025-01-14,86.4598
FUND14,2025-01-15,85.9944
FUND14,2025-01-16,85.4937
FUND14,2025-01-17,85.7113
FUND14,2025-01-20,84.794
FUND14,2025-01-21,84.2858
FUND14,2025-01-22,85.6261
FUND14,2025-01-23,84.3479
FUND14,2025-01-24,84.9818
FUND14,2025-01-27,85.1823
FUND14,2025-01-28,84.7094
FUND14,2025-01-29,85.2566
FUND14,2025-01-30,84.537
FUND14,2025-01-31,84.708
FUND14,2025-02-03,84.643
FUND14,2025-02-04,84.6421
FUND14,2025-02-05,84.6347
FUND14,2025-02-06,85.0787
FUND14,2025-02-07,85.589
FUND14,2025-02-10,86.5193
FUND14,2025-02-11,86.2403
FUND14,2025-02-12,86.2577
FUND14,2025-02-13,86.6702
FUND14,2025-02-14,87.1259
FUND14,2025-02-17,86.2233
FUND14,2025-02-18,86.1899
FUND14,2025-02-19,86.6533
FUND14,2025-02-20,87.8132
FUND14,2025-02-21,86.7561
FUND14,2025-02-24,87.4678
FUND14,2025-02-25,86.6875
FUND14,2025-02-26,86.9768
FUND14,2025-02-27,87.0341
FUND14,2025-02-28,86.6792
FUND14,2025-03-03,86.5775
FUND14,2025-03-04,86.9179
FUND14,2025-03-05,87.5666
FUND14,2025-03-06,87.5681
FUND14,2025-03-07,88.2463
FUND14,2025-03-10,87.5037
FUND14,2025-03-11,87.0972
FUND14,2025-03-12,86.2214
FUND14,2025-03-13,86.3649
FUND14,2025-03-14,86.6444
FUND14,2025-03-17,87.182
FUND14,2025-03-18,87.295
FUND14,2025-03-19,87.8758
FUND14,2025-03-20,86.7851
FUND14,2025-03-21,86.9439
FUND14,2025-03-24,86.5301
FUND14,2025-03-25,86.9557
FUND14,2025-03-26,86.7234
FUND14,2025-03-27,86.81
FUND14,2025-03-28,87.8605
FUND14,2025-03-31,88.7749
FUND14,2025-04-01,88.8453
FUND14,2025-04-02,88.3638
FUND14,2025-04-03,88.9809
FUND14,2025-04-04,88.924
FUND14,2025-04-07,88.8088
FUND14,2025-04-08,88.5875
FUND14,2025-04-09,88.0863
FUND14,2025-04-10,88.2639
FUND14,2025-04-11,89.0726
FUND14,2025-04-14,89.7861
FUND14,2025-04-15,89.5229
FUND14,2025-04-16,88.4921
FUND14,2025-04-17,87.3803
FUND14,2025-04-18,87.5511
FUND14,2025-04-21,86.9448
FUND14,2025-04-22,87.042
FUND14,2025-04-23,87.1448
FUND14,2025-04-24,87.7244
FUND14,2025-04-25,86.4296
FUND14,2025-04-28,86.4193
FUND14,2025-04-29,86.5175
FUND14,2025-04-30,86.3501
FUND14,2025-05-01,86.4696
FUND14,2025-05-02,86.0333
FUND14,2025-05-05,85.8265
FUND14,2025-05-06,86.4492
FUND14,2025-05-07,85.9049
FUND14,2025-05-08,86.1832
FUND14,2025-05-09,86.6605
FUND14,2025-05-12,86.4504
FUND14,2025-05-13,86.4239
FUND14,2025-05-14,85.9047
FUND14,2025-05-15,86.1822
FUND14,2025-05-16,85.7417
FUND14,2025-05-19,85.1028
FUND14,2025-05-20,85.5905
FUND14,2025-05-21,85.8556
FUND14,2025-05-22,86.2774
FUND14,2025-05-23,85.2455
FUND14,2025-05-26,84.222
FUND14,2025-05-27,83.8552
FUND14,2025-05-28,83.5471
FUND14,2025-05-29,83.5006
FUND14,2025-05-30,83.476
FUND14,2025-06-02,83.3353
FUND14,2025-06-03,82.3032
FUND14,2025-06-04,83.1472
FUND14,2025-06-05,83.7084
FUND14,2025-06-06,84.6501
FUND14,2025-06-09,84.147
FUND14,2025-06-10,83.3481
FUND14,2025-06-11,83.108
FUND14,2025-06-12,82.585
FUND14,2025-06-13,82.5679
FUND14,2025-06-16,82.7304
FUND14,2025-06-17,83.1161
FUND14,2025-06-18,81.9901
FUND14,2025-06-19,81.7749
FUND14,2025-06-20,81.9638
FUND14,2025-06-23,83.0835
FUND14,2025-06-24,83.596
FUND14,2025-06-25,83.354
FUND14,2025-06-26,83.6172
FUND14,2025-06-27,84.6404
FUND14,2025-06-30,84.8478
FUND14,2025-07-01,84.8371
FUND14,2025-07-02,86.3522
FUND14,2025-07-03,86.5929
FUND14,2025-07-04,87.1561
FUND14,2025-07-07,87.595
FUND14,2025-07-08,87.2748
FUND14,2025-07-09,87.363
FUND14,2025-07-10,87.2688
FUND14,2025-07-11,87.7597
FUND14,2025-07-14,87.8808
FUND14,2025-07-15,87.4536
FUND14,2025-07-16,87.4602
FUND14,2025-07-17,87.8389
FUND14,2025-07-18,88.0914
FUND14,2025-07-21,87.2246
FUND14,2025-07-22,87.9899
FUND14,2025-07-23,88.8202
FUND14,2025-07-24,88.8396
FUND14,2025-07-25,89.1653
FUND14,2025-07-28,90.1536
FUND14,2025-07-29,90.6813
FUND14,2025-07-30,90.7897
FUND14,2025-07-31,90.1577
FUND14,2025-08-01,91.4505
FUND14,2025-08-04,91.6224
FUND14,2025-08-05,91.3734
FUND14,2025-08-06,91.1935
FUND14,2025-08-07,91.1436
FUND14,2025-08-08,90.0193
FUND14,2025-08-11,90.3822
FUND14,2025-08-12,91.2852
FUND14,2025-08-13,91.1152
FUND14,2025-08-14,91.7161
FUND14,2025-08-15,91.6257
FUND14,2025-08-18,91.6698
FUND14,2025-08-19,91.6572
FUND14,2025-08-20,92.1593
FUND14,2025-08-21,92.1267
FUND14,2025-08-22,93.1643
FUND14,2025-08-25,92.6636
FUND14,2025-08-26,92.8203
FUND14,2025-08-27,94.3563
FUND14,2025-08-28,95.4092
FUND14,2025-08-29,94.7221
FUND14,2025-09-01,94.4813
FUND14,2025-09-02,95.2528
FUND14,2025-09-03,94.8384
FUND14,2025-09-04,94.9001
FUND14,2025-09-05,95.087
FUND14,2025-09-08,94.448
FUND14,2025-09-09,94.518
FUND14,2025-09-10,93.9683
FUND14,2025-09-11,94.6459
FUND14,2025-09-12,95.0869
FUND14,2025-09-15,95.4565
FUND14,2025-09-16,96.2093
FUND14,2025-09-17,96.1574
FUND14,2025-09-18,96.2914
FUND14,2025-09-19,97.0231
FUND14,2025-09-22,96.1414
FUND14,2025-09-23,95.8091
FUND14,2025-09-24,95.2342
FUND14,2025-09-25,96.3956
FUND14,2025-09-26,96.7664
FUND14,2025-09-29,96.7769
FUND14,2025-09-30,97.5244
FUND14,2025-10-01,98.8323
FUND14,2025-10-02,98.3442
FUND14,2025-10-03,98.4386
FUND14,2025-10-06,99.128
FUND14,2025-10-07,99.9677
FUND14,2025-10-08,98.8712
FUND14,2025-10-09,99.1232
FUND14,2025-10-10,98.7007
FUND14,2025-10-13,98.5466
FUND14,2025-10-14,98.6663
FUND14,2025-10-15,98.1786
FUND14,2025-10-16,97.992
FUND14,2025-10-17,98.655
FUND14,2025-10-20,99.0867
FUND14,2025-10-21,99.6651
FUND14,2025-10-22,99.0417
FUND14,2025-10-23,98.8059
FUND14,2025-10-24,99.9732
FUND14,2025-10-27,100.0729
FUND14,2025-10-28,100.1747
FUND14,2025-10-29,98.9304
FUND14,2025-10-30,98.3879
FUND14,2025-10-31,98.271
FUND14,2025-11-03,97.9641
FUND14,2025-11-04,97.5071
FUND14,2025-11-05,97.3467
FUND14,2025-11-06,96.5771
FUND14,2025-11-07,98.0363
FUND14,2025-11-10,96.3468
FUND14,2025-11-11,96.6949
FUND14,2025-11-12,96.9168
FUND14,2025-11-13,96.7594
FUND14,2025-11-14,96.1647
FUND14,2025-11-17,96.241
FUND14,2025-11-18,95.8804
FUND14,2025-11-19,95.9335
FUND14,2025-11-20,95.5679
FUND14,2025-11-21,93.8967
FUND14,2025-11-24,94.6559
FUND15,2023-01-02,25.049
FUND15,2023-01-03,25.0815
FUND15,2023-01-04,24.9022
FUND15,2023-01-05,24.8526
FUND15,2023-01-06,24.8003
FUND15,2023-01-09,25.002
FUND15,2023-01-10,24.8898
FUND15,2023-01-11,25.3118
FUND15,2023-01-12,25.2136
FUND15,2023-01-13,25.0095
FUND15,2023-01-16,24.8775
FUND15,2023-01-17,24.7623
FUND15,2023-01-18,24.7074
FUND15,2023-01-19,24.6292
FUND15,2023-01-20,24.5093
FUND15,2023-01-23,24.4974
FUND15,2023-01-24,24.2793
FUND15,2023-01-25,24.0921
FUND15,2023-01-26,23.9589
FUND15,2023-01-27,23.9484
FUND15,2023-01-30,23.535
FUND15,2023-01-31,23.6394
FUND15,2023-02-01,23.9057
FUND15,2023-02-02,23.7826
FUND15,2023-02-03,23.8481
FUND15,2023-02-06,23.7756
FUND15,2023-02-07,23.4426
FUND15,2023-02-08,23.3973
FUND15,2023-02-09,23.5898
FUND15,2023-02-10,23.6078
FUND15,2023-02-13,23.6538
FUND15,2023-02-14,23.715
FUND15,2023-02-15,23.8773
FUND15,2023-02-16,23.8609
FUND15,2023-02-17,23.9751
FUND15,2023-02-20,24.2436
FUND15,2023-02-21,24.0878
FUND15,2023-02-22,24.0554
FUND15,2023-02-23,24.2546
FUND15,2023-02-24,24.3397
FUND15,2023-02-27,24.4426
FUND15,2023-02-28,24.5944
FUND15,2023-03-01,24.4751
FUND15,2023-03-02,24.4328
FUND15,2023-03-03,24.1425
FUND15,2023-03-06,23.8412
FUND15,2023-03-07,23.7955
FUND15,2023-03-08,24.1368
FUND15,2023-03-09,24.3094
FUND15,2023-03-10,24.1336
FUND15,2023-03-13,24.0511
FUND15,2023-03-14,24.3005
FUND15,2023-03-15,24.1896
FUND15,2023-03-16,24.2775
FUND15,2023-03-17,24.0195
FUND15,2023-03-20,23.957
FUND15,2023-03-21,24.057
FUND15,2023-03-22,24.1133
FUND15,2023-03-23,24.1016
FUND15,2023-03-24,23.9592
FUND15,2023-03-27,23.9588
FUND15,2023-03-28,24.0505
FUND15,2023-03-29,24.1284
FUND15,2023-03-30,23.899
FUND15,2023-03-31,23.922
FUND15,2023-04-03,23.7648
FUND15,2023-04-04,23.8049
FUND15,2023-04-05,23.5688
FUND15,2023-04-06,23.5193
FUND15,2023-04-07,23.8487
FUND15,2023-04-10,24.0432
FUND15,2023-04-11,23.8513
FUND15,2023-04-12,23.7481
FUND15,2023-04-13,23.773
FUND15,2023-04-14,23.8937
FUND15,2023-04-17,23.3605
FUND15,2023-04-18,23.6387
FUND15,2023-04-19,23.8229
FUND15,2023-04-20,23.8958
FUND15,2023-04-21,23.99
FUND15,2023-04-24,24.1114
FUND15,2023-04-25,24.0019
FUND15,2023-04-26,24.0563
FUND15,2023-04-27,24.0261
FUND15,2023-04-28,23.8345
FUND15,2023-05-01,23.8265
FUND15,2023-05-02,23.7499
FUND15,2023-05-03,23.6167
FUND15,2023-05-04,23.5324
FUND15,2023-05-05,23.5386
FUND15,2023-05-08,23.3814
FUND15,2023-05-09,23.3233
FUND15,2023-05-10,23.1767
FUND15,2023-05-11,23.3161
FUND15,2023-05-12,23.2401
FUND15,2023-05-15,23.4471
FUND15,2023-05-16,23.0871
FUND15,2023-05-17,23.0229
FUND15,2023-05-18,23.2706
FUND15,2023-05-19,22.9039
FUND15,2023-05-22,23.224
FUND15,2023-05-23,23.1168
FUND15,2023-05-24,23.0413
FUND15,2023-05-25,22.7188
FUND15,2023-05-26,22.5368
FUND15,2023-05-29,22.4684
FUND15,2023-05-30,22.5381
FUND15,2023-05-31,22.2888
FUND15,2023-06-01,22.1238
FUND15,2023-06-02,22.0651
FUND15,2023-06-05,22.0489
FUND15,2023-06-06,22.0862
FUND15,2023-06-07,21.9659
FUND15,2023-06-08,22.1131
FUND15,2023-06-09,21.987
FUND15,2023-06-12,21.754
FUND15,2023-06-13,21.8082
FUND15,2023-06-14,22.0232
FUND15,2023-06-15,22.4297
FUND15,2023-06-16,22.4304
FUND15,2023-06-19,22.3565
FUND15,2023-06-20,22.4351
FUND15,2023-06-21,22.4409
FUND15,2023-06-22,22.4217
FUND15,2023-06-23,22.2311
FUND15,2023-06-26,22.3114
FUND15,2023-06-27,22.4651
FUND15,2023-06-28,22.4765
FUND15,2023-06-29,22.6201
FUND15,2023-06-30,22.7192
FUND15,2023-07-03,22.716
FUND15,2023-07-04,23.1158
FUND15,2023-07-05,23.0858
FUND15,2023-07-06,23.0632
FUND15,2023-07-07,23.0379
FUND15,2023-07-10,23.2437
FUND15,2023-07-11,23.5149
FUND15,2023-07-12,23.5972
FUND15,2023-07-13,23.5988
FUND15,2023-07-14,23.8591
FUND15,2023-07-17,24.2012
FUND15,2023-07-18,24.1454
FUND15,2023-07-19,24.4293
FUND15,2023-07-20,24.1102
FUND15,2023-07-21,24.3787
FUND15,2023-07-24,24.3807
FUND15,2023-07-25,24.1756
FUND15,2023-07-26,24.195
FUND15,2023-07-27,24.4204
FUND15,2023-07-28,24.2059
FUND15,2023-07-31,24.2308
FUND15,2023-08-01,24.1888
FUND15,2023-08-02,24.5828
FUND15,2023-08-03,24.6616
FUND15,2023-08-04,24.845
FUND15,2023-08-07,25.1074
FUND15,2023-08-08,25.1848
FUND15,2023-08-09,25.1171
FUND15,2023-08-10,24.7975
FUND15,2023-08-11,24.9826
FUND15,2023-08-14,25.2459
FUND15,2023-08-15,25.3481
FUND15,2023-08-16,25.4365
FUND15,2023-08-17,25.4771
FUND15,2023-08-18,24.9451
FUND15,2023-08-21,24.8019
FUND15,2023-08-22,24.8989
FUND15,2023-08-23,25.1535
FUND15,2023-08-24,25.5265
FUND15,2023-08-25,25.5725
FUND15,2023-08-28,25.6786
FUND15,2023-08-29,25.5453
FUND15,2023-08-30,25.4444
FUND15,2023-08-31,25.0403
FUND15,2023-09-01,24.652
FUND15,2023-09-04,24.4225
FUND15,2023-09-05,23.9858
FUND15,2023-09-06,23.9474
FUND15,2023-09-07,23.6661
FUND15,2023-09-08,23.8706
FUND15,2023-09-11,23.8446
FUND15,2023-09-12,23.7923
FUND15,2023-09-13,23.8967
FUND15,2023-09-14,23.7103
FUND15,2023-09-15,23.7067
FUND15,2023-09-18,23.6375
FUND15,2023-09-19,23.5072
FUND15,2023-09-20,23.5641
FUND15,2023-09-21,23.6386
FUND15,2023-09-22,23.8494
FUND15,2023-09-25,23.9971
FUND15,2023-09-26,24.2741
FUND15,2023-09-27,24.2885
FUND15,2023-09-28,24.2824
FUND15,2023-09-29,24.2632
FUND15,2023-10-02,24.441
FUND15,2023-10-03,24.3154
FUND15,2023-10-04,24.5252
FUND15,2023-10-05,24.4513
FUND15,2023-10-06,24.2289
FUND15,2023-10-09,24.1454
FUND15,2023-10-10,24.1732
FUND15,2023-10-11,24.4327
FUND15,2023-10-12,24.6029
FUND15,2023-10-13,24.709
FUND15,2023-10-16,24.9491
FUND15,2023-10-17,25.2753
FUND15,2023-10-18,25.2115
FUND15,2023-10-19,25.251
FUND15,2023-10-20,25.126
FUND15,2023-10-23,25.0768
FUND15,2023-10-24,25.1398
FUND15,2023-10-25,25.1233
FUND15,2023-10-26,24.9867
FUND15,2023-10-27,25.137
FUND15,2023-10-30,24.9076
FUND15,2023-10-31,25.0158
FUND15,2023-11-01,24.95
FUND15,2023-11-02,24.9605
FUND15,2023-11-03,24.8651
FUND15,2023-11-06,25.154
FUND15,2023-11-07,25.2603
FUND15,2023-11-08,25.3138
FUND15,2023-11-09,25.4168
FUND15,2023-11-10,25.3678
FUND15,2023-11-13,25.5025
FUND15,2023-11-14,25.6631
FUND15,2023-11-15,26.0485
FUND15,2023-11-16,26.1296
FUND15,2023-11-17,26.2872
FUND15,2023-11-20,26.2431
FUND15,2023-11-21,26.1007
FUND15,2023-11-22,25.8447
FUND15,2023-11-23,25.8683
FUND15,2023-11-24,25.7096
FUND15,2023-11-27,25.9467
FUND15,2023-11-28,25.6863
FUND15,2023-11-29,25.7799
FUND15,2023-11-30,25.8135
FUND15,2023-12-01,25.7733
FUND15,2023-12-04,25.8794
FUND15,2023-12-05,25.7174
FUND15,2023-12-06,25.5923
FUND15,2023-12-07,25.5673
FUND15,2023-12-08,25.5206
FUND15,2023-12-11,25.3547
FUND15,2023-12-12,25.4913
FUND15,2023-12-13,25.1742
FUND15,2023-12-14,25.2603
FUND15,2023-12-15,25.5574
FUND15,2023-12-18,25.195
FUND15,2023-12-19,25.1932
FUND15,2023-12-20,25.2232
FUND15,2023-12-21,25.1488
FUND15,2023-12-22,25.1775
FUND15,2023-12-25,25.0365
FUND15,2023-12-26,24.9957
FUND15,2023-12-27,25.0122
FUND15,2023-12-28,25.2299
FUND15,2023-12-29,25.425
FUND15,2024-01-01,25.4736
FUND15,2024-01-02,25.5794
FUND15,2024-01-03,25.4243
FUND15,2024-01-04,25.3334
FUND15,2024-01-05,25.1536
FUND15,2024-01-08,25.3391
FUND15,2024-01-09,25.6417
FUND15,2024-01-10,25.7133
FUND15,2024-01-11,25.4466
FUND15,2024-01-12,25.1669
FUND15,2024-01-15,25.3757
FUND15,2024-01-16,25.3927
FUND15,2024-01-17,25.2566
FUND15,2024-01-18,25.505
FUND15,2024-01-19,25.862
FUND15,2024-01-22,26.1276
FUND15,2024-01-23,26.0567
FUND15,2024-01-24,26.2744
FUND15,2024-01-25,26.2981
FUND15,2024-01-26,26.3442
FUND15,2024-01-29,26.4326
FUND15,2024-01-30,26.2309
FUND15,2024-01-31,26.0468
FUND15,2024-02-01,25.9557
FUND15,2024-02-02,25.6579
FUND15,2024-02-05,25.8857
FUND15,2024-02-06,25.8896
FUND15,2024-02-07,26.0889
FUND15,2024-02-08,25.9376
FUND15,2024-02-09,26.2002
FUND15,2024-02-12,26.0414
FUND15,2024-02-13,26.554
FUND15,2024-02-14,26.8097
FUND15,2024-02-15,26.5737
FUND15,2024-02-16,26.778
FUND15,2024-02-19,26.6426
FUND15,2024-02-20,26.3395
FUND15,2024-02-21,26.5128
FUND15,2024-02-22,26.7176
FUND15,2024-02-23,26.6656
FUND15,2024-02-26,26.9143
FUND15,2024-02-27,26.9658
FUND15,2024-02-28,27.3549
FUND15,2024-02-29,27.1568
FUND15,2024-03-01,27.6514
FUND15,2024-03-04,27.5488
FUND15,2024-03-05,27.7368
FUND15,2024-03-06,28.2856
FUND15,2024-03-07,28.2946
FUND15,2024-03-08,28.1876
FUND15,2024-03-11,27.9212
FUND15,2024-03-12,28.4003
FUND15,2024-03-13,28.5924
FUND15,2024-03-14,28.5651
FUND15,2024-03-15,28.612
FUND15,2024-03-18,28.2265
FUND15,2024-03-19,28.1082
FUND15,2024-03-20,28.1491
FUND15,2024-03-21,28.2789
FUND15,2024-03-22,28.2872
FUND15,2024-03-25,28.4314
FUND15,2024-03-26,28.315
FUND15,2024-03-27,28.4624
FUND15,2024-03-28,28.5478
FUND15,2024-03-29,28.5831
FUND15,2024-04-01,28.6822
FUND15,2024-04-02,28.7011
FUND15,2024-04-03,29.0437
FUND15,2024-04-04,29.1738
FUND15,2024-04-05,29.0027
FUND15,2024-04-08,28.8078
FUND15,2024-04-09,28.8445
FUND15,2024-04-10,28.5204
FUND15,2024-04-11,28.589
FUND15,2024-04-12,28.4434
FUND15,2024-04-15,27.9932
FUND15,2024-04-16,27.8019
FUND15,2024-04-17,27.4583
FUND15,2024-04-18,27.3685
FUND15,2024-04-19,27.0326
FUND15,2024-04-22,27.1297
FUND15,2024-04-23,27.199
FUND15,2024-04-24,27.2155
FUND15,2024-04-25,27.1113
FUND15,2024-04-26,27.1835
FUND15,2024-04-29,26.7495
FUND15,2024-04-30,26.898
FUND15,2024-05-01,26.6024
FUND15,2024-05-02,26.4277
FUND15,2024-05-03,26.5275
FUND15,2024-05-06,26.7471
FUND15,2024-05-07,26.8579
FUND15,2024-05-08,26.8487
FUND15,2024-05-09,26.5824
FUND15,2024-05-10,26.6391
FUND15,2024-05-13,26.9222
FUND15,2024-05-14,26.9517
FUND15,2024-05-15,26.7615
FUND15,2024-05-16,26.564
FUND15,2024-05-17,26.8922
FUND15,2024-05-20,26.6346
FUND15,2024-05-21,26.4232
FUND15,2024-05-22,26.6816
FUND15,2024-05-23,26.538
FUND15,2024-05-24,26.6302
FUND15,2024-05-27,26.7381
FUND15,2024-05-28,26.7984
FUND15,2024-05-29,27.0192
FUND15,2024-05-30,26.8652
FUND15,2024-05-31,27.1268
FUND15,2024-06-03,26.9817
FUND15,2024-06-04,27.0655
FUND15,2024-06-05,26.7805
FUND15,2024-06-06,27.037
FUND15,2024-06-07,27.5557
FUND15,2024-06-10,27.6792
FUND15,2024-06-11,27.5747
FUND15,2024-06-12,27.6419
FUND15,2024-06-13,27.4834
FUND15,2024-06-14,27.1262
FUND15,2024-06-17,27.0492
FUND15,2024-06-18,27.0754
FUND15,2024-06-19,27.0451
FUND15,2024-06-20,26.964
FUND15,2024-06-21,27.214
FUND15,2024-06-24,26.9345
FUND15,2024-06-25,27.1227
FUND15,2024-06-26,27.1441
FUND15,2024-06-27,26.9684
FUND15,2024-06-28,26.8835
FUND15,2024-07-01,26.6621
FUND15,2024-07-02,26.7357
FUND15,2024-07-03,26.9445
FUND15,2024-07-04,26.8996
FUND15,2024-07-05,26.9304
FUND15,2024-07-08,26.7635
FUND15,2024-07-09,26.7549
FUND15,2024-07-10,27.0532
FUND15,2024-07-11,26.7629
FUND15,2024-07-12,26.5458
FUND15,2024-07-15,26.3655
FUND15,2024-07-16,26.4328
FUND15,2024-07-17,26.2591
FUND15,2024-07-18,26.2964
FUND15,2024-07-19,26.1157
FUND15,2024-07-22,26.0811
FUND15,2024-07-23,26.2127
FUND15,2024-07-24,25.6679
FUND15,2024-07-25,25.4848
FUND15,2024-07-26,25.4536
FUND15,2024-07-29,25.4097
FUND15,2024-07-30,25.3174
FUND15,2024-07-31,25.0882
FUND15,2024-08-01,25.4788
FUND15,2024-08-02,25.3762
FUND15,2024-08-05,25.3137
FUND15,2024-08-06,25.4411
FUND15,2024-08-07,25.1571
FUND15,2024-08-08,25.1054
FUND15,2024-08-09,25.1292
FUND15,2024-08-12,25.1166
FUND15,2024-08-13,25.2197
FUND15,2024-08-14,25.0416
FUND15,2024-08-15,25.0604
FUND15,2024-08-16,25.2921
FUND15,2024-08-19,25.1092
FUND15,2024-08-20,25.1134
FUND15,2024-08-21,25.2953
FUND15,2024-08-22,25.1994
FUND15,2024-08-23,25.5493
FUND15,2024-08-26,25.4375
FUND15,2024-08-27,25.4119
FUND15,2024-08-28,25.3959
FUND15,2024-08-29,25.4315
FUND15,2024-08-30,25.3129
FUND15,2024-09-02,25.5664
FUND15,2024-09-03,25.4211
FUND15,2024-09-04,25.3241
FUND15,2024-09-05,25.6413
FUND15,2024-09-06,25.7218
FUND15,2024-09-09,25.7295
FUND15,2024-09-10,25.8193
FUND15,2024-09-11,26.091
FUND15,2024-09-12,26.2788
FUND15,2024-09-13,26.1421
FUND15,2024-09-16,25.9911
FUND15,2024-09-17,25.9157
FUND15,2024-09-18,26.4483
FUND15,2024-09-19,26.3986
FUND15,2024-09-20,26.2651
FUND15,2024-09-23,26.4473
FUND15,2024-09-24,26.1115
FUND15,2024-09-25,26.0921
FUND15,2024-09-26,25.8566
FUND15,2024-09-27,25.787
FUND15,2024-09-30,25.8144
FUND15,2024-10-01,25.7436
FUND15,2024-10-02,25.8304
FUND15,2024-10-03,26.1172
FUND15,2024-10-04,26.0829
FUND15,2024-10-07,26.2349
FUND15,2024-10-08,26.1086
FUND15,2024-10-09,26.1963
FUND15,2024-10-10,26.1933
FUND15,2024-10-11,26.5009
FUND15,2024-10-14,26.359
FUND15,2024-10-15,26.3281
FUND15,2024-10-16,26.3554
FUND15,2024-10-17,26.511
FUND15,2024-10-18,26.47
FUND15,2024-10-21,26.2359
FUND15,2024-10-22,25.901
FUND15,2024-10-23,26.0181
FUND15,2024-10-24,25.843
FUND15,2024-10-25,25.9464
FUND15,2024-10-28,26.0403
FUND15,2024-10-29,26.0356
FUND15,2024-10-30,26.2123
FUND15,2024-10-31,25.8258
FUND15,2024-11-01,25.7985
FUND15,2024-11-04,25.8194
FUND15,2024-11-05,26.1814
FUND15,2024-11-06,26.0284
FUND15,2024-11-07,26.1962
FUND15,2024-11-08,26.2178
FUND15,2024-11-11,26.0096
FUND15,2024-11-12,26.0098
FUND15,2024-11-13,25.6702
FUND15,2024-11-14,25.6277
FUND15,2024-11-15,25.9242
FUND15,2024-11-18,25.5855
FUND15,2024-11-19,25.3291
FUND15,2024-11-20,25.2683
FUND15,2024-11-21,25.1358
FUND15,2024-11-22,25.1113
FUND15,2024-11-25,25.1387
FUND15,2024-11-26,25.0581
FUND15,2024-11-27,25.117
FUND15,2024-11-28,25.0959
FUND15,2024-11-29,25.3618
FUND15,2024-12-02,25.5373
FUND15,2024-12-03,25.5183
FUND15,2024-12-04,25.5319
FUND15,2024-12-05,25.5757
FUND15,2024-12-06,25.5505
FUND15,2024-12-09,25.6209
FUND15,2024-12-10,25.5548
FUND15,2024-12-11,25.8627
FUND15,2024-12-12,25.9928
FUND15,2024-12-13,25.7645
FUND15,2024-12-16,25.6544
FUND15,2024-12-17,25.5295
FUND15,2024-12-18,25.1899
FUND15,2024-12-19,25.4831
FUND15,2024-12-20,25.6681
FUND15,2024-12-23,25.6893
FUND15,2024-12-24,25.5745
FUND15,2024-12-25,25.7566
FUND15,2024-12-26,25.4469
FUND15,2024-12-27,25.5301
FUND15,2024-12-30,25.6112
FUND15,2024-12-31,25.9133
FUND15,2025-01-01,25.8491
FUND15,2025-01-02,25.7211
FUND15,2025-01-03,26.1065
FUND15,2025-01-06,26.1926
FUND15,2025-01-07,26.4781
FUND15,2025-01-08,26.4274
FUND15,2025-01-09,26.2615
FUND15,2025-01-10,26.1988
FUND15,2025-01-13,26.3595
FUND15,2025-01-14,26.9321
FUND15,2025-01-15,26.8224
FUND15,2025-01-16,26.9551
FUND15,2025-01-17,26.8386
FUND15,2025-01-20,27.1291
FUND15,2025-01-21,27.4232
FUND15,2025-01-22,27.4852
FUND15,2025-01-23,27.5908
FUND15,2025-01-24,27.7692
FUND15,2025-01-27,27.135
FUND15,2025-01-28,27.4301
FUND15,2025-01-29,27.9988
FUND15,2025-01-30,28.0913
FUND15,2025-01-31,27.8638
FUND15,2025-02-03,27.785
FUND15,2025-02-04,27.8387
FUND15,2025-02-05,28.3261
FUND15,2025-02-06,28.535
FUND15,2025-02-07,28.7634
FUND15,2025-02-10,28.8297
FUND15,2025-02-11,28.7564
FUND15,2025-02-12,28.9003
FUND15,2025-02-13,29.5855
FUND15,2025-02-14,29.4648
FUND15,2025-02-17,29.4117
FUND15,2025-02-18,29.6314
FUND15,2025-02-19,29.9715
FUND15,2025-02-20,29.9569
FUND15,2025-02-21,29.7331
FUND15,2025-02-24,29.4214
FUND15,2025-02-25,29.6344
FUND15,2025-02-26,29.3744
FUND15,2025-02-27,29.5324
FUND15,2025-02-28,29.4494
FUND15,2025-03-03,29.6522
FUND15,2025-03-04,30.0332
FUND15,2025-03-05,30.3368
FUND15,2025-03-06,30.7275
FUND15,2025-03-07,30.637
FUND15,2025-03-10,30.5249
FUND15,2025-03-11,30.7977
FUND15,2025-03-12,30.4412
FUND15,2025-03-13,30.7396
FUND15,2025-03-14,30.4844
FUND15,2025-03-17,30.5012
FUND15,2025-03-18,30.6273
FUND15,2025-03-19,30.4074
FUND15,2025-03-20,30.5454
FUND15,2025-03-21,30.4861
FUND15,2025-03-24,30.4254
FUND15,2025-03-25,30.7136
FUND15,2025-03-26,30.5891
FUND15,2025-03-27,30.8241
FUND15,2025-03-28,31.0747
FUND15,2025-03-31,31.5429
FUND15,2025-04-01,31.2894
FUND15,2025-04-02,31.5319
FUND15,2025-04-03,31.7861
FUND15,2025-04-04,31.7543
FUND15,2025-04-07,31.5412
FUND15,2025-04-08,31.2954
FUND15,2025-04-09,31.5193
FUND15,2025-04-10,31.7854
FUND15,2025-04-11,32.1243
FUND15,2025-04-14,32.1308
FUND15,2025-04-15,32.0729
FUND15,2025-04-16,31.491
FUND15,2025-04-17,31.4163
FUND15,2025-04-18,31.5879
FUND15,2025-04-21,31.3478
FUND15,2025-04-22,31.2416
FUND15,2025-04-23,31.4442
FUND15,2025-04-24,31.5784
FUND15,2025-04-25,31.5647
FUND15,2025-04-28,31.071
FUND15,2025-04-29,30.908
FUND15,2025-04-30,30.6685
FUND15,2025-05-01,30.9771
FUND15,2025-05-02,30.6346
FUND15,2025-05-05,30.7623
FUND15,2025-05-06,30.9632
FUND15,2025-05-07,31.0757
FUND15,2025-05-08,30.9792
FUND15,2025-05-09,31.4829
FUND15,2025-05-12,31.2816
FUND15,2025-05-13,31.2018
FUND15,2025-05-14,31.3894
FUND15,2025-05-15,31.5273
FUND15,2025-05-16,31.4344
FUND15,2025-05-19,31.2672
FUND15,2025-05-20,31.3192
FUND15,2025-05-21,30.7477
FUND15,2025-05-22,30.3243
FUND15,2025-05-23,30.5136
FUND15,2025-05-26,29.9195
FUND15,2025-05-27,29.8161
FUND15,2025-05-28,29.824
FUND15,2025-05-29,29.669
FUND15,2025-05-30,29.5527
FUND15,2025-06-02,29.678
FUND15,2025-06-03,29.6215
FUND15,2025-06-04,29.0629
FUND15,2025-06-05,29.2053
FUND15,2025-06-06,29.2707
FUND15,2025-06-09,29.2811
FUND15,2025-06-10,29.0887
FUND15,2025-06-11,28.6943
FUND15,2025-06-12,29.1407
FUND15,2025-06-13,29.1361
FUND15,2025-06-16,29.3542
FUND15,2025-06-17,29.4624
FUND15,2025-06-18,29.4477
FUND15,2025-06-19,29.8139
FUND15,2025-06-20,30.1094
FUND15,2025-06-23,30.3935
FUND15,2025-06-24,30.2278
FUND15,2025-06-25,30.007
FUND15,2025-06-26,30.2761
FUND15,2025-06-27,30.3239
FUND15,2025-06-30,30.303
FUND15,2025-07-01,30.1196
FUND15,2025-07-02,29.7824
FUND15,2025-07-03,30.0439
FUND15,2025-07-04,30.0779
FUND15,2025-07-07,29.868
FUND15,2025-07-08,29.8189
FUND15,2025-07-09,29.5588
FUND15,2025-07-10,29.4252
FUND15,2025-07-11,29.2401
FUND15,2025-07-14,29.3377
FUND15,2025-07-15,29.4347
FUND15,2025-07-16,29.4096
FUND15,2025-07-17,29.8382
FUND15,2025-07-18,29.8488
FUND15,2025-07-21,29.7453
FUND15,2025-07-22,29.8683
FUND15,2025-07-23,30.0832
FUND15,2025-07-24,29.8182
FUND15,2025-07-25,30.2539
FUND15,2025-07-28,30.3072
FUND15,2025-07-29,30.162
FUND15,2025-07-30,30.4424
FUND15,2025-07-31,30.6427
FUND15,2025-08-01,31.1016
FUND15,2025-08-04,31.3398
FUND15,2025-08-05,31.1681
FUND15,2025-08-06,31.1861
FUND15,2025-08-07,31.182
FUND15,2025-08-08,31.3904
FUND15,2025-08-11,31.0
FUND15,2025-08-12,31.1512
FUND15,2025-08-13,31.063
FUND15,2025-08-14,30.7776
FUND15,2025-08-15,30.4542
FUND15,2025-08-18,30.2411
FUND15,2025-08-19,30.3638
FUND15,2025-08-20,30.5263
FUND15,2025-08-21,30.5755
FUND15,2025-08-22,30.8061
FUND15,2025-08-25,30.6868
FUND15,2025-08-26,30.8436
FUND15,2025-08-27,30.9828
FUND15,2025-08-28,30.9437
FUND15,2025-08-29,30.7722
FUND15,2025-09-01,30.5804
FUND15,2025-09-02,30.4062
FUND15,2025-09-03,30.4865
FUND15,2025-09-04,30.4806
FUND15,2025-09-05,30.1283
FUND15,2025-09-08,30.253
FUND15,2025-09-09,30.415
FUND15,2025-09-10,30.1749
FUND15,2025-09-11,30.4025
FUND15,2025-09-12,30.5693
FUND15,2025-09-15,30.6059
FUND15,2025-09-16,30.5125
FUND15,2025-09-17,30.8143
FUND15,2025-09-18,30.8003
FUND15,2025-09-19,31.1861
FUND15,2025-09-22,31.1718
FUND15,2025-09-23,30.3827
FUND15,2025-09-24,30.1221
FUND15,2025-09-25,30.3094
FUND15,2025-09-26,30.4201
FUND15,2025-09-29,30.6168
FUND15,2025-09-30,30.8816
FUND15,2025-10-01,31.2754
FUND15,2025-10-02,31.1924
FUND15,2025-10-03,31.4143
FUND15,2025-10-06,31.6072
FUND15,2025-10-07,31.4064
FUND15,2025-10-08,31.5582
FUND15,2025-10-09,31.8253
FUND15,2025-10-10,32.0695
FUND15,2025-10-13,32.5469
FUND15,2025-10-14,33.1592
FUND15,2025-10-15,33.2233
FUND15,2025-10-16,33.1119
FUND15,2025-10-17,33.3039
FUND15,2025-10-20,33.3462
FUND15,2025-10-21,33.5594
FUND15,2025-10-22,33.6482
FUND15,2025-10-23,33.2082
FUND15,2025-10-24,33.0765
FUND15,2025-10-27,32.8924
FUND15,2025-10-28,32.3615
FUND15,2025-10-29,32.5091
FUND15,2025-10-30,32.9155
FUND15,2025-10-31,32.6557
FUND15,2025-11-03,32.9127
FUND15,2025-11-04,32.5573
FUND15,2025-11-05,32.3881
FUND15,2025-11-06,32.3698
FUND15,2025-11-07,32.4866
FUND15,2025-11-10,32.8478
FUND15,2025-11-11,32.7642
FUND15,2025-11-12,32.8415
FUND15,2025-11-13,32.8053
FUND15,2025-11-14,32.8967
FUND15,2025-11-17,32.6104
FUND15,2025-11-18,32.5174
FUND15,2025-11-19,32.4984
FUND15,2025-11-20,32.0013
FUND15,2025-11-21,32.0919
FUND15,2025-11-24,32.0852
FUND16,2023-01-02,32.9523
FUND16,2023-01-03,32.6883
FUND16,2023-01-04,32.7165
FUND16,2023-01-05,33.053
FUND16,2023-01-06,33.0136
FUND16,2023-01-09,33.0486
FUND16,2023-01-10,32.861
FUND16,2023-01-11,32.7118
FUND16,2023-01-12,32.8436
FUND16,2023-01-13,32.9356
FUND16,2023-01-16,32.991
FUND16,2023-01-17,32.943
FUND16,2023-01-18,33.1705
FUND16,2023-01-19,33.0425
FUND16,2023-01-20,33.2012
FUND16,2023-01-23,33.2765
FUND16,2023-01-24,33.0554
FUND16,2023-01-25,32.9317
FUND16,2023-01-26,32.6969
FUND16,2023-01-27,32.7727
FUND16,2023-01-30,32.8269
FUND16,2023-01-31,32.6659
FUND16,2023-02-01,32.5927
FUND16,2023-02-02,32.5088
FUND16,2023-02-03,32.5913
FUND16,2023-02-06,32.6674
FUND16,2023-02-07,32.77
FUND16,2023-02-08,33.0349
FUND16,2023-02-09,33.1065
FUND16,2023-02-10,33.3625
FUND16,2023-02-13,33.1273
FUND16,2023-02-14,33.0285
FUND16,2023-02-15,33.1128
FUND16,2023-02-16,33.0529
FUND16,2023-02-17,33.3471
FUND16,2023-02-20,33.1254
FUND16,2023-02-21,33.2736
FUND16,2023-02-22,33.6526
FUND16,2023-02-23,33.4937
FUND16,2023-02-24,33.3576
FUND16,2023-02-27,33.732
FUND16,2023-02-28,33.752
FUND16,2023-03-01,33.57
FUND16,2023-03-02,33.4409
FUND16,2023-03-03,33.5724
FUND16,2023-03-06,33.8187
FUND16,2023-03-07,33.3108
FUND16,2023-03-08,33.2831
FUND16,2023-03-09,33.1713
FUND16,2023-03-10,33.5934
FUND16,2023-03-13,33.6133
FUND16,2023-03-14,33.8037
FUND16,2023-03-15,33.6515
FUND16,2023-03-16,33.6013
FUND16,2023-03-17,33.0737
FUND16,2023-03-20,33.3051
FUND16,2023-03-21,33.5546
FUND16,2023-03-22,33.4908
FUND16,2023-03-23,33.2668
FUND16,2023-03-24,33.8049
FUND16,2023-03-27,33.6977
FUND16,2023-03-28,33.7402
FUND16,2023-03-29,33.9683
FUND16,2023-03-30,34.0794
FUND16,2023-03-31,33.9324
FUND16,2023-04-03,34.4143
FUND16,2023-04-04,34.1413
FUND16,2023-04-05,34.2686
FUND16,2023-04-06,34.1535
FUND16,2023-04-07,34.1396
FUND16,2023-04-10,34.225
FUND16,2023-04-11,33.881
FUND16,2023-04-12,33.9583
FUND16,2023-04-13,34.2255
FUND16,2023-04-14,34.1308
FUND16,2023-04-17,34.3914
FUND16,2023-04-18,34.5582
FUND16,2023-04-19,34.6894
FUND16,2023-04-20,34.4872
FUND16,2023-04-21,34.3254
FUND16,2023-04-24,34.4165
FUND16,2023-04-25,34.5412
FUND16,2023-04-26,34.6003
FUND16,2023-04-27,34.2354
FUND16,2023-04-28,34.4339
FUND16,2023-05-01,34.2127
FUND16,2023-05-02,34.5323
FUND16,2023-05-03,35.011
FUND16,2023-05-04,35.3526
FUND16,2023-05-05,35.3338
FUND16,2023-05-08,35.4478
FUND16,2023-05-09,35.0872
FUND16,2023-05-10,35.0439
FUND16,2023-05-11,35.5777
FUND16,2023-05-12,35.1589
FUND16,2023-05-15,35.2558
FUND16,2023-05-16,35.2341
FUND16,2023-05-17,35.3723
FUND16,2023-05-18,35.2865
FUND16,2023-05-19,35.4878
FUND16,2023-05-22,35.5003
FUND16,2023-05-23,35.2736
FUND16,2023-05-24,35.0933
FUND16,2023-05-25,35.214
FUND16,2023-05-26,34.9045
FUND16,2023-05-29,35.1113
FUND16,2023-05-30,34.6468
FUND16,2023-05-31,34.995
FUND16,2023-06-01,34.7707
FUND16,2023-06-02,35.1084
FUND16,2023-06-05,35.5046
FUND16,2023-06-06,35.4642
FUND16,2023-06-07,35.8336
FUND16,2023-06-08,35.8972
FUND16,2023-06-09,36.0106
FUND16,2023-06-12,36.3823
FUND16,2023-06-13,36.3406
FUND16,2023-06-14,36.5757
FUND16,2023-06-15,36.4167
FUND16,2023-06-16,36.8059
FUND16,2023-06-19,36.6892
FUND16,2023-06-20,36.9756
FUND16,2023-06-21,37.0475
FUND16,2023-06-22,37.224
FUND16,2023-06-23,36.7786
FUND16,2023-06-26,36.7908
FUND16,2023-06-27,36.9482
FUND16,2023-06-28,37.078
FUND16,2023-06-29,36.9757
FUND16,2023-06-30,37.2357
FUND16,2023-07-03,37.2087
FUND16,2023-07-04,36.9673
FUND16,2023-07-05,37.059
FUND16,2023-07-06,37.0668
FUND16,2023-07-07,36.8938
FUND16,2023-07-10,36.6129
FUND16,2023-07-11,36.8596
FUND16,2023-07-12,36.7336
FUND16,2023-07-13,36.6941
FUND16,2023-07-14,37.0279
FUND16,2023-07-17,36.9716
FUND16,2023-07-18,37.0693
FUND16,2023-07-19,36.969
FUND16,2023-07-20,36.8444
FUND16,2023-07-21,36.5027
FUND16,2023-07-24,36.9082
FUND16,2023-07-25,37.0256
FUND16,2023-07-26,37.1276
FUND16,2023-07-27,37.1482
FUND16,2023-07-28,36.9598
FUND16,2023-07-31,37.0189
FUND16,2023-08-01,36.7995
FUND16,2023-08-02,36.8975
FUND16,2023-08-03,37.0275
FUND16,2023-08-04,37.0007
FUND16,2023-08-07,37.1714
FUND16,2023-08-08,37.3431
FUND16,2023-08-09,37.4577
FUND16,2023-08-10,37.1161
FUND16,2023-08-11,36.9602
FUND16,2023-08-14,36.9615
FUND16,2023-08-15,37.2709
FUND16,2023-08-16,37.279
FUND16,2023-08-17,37.3481
FUND16,2023-08-18,37.3814
FUND16,2023-08-21,37.3141
FUND16,2023-08-22,37.4187
FUND16,2023-08-23,37.0741
FUND16,2023-08-24,36.9141
FUND16,2023-08-25,37.3583
FUND16,2023-08-28,37.5929
FUND16,2023-08-29,37.4681
FUND16,2023-08-30,37.6029
FUND16,2023-08-31,37.5229
FUND16,2023-09-01,37.2839
FUND16,2023-09-04,37.357
FUND16,2023-09-05,37.1998
FUND16,2023-09-06,37.5294
FUND16,2023-09-07,37.4983
FUND16,2023-09-08,37.3438
FUND16,2023-09-11,37.364
FUND16,2023-09-12,37.3336
FUND16,2023-09-13,37.5334
FUND16,2023-09-14,37.7217
FUND16,2023-09-15,37.5227
FUND16,2023-09-18,37.7108
FUND16,2023-09-19,38.0127
FUND16,2023-09-20,38.1222
FUND16,2023-09-21,38.3918
FUND16,2023-09-22,38.2612
FUND16,2023-09-25,38.5423
FUND16,2023-09-26,38.5906
FUND16,2023-09-27,38.8971
FUND16,2023-09-28,38.9777
FUND16,2023-09-29,39.1304
FUND16,2023-10-02,38.7327
FUND16,2023-10-03,38.4327
FUND16,2023-10-04,38.4703
FUND16,2023-10-05,38.2273
FUND16,2023-10-06,37.9528
FUND16,2023-10-09,37.3754
FUND16,2023-10-10,37.1399
FUND16,2023-10-11,37.2164
FUND16,2023-10-12,36.9511
FUND16,2023-10-13,37.1085
FUND16,2023-10-16,36.6938
FUND16,2023-10-17,37.164
FUND16,2023-10-18,37.4648
FUND16,2023-10-19,36.908
FUND16,2023-10-20,36.4576
FUND16,2023-10-23,36.4829
FUND16,2023-10-24,36.1073
FUND16,2023-10-25,35.9598
FUND16,2023-10-26,36.0574
FUND16,2023-10-27,35.6269
FUND16,2023-10-30,35.7877
FUND16,2023-10-31,35.7848
FUND16,2023-11-01,35.4758
FUND16,2023-11-02,35.7879
FUND16,2023-11-03,35.9537
FUND16,2023-11-06,35.8241
FUND16,2023-11-07,36.08
FUND16,2023-11-08,35.9502
FUND16,2023-11-09,35.5741
FUND16,2023-11-10,35.5511
FUND16,2023-11-13,35.5905
FUND16,2023-11-14,35.5877
FUND16,2023-11-15,35.5962
FUND16,2023-11-16,35.637
FUND16,2023-11-17,35.618
FUND16,2023-11-20,35.6751
FUND16,2023-11-21,35.9317
FUND16,2023-11-22,35.9429
FUND16,2023-11-23,36.1252
FUND16,2023-11-24,36.0522
FUND16,2023-11-27,35.891
FUND16,2023-11-28,35.5852
FUND16,2023-11-29,35.6931
FUND16,2023-11-30,35.7502
FUND16,2023-12-01,35.4754
FUND16,2023-12-04,35.2112
FUND16,2023-12-05,35.5962
FUND16,2023-12-06,35.7037
FUND16,2023-12-07,35.627
FUND16,2023-12-08,35.6692
FUND16,2023-12-11,35.5367
FUND16,2023-12-12,35.5783
FUND16,2023-12-13,35.6457
FUND16,2023-12-14,35.3149
FUND16,2023-12-15,35.0758
FUND16,2023-12-18,35.1466
FUND16,2023-12-19,34.8925
FUND16,2023-12-20,35.1018
FUND16,2023-12-21,35.0657
FUND16,2023-12-22,35.021
FUND16,2023-12-25,35.1884
FUND16,2023-12-26,35.2568
FUND16,2023-12-27,35.4607
FUND16,2023-12-28,35.3212
FUND16,2023-12-29,35.4229
FUND16,2024-01-01,35.588
FUND16,2024-01-02,35.5463
FUND16,2024-01-03,35.4907
FUND16,2024-01-04,35.6074
FUND16,2024-01-05,35.8236
FUND16,2024-01-08,35.6982
FUND16,2024-01-09,35.8293
FUND16,2024-01-10,35.6586
FUND16,2024-01-11,35.3273
FUND16,2024-01-12,35.4751
FUND16,2024-01-15,35.481
FUND16,2024-01-16,35.2806
FUND16,2024-01-17,35.0864
FUND16,2024-01-18,35.18
FUND16,2024-01-19,35.26
FUND16,2024-01-22,35.4908
FUND16,2024-01-23,35.55
FUND16,2024-01-24,35.4783
FUND16,2024-01-25,35.7245
FUND16,2024-01-26,36.1923
FUND16,2024-01-29,36.194
FUND16,2024-01-30,36.0985
FUND16,2024-01-31,36.1236
FUND16,2024-02-01,36.0277
FUND16,2024-02-02,35.7364
FUND16,2024-02-05,35.7777
FUND16,2024-02-06,35.7974
FUND16,2024-02-07,35.6187
FUND16,2024-02-08,35.8769
FUND16,2024-02-09,36.5141
FUND16,2024-02-12,36.6022
FUND16,2024-02-13,36.4135
FUND16,2024-02-14,36.4302
FUND16,2024-02-15,36.5635
FUND16,2024-02-16,36.557
FUND16,2024-02-19,36.5851
FUND16,2024-02-20,36.6831
FUND16,2024-02-21,36.4809
FUND16,2024-02-22,36.6372
FUND16,2024-02-23,36.4876
FUND16,2024-02-26,36.9243
FUND16,2024-02-27,36.7956
FUND16,2024-02-28,36.4005
FUND16,2024-02-29,36.6015
FUND16,2024-03-01,36.3281
FUND16,2024-03-04,37.2335
FUND16,2024-03-05,37.5477
FUND16,2024-03-06,37.7424
FUND16,2024-03-07,37.5551
FUND16,2024-03-08,37.7485
FUND16,2024-03-11,37.9532
FUND16,2024-03-12,37.9163
FUND16,2024-03-13,37.8095
FUND16,2024-03-14,37.6609
FUND16,2024-03-15,37.7969
FUND16,2024-03-18,37.9589
FUND16,2024-03-19,37.8641
FUND16,2024-03-20,37.8356
FUND16,2024-03-21,38.0639
FUND16,2024-03-22,38.3948
FUND16,2024-03-25,38.4231
FUND16,2024-03-26,38.3581
FUND16,2024-03-27,38.5378
FUND16,2024-03-28,38.0942
FUND16,2024-03-29,37.9916
FUND16,2024-04-01,37.8155
FUND16,2024-04-02,37.7156
FUND16,2024-04-03,37.8084
FUND16,2024-04-04,38.0939
FUND16,2024-04-05,38.6176
FUND16,2024-04-08,39.034
FUND16,2024-04-09,38.9675
FUND16,2024-04-10,39.0475
FUND16,2024-04-11,38.9233
FUND16,2024-04-12,39.0316
FUND16,2024-04-15,38.9712
FUND16,2024-04-16,39.1452
FUND16,2024-04-17,39.4161
FUND16,2024-04-18,39.3171
FUND16,2024-04-19,39.668
FUND16,2024-04-22,39.8568
FUND16,2024-04-23,39.7715
FUND16,2024-04-24,39.6028
FUND16,2024-04-25,40.0223
FUND16,2024-04-26,39.7832
FUND16,2024-04-29,40.2677
FUND16,2024-04-30,40.7976
FUND16,2024-05-01,40.9328
FUND16,2024-05-02,41.0246
FUND16,2024-05-03,41.006
FUND16,2024-05-06,40.7768
FUND16,2024-05-07,41.0442
FUND16,2024-05-08,40.916
FUND16,2024-05-09,40.9149
FUND16,2024-05-10,41.4905
FUND16,2024-05-13,41.5665
FUND16,2024-05-14,42.2492
FUND16,2024-05-15,42.7109
FUND16,2024-05-16,42.9697
FUND16,2024-05-17,43.1954
FUND16,2024-05-20,43.7577
FUND16,2024-05-21,43.7251
FUND16,2024-05-22,43.6042
FUND16,2024-05-23,43.5946
FUND16,2024-05-24,43.3047
FUND16,2024-05-27,43.0921
FUND16,2024-05-28,43.0002
FUND16,2024-05-29,43.3096
FUND16,2024-05-30,43.4522
FUND16,2024-05-31,43.3936
FUND16,2024-06-03,43.2719
FUND16,2024-06-04,43.0778
FUND16,2024-06-05,42.7733
FUND16,2024-06-06,42.5146
FUND16,2024-06-07,42.0934
FUND16,2024-06-10,42.179
FUND16,2024-06-11,42.3087
FUND16,2024-06-12,42.1898
FUND16,2024-06-13,42.2406
FUND16,2024-06-14,42.4034
FUND16,2024-06-17,42.6075
FUND16,2024-06-18,42.5627
FUND16,2024-06-19,42.6917
FUND16,2024-06-20,42.7755
FUND16,2024-06-21,42.3321
FUND16,2024-06-24,42.6752
FUND16,2024-06-25,42.8526
FUND16,2024-06-26,42.9965
FUND16,2024-06-27,43.1809
FUND16,2024-06-28,43.5747
FUND16,2024-07-01,43.2442
FUND16,2024-07-02,43.9225
FUND16,2024-07-03,43.7811
FUND16,2024-07-04,43.5118
FUND16,2024-07-05,43.0285
FUND16,2024-07-08,42.7882
FUND16,2024-07-09,42.8212
FUND16,2024-07-10,42.7008
FUND16,2024-07-11,42.3722
FUND16,2024-07-12,42.5826
FUND16,2024-07-15,42.051
FUND16,2024-07-16,41.7759
FUND16,2024-07-17,42.3638
FUND16,2024-07-18,42.5126
FUND16,2024-07-19,42.4729
FUND16,2024-07-22,42.5528
FUND16,2024-07-23,42.6319
FUND16,2024-07-24,42.8186
FUND16,2024-07-25,42.8874
FUND16,2024-07-26,42.9677
FUND16,2024-07-29,43.0369
FUND16,2024-07-30,42.9048
FUND16,2024-07-31,42.7724
FUND16,2024-08-01,43.1147
FUND16,2024-08-02,42.8885
FUND16,2024-08-05,42.9379
FUND16,2024-08-06,42.6146
FUND16,2024-08-07,42.2772
FUND16,2024-08-08,42.04
FUND16,2024-08-09,41.9269
FUND16,2024-08-12,42.0319
FUND16,2024-08-13,42.419
FUND16,2024-08-14,42.3133
FUND16,2024-08-15,42.2987
FUND16,2024-08-16,42.2382
FUND16,2024-08-19,42.7137
FUND16,2024-08-20,42.9565
FUND16,2024-08-21,42.8666
FUND16,2024-08-22,43.054
FUND16,2024-08-23,42.9468
FUND16,2024-08-26,43.0816
FUND16,2024-08-27,42.8091
FUND16,2024-08-28,42.4503
FUND16,2024-08-29,42.3537
FUND16,2024-08-30,42.256
FUND16,2024-09-02,42.0656
FUND16,2024-09-03,41.9933
FUND16,2024-09-04,42.0054
FUND16,2024-09-05,41.7749
FUND16,2024-09-06,42.0834
FUND16,2024-09-09,42.2427
FUND16,2024-09-10,42.2358
FUND16,2024-09-11,42.302
FUND16,2024-09-12,42.6202
FUND16,2024-09-13,42.9067
FUND16,2024-09-16,43.1527
FUND16,2024-09-17,43.0189
FUND16,2024-09-18,43.5764
FUND16,2024-09-19,43.4968
FUND16,2024-09-20,43.7986
FUND16,2024-09-23,43.9385
FUND16,2024-09-24,43.9518
FUND16,2024-09-25,44.1986
FUND16,2024-09-26,43.9763
FUND16,2024-09-27,43.4683
FUND16,2024-09-30,43.8877
FUND16,2024-10-01,44.0961
FUND16,2024-10-02,44.1192
FUND16,2024-10-03,44.2505
FUND16,2024-10-04,44.1071
FUND16,2024-10-07,44.5855
FUND16,2024-10-08,44.6589
FUND16,2024-10-09,44.45
FUND16,2024-10-10,44.7793
FUND16,2024-10-11,45.1313
FUND16,2024-10-14,45.6207
FUND16,2024-10-15,45.132
FUND16,2024-10-16,45.0766
FUND16,2024-10-17,44.967
FUND16,2024-10-18,45.1496
FUND16,2024-10-21,45.5089
FUND16,2024-10-22,45.4184
FUND16,2024-10-23,45.3504
FUND16,2024-10-24,45.4699
FUND16,2024-10-25,45.7028
FUND16,2024-10-28,46.0842
FUND16,2024-10-29,45.6944
FUND16,2024-10-30,45.3418
FUND16,2024-10-31,45.3684
FUND16,2024-11-01,45.2281
FUND16,2024-11-04,45.6224
FUND16,2024-11-05,45.5066
FUND16,2024-11-06,45.6792
FUND16,2024-11-07,45.5225
FUND16,2024-11-08,46.2309
FUND16,2024-11-11,46.0744
FUND16,2024-11-12,45.9188
FUND16,2024-11-13,46.546
FUND16,2024-11-14,47.1893
FUND16,2024-11-15,47.1046
FUND16,2024-11-18,46.9723
FUND16,2024-11-19,47.0309
FUND16,2024-11-20,47.0647
FUND16,2024-11-21,47.0881
FUND16,2024-11-22,47.1114
FUND16,2024-11-25,47.5195
FUND16,2024-11-26,47.2878
FUND16,2024-11-27,47.9451
FUND16,2024-11-28,47.3873
FUND16,2024-11-29,46.9165
FUND16,2024-12-02,47.2285
FUND16,2024-12-03,47.3673
FUND16,2024-12-04,47.7406
FUND16,2024-12-05,48.2108
FUND16,2024-12-06,48.2888
FUND16,2024-12-09,47.7612
FUND16,2024-12-10,48.0037
FUND16,2024-12-11,47.9616
FUND16,2024-12-12,48.088
FUND16,2024-12-13,47.6856
FUND16,2024-12-16,47.5584
FUND16,2024-12-17,47.7106
FUND16,2024-12-18,47.796
FUND16,2024-12-19,47.7226
FUND16,2024-12-20,47.987
FUND16,2024-12-23,47.9579
FUND16,2024-12-24,48.1071
FUND16,2024-12-25,48.0361
FUND16,2024-12-26,48.0154
FUND16,2024-12-27,47.3099
FUND16,2024-12-30,47.5249
FUND16,2024-12-31,47.8184
FUND16,2025-01-01,47.6039
FUND16,2025-01-02,47.1787
FUND16,2025-01-03,47.3547
FUND16,2025-01-06,47.3915
FUND16,2025-01-07,47.3655
FUND16,2025-01-08,47.5221
FUND16,2025-01-09,47.313
FUND16,2025-01-10,47.0941
FUND16,2025-01-13,46.9859
FUND16,2025-01-14,46.7993
FUND16,2025-01-15,47.1728
FUND16,2025-01-16,47.5487
FUND16,2025-01-17,47.4645
FUND16,2025-01-20,47.5238
FUND16,2025-01-21,48.2088
FUND16,2025-01-22,48.1472
FUND16,2025-01-23,48.0417
FUND16,2025-01-24,48.2732
FUND16,2025-01-27,48.6004
FUND16,2025-01-28,48.6048
FUND16,2025-01-29,48.7493
FUND16,2025-01-30,48.6808
FUND16,2025-01-31,48.3066
FUND16,2025-02-03,48.4188
FUND16,2025-02-04,48.7825
FUND16,2025-02-05,48.4761
FUND16,2025-02-06,48.6466
FUND16,2025-02-07,48.1726
FUND16,2025-02-10,48.2224
FUND16,2025-02-11,48.3907
FUND16,2025-02-12,48.8363
FUND16,2025-02-13,48.8574
FUND16,2025-02-14,48.6452
FUND16,2025-02-17,48.5014
FUND16,2025-02-18,48.8396
FUND16,2025-02-19,48.5309
FUND16,2025-02-20,48.9693
FUND16,2025-02-21,48.3122
FUND16,2025-02-24,47.9533
FUND16,2025-02-25,48.1857
FUND16,2025-02-26,48.3773
FUND16,2025-02-27,48.2175
FUND16,2025-02-28,48.2046
FUND16,2025-03-03,47.9886
FUND16,2025-03-04,48.0117
FUND16,2025-03-05,48.4023
FUND16,2025-03-06,47.9169
FUND16,2025-03-07,48.2242
FUND16,2025-03-10,48.3783
FUND16,2025-03-11,48.3919
FUND16,2025-03-12,48.8677
FUND16,2025-03-13,49.2292
FUND16,2025-03-14,49.2735
FUND16,2025-03-17,49.6671
FUND16,2025-03-18,49.3019
FUND16,2025-03-19,49.0783
FUND16,2025-03-20,49.5378
FUND16,2025-03-21,49.8993
FUND16,2025-03-24,49.8224
FUND16,2025-03-25,49.4577
FUND16,2025-03-26,49.6449
FUND16,2025-03-27,49.4114
FUND16,2025-03-28,48.7285
FUND16,2025-03-31,48.6719
FUND16,2025-04-01,48.3885
FUND16,2025-04-02,48.6965
FUND16,2025-04-03,48.26
FUND16,2025-04-04,47.9939
FUND16,2025-04-07,48.404
FUND16,2025-04-08,48.3165
FUND16,2025-04-09,48.7299
FUND16,2025-04-10,49.1117
FUND16,2025-04-11,48.8402
FUND16,2025-04-14,49.224
FUND16,2025-04-15,49.5212
FUND16,2025-04-16,49.3617
FUND16,2025-04-17,48.9823
FUND16,2025-04-18,49.3283
FUND16,2025-04-21,49.0388
FUND16,2025-04-22,49.5162
FUND16,2025-04-23,49.7903
FUND16,2025-04-24,49.4873
FUND16,2025-04-25,48.7757
FUND16,2025-04-28,48.6982
FUND16,2025-04-29,48.8939
FUND16,2025-04-30,48.518
FUND16,2025-05-01,48.6245
FUND16,2025-05-02,48.1988
FUND16,2025-05-05,48.6173
FUND16,2025-05-06,48.7088
FUND16,2025-05-07,49.4759
FUND16,2025-05-08,49.6186
FUND16,2025-05-09,50.2243
FUND16,2025-05-12,50.6708
FUND16,2025-05-13,50.8661
FUND16,2025-05-14,50.3994
FUND16,2025-05-15,50.5711
FUND16,2025-05-16,50.4
FUND16,2025-05-19,50.5509
FUND16,2025-05-20,50.3109
FUND16,2025-05-21,50.5778
FUND16,2025-05-22,50.566
FUND16,2025-05-23,50.4995
FUND16,2025-05-26,50.5613
FUND16,2025-05-27,49.6368
FUND16,2025-05-28,49.9162
FUND16,2025-05-29,49.8976
FUND16,2025-05-30,50.4874
FUND16,2025-06-02,50.6549
FUND16,2025-06-03,51.2185
FUND16,2025-06-04,50.9727
FUND16,2025-06-05,50.9177
FUND16,2025-06-06,50.7023
FUND16,2025-06-09,50.9042
FUND16,2025-06-10,51.1827
FUND16,2025-06-11,50.6356
FUND16,2025-06-12,50.8443
FUND16,2025-06-13,50.6444
FUND16,2025-06-16,50.2795
FUND16,2025-06-17,49.9572
FUND16,2025-06-18,50.103
FUND16,2025-06-19,49.935
FUND16,2025-06-20,50.0327
FUND16,2025-06-23,49.9313
FUND16,2025-06-24,49.8798
FUND16,2025-06-25,49.4618
FUND16,2025-06-26,49.3475
FUND16,2025-06-27,49.7148
FUND16,2025-06-30,49.8639
FUND16,2025-07-01,50.1787
FUND16,2025-07-02,50.1608
FUND16,2025-07-03,50.687
FUND16,2025-07-04,50.3706
FUND16,2025-07-07,50.8669
FUND16,2025-07-08,51.3257
FUND16,2025-07-09,51.0212
FUND16,2025-07-10,51.327
FUND16,2025-07-11,51.283
FUND16,2025-07-14,51.6411
FUND16,2025-07-15,51.9496
FUND16,2025-07-16,52.4098
FUND16,2025-07-17,52.1588
FUND16,2025-07-18,51.6701
FUND16,2025-07-21,51.4941
FUND16,2025-07-22,51.2026
FUND16,2025-07-23,51.1533
FUND16,2025-07-24,51.1095
FUND16,2025-07-25,50.9344
FUND16,2025-07-28,51.3314
FUND16,2025-07-29,51.5977
FUND16,2025-07-30,51.8658
FUND16,2025-07-31,51.6603
FUND16,2025-08-01,51.6456
FUND16,2025-08-04,52.1939
FUND16,2025-08-05,51.8965
FUND16,2025-08-06,51.8577
FUND16,2025-08-07,52.0226
FUND16,2025-08-08,51.9783
FUND16,2025-08-11,52.5914
FUND16,2025-08-12,52.4536
FUND16,2025-08-13,52.6947
FUND16,2025-08-14,52.5426
FUND16,2025-08-15,52.4469
FUND16,2025-08-18,52.4175
FUND16,2025-08-19,52.8073
FUND16,2025-08-20,52.8357
FUND16,2025-08-21,53.275
FUND16,2025-08-22,53.4131
FUND16,2025-08-25,53.3085
FUND16,2025-08-26,53.1029
FUND16,2025-08-27,52.4939
FUND16,2025-08-28,52.5452
FUND16,2025-08-29,52.8241
FUND16,2025-09-01,52.8273
FUND16,2025-09-02,52.9304
FUND16,2025-09-03,53.4409
FUND16,2025-09-04,53.4824
FUND16,2025-09-05,53.5649
FUND16,2025-09-08,53.5978
FUND16,2025-09-09,53.6977
FUND16,2025-09-10,53.2317
FUND16,2025-09-11,52.843
FUND16,2025-09-12,52.5072
FUND16,2025-09-15,52.7529
FUND16,2025-09-16,52.4678
FUND16,2025-09-17,52.3545
FUND16,2025-09-18,52.6373
FUND16,2025-09-19,52.3064
FUND16,2025-09-22,51.85
FUND16,2025-09-23,51.3837
FUND16,2025-09-24,51.9495
FUND16,2025-09-25,51.9071
FUND16,2025-09-26,51.6852
FUND16,2025-09-29,50.8172
FUND16,2025-09-30,50.9291
FUND16,2025-10-01,50.7184
FUND16,2025-10-02,50.2723
FUND16,2025-10-03,50.8001
FUND16,2025-10-06,51.0904
FUND16,2025-10-07,51.0089
FUND16,2025-10-08,50.5284
FUND16,2025-10-09,51.1898
FUND16,2025-10-10,51.647
FUND16,2025-10-13,52.1632
FUND16,2025-10-14,52.4414
FUND16,2025-10-15,52.4492
FUND16,2025-10-16,52.3085
FUND16,2025-10-17,52.2963
FUND16,2025-10-20,52.904
FUND16,2025-10-21,52.8636
FUND16,2025-10-22,52.5116
FUND16,2025-10-23,52.5233
FUND16,2025-10-24,52.3174
FUND16,2025-10-27,52.9032
FUND16,2025-10-28,52.5068
FUND16,2025-10-29,52.212
FUND16,2025-10-30,52.1447
FUND16,2025-10-31,51.7066
FUND16,2025-11-03,50.8365
FUND16,2025-11-04,50.5526
FUND16,2025-11-05,50.1708
FUND16,2025-11-06,50.2892
FUND16,2025-11-07,50.7371
FUND16,2025-11-10,50.9126
FUND16,2025-11-11,50.5946
FUND16,2025-11-12,50.6292
FUND16,2025-11-13,50.8466
FUND16,2025-11-14,50.8176
FUND16,2025-11-17,50.4616
FUND16,2025-11-18,50.3389
FUND16,2025-11-19,50.6439
FUND16,2025-11-20,50.7777
FUND16,2025-11-21,50.9292
FUND16,2025-11-24,50.8224
FUND17,2023-01-02,75.3136
FUND17,2023-01-03,75.1638
FUND17,2023-01-04,75.112
FUND17,2023-01-05,74.7348
FUND17,2023-01-06,74.5284
FUND17,2023-01-09,73.7219
FUND17,2023-01-10,74.0232
FUND17,2023-01-11,74.0472
FUND17,2023-01-12,73.6546
FUND17,2023-01-13,73.8361
FUND17,2023-01-16,73.7318
FUND17,2023-01-17,73.4845
FUND17,2023-01-18,72.8522
FUND17,2023-01-19,72.582
FUND17,2023-01-20,72.8182
FUND17,2023-01-23,72.7965
FUND17,2023-01-24,72.3095
FUND17,2023-01-25,72.2203
FUND17,2023-01-26,72.2489
FUND17,2023-01-27,72.3327
FUND17,2023-01-30,71.938
FUND17,2023-01-31,71.623
FUND17,2023-02-01,71.5541
FUND17,2023-02-02,71.739
FUND17,2023-02-03,72.2727
FUND17,2023-02-06,72.2474
FUND17,2023-02-07,71.7189
FUND17,2023-02-08,71.656
FUND17,2023-02-09,71.6712
FUND17,2023-02-10,71.4471
FUND17,2023-02-13,71.0086
FUND17,2023-02-14,70.6971
FUND17,2023-02-15,70.8371
FUND17,2023-02-16,71.0833
FUND17,2023-02-17,70.8827
FUND17,2023-02-20,70.5934
FUND17,2023-02-21,70.7488
FUND17,2023-02-22,70.8971
FUND17,2023-02-23,71.3775
FUND17,2023-02-24,71.2676
FUND17,2023-02-27,71.6464
FUND17,2023-02-28,71.5797
FUND17,2023-03-01,71.1633
FUND17,2023-03-02,71.5087
FUND17,2023-03-03,71.7643
FUND17,2023-03-06,72.0603
FUND17,2023-03-07,72.3829
FUND17,2023-03-08,72.6199
FUND17,2023-03-09,72.4677
FUND17,2023-03-10,71.7962
FUND17,2023-03-13,71.6122
FUND17,2023-03-14,71.6574
FUND17,2023-03-15,71.4935
FUND17,2023-03-16,71.6867
FUND17,2023-03-17,72.236
FUND17,2023-03-20,72.2351
FUND17,2023-03-21,71.9587
FUND17,2023-03-22,72.5104
FUND17,2023-03-23,72.4831
FUND17,2023-03-24,72.5174
FUND17,2023-03-27,71.7567
FUND17,2023-03-28,71.1736
FUND17,2023-03-29,71.5379
FUND17,2023-03-30,71.7079
FUND17,2023-03-31,72.2041
FUND17,2023-04-03,73.0579
FUND17,2023-04-04,73.0689
FUND17,2023-04-05,73.1081
FUND17,2023-04-06,73.0891
FUND17,2023-04-07,73.192
FUND17,2023-04-10,73.6269
FUND17,2023-04-11,73.4074
FUND17,2023-04-12,74.0335
FUND17,2023-04-13,73.3666
FUND17,2023-04-14,73.6047
FUND17,2023-04-17,74.1246
FUND17,2023-04-18,74.2789
FUND17,2023-04-19,74.562
FUND17,2023-04-20,74.1834
FUND17,2023-04-21,74.8501
FUND17,2023-04-24,75.3281
FUND17,2023-04-25,75.1097
FUND17,2023-04-26,74.4506
FUND17,2023-04-27,74.1461
FUND17,2023-04-28,73.9863
FUND17,2023-05-01,73.3011
FUND17,2023-05-02,73.4383
FUND17,2023-05-03,73.671
FUND17,2023-05-04,73.7554
FUND17,2023-05-05,73.7186
FUND17,2023-05-08,74.2081
FUND17,2023-05-09,74.3655
FUND17,2023-05-10,75.2637
FUND17,2023-05-11,75.078
FUND17,2023-05-12,75.2388
FUND17,2023-05-15,74.9821
FUND17,2023-05-16,74.9397
FUND17,2023-05-17,75.3214
FUND17,2023-05-18,75.5609
FUND17,2023-05-19,76.0212
FUND17,2023-05-22,76.4292
FUND17,2023-05-23,76.2144
FUND17,2023-05-24,75.2196
FUND17,2023-05-25,74.4839
FUND17,2023-05-26,75.2982
FUND17,2023-05-29,74.9186
FUND17,2023-05-30,75.3899
FUND17,2023-05-31,75.2314
FUND17,2023-06-01,74.965
FUND17,2023-06-02,75.2741
FUND17,2023-06-05,75.6767
FUND17,2023-06-06,76.0447
FUND17,2023-06-07,75.9014
FUND17,2023-06-08,76.256
FUND17,2023-06-09,76.3502
FUND17,2023-06-12,77.0993
FUND17,2023-06-13,77.2954
FUND17,2023-06-14,77.7073
FUND17,2023-06-15,77.2119
FUND17,2023-06-16,77.9277
FUND17,2023-06-19,78.6008
FUND17,2023-06-20,78.3095
FUND17,2023-06-21,78.8753
FUND17,2023-06-22,78.5927
FUND17,2023-06-23,78.7368
FUND17,2023-06-26,78.6341
FUND17,2023-06-27,78.1086
FUND17,2023-06-28,78.0859
FUND17,2023-06-29,77.93
FUND17,2023-06-30,78.4089
FUND17,2023-07-03,78.0284
FUND17,2023-07-04,77.8591
FUND17,2023-07-05,77.5233
FUND17,2023-07-06,77.8718
FUND17,2023-07-07,78.0241
FUND17,2023-07-10,78.399
FUND17,2023-07-11,78.2018
FUND17,2023-07-12,78.3341
FUND17,2023-07-13,78.7702
FUND17,2023-07-14,78.6772
FUND17,2023-07-17,78.5769
FUND17,2023-07-18,78.6904
FUND17,2023-07-19,78.9219
FUND17,2023-07-20,78.9988
FUND17,2023-07-21,78.547
FUND17,2023-07-24,78.3942
FUND17,2023-07-25,78.0234
FUND17,2023-07-26,79.2126
FUND17,2023-07-27,79.3503
FUND17,2023-07-28,78.7259
FUND17,2023-07-31,78.6232
FUND17,2023-08-01,78.2164
FUND17,2023-08-02,79.1786
FUND17,2023-08-03,79.4756
FUND17,2023-08-04,79.3399
FUND17,2023-08-07,79.8829
FUND17,2023-08-08,80.3368
FUND17,2023-08-09,80.0929
FUND17,2023-08-10,79.7282
FUND17,2023-08-11,79.2729
FUND17,2023-08-14,79.2023
FUND17,2023-08-15,79.2255
FUND17,2023-08-16,79.1916
FUND17,2023-08-17,79.4824
FUND17,2023-08-18,79.659
FUND17,2023-08-21,79.6797
FUND17,2023-08-22,80.0985
FUND17,2023-08-23,79.4249
FUND17,2023-08-24,79.4399
FUND17,2023-08-25,79.0077
FUND17,2023-08-28,79.2224
FUND17,2023-08-29,79.6145
FUND17,2023-08-30,79.3902
FUND17,2023-08-31,78.613
FUND17,2023-09-01,79.4437
FUND17,2023-09-04,80.0571
FUND17,2023-09-05,80.599
FUND17,2023-09-06,80.2519
FUND17,2023-09-07,80.5444
FUND17,2023-09-08,80.7148
FUND17,2023-09-11,80.9199
FUND17,2023-09-12,81.5269
FUND17,2023-09-13,82.4927
FUND17,2023-09-14,82.6352
FUND17,2023-09-15,82.8589
FUND17,2023-09-18,83.5191
FUND17,2023-09-19,83.6074
FUND17,2023-09-20,83.641
FUND17,2023-09-21,83.7395
FUND17,2023-09-22,84.5565
FUND17,2023-09-25,85.2045
FUND17,2023-09-26,84.1878
FUND17,2023-09-27,85.0243
FUND17,2023-09-28,85.0131
FUND17,2023-09-29,84.5057
FUND17,2023-10-02,85.1387
FUND17,2023-10-03,85.4175
FUND17,2023-10-04,85.5363
FUND17,2023-10-05,85.605
FUND17,2023-10-06,86.2932
FUND17,2023-10-09,86.6801
FUND17,2023-10-10,86.4279
FUND17,2023-10-11,85.7039
FUND17,2023-10-12,85.3913
FUND17,2023-10-13,85.2421
FUND17,2023-10-16,85.0902
FUND17,2023-10-17,85.6451
FUND17,2023-10-18,85.2165
FUND17,2023-10-19,85.1775
FUND17,2023-10-20,85.8751
FUND17,2023-10-23,85.5463
FUND17,2023-10-24,85.8222
FUND17,2023-10-25,85.7142
FUND17,2023-10-26,86.6736
FUND17,2023-10-27,86.9315
FUND17,2023-10-30,86.5272
FUND17,2023-10-31,86.0913
FUND17,2023-11-01,85.7903
FUND17,2023-11-02,85.3206
FUND17,2023-11-03,85.7752
FUND17,2023-11-06,85.2294
FUND17,2023-11-07,85.4798
FUND17,2023-11-08,85.636
FUND17,2023-11-09,86.2897
FUND17,2023-11-10,87.0391
FUND17,2023-11-13,87.7142
FUND17,2023-11-14,87.4911
FUND17,2023-11-15,87.5658
FUND17,2023-11-16,87.131
FUND17,2023-11-17,88.1071
FUND17,2023-11-20,88.1351
FUND17,2023-11-21,88.8544
FUND17,2023-11-22,89.3151
FUND17,2023-11-23,89.1812
FUND17,2023-11-24,88.8821
FUND17,2023-11-27,88.8556
FUND17,2023-11-28,88.7189
FUND17,2023-11-29,88.6839
FUND17,2023-11-30,89.3417
FUND17,2023-12-01,89.9632
FUND17,2023-12-04,90.8399
FUND17,2023-12-05,90.1572
FUND17,2023-12-06,89.7163
FUND17,2023-12-07,89.5951
FUND17,2023-12-08,90.6779
FUND17,2023-12-11,91.8017
FUND17,2023-12-12,91.6428
FUND17,2023-12-13,91.7427
FUND17,2023-12-14,91.916
FUND17,2023-12-15,92.8336
FUND17,2023-12-18,93.206
FUND17,2023-12-19,93.9872
FUND17,2023-12-20,94.167
FUND17,2023-12-21,93.898
FUND17,2023-12-22,93.5799
FUND17,2023-12-25,93.3061
FUND17,2023-12-26,93.7561
FUND17,2023-12-27,94.3077
FUND17,2023-12-28,95.4266
FUND17,2023-12-29,95.7691
FUND17,2024-01-01,95.8616
FUND17,2024-01-02,95.6136
FUND17,2024-01-03,95.7761
FUND17,2024-01-04,96.2412
FUND17,2024-01-05,95.2388
FUND17,2024-01-08,94.8132
FUND17,2024-01-09,94.2428
FUND17,2024-01-10,95.2698
FUND17,2024-01-11,95.7186
FUND17,2024-01-12,95.5693
FUND17,2024-01-15,95.8382
FUND17,2024-01-16,96.5529
FUND17,2024-01-17,96.3977
FUND17,2024-01-18,96.633
FUND17,2024-01-19,96.648
FUND17,2024-01-22,96.8773
FUND17,2024-01-23,97.066
FUND17,2024-01-24,97.4181
FUND17,2024-01-25,97.1935
FUND17,2024-01-26,96.8175
FUND17,2024-01-29,97.0046
FUND17,2024-01-30,96.9325
FUND17,2024-01-31,97.0088
FUND17,2024-02-01,97.6629
FUND17,2024-02-02,97.47
FUND17,2024-02-05,97.4363
FUND17,2024-02-06,97.6592
FUND17,2024-02-07,97.683
FUND17,2024-02-08,97.5445
FUND17,2024-02-09,97.1469
FUND17,2024-02-12,96.5501
FUND17,2024-02-13,96.4675
FUND17,2024-02-14,97.0673
FUND17,2024-02-15,98.1141
FUND17,2024-02-16,97.9884
FUND17,2024-02-19,98.2476
FUND17,2024-02-20,98.5934
FUND17,2024-02-21,98.8729
FUND17,2024-02-22,98.4687
FUND17,2024-02-23,98.9594
FUND17,2024-02-26,99.3506
FUND17,2024-02-27,98.6313
FUND17,2024-02-28,98.9494
FUND17,2024-02-29,99.2518
FUND17,2024-03-01,98.8721
FUND17,2024-03-04,98.4754
FUND17,2024-03-05,99.1727
FUND17,2024-03-06,99.5554
FUND17,2024-03-07,100.6079
FUND17,2024-03-08,100.0428
FUND17,2024-03-11,99.8556
FUND17,2024-03-12,99.5975
FUND17,2024-03-13,99.2547
FUND17,2024-03-14,98.956
FUND17,2024-03-15,99.0088
FUND17,2024-03-18,98.3219
FUND17,2024-03-19,98.0402
FUND17,2024-03-20,97.8089
FUND17,2024-03-21,98.4063
FUND17,2024-03-22,98.427
FUND17,2024-03-25,98.7362
FUND17,2024-03-26,98.6602
FUND17,2024-03-27,98.2687
FUND17,2024-03-28,98.2249
FUND17,2024-03-29,98.7161
FUND17,2024-04-01,99.3305
FUND17,2024-04-02,99.9861
FUND17,2024-04-03,101.2094
FUND17,2024-04-04,102.3167
FUND17,2024-04-05,102.375
FUND17,2024-04-08,102.368
FUND17,2024-04-09,102.5094
FUND17,2024-04-10,102.6709
FUND17,2024-04-11,102.4665
FUND17,2024-04-12,101.7506
FUND17,2024-04-15,102.0134
FUND17,2024-04-16,101.7242
FUND17,2024-04-17,101.6939
FUND17,2024-04-18,100.9633
FUND17,2024-04-19,101.5825
FUND17,2024-04-22,100.9172
FUND17,2024-04-23,101.9391
FUND17,2024-04-24,101.5373
FUND17,2024-04-25,101.8514
FUND17,2024-04-26,101.8579
FUND17,2024-04-29,101.3738
FUND17,2024-04-30,101.0696
FUND17,2024-05-01,101.4421
FUND17,2024-05-02,101.2707
FUND17,2024-05-03,101.7869
FUND17,2024-05-06,101.7929
FUND17,2024-05-07,101.5164
FUND17,2024-05-08,101.6479
FUND17,2024-05-09,102.0346
FUND17,2024-05-10,102.4516
FUND17,2024-05-13,103.4932
FUND17,2024-05-14,103.1709
FUND17,2024-05-15,102.6332
FUND17,2024-05-16,103.2206
FUND17,2024-05-17,102.9046
FUND17,2024-05-20,103.015
FUND17,2024-05-21,102.5549
FUND17,2024-05-22,102.3998
FUND17,2024-05-23,102.1853
FUND17,2024-05-24,102.4035
FUND17,2024-05-27,102.6577
FUND17,2024-05-28,102.4723
FUND17,2024-05-29,102.1832
FUND17,2024-05-30,102.685
FUND17,2024-05-31,101.9819
FUND17,2024-06-03,101.9283
FUND17,2024-06-04,101.8768
FUND17,2024-06-05,102.0724
FUND17,2024-06-06,102.7678
FUND17,2024-06-07,103.1114
FUND17,2024-06-10,103.5981
FUND17,2024-06-11,103.3388
FUND17,2024-06-12,103.3677
FUND17,2024-06-13,102.6889
FUND17,2024-06-14,103.0296
FUND17,2024-06-17,102.519
FUND17,2024-06-18,103.0813
FUND17,2024-06-19,103.0214
FUND17,2024-06-20,103.9278
FUND17,2024-06-21,103.7145
FUND17,2024-06-24,103.6625
FUND17,2024-06-25,102.9908
FUND17,2024-06-26,103.5737
FUND17,2024-06-27,103.8099
FUND17,2024-06-28,104.3796
FUND17,2024-07-01,103.4169
FUND17,2024-07-02,103.6852
FUND17,2024-07-03,104.5667
FUND17,2024-07-04,105.5152
FUND17,2024-07-05,105.0863
FUND17,2024-07-08,106.2674
FUND17,2024-07-09,105.6757
FUND17,2024-07-10,105.184
FUND17,2024-07-11,105.8104
FUND17,2024-07-12,105.3191
FUND17,2024-07-15,105.4361
FUND17,2024-07-16,105.2852
FUND17,2024-07-17,106.3957
FUND17,2024-07-18,106.5197
FUND17,2024-07-19,107.57
FUND17,2024-07-22,107.9791
FUND17,2024-07-23,107.5969
FUND17,2024-07-24,108.7308
FUND17,2024-07-25,108.889
FUND17,2024-07-26,109.2541
FUND17,2024-07-29,109.5631
FUND17,2024-07-30,110.6514
FUND17,2024-07-31,109.9324
FUND17,2024-08-01,110.9128
FUND17,2024-08-02,110.0827
FUND17,2024-08-05,109.6353
FUND17,2024-08-06,108.861
FUND17,2024-08-07,109.0611
FUND17,2024-08-08,109.067
FUND17,2024-08-09,109.3792
FUND17,2024-08-12,108.3617
FUND17,2024-08-13,107.9887
FUND17,2024-08-14,108.3786
FUND17,2024-08-15,108.9037
FUND17,2024-08-16,108.233
FUND17,2024-08-19,108.1495
FUND17,2024-08-20,108.59
FUND17,2024-08-21,109.234
FUND17,2024-08-22,107.771
FUND17,2024-08-23,108.1308
FUND17,2024-08-26,107.7685
FUND17,2024-08-27,106.7542
FUND17,2024-08-28,107.5988
FUND17,2024-08-29,107.5475
FUND17,2024-08-30,107.9669
FUND17,2024-09-02,108.5
FUND17,2024-09-03,108.5783
FUND17,2024-09-04,108.3538
FUND17,2024-09-05,108.0344
FUND17,2024-09-06,108.4601
FUND17,2024-09-09,108.58
FUND17,2024-09-10,108.7433
FUND17,2024-09-11,108.4316
FUND17,2024-09-12,107.5751
FUND17,2024-09-13,108.2883
FUND17,2024-09-16,108.0547
FUND17,2024-09-17,108.5967
FUND17,2024-09-18,109.7091
FUND17,2024-09-19,111.08
FUND17,2024-09-20,110.9005
FUND17,2024-09-23,109.9173
FUND17,2024-09-24,109.5206
FUND17,2024-09-25,110.7259
FUND17,2024-09-26,110.707
FUND17,2024-09-27,111.0463
FUND17,2024-09-30,111.2408
FUND17,2024-10-01,111.1384
FUND17,2024-10-02,111.7354
FUND17,2024-10-03,112.8408
FUND17,2024-10-04,114.3411
FUND17,2024-10-07,114.6286
FUND17,2024-10-08,113.8777
FUND17,2024-10-09,114.4341
FUND17,2024-10-10,114.3856
FUND17,2024-10-11,114.123
FUND17,2024-10-14,112.8465
FUND17,2024-10-15,113.5805
FUND17,2024-10-16,114.0355
FUND17,2024-10-17,114.1379
FUND17,2024-10-18,114.112
FUND17,2024-10-21,114.6422
FUND17,2024-10-22,114.3376
FUND17,2024-10-23,114.9514
FUND17,2024-10-24,116.0015
FUND17,2024-10-25,116.2413
FUND17,2024-10-28,116.7535
FUND17,2024-10-29,115.5405
FUND17,2024-10-30,115.4485
FUND17,2024-10-31,114.2709
FUND17,2024-11-01,114.4232
FUND17,2024-11-04,114.8943
FUND17,2024-11-05,115.1021
FUND17,2024-11-06,114.9555
FUND17,2024-11-07,115.6145
FUND17,2024-11-08,115.5354
FUND17,2024-11-11,115.6754
FUND17,2024-11-12,115.7477
FUND17,2024-11-13,114.8445
FUND17,2024-11-14,114.6899
FUND17,2024-11-15,114.8226
FUND17,2024-11-18,114.6067
FUND17,2024-11-19,114.5825
FUND17,2024-11-20,115.4467
FUND17,2024-11-21,115.409
FUND17,2024-11-22,115.4702
FUND17,2024-11-25,115.4294
FUND17,2024-11-26,114.5878
FUND17,2024-11-27,115.5041
FUND17,2024-11-28,115.4625
FUND17,2024-11-29,115.6415
FUND17,2024-12-02,115.2936
FUND17,2024-12-03,114.5816
FUND17,2024-12-04,114.1249
FUND17,2024-12-05,115.078
FUND17,2024-12-06,115.7594
FUND17,2024-12-09,115.0271
FUND17,2024-12-10,114.6605
FUND17,2024-12-11,115.0205
FUND17,2024-12-12,115.949
FUND17,2024-12-13,115.6977
FUND17,2024-12-16,115.137
FUND17,2024-12-17,114.9938
FUND17,2024-12-18,114.933
FUND17,2024-12-19,116.2665
FUND17,2024-12-20,116.5523
FUND17,2024-12-23,116.5056
FUND17,2024-12-24,116.3225
FUND17,2024-12-25,115.9556
FUND17,2024-12-26,115.7444
FUND17,2024-12-27,115.8011
FUND17,2024-12-30,116.2635
FUND17,2024-12-31,115.3607
FUND17,2025-01-01,115.6099
FUND17,2025-01-02,115.8235
FUND17,2025-01-03,115.6619
FUND17,2025-01-06,115.9727
FUND17,2025-01-07,116.3646
FUND17,2025-01-08,115.4808
FUND17,2025-01-09,115.6055
FUND17,2025-01-10,115.6171
FUND17,2025-01-13,116.7322
FUND17,2025-01-14,116.8944
FUND17,2025-01-15,117.5216
FUND17,2025-01-16,117.003
FUND17,2025-01-17,117.5312
FUND17,2025-01-20,118.2887
FUND17,2025-01-21,118.8158
FUND17,2025-01-22,118.4136
FUND17,2025-01-23,119.2141
FUND17,2025-01-24,118.5423
FUND17,2025-01-27,118.8539
FUND17,2025-01-28,119.1149
FUND17,2025-01-29,119.0767
FUND17,2025-01-30,118.771
FUND17,2025-01-31,118.8392
FUND17,2025-02-03,118.6695
FUND17,2025-02-04,119.965
FUND17,2025-02-05,120.8422
FUND17,2025-02-06,121.9855
FUND17,2025-02-07,122.0877
FUND17,2025-02-10,122.1848
FUND17,2025-02-11,122.4554
FUND17,2025-02-12,123.0036
FUND17,2025-02-13,123.3386
FUND17,2025-02-14,122.7277
FUND17,2025-02-17,122.6768
FUND17,2025-02-18,123.3451
FUND17,2025-02-19,125.1524
FUND17,2025-02-20,124.9147
FUND17,2025-02-21,124.7467
FUND17,2025-02-24,124.6032
FUND17,2025-02-25,125.5883
FUND17,2025-02-26,125.8142
FUND17,2025-02-27,125.7254
FUND17,2025-02-28,125.832
FUND17,2025-03-03,125.9756
FUND17,2025-03-04,126.2418
FUND17,2025-03-05,126.6943
FUND17,2025-03-06,127.2621
FUND17,2025-03-07,127.9654
FUND17,2025-03-10,129.0218
FUND17,2025-03-11,128.9321
FUND17,2025-03-12,128.9382
FUND17,2025-03-13,128.7744
FUND17,2025-03-14,129.073
FUND17,2025-03-17,129.6771
FUND17,2025-03-18,130.143
FUND17,2025-03-19,130.2049
FUND17,2025-03-20,129.7118
FUND17,2025-03-21,129.1414
FUND17,2025-03-24,128.6067
FUND17,2025-03-25,128.2326
FUND17,2025-03-26,128.1639
FUND17,2025-03-27,128.9019
FUND17,2025-03-28,129.4556
FUND17,2025-03-31,128.5962
FUND17,2025-04-01,127.7577
FUND17,2025-04-02,127.6602
FUND17,2025-04-03,128.2154
FUND17,2025-04-04,128.1986
FUND17,2025-04-07,128.2851
FUND17,2025-04-08,128.1313
FUND17,2025-04-09,128.7537
FUND17,2025-04-10,129.061
FUND17,2025-04-11,129.0457
FUND17,2025-04-14,128.2359
FUND17,2025-04-15,128.4238
FUND17,2025-04-16,128.2658
FUND17,2025-04-17,128.438
FUND17,2025-04-18,127.5052
FUND17,2025-04-21,128.6328
FUND17,2025-04-22,128.7931
FUND17,2025-04-23,129.6015
FUND17,2025-04-24,130.136
FUND17,2025-04-25,130.7495
FUND17,2025-04-28,130.521
FUND17,2025-04-29,130.191
FUND17,2025-04-30,129.3843
FUND17,2025-05-01,129.9265
FUND17,2025-05-02,130.2112
FUND17,2025-05-05,130.6727
FUND17,2025-05-06,130.1509
FUND17,2025-05-07,130.1959
FUND17,2025-05-08,129.5346
FUND17,2025-05-09,128.5179
FUND17,2025-05-12,128.6004
FUND17,2025-05-13,127.7475
FUND17,2025-05-14,130.0272
FUND17,2025-05-15,130.4249
FUND17,2025-05-16,131.312
FUND17,2025-05-19,131.9837
FUND17,2025-05-20,132.2291
FUND17,2025-05-21,131.5951
FUND17,2025-05-22,131.837
FUND17,2025-05-23,133.0487
FUND17,2025-05-26,132.5371
FUND17,2025-05-27,133.3471
FUND17,2025-05-28,133.3017
FUND17,2025-05-29,133.973
FUND17,2025-05-30,133.6222
FUND17,2025-06-02,134.4028
FUND17,2025-06-03,135.3573
FUND17,2025-06-04,135.3103
FUND17,2025-06-05,135.4677
FUND17,2025-06-06,135.9301
FUND17,2025-06-09,136.4699
FUND17,2025-06-10,137.5165
FUND17,2025-06-11,137.54
FUND17,2025-06-12,137.5332
FUND17,2025-06-13,137.6871
FUND17,2025-06-16,138.0333
FUND17,2025-06-17,137.1393
FUND17,2025-06-18,137.653
FUND17,2025-06-19,138.5538
FUND17,2025-06-20,138.7649
FUND17,2025-06-23,139.1346
FUND17,2025-06-24,138.9146
FUND17,2025-06-25,139.2508
FUND17,2025-06-26,139.262
FUND17,2025-06-27,139.4732
FUND17,2025-06-30,139.0989
FUND17,2025-07-01,139.5558
FUND17,2025-07-02,140.4878
FUND17,2025-07-03,140.3297
FUND17,2025-07-04,140.5301
FUND17,2025-07-07,141.4198
FUND17,2025-07-08,141.3847
FUND17,2025-07-09,140.7319
FUND17,2025-07-10,141.2118
FUND17,2025-07-11,141.165
FUND17,2025-07-14,141.4959
FUND17,2025-07-15,141.5365
FUND17,2025-07-16,141.8802
FUND17,2025-07-17,141.9056
FUND17,2025-07-18,141.6362
FUND17,2025-07-21,142.4454
FUND17,2025-07-22,142.4072
FUND17,2025-07-23,143.0008
FUND17,2025-07-24,144.297
FUND17,2025-07-25,143.9344
FUND17,2025-07-28,143.924
FUND17,2025-07-29,144.0722
FUND17,2025-07-30,144.0116
FUND17,2025-07-31,144.4962
FUND17,2025-08-01,143.8395
FUND17,2025-08-04,143.1329
FUND17,2025-08-05,142.8939
FUND17,2025-08-06,143.1401
FUND17,2025-08-07,143.629
FUND17,2025-08-08,144.1426
FUND17,2025-08-11,144.0266
FUND17,2025-08-12,142.829
FUND17,2025-08-13,143.3681
FUND17,2025-08-14,142.9396
FUND17,2025-08-15,143.2822
FUND17,2025-08-18,143.324
FUND17,2025-08-19,142.7113
FUND17,2025-08-20,143.042
FUND17,2025-08-21,143.2913
FUND17,2025-08-22,143.9958
FUND17,2025-08-25,144.2371
FUND17,2025-08-26,145.7786
FUND17,2025-08-27,145.2501
FUND17,2025-08-28,146.8304
FUND17,2025-08-29,148.1914
FUND17,2025-09-01,148.0607
FUND17,2025-09-02,147.241
FUND17,2025-09-03,147.0064
FUND17,2025-09-04,146.8631
FUND17,2025-09-05,147.3757
FUND17,2025-09-08,147.92
FUND17,2025-09-09,148.4786
FUND17,2025-09-10,147.2451
FUND17,2025-09-11,145.8884
FUND17,2025-09-12,146.1085
FUND17,2025-09-15,147.1688
FUND17,2025-09-16,147.3715
FUND17,2025-09-17,148.8204
FUND17,2025-09-18,148.079
FUND17,2025-09-19,148.2312
FUND17,2025-09-22,149.2021
FUND17,2025-09-23,149.4036
FUND17,2025-09-24,150.5216
FUND17,2025-09-25,151.3227
FUND17,2025-09-26,151.1955
FUND17,2025-09-29,151.0722
FUND17,2025-09-30,150.144
FUND17,2025-10-01,150.2958
FUND17,2025-10-02,151.8533
FUND17,2025-10-03,150.7391
FUND17,2025-10-06,150.7508
FUND17,2025-10-07,151.6629
FUND17,2025-10-08,151.9875
FUND17,2025-10-09,150.7597
FUND17,2025-10-10,150.7854
FUND17,2025-10-13,151.2922
FUND17,2025-10-14,151.5386
FUND17,2025-10-15,151.4177
FUND17,2025-10-16,151.5354
FUND17,2025-10-17,152.7007
FUND17,2025-10-20,152.1328
FUND17,2025-10-21,153.4815
FUND17,2025-10-22,153.1495
FUND17,2025-10-23,153.2923
FUND17,2025-10-24,153.2923
FUND17,2025-10-27,154.0532
FUND17,2025-10-28,155.1926
FUND17,2025-10-29,155.1922
FUND17,2025-10-30,153.8826
FUND17,2025-10-31,153.655
FUND17,2025-11-03,152.5769
FUND17,2025-11-04,151.1527
FUND17,2025-11-05,150.9347
FUND17,2025-11-06,150.8095
FUND17,2025-11-07,150.7762
FUND17,2025-11-10,149.6499
FUND17,2025-11-11,150.197
FUND17,2025-11-12,151.5537
FUND17,2025-11-13,151.3776
FUND17,2025-11-14,152.7807
FUND17,2025-11-17,151.6291
FUND17,2025-11-18,152.3743
FUND17,2025-11-19,153.0596
FUND17,2025-11-20,153.196
FUND17,2025-11-21,153.3986
FUND17,2025-11-24,153.6307
FUND18,2023-01-02,17.1775
FUND18,2023-01-03,17.1347
FUND18,2023-01-04,16.9884
FUND18,2023-01-05,16.8416
FUND18,2023-01-06,16.6108
FUND18,2023-01-09,16.4618
FUND18,2023-01-10,16.5766
FUND18,2023-01-11,16.6715
FUND18,2023-01-12,16.6384
FUND18,2023-01-13,16.9111
FUND18,2023-01-16,16.8228
FUND18,2023-01-17,16.8626
FUND18,2023-01-18,17.1707
FUND18,2023-01-19,17.4981
FUND18,2023-01-20,17.7648
FUND18,2023-01-23,18.032
FUND18,2023-01-24,17.8758
FUND18,2023-01-25,17.8298
FUND18,2023-01-26,17.7247
FUND18,2023-01-27,18.0007
FUND18,2023-01-30,17.7654
FUND18,2023-01-31,17.697
FUND18,2023-02-01,17.5978
FUND18,2023-02-02,17.465
FUND18,2023-02-03,17.3185
FUND18,2023-02-06,17.6273
FUND18,2023-02-07,17.7815
FUND18,2023-02-08,17.8242
FUND18,2023-02-09,17.6187
FUND18,2023-02-10,17.5359
FUND18,2023-02-13,17.5917
FUND18,2023-02-14,17.5616
FUND18,2023-02-15,17.5528
FUND18,2023-02-16,17.4701
FUND18,2023-02-17,17.5424
FUND18,2023-02-20,17.5793
FUND18,2023-02-21,17.7167
FUND18,2023-02-22,17.9068
FUND18,2023-02-23,18.0423
FUND18,2023-02-24,18.0037
FUND18,2023-02-27,18.0291
FUND18,2023-02-28,17.5468
FUND18,2023-03-01,17.4602
FUND18,2023-03-02,17.6274
FUND18,2023-03-03,17.6392
FUND18,2023-03-06,17.44
FUND18,2023-03-07,17.242
FUND18,2023-03-08,17.1924
FUND18,2023-03-09,17.092
FUND18,2023-03-10,16.966
FUND18,2023-03-13,17.1576
FUND18,2023-03-14,17.4378
FUND18,2023-03-15,17.5249
FUND18,2023-03-16,17.356
FUND18,2023-03-17,17.659
FUND18,2023-03-20,17.9329
FUND18,2023-03-21,17.9347
FUND18,2023-03-22,18.0808
FUND18,2023-03-23,17.9469
FUND18,2023-03-24,17.773
FUND18,2023-03-27,18.1144
FUND18,2023-03-28,18.2407
FUND18,2023-03-29,18.2602
FUND18,2023-03-30,18.3256
FUND18,2023-03-31,18.3631
FUND18,2023-04-03,18.5082
FUND18,2023-04-04,18.7391
FUND18,2023-04-05,19.0674
FUND18,2023-04-06,18.907
FUND18,2023-04-07,18.9178
FUND18,2023-04-10,18.9401
FUND18,2023-04-11,18.6636
FUND18,2023-04-12,18.9974
FUND18,2023-04-13,19.0488
FUND18,2023-04-14,18.7711
FUND18,2023-04-17,18.7964
FUND18,2023-04-18,18.7287
FUND18,2023-04-19,18.5115
FUND18,2023-04-20,18.7672
FUND18,2023-04-21,18.8425
FUND18,2023-04-24,18.9191
FUND18,2023-04-25,19.1777
FUND18,2023-04-26,19.4939
FUND18,2023-04-27,19.5196
FUND18,2023-04-28,19.365
FUND18,2023-05-01,19.2838
FUND18,2023-05-02,19.3903
FUND18,2023-05-03,19.3315
FUND18,2023-05-04,19.4
FUND18,2023-05-05,19.6509
FUND18,2023-05-08,19.9485
FUND18,2023-05-09,19.7896
FUND18,2023-05-10,19.7511
FUND18,2023-05-11,20.0154
FUND18,2023-05-12,19.9071
FUND18,2023-05-15,19.9111
FUND18,2023-05-16,20.0065
FUND18,2023-05-17,20.2855
FUND18,2023-05-18,20.2044
FUND18,2023-05-19,20.3752
FUND18,2023-05-22,20.3808
FUND18,2023-05-23,20.4978
FUND18,2023-05-24,20.4991
FUND18,2023-05-25,20.561
FUND18,2023-05-26,20.3306
FUND18,2023-05-29,20.1606
FUND18,2023-05-30,19.9633
FUND18,2023-05-31,19.96
FUND18,2023-06-01,19.9959
FUND18,2023-06-02,20.0627
FUND18,2023-06-05,20.1886
FUND18,2023-06-06,19.8808
FUND18,2023-06-07,19.9884
FUND18,2023-06-08,19.9036
FUND18,2023-06-09,19.6107
FUND18,2023-06-12,19.4807
FUND18,2023-06-13,19.641
FUND18,2023-06-14,19.3922
FUND18,2023-06-15,19.6808
FUND18,2023-06-16,19.4503
FUND18,2023-06-19,19.4195
FUND18,2023-06-20,19.4821
FUND18,2023-06-21,19.3132
FUND18,2023-06-22,19.1432
FUND18,2023-06-23,19.2663
FUND18,2023-06-26,19.1783
FUND18,2023-06-27,19.0216
FUND18,2023-06-28,19.0215
FUND18,2023-06-29,19.0588
FUND18,2023-06-30,19.1907
FUND18,2023-07-03,19.0863
FUND18,2023-07-04,19.2962
FUND18,2023-07-05,19.2489
FUND18,2023-07-06,18.9524
FUND18,2023-07-07,18.7778
FUND18,2023-07-10,18.8392
FUND18,2023-07-11,18.8612
FUND18,2023-07-12,18.4387
FUND18,2023-07-13,18.198
FUND18,2023-07-14,18.2402
FUND18,2023-07-17,18.3284
FUND18,2023-07-18,18.0729
FUND18,2023-07-19,18.1525
FUND18,2023-07-20,18.1352
FUND18,2023-07-21,18.1496
FUND18,2023-07-24,18.1633
FUND18,2023-07-25,18.2327
FUND18,2023-07-26,18.2554
FUND18,2023-07-27,18.4155
FUND18,2023-07-28,18.4373
FUND18,2023-07-31,18.653
FUND18,2023-08-01,18.6643
FUND18,2023-08-02,18.611
FUND18,2023-08-03,18.1418
FUND18,2023-08-04,18.2983
FUND18,2023-08-07,18.4122
FUND18,2023-08-08,18.1186
FUND18,2023-08-09,17.739
FUND18,2023-08-10,17.7408
FUND18,2023-08-11,17.5768
FUND18,2023-08-14,17.5385
FUND18,2023-08-15,17.8055
FUND18,2023-08-16,17.8021
FUND18,2023-08-17,17.8593
FUND18,2023-08-18,17.9437
FUND18,2023-08-21,18.0241
FUND18,2023-08-22,17.6233
FUND18,2023-08-23,17.7457
FUND18,2023-08-24,18.1565
FUND18,2023-08-25,18.1244
FUND18,2023-08-28,18.3271
FUND18,2023-08-29,18.5211
FUND18,2023-08-30,18.8532
FUND18,2023-08-31,18.7641
FUND18,2023-09-01,19.1001
FUND18,2023-09-04,18.8026
FUND18,2023-09-05,18.8568
FUND18,2023-09-06,18.9521
FUND18,2023-09-07,18.93
FUND18,2023-09-08,18.731
FUND18,2023-09-11,18.9654
FUND18,2023-09-12,18.7815
FUND18,2023-09-13,18.787
FUND18,2023-09-14,18.839
FUND18,2023-09-15,18.7862
FUND18,2023-09-18,18.7708
FUND18,2023-09-19,18.7345
FUND18,2023-09-20,18.6213
FUND18,2023-09-21,18.4845
FUND18,2023-09-22,18.6061
FUND18,2023-09-25,18.8143
FUND18,2023-09-26,18.8731
FUND18,2023-09-27,18.7677
FUND18,2023-09-28,18.8046
FUND18,2023-09-29,19.2246
FUND18,2023-10-02,19.2712
FUND18,2023-10-03,19.0069
FUND18,2023-10-04,18.609
FUND18,2023-10-05,18.8337
FUND18,2023-10-06,18.633
FUND18,2023-10-09,18.6194
FUND18,2023-10-10,18.5051
FUND18,2023-10-11,18.4858
FUND18,2023-10-12,18.7771
FUND18,2023-10-13,18.9091
FUND18,2023-10-16,18.892
FUND18,2023-10-17,18.7733
FUND18,2023-10-18,18.4597
FUND18,2023-10-19,18.5276
FUND18,2023-10-20,18.5374
FUND18,2023-10-23,18.2042
FUND18,2023-10-24,18.0733
FUND18,2023-10-25,17.8161
FUND18,2023-10-26,17.7243
FUND18,2023-10-27,17.8099
FUND18,2023-10-30,17.5421
FUND18,2023-10-31,17.5459
FUND18,2023-11-01,17.4094
FUND18,2023-11-02,17.5646
FUND18,2023-11-03,17.6659
FUND18,2023-11-06,17.7739
FUND18,2023-11-07,17.5791
FUND18,2023-11-08,17.3191
FUND18,2023-11-09,17.6022
FUND18,2023-11-10,17.5795
FUND18,2023-11-13,17.3686
FUND18,2023-11-14,17.2702
FUND18,2023-11-15,17.5083
FUND18,2023-11-16,17.3223
FUND18,2023-11-17,17.4615
FUND18,2023-11-20,17.1172
FUND18,2023-11-21,17.4884
FUND18,2023-11-22,17.51
FUND18,2023-11-23,17.4201
FUND18,2023-11-24,17.2563
FUND18,2023-11-27,16.9396
FUND18,2023-11-28,16.8701
FUND18,2023-11-29,16.7228
FUND18,2023-11-30,16.8035
FUND18,2023-12-01,16.7962
FUND18,2023-12-04,16.8046
FUND18,2023-12-05,16.9082
FUND18,2023-12-06,17.14
FUND18,2023-12-07,17.0355
FUND18,2023-12-08,16.8395
FUND18,2023-12-11,16.9149
FUND18,2023-12-12,16.7714
FUND18,2023-12-13,16.4556
FUND18,2023-12-14,16.2572
FUND18,2023-12-15,16.5766
FUND18,2023-12-18,16.6809
FUND18,2023-12-19,16.6807
FUND18,2023-12-20,16.5595
FUND18,2023-12-21,16.7704
FUND18,2023-12-22,16.7697
FUND18,2023-12-25,16.4457
FUND18,2023-12-26,16.0422
FUND18,2023-12-27,15.8506
FUND18,2023-12-28,15.9395
FUND18,2023-12-29,15.656
FUND18,2024-01-01,15.4286
FUND18,2024-01-02,15.6159
FUND18,2024-01-03,15.9819
FUND18,2024-01-04,15.6521
FUND18,2024-01-05,15.4753
FUND18,2024-01-08,15.4325
FUND18,2024-01-09,15.3343
FUND18,2024-01-10,15.2888
FUND18,2024-01-11,14.9436
FUND18,2024-01-12,14.839
FUND18,2024-01-15,14.8331
FUND18,2024-01-16,14.6126
FUND18,2024-01-17,14.6621
FUND18,2024-01-18,14.5022
FUND18,2024-01-19,14.3823
FUND18,2024-01-22,14.6398
FUND18,2024-01-23,14.4027
FUND18,2024-01-24,14.6587
FUND18,2024-01-25,14.3934
FUND18,2024-01-26,14.3628
FUND18,2024-01-29,14.3979
FUND18,2024-01-30,14.5409
FUND18,2024-01-31,14.3421
FUND18,2024-02-01,14.4844
FUND18,2024-02-02,14.6593
FUND18,2024-02-05,14.8011
FUND18,2024-02-06,14.5354
FUND18,2024-02-07,14.6251
FUND18,2024-02-08,14.7103
FUND18,2024-02-09,14.6599
FUND18,2024-02-12,14.9349
FUND18,2024-02-13,14.945
FUND18,2024-02-14,14.8812
FUND18,2024-02-15,14.8882
FUND18,2024-02-16,14.9335
FUND18,2024-02-19,14.9891
FUND18,2024-02-20,15.1067
FUND18,2024-02-21,15.0805
FUND18,2024-02-22,14.8505
FUND18,2024-02-23,15.0171
FUND18,2024-02-26,14.9595
FUND18,2024-02-27,14.9507
FUND18,2024-02-28,14.9729
FUND18,2024-02-29,14.9513
FUND18,2024-03-01,15.0366
FUND18,2024-03-04,15.0609
FUND18,2024-03-05,15.1747
FUND18,2024-03-06,15.4305
FUND18,2024-03-07,15.5486
FUND18,2024-03-08,15.6107
FUND18,2024-03-11,15.7793
FUND18,2024-03-12,15.7378
FUND18,2024-03-13,15.6452
FUND18,2024-03-14,15.7814
FUND18,2024-03-15,15.7472
FUND18,2024-03-18,15.628
FUND18,2024-03-19,15.5544
FUND18,2024-03-20,15.6343
FUND18,2024-03-21,15.4517
FUND18,2024-03-22,15.5526
FUND18,2024-03-25,15.3446
FUND18,2024-03-26,15.3832
FUND18,2024-03-27,15.569
FUND18,2024-03-28,15.6266
FUND18,2024-03-29,15.7735
FUND18,2024-04-01,15.8109
FUND18,2024-04-02,16.0667
FUND18,2024-04-03,16.1259
FUND18,2024-04-04,16.24
FUND18,2024-04-05,16.1248
FUND18,2024-04-08,16.062
FUND18,2024-04-09,16.0537
FUND18,2024-04-10,15.9776
FUND18,2024-04-11,15.7768
FUND18,2024-04-12,15.5315
FUND18,2024-04-15,15.8816
FUND18,2024-04-16,15.8531
FUND18,2024-04-17,15.8651
FUND18,2024-04-18,16.0566
FUND18,2024-04-19,16.112
FUND18,2024-04-22,16.277
FUND18,2024-04-23,16.1816
FUND18,2024-04-24,16.1252
FUND18,2024-04-25,16.1164
FUND18,2024-04-26,16.0842
FUND18,2024-04-29,15.8368
FUND18,2024-04-30,16.0038
FUND18,2024-05-01,15.9291
FUND18,2024-05-02,15.9381
FUND18,2024-05-03,15.8267
FUND18,2024-05-06,15.8789
FUND18,2024-05-07,15.8842
FUND18,2024-05-08,15.7907
FUND18,2024-05-09,16.0603
FUND18,2024-05-10,16.1402
FUND18,2024-05-13,16.0588
FUND18,2024-05-14,16.0486
FUND18,2024-05-15,16.0709
FUND18,2024-05-16,16.3071
FUND18,2024-05-17,16.5568
FUND18,2024-05-20,16.6431
FUND18,2024-05-21,16.2625
FUND18,2024-05-22,16.088
FUND18,2024-05-23,16.1642
FUND18,2024-05-24,15.9255
FUND18,2024-05-27,15.9929
FUND18,2024-05-28,15.7188
FUND18,2024-05-29,15.9646
FUND18,2024-05-30,15.945
FUND18,2024-05-31,15.9123
FUND18,2024-06-03,15.7059
FUND18,2024-06-04,15.5881
FUND18,2024-06-05,15.2546
FUND18,2024-06-06,15.2827
FUND18,2024-06-07,15.267
FUND18,2024-06-10,15.3658
FUND18,2024-06-11,15.3399
FUND18,2024-06-12,15.4853
FUND18,2024-06-13,15.5656
FUND18,2024-06-14,15.6337
FUND18,2024-06-17,15.6988
FUND18,2024-06-18,15.6171
FUND18,2024-06-19,15.6097
FUND18,2024-06-20,15.6206
FUND18,2024-06-21,15.6767
FUND18,2024-06-24,15.3996
FUND18,2024-06-25,15.6333
FUND18,2024-06-26,15.4889
FUND18,2024-06-27,15.595
FUND18,2024-06-28,15.6321
FUND18,2024-07-01,15.5118
FUND18,2024-07-02,15.724
FUND18,2024-07-03,15.799
FUND18,2024-07-04,15.7126
FUND18,2024-07-05,15.4877
FUND18,2024-07-08,15.5809
FUND18,2024-07-09,15.6529
FUND18,2024-07-10,15.6235
FUND18,2024-07-11,15.8011
FUND18,2024-07-12,16.0141
FUND18,2024-07-15,16.2227
FUND18,2024-07-16,16.1624
FUND18,2024-07-17,16.0262
FUND18,2024-07-18,16.0953
FUND18,2024-07-19,16.0945
FUND18,2024-07-22,16.0725
FUND18,2024-07-23,15.8328
FUND18,2024-07-24,15.8032
FUND18,2024-07-25,15.7621
FUND18,2024-07-26,15.7145
FUND18,2024-07-29,15.596
FUND18,2024-07-30,15.6267
FUND18,2024-07-31,15.4797
FUND18,2024-08-01,15.4307
FUND18,2024-08-02,15.5531
FUND18,2024-08-05,15.6119
FUND18,2024-08-06,15.7638
FUND18,2024-08-07,15.7253
FUND18,2024-08-08,15.4415
FUND18,2024-08-09,15.6566
FUND18,2024-08-12,15.938
FUND18,2024-08-13,15.7637
FUND18,2024-08-14,15.8426
FUND18,2024-08-15,15.9186
FUND18,2024-08-16,15.711
FUND18,2024-08-19,15.619
FUND18,2024-08-20,15.122
FUND18,2024-08-21,15.3039
FUND18,2024-08-22,15.2277
FUND18,2024-08-23,15.3239
FUND18,2024-08-26,15.5858
FUND18,2024-08-27,15.71
FUND18,2024-08-28,15.7849
FUND18,2024-08-29,15.9475
FUND18,2024-08-30,15.847
FUND18,2024-09-02,15.8135
FUND18,2024-09-03,15.8751
FUND18,2024-09-04,15.9541
FUND18,2024-09-05,15.9564
FUND18,2024-09-06,15.9428
FUND18,2024-09-09,16.2193
FUND18,2024-09-10,16.3366
FUND18,2024-09-11,16.5343
FUND18,2024-09-12,16.7071
FUND18,2024-09-13,16.6977
FUND18,2024-09-16,16.6962
FUND18,2024-09-17,16.774
FUND18,2024-09-18,16.7207
FUND18,2024-09-19,17.0288
FUND18,2024-09-20,16.8742
FUND18,2024-09-23,16.9197
FUND18,2024-09-24,16.824
FUND18,2024-09-25,16.6404
FUND18,2024-09-26,16.6812
FUND18,2024-09-27,16.8286
FUND18,2024-09-30,16.9381
FUND18,2024-10-01,16.8039
FUND18,2024-10-02,16.6547
FUND18,2024-10-03,16.6966
FUND18,2024-10-04,16.6163
FUND18,2024-10-07,16.768
FUND18,2024-10-08,16.9247
FUND18,2024-10-09,16.9767
FUND18,2024-10-10,16.9372
FUND18,2024-10-11,16.4376
FUND18,2024-10-14,16.4059
FUND18,2024-10-15,16.3004
FUND18,2024-10-16,16.2596
FUND18,2024-10-17,16.2763
FUND18,2024-10-18,15.968
FUND18,2024-10-21,15.9025
FUND18,2024-10-22,16.0008
FUND18,2024-10-23,16.006
FUND18,2024-10-24,16.073
FUND18,2024-10-25,15.7806
FUND18,2024-10-28,15.9255
FUND18,2024-10-29,15.9426
FUND18,2024-10-30,15.9144
FUND18,2024-10-31,15.7465
FUND18,2024-11-01,15.4284
FUND18,2024-11-04,15.2712
FUND18,2024-11-05,15.4155
FUND18,2024-11-06,15.6004
FUND18,2024-11-07,15.4133
FUND18,2024-11-08,15.5743
FUND18,2024-11-11,15.7415
FUND18,2024-11-12,15.8358
FUND18,2024-11-13,15.5173
FUND18,2024-11-14,15.365
FUND18,2024-11-15,15.1651
FUND18,2024-11-18,15.2896
FUND18,2024-11-19,15.4752
FUND18,2024-11-20,15.4209
FUND18,2024-11-21,15.6941
FUND18,2024-11-22,15.667
FUND18,2024-11-25,15.693
FUND18,2024-11-26,15.7643
FUND18,2024-11-27,15.8013
FUND18,2024-11-28,15.8813
FUND18,2024-11-29,15.8337
FUND18,2024-12-02,15.7453
FUND18,2024-12-03,15.635
FUND18,2024-12-04,15.5046
FUND18,2024-12-05,15.6241
FUND18,2024-12-06,15.7581
FUND18,2024-12-09,15.431
FUND18,2024-12-10,15.376
FUND18,2024-12-11,15.5689
FUND18,2024-12-12,15.5148
FUND18,2024-12-13,15.6447
FUND18,2024-12-16,15.8356
FUND18,2024-12-17,15.7837
FUND18,2024-12-18,15.5469
FUND18,2024-12-19,15.7674
FUND18,2024-12-20,15.6833
FUND18,2024-12-23,15.464
FUND18,2024-12-24,15.6644
FUND18,2024-12-25,15.573
FUND18,2024-12-26,15.4722
FUND18,2024-12-27,15.3065
FUND18,2024-12-30,15.2488
FUND18,2024-12-31,15.2711
FUND18,2025-01-01,15.1378
FUND18,2025-01-02,15.1562
FUND18,2025-01-03,14.9479
FUND18,2025-01-06,14.934
FUND18,2025-01-07,14.9419
FUND18,2025-01-08,15.0716
FUND18,2025-01-09,15.0639
FUND18,2025-01-10,15.199
FUND18,2025-01-13,15.0742
FUND18,2025-01-14,15.072
FUND18,2025-01-15,15.3599
FUND18,2025-01-16,15.1783
FUND18,2025-01-17,15.0561
FUND18,2025-01-20,15.0079
FUND18,2025-01-21,14.9177
FUND18,2025-01-22,15.194
FUND18,2025-01-23,15.0443
FUND18,2025-01-24,15.036
FUND18,2025-01-27,15.031
FUND18,2025-01-28,15.2008
FUND18,2025-01-29,15.0665
FUND18,2025-01-30,14.8542
FUND18,2025-01-31,14.9274
FUND18,2025-02-03,14.8835
FUND18,2025-02-04,14.9084
FUND18,2025-02-05,14.7911
FUND18,2025-02-06,14.745
FUND18,2025-02-07,14.6223
FUND18,2025-02-10,14.5044
FUND18,2025-02-11,14.4786
FUND18,2025-02-12,14.5454
FUND18,2025-02-13,14.3669
FUND18,2025-02-14,14.4848
FUND18,2025-02-17,14.7043
FUND18,2025-02-18,14.8659
FUND18,2025-02-19,14.7228
FUND18,2025-02-20,14.8047
FUND18,2025-02-21,15.0707
FUND18,2025-02-24,15.1272
FUND18,2025-02-25,15.0504
FUND18,2025-02-26,14.9513
FUND18,2025-02-27,14.8172
FUND18,2025-02-28,14.831
FUND18,2025-03-03,15.0144
FUND18,2025-03-04,14.9977
FUND18,2025-03-05,15.2037
FUND18,2025-03-06,15.128
FUND18,2025-03-07,15.1169
FUND18,2025-03-10,15.0335
FUND18,2025-03-11,14.9702
FUND18,2025-03-12,15.2533
FUND18,2025-03-13,15.2029
FUND18,2025-03-14,15.2247
FUND18,2025-03-17,15.2327
FUND18,2025-03-18,15.3779
FUND18,2025-03-19,15.727
FUND18,2025-03-20,15.8957
FUND18,2025-03-21,15.827
FUND18,2025-03-24,16.0503
FUND18,2025-03-25,16.0476
FUND18,2025-03-26,16.0214
FUND18,2025-03-27,16.24
FUND18,2025-03-28,16.2668
FUND18,2025-03-31,16.3277
FUND18,2025-04-01,15.9136
FUND18,2025-04-02,16.1251
FUND18,2025-04-03,15.9801
FUND18,2025-04-04,15.8851
FUND18,2025-04-07,15.8328
FUND18,2025-04-08,15.8956
FUND18,2025-04-09,15.9698
FUND18,2025-04-10,16.1198
FUND18,2025-04-11,16.1471
FUND18,2025-04-14,16.1045
FUND18,2025-04-15,16.1903
FUND18,2025-04-16,16.0909
FUND18,2025-04-17,15.9767
FUND18,2025-04-18,15.9477
FUND18,2025-04-21,16.0359
FUND18,2025-04-22,15.6805
FUND18,2025-04-23,15.648
FUND18,2025-04-24,15.5577
FUND18,2025-04-25,15.7266
FUND18,2025-04-28,15.605
FUND18,2025-04-29,15.759
FUND18,2025-04-30,15.7776
FUND18,2025-05-01,15.695
FUND18,2025-05-02,15.6135
FUND18,2025-05-05,15.5186
FUND18,2025-05-06,15.5771
FUND18,2025-05-07,15.4342
FUND18,2025-05-08,15.3048
FUND18,2025-05-09,15.2933
FUND18,2025-05-12,15.4997
FUND18,2025-05-13,15.5582
FUND18,2025-05-14,15.4909
FUND18,2025-05-15,15.3699
FUND18,2025-05-16,15.3339
FUND18,2025-05-19,15.3966
FUND18,2025-05-20,15.6857
FUND18,2025-05-21,15.7443
FUND18,2025-05-22,15.6573
FUND18,2025-05-23,15.3707
FUND18,2025-05-26,15.1195
FUND18,2025-05-27,15.3419
FUND18,2025-05-28,15.4908
FUND18,2025-05-29,15.6246
FUND18,2025-05-30,15.6172
FUND18,2025-06-02,15.5554
FUND18,2025-06-03,15.571
FUND18,2025-06-04,15.6439
FUND18,2025-06-05,15.5602
FUND18,2025-06-06,15.477
FUND18,2025-06-09,15.5104
FUND18,2025-06-10,15.5715
FUND18,2025-06-11,15.6805
FUND18,2025-06-12,15.7825
FUND18,2025-06-13,15.8665
FUND18,2025-06-16,15.7995
FUND18,2025-06-17,16.0074
FUND18,2025-06-18,15.8862
FUND18,2025-06-19,15.8017
FUND18,2025-06-20,15.8283
FUND18,2025-06-23,15.9103
FUND18,2025-06-24,16.1433
FUND18,2025-06-25,16.2815
FUND18,2025-06-26,16.0362
FUND18,2025-06-27,16.1409
FUND18,2025-06-30,15.9803
FUND18,2025-07-01,16.1398
FUND18,2025-07-02,15.9993
FUND18,2025-07-03,16.1486
FUND18,2025-07-04,16.1121
FUND18,2025-07-07,16.4589
FUND18,2025-07-08,16.1724
FUND18,2025-07-09,16.1978
FUND18,2025-07-10,16.0634
FUND18,2025-07-11,16.0515
FUND18,2025-07-14,15.8344
FUND18,2025-07-15,15.8454
FUND18,2025-07-16,15.9715
FUND18,2025-07-17,15.7917
FUND18,2025-07-18,15.6257
FUND18,2025-07-21,15.8134
FUND18,2025-07-22,15.6214
FUND18,2025-07-23,15.4843
FUND18,2025-07-24,15.2934
FUND18,2025-07-25,15.4941
FUND18,2025-07-28,15.5401
FUND18,2025-07-29,15.6825
FUND18,2025-07-30,15.5917
FUND18,2025-07-31,15.6689
FUND18,2025-08-01,15.6491
FUND18,2025-08-04,15.7707
FUND18,2025-08-05,15.6338
FUND18,2025-08-06,15.5371
FUND18,2025-08-07,15.9137
FUND18,2025-08-08,15.9812
FUND18,2025-08-11,16.0003
FUND18,2025-08-12,16.2627
FUND18,2025-08-13,15.9878
FUND18,2025-08-14,16.0842
FUND18,2025-08-15,15.9781
FUND18,2025-08-18,16.0844
FUND18,2025-08-19,15.9542
FUND18,2025-08-20,16.0927
FUND18,2025-08-21,16.0443
FUND18,2025-08-22,15.6997
FUND18,2025-08-25,15.8134
FUND18,2025-08-26,15.8891
FUND18,2025-08-27,15.9196
FUND18,2025-08-28,16.0833
FUND18,2025-08-29,16.2806
FUND18,2025-09-01,16.287
FUND18,2025-09-02,16.4567
FUND18,2025-09-03,16.7542
FUND18,2025-09-04,16.6225
FUND18,2025-09-05,16.4512
FUND18,2025-09-08,16.5811
FUND18,2025-09-09,16.2867
FUND18,2025-09-10,16.4537
FUND18,2025-09-11,16.4428
FUND18,2025-09-12,16.4577
FUND18,2025-09-15,16.3949
FUND18,2025-09-16,16.4685
FUND18,2025-09-17,16.4412
FUND18,2025-09-18,16.433
FUND18,2025-09-19,16.3924
FUND18,2025-09-22,16.7435
FUND18,2025-09-23,16.9432
FUND18,2025-09-24,16.8155
FUND18,2025-09-25,16.8673
FUND18,2025-09-26,16.9653
FUND18,2025-09-29,16.8669
FUND18,2025-09-30,16.9846
FUND18,2025-10-01,16.9318
FUND18,2025-10-02,16.8629
FUND18,2025-10-03,17.0667
FUND18,2025-10-06,17.0858
FUND18,2025-10-07,17.1725
FUND18,2025-10-08,17.4252
FUND18,2025-10-09,17.5193
FUND18,2025-10-10,17.6248
FUND18,2025-10-13,17.1992
FUND18,2025-10-14,17.3117
FUND18,2025-10-15,17.2827
FUND18,2025-10-16,16.8908
FUND18,2025-10-17,16.7789
FUND18,2025-10-20,16.8885
FUND18,2025-10-21,16.8211
FUND18,2025-10-22,16.8715
FUND18,2025-10-23,16.7755
FUND18,2025-10-24,16.7708
FUND18,2025-10-27,16.7187
FUND18,2025-10-28,16.982
FUND18,2025-10-29,17.1828
FUND18,2025-10-30,17.2324
FUND18,2025-10-31,17.3246
FUND18,2025-11-03,17.044
FUND18,2025-11-04,17.123
FUND18,2025-11-05,17.1166
FUND18,2025-11-06,17.0277
FUND18,2025-11-07,17.157
FUND18,2025-11-10,17.113
FUND18,2025-11-11,17.4668
FUND18,2025-11-12,17.4967
FUND18,2025-11-13,17.5294
FUND18,2025-11-14,17.3262
FUND18,2025-11-17,17.5448
FUND18,2025-11-18,17.583
FUND18,2025-11-19,17.6844
FUND18,2025-11-20,17.7291
FUND18,2025-11-21,17.8406
FUND18,2025-11-24,17.8832
FUND19,2023-01-02,84.9845
FUND19,2023-01-03,85.6999
FUND19,2023-01-04,85.933
FUND19,2023-01-05,86.3659
FUND19,2023-01-06,86.409
FUND19,2023-01-09,87.7911
FUND19,2023-01-10,87.8296
FUND19,2023-01-11,87.4993
FUND19,2023-01-12,87.5042
FUND19,2023-01-13,87.5551
FUND19,2023-01-16,85.9163
FUND19,2023-01-17,86.3556
FUND19,2023-01-18,85.9661
FUND19,2023-01-19,85.1453
FUND19,2023-01-20,84.2553
FUND19,2023-01-23,84.0405
FUND19,2023-01-24,81.7396
FUND19,2023-01-25,81.4066
FUND19,2023-01-26,82.2146
FUND19,2023-01-27,81.9473
FUND19,2023-01-30,80.8466
FUND19,2023-01-31,80.0043
FUND19,2023-02-01,80.0241
FUND19,2023-02-02,78.5857
FUND19,2023-02-03,77.7389
FUND19,2023-02-06,77.6359
FUND19,2023-02-07,76.6594
FUND19,2023-02-08,76.6646
FUND19,2023-02-09,76.8826
FUND19,2023-02-10,76.3673
FUND19,2023-02-13,75.7431
FUND19,2023-02-14,75.3012
FUND19,2023-02-15,74.9886
FUND19,2023-02-16,76.0809
FUND19,2023-02-17,75.4151
FUND19,2023-02-20,75.8593
FUND19,2023-02-21,75.3771
FUND19,2023-02-22,75.9136
FUND19,2023-02-23,75.9855
FUND19,2023-02-24,76.1522
FUND19,2023-02-27,75.0823
FUND19,2023-02-28,75.5691
FUND19,2023-03-01,76.5921
FUND19,2023-03-02,77.9589
FUND19,2023-03-03,78.3422
FUND19,2023-03-06,76.985
FUND19,2023-03-07,76.5859
FUND19,2023-03-08,76.0371
FUND19,2023-03-09,76.0669
FUND19,2023-03-10,76.2429
FUND19,2023-03-13,76.3965
FUND19,2023-03-14,77.3124
FUND19,2023-03-15,76.3907
FUND19,2023-03-16,76.4933
FUND19,2023-03-17,74.8243
FUND19,2023-03-20,75.2165
FUND19,2023-03-21,74.4085
FUND19,2023-03-22,74.6258
FUND19,2023-03-23,76.5349
FUND19,2023-03-24,77.2059
FUND19,2023-03-27,78.7592
FUND19,2023-03-28,77.6069
FUND19,2023-03-29,77.5528
FUND19,2023-03-30,77.8474
FUND19,2023-03-31,77.0491
FUND19,2023-04-03,77.2556
FUND19,2023-04-04,76.7658
FUND19,2023-04-05,76.0537
FUND19,2023-04-06,75.4418
FUND19,2023-04-07,75.018
FUND19,2023-04-10,74.1086
FUND19,2023-04-11,74.0596
FUND19,2023-04-12,75.5806
FUND19,2023-04-13,74.9322
FUND19,2023-04-14,74.1968
FUND19,2023-04-17,74.3184
FUND19,2023-04-18,74.9823
FUND19,2023-04-19,76.7473
FUND19,2023-04-20,78.0913
FUND19,2023-04-21,80.4173
FUND19,2023-04-24,81.2882
FUND19,2023-04-25,82.4292
FUND19,2023-04-26,82.4309
FUND19,2023-04-27,82.658
FUND19,2023-04-28,82.8996
FUND19,2023-05-01,84.0079
FUND19,2023-05-02,84.9603
FUND19,2023-05-03,85.1308
FUND19,2023-05-04,85.4693
FUND19,2023-05-05,84.5043
FUND19,2023-05-08,83.9843
FUND19,2023-05-09,83.4891
FUND19,2023-05-10,84.5642
FUND19,2023-05-11,84.9433
FUND19,2023-05-12,85.6855
FUND19,2023-05-15,86.419
FUND19,2023-05-16,84.8428
FUND19,2023-05-17,84.9939
FUND19,2023-05-18,86.5995
FUND19,2023-05-19,86.9991
FUND19,2023-05-22,86.8624
FUND19,2023-05-23,85.6706
FUND19,2023-05-24,87.9467
FUND19,2023-05-25,89.0137
FUND19,2023-05-26,89.9101
FUND19,2023-05-29,89.5463
FUND19,2023-05-30,89.0124
FUND19,2023-05-31,88.1519
FUND19,2023-06-01,88.0496
FUND19,2023-06-02,87.3283
FUND19,2023-06-05,88.6886
FUND19,2023-06-06,90.3995
FUND19,2023-06-07,91.2416
FUND19,2023-06-08,91.8151
FUND19,2023-06-09,91.6127
FUND19,2023-06-12,91.8233
FUND19,2023-06-13,91.0389
FUND19,2023-06-14,93.4058
FUND19,2023-06-15,93.8901
FUND19,2023-06-16,95.1759
FUND19,2023-06-19,93.5114
FUND19,2023-06-20,94.4904
FUND19,2023-06-21,95.2762
FUND19,2023-06-22,96.3784
FUND19,2023-06-23,96.3334
FUND19,2023-06-26,98.7142
FUND19,2023-06-27,99.1467
FUND19,2023-06-28,99.1801
FUND19,2023-06-29,99.7518
FUND19,2023-06-30,99.1181
FUND19,2023-07-03,98.7506
FUND19,2023-07-04,98.826
FUND19,2023-07-05,95.8641
FUND19,2023-07-06,96.4811
FUND19,2023-07-07,97.6108
FUND19,2023-07-10,97.0744
FUND19,2023-07-11,98.1405
FUND19,2023-07-12,98.747
FUND19,2023-07-13,99.9886
FUND19,2023-07-14,99.1239
FUND19,2023-07-17,101.2572
FUND19,2023-07-18,101.0113
FUND19,2023-07-19,101.8665
FUND19,2023-07-20,101.6622
FUND19,2023-07-21,99.5138
FUND19,2023-07-24,98.7228
FUND19,2023-07-25,99.1363
FUND19,2023-07-26,98.2731
FUND19,2023-07-27,97.6336
FUND19,2023-07-28,96.5385
FUND19,2023-07-31,95.5765
FUND19,2023-08-01,93.877
FUND19,2023-08-02,92.5897
FUND19,2023-08-03,91.7974
FUND19,2023-08-04,92.431
FUND19,2023-08-07,90.8105
FUND19,2023-08-08,90.8938
FUND19,2023-08-09,92.7527
FUND19,2023-08-10,92.0411
FUND19,2023-08-11,92.3954
FUND19,2023-08-14,93.2214
FUND19,2023-08-15,92.9331
FUND19,2023-08-16,96.056
FUND19,2023-08-17,95.5345
FUND19,2023-08-18,96.895
FUND19,2023-08-21,97.3765
FUND19,2023-08-22,97.6708
FUND19,2023-08-23,96.919
FUND19,2023-08-24,97.5571
FUND19,2023-08-25,96.3723
FUND19,2023-08-28,96.8189
FUND19,2023-08-29,96.2317
FUND19,2023-08-30,97.3971
FUND19,2023-08-31,97.1042
FUND19,2023-09-01,97.4125
FUND19,2023-09-04,97.8434
FUND19,2023-09-05,96.8919
FUND19,2023-09-06,96.6588
FUND19,2023-09-07,96.6381
FUND19,2023-09-08,95.5659
FUND19,2023-09-11,95.3863
FUND19,2023-09-12,95.7924
FUND19,2023-09-13,96.4523
FUND19,2023-09-14,97.516
FUND19,2023-09-15,97.9041
FUND19,2023-09-18,97.7629
FUND19,2023-09-19,96.9149
FUND19,2023-09-20,98.9977
FUND19,2023-09-21,97.1967
FUND19,2023-09-22,97.9985
FUND19,2023-09-25,98.7198
FUND19,2023-09-26,99.7609
FUND19,2023-09-27,102.3217
FUND19,2023-09-28,102.8595
FUND19,2023-09-29,103.5016
FUND19,2023-10-02,104.0977
FUND19,2023-10-03,105.0942
FUND19,2023-10-04,104.2049
FUND19,2023-10-05,105.7087
FUND19,2023-10-06,105.3426
FUND19,2023-10-09,103.5154
FUND19,2023-10-10,104.7864
FUND19,2023-10-11,104.4619
FUND19,2023-10-12,106.0273
FUND19,2023-10-13,106.4103
FUND19,2023-10-16,107.0357
FUND19,2023-10-17,106.5385
FUND19,2023-10-18,107.578
FUND19,2023-10-19,108.0362
FUND19,2023-10-20,108.3149
FUND19,2023-10-23,108.3943
FUND19,2023-10-24,108.2806
FUND19,2023-10-25,106.9769
FUND19,2023-10-26,106.6686
FUND19,2023-10-27,109.294
FUND19,2023-10-30,111.0688
FUND19,2023-10-31,111.7327
FUND19,2023-11-01,110.1154
FUND19,2023-11-02,110.2289
FUND19,2023-11-03,110.2605
FUND19,2023-11-06,110.5805
FUND19,2023-11-07,111.199
FUND19,2023-11-08,112.3942
FUND19,2023-11-09,112.31
FUND19,2023-11-10,111.4395
FUND19,2023-11-13,109.3723
FUND19,2023-11-14,108.4329
FUND19,2023-11-15,109.678
FUND19,2023-11-16,112.1732
FUND19,2023-11-17,112.8626
FUND19,2023-11-20,112.7308
FUND19,2023-11-21,113.0722
FUND19,2023-11-22,109.9049
FUND19,2023-11-23,108.1547
FUND19,2023-11-24,106.5329
FUND19,2023-11-27,105.1402
FUND19,2023-11-28,105.4239
FUND19,2023-11-29,106.1173
FUND19,2023-11-30,103.295
FUND19,2023-12-01,105.6033
FUND19,2023-12-04,106.8492
FUND19,2023-12-05,107.8665
FUND19,2023-12-06,106.82
FUND19,2023-12-07,105.9051
FUND19,2023-12-08,106.4063
FUND19,2023-12-11,105.6096
FUND19,2023-12-12,107.0944
FUND19,2023-12-13,107.765
FUND19,2023-12-14,107.6934
FUND19,2023-12-15,109.4204
FUND19,2023-12-18,109.2889
FUND19,2023-12-19,108.812
FUND19,2023-12-20,107.417
FUND19,2023-12-21,106.3353
FUND19,2023-12-22,108.6029
FUND19,2023-12-25,109.1034
FUND19,2023-12-26,108.2005
FUND19,2023-12-27,106.6622
FUND19,2023-12-28,107.1041
FUND19,2023-12-29,106.1103
FUND19,2024-01-01,105.176
FUND19,2024-01-02,105.1564
FUND19,2024-01-03,104.8693
FUND19,2024-01-04,103.7839
FUND19,2024-01-05,104.1093
FUND19,2024-01-08,103.3602
FUND19,2024-01-09,104.3638
FUND19,2024-01-10,104.3024
FUND19,2024-01-11,103.9432
FUND19,2024-01-12,104.7263
FUND19,2024-01-15,105.1564
FUND19,2024-01-16,105.7288
FUND19,2024-01-17,107.1175
FUND19,2024-01-18,107.9004
FUND19,2024-01-19,108.3524
FUND19,2024-01-22,108.7695
FUND19,2024-01-23,108.1611
FUND19,2024-01-24,108.4087
FUND19,2024-01-25,110.2691
FUND19,2024-01-26,111.228
FUND19,2024-01-29,110.652
FUND19,2024-01-30,109.2121
FUND19,2024-01-31,108.9968
FUND19,2024-02-01,107.7792
FUND19,2024-02-02,109.0331
FUND19,2024-02-05,110.2653
FUND19,2024-02-06,111.7343
FUND19,2024-02-07,111.2223
FUND19,2024-02-08,108.8122
FUND19,2024-02-09,107.3773
FUND19,2024-02-12,107.7452
FUND19,2024-02-13,109.0749
FUND19,2024-02-14,109.7921
FUND19,2024-02-15,109.9757
FUND19,2024-02-16,110.1714
FUND19,2024-02-19,110.6237
FUND19,2024-02-20,112.9884
FUND19,2024-02-21,113.5001
FUND19,2024-02-22,113.5258
FUND19,2024-02-23,114.3621
FUND19,2024-02-26,112.5619
FUND19,2024-02-27,112.6253
FUND19,2024-02-28,111.11
FUND19,2024-02-29,112.2953
FUND19,2024-03-01,112.0384
FUND19,2024-03-04,112.6616
FUND19,2024-03-05,111.201
FUND19,2024-03-06,114.0527
FUND19,2024-03-07,113.1292
FUND19,2024-03-08,113.6712
FUND19,2024-03-11,115.0974
FUND19,2024-03-12,114.3084
FUND19,2024-03-13,114.2978
FUND19,2024-03-14,114.1892
FUND19,2024-03-15,114.8701
FUND19,2024-03-18,111.8468
FUND19,2024-03-19,110.6601
FUND19,2024-03-20,111.4031
FUND19,2024-03-21,112.1289
FUND19,2024-03-22,112.1142
FUND19,2024-03-25,112.8305
FUND19,2024-03-26,112.2575
FUND19,2024-03-27,109.8411
FUND19,2024-03-28,108.0409
FUND19,2024-03-29,109.6558
FUND19,2024-04-01,108.635
FUND19,2024-04-02,106.8919
FUND19,2024-04-03,107.919
FUND19,2024-04-04,106.6903
FUND19,2024-04-05,105.3685
FUND19,2024-04-08,105.7488
FUND19,2024-04-09,104.718
FUND19,2024-04-10,106.0699
FUND19,2024-04-11,106.1271
FUND19,2024-04-12,106.779
FUND19,2024-04-15,105.5809
FUND19,2024-04-16,105.867
FUND19,2024-04-17,106.9137
FUND19,2024-04-18,105.9089
FUND19,2024-04-19,104.3505
FUND19,2024-04-22,102.9774
FUND19,2024-04-23,102.9672
FUND19,2024-04-24,105.7603
FUND19,2024-04-25,103.4369
FUND19,2024-04-26,102.2832
FUND19,2024-04-29,101.3141
FUND19,2024-04-30,98.8537
FUND19,2024-05-01,99.9394
FUND19,2024-05-02,100.3467
FUND19,2024-05-03,99.2271
FUND19,2024-05-06,98.995
FUND19,2024-05-07,97.6866
FUND19,2024-05-08,95.9732
FUND19,2024-05-09,95.5778
FUND19,2024-05-10,96.5143
FUND19,2024-05-13,96.8081
FUND19,2024-05-14,95.5944
FUND19,2024-05-15,96.4346
FUND19,2024-05-16,96.7774
FUND19,2024-05-17,95.6464
FUND19,2024-05-20,97.4171
FUND19,2024-05-21,95.7471
FUND19,2024-05-22,97.0116
FUND19,2024-05-23,96.2943
FUND19,2024-05-24,96.435
FUND19,2024-05-27,97.3795
FUND19,2024-05-28,96.43
FUND19,2024-05-29,95.8369
FUND19,2024-05-30,95.3935
FUND19,2024-05-31,96.8687
FUND19,2024-06-03,97.6442
FUND19,2024-06-04,97.8618
FUND19,2024-06-05,98.5711
FUND19,2024-06-06,98.1351
FUND19,2024-06-07,98.0392
FUND19,2024-06-10,99.3868
FUND19,2024-06-11,102.0173
FUND19,2024-06-12,102.7448
FUND19,2024-06-13,101.7022
FUND19,2024-06-14,102.0866
FUND19,2024-06-17,99.5636
FUND19,2024-06-18,100.7685
FUND19,2024-06-19,101.0866
FUND19,2024-06-20,100.2807
FUND19,2024-06-21,100.8575
FUND19,2024-06-24,99.6119
FUND19,2024-06-25,98.5274
FUND19,2024-06-26,99.1961
FUND19,2024-06-27,101.0778
FUND19,2024-06-28,100.5318
FUND19,2024-07-01,99.9637
FUND19,2024-07-02,99.2739
FUND19,2024-07-03,99.0208
FUND19,2024-07-04,98.8455
FUND19,2024-07-05,99.6264
FUND19,2024-07-08,99.6056
FUND19,2024-07-09,99.1621
FUND19,2024-07-10,98.4344
FUND19,2024-07-11,99.0556
FUND19,2024-07-12,99.6162
FUND19,2024-07-15,101.046
FUND19,2024-07-16,100.983
FUND19,2024-07-17,100.357
FUND19,2024-07-18,101.6053
FUND19,2024-07-19,102.1587
FUND19,2024-07-22,103.8117
FUND19,2024-07-23,105.2857
FUND19,2024-07-24,106.119
FUND19,2024-07-25,106.3779
FUND19,2024-07-26,106.3336
FUND19,2024-07-29,107.6966
FUND19,2024-07-30,109.1622
FUND19,2024-07-31,109.1073
FUND19,2024-08-01,110.8911
FUND19,2024-08-02,110.3325
FUND19,2024-08-05,109.2627
FUND19,2024-08-06,109.9701
FUND19,2024-08-07,109.5518
FUND19,2024-08-08,109.8674
FUND19,2024-08-09,110.3708
FUND19,2024-08-12,111.3534
FUND19,2024-08-13,110.9525
FUND19,2024-08-14,109.5079
FUND19,2024-08-15,109.1453
FUND19,2024-08-16,112.2797
FUND19,2024-08-19,113.7819
FUND19,2024-08-20,115.5264
FUND19,2024-08-21,113.7905
FUND19,2024-08-22,114.7502
FUND19,2024-08-23,114.8067
FUND19,2024-08-26,115.2448
FUND19,2024-08-27,113.0711
FUND19,2024-08-28,116.125
FUND19,2024-08-29,115.0328
FUND19,2024-08-30,116.1156
FUND19,2024-09-02,117.0646
FUND19,2024-09-03,118.6833
FUND19,2024-09-04,120.2541
FUND19,2024-09-05,120.5651
FUND19,2024-09-06,119.1505
FUND19,2024-09-09,120.5853
FUND19,2024-09-10,121.9868
FUND19,2024-09-11,121.9275
FUND19,2024-09-12,122.5155
FUND19,2024-09-13,122.8592
FUND19,2024-09-16,121.679
FUND19,2024-09-17,121.0598
FUND19,2024-09-18,121.6557
FUND19,2024-09-19,123.7119
FUND19,2024-09-20,123.0126
FUND19,2024-09-23,124.6427
FUND19,2024-09-24,123.6733
FUND19,2024-09-25,125.9831
FUND19,2024-09-26,125.5739
FUND19,2024-09-27,126.4327
FUND19,2024-09-30,126.4327
FUND19,2024-10-01,125.5523
FUND19,2024-10-02,126.9931
FUND19,2024-10-03,126.6948
FUND19,2024-10-04,125.8882
FUND19,2024-10-07,128.2476
FUND19,2024-10-08,128.157
FUND19,2024-10-09,127.4363
FUND19,2024-10-10,128.5016
FUND19,2024-10-11,126.7248
FUND19,2024-10-14,128.2628
FUND19,2024-10-15,129.6451
FUND19,2024-10-16,130.7189
FUND19,2024-10-17,131.136
FUND19,2024-10-18,130.259
FUND19,2024-10-21,131.0482
FUND19,2024-10-22,132.9941
FUND19,2024-10-23,133.3924
FUND19,2024-10-24,131.0348
FUND19,2024-10-25,135.2097
FUND19,2024-10-28,137.1594
FUND19,2024-10-29,137.5239
FUND19,2024-10-30,139.7503
FUND19,2024-10-31,141.3233
FUND19,2024-11-01,140.4272
FUND19,2024-11-04,140.6715
FUND19,2024-11-05,139.2035
FUND19,2024-11-06,138.6128
FUND19,2024-11-07,137.8671
FUND19,2024-11-08,139.5142
FUND19,2024-11-11,139.9971
FUND19,2024-11-12,141.4802
FUND19,2024-11-13,141.5599
FUND19,2024-11-14,145.2122
FUND19,2024-11-15,144.9717
FUND19,2024-11-18,144.0396
FUND19,2024-11-19,142.7699
FUND19,2024-11-20,144.9778
FUND19,2024-11-21,141.4432
FUND19,2024-11-22,141.9124
FUND19,2024-11-25,141.4575
FUND19,2024-11-26,142.6531
FUND19,2024-11-27,140.9464
FUND19,2024-11-28,140.2794
FUND19,2024-11-29,140.0366
FUND19,2024-12-02,141.2609
FUND19,2024-12-03,142.6688
FUND19,2024-12-04,145.2305
FUND19,2024-12-05,145.2151
FUND19,2024-12-06,144.0591
FUND19,2024-12-09,145.9678
FUND19,2024-12-10,148.9907
FUND19,2024-12-11,149.6674
FUND19,2024-12-12,149.1352
FUND19,2024-12-13,150.4737
FUND19,2024-12-16,151.1246
FUND19,2024-12-17,149.932
FUND19,2024-12-18,150.3289
FUND19,2024-12-19,149.9477
FUND19,2024-12-20,148.6807
FUND19,2024-12-23,152.7253
FUND19,2024-12-24,153.6188
FUND19,2024-12-25,154.6552
FUND19,2024-12-26,153.9945
FUND19,2024-12-27,154.7122
FUND19,2024-12-30,153.826
FUND19,2024-12-31,155.3434
FUND19,2025-01-01,157.2643
FUND19,2025-01-02,158.271
FUND19,2025-01-03,159.6492
FUND19,2025-01-06,160.384
FUND19,2025-01-07,160.3196
FUND19,2025-01-08,160.73
FUND19,2025-01-09,162.3413
FUND19,2025-01-10,162.2073
FUND19,2025-01-13,161.4066
FUND19,2025-01-14,157.9901
FUND19,2025-01-15,160.1798
FUND19,2025-01-16,159.2345
FUND19,2025-01-17,160.2728
FUND19,2025-01-20,158.9853
FUND19,2025-01-21,160.1651
FUND19,2025-01-22,160.991
FUND19,2025-01-23,159.1858
FUND19,2025-01-24,162.397
FUND19,2025-01-27,162.9547
FUND19,2025-01-28,164.1325
FUND19,2025-01-29,164.5919
FUND19,2025-01-30,163.4006
FUND19,2025-01-31,162.8832
FUND19,2025-02-03,166.3155
FUND19,2025-02-04,164.2051
FUND19,2025-02-05,163.5608
FUND19,2025-02-06,165.69
FUND19,2025-02-07,163.1765
FUND19,2025-02-10,160.9915
FUND19,2025-02-11,160.3424
FUND19,2025-02-12,159.8549
FUND19,2025-02-13,158.5364
FUND19,2025-02-14,157.2052
FUND19,2025-02-17,156.7879
FUND19,2025-02-18,159.1111
FUND19,2025-02-19,157.3811
FUND19,2025-02-20,161.1726
FUND19,2025-02-21,162.2271
FUND19,2025-02-24,159.9955
FUND19,2025-02-25,161.2823
FUND19,2025-02-26,161.2654
FUND19,2025-02-27,161.8913
FUND19,2025-02-28,165.8755
FUND19,2025-03-03,167.7862
FUND19,2025-03-04,167.0971
FUND19,2025-03-05,166.6924
FUND19,2025-03-06,164.7108
FUND19,2025-03-07,165.057
FUND19,2025-03-10,163.6566
FUND19,2025-03-11,165.4267
FUND19,2025-03-12,165.2629
FUND19,2025-03-13,167.7286
FUND19,2025-03-14,164.7523
FUND19,2025-03-17,163.6011
FUND19,2025-03-18,164.6016
FUND19,2025-03-19,165.1947
FUND19,2025-03-20,163.8489
FUND19,2025-03-21,162.0295
FUND19,2025-03-24,163.7601
FUND19,2025-03-25,161.9297
FUND19,2025-03-26,163.2213
FUND19,2025-03-27,163.4067
FUND19,2025-03-28,163.1758
FUND19,2025-03-31,162.1762
FUND19,2025-04-01,165.6517
FUND19,2025-04-02,164.7437
FUND19,2025-04-03,159.3466
FUND19,2025-04-04,159.0769
FUND19,2025-04-07,161.2489
FUND19,2025-04-08,161.3724
FUND19,2025-04-09,160.965
FUND19,2025-04-10,164.1232
FUND19,2025-04-11,164.3666
FUND19,2025-04-14,163.2741
FUND19,2025-04-15,162.7283
FUND19,2025-04-16,162.5971
FUND19,2025-04-17,163.2906
FUND19,2025-04-18,165.9183
FUND19,2025-04-21,166.7598
FUND19,2025-04-22,168.9084
FUND19,2025-04-23,167.9103
FUND19,2025-04-24,169.5196
FUND19,2025-04-25,166.1356
FUND19,2025-04-28,164.0275
FUND19,2025-04-29,163.7614
FUND19,2025-04-30,165.1351
FUND19,2025-05-01,165.7662
FUND19,2025-05-02,165.0829
FUND19,2025-05-05,162.8417
FUND19,2025-05-06,164.1344
FUND19,2025-05-07,159.222
FUND19,2025-05-08,159.3437
FUND19,2025-05-09,158.4518
FUND19,2025-05-12,159.1357
FUND19,2025-05-13,159.1702
FUND19,2025-05-14,160.1354
FUND19,2025-05-15,161.1941
FUND19,2025-05-16,163.5629
FUND19,2025-05-19,165.5651
FUND19,2025-05-20,167.4709
FUND19,2025-05-21,167.8791
FUND19,2025-05-22,168.3231
FUND19,2025-05-23,171.4273
FUND19,2025-05-26,171.4464
FUND19,2025-05-27,171.1664
FUND19,2025-05-28,168.3929
FUND19,2025-05-29,169.3161
FUND19,2025-05-30,170.3364
FUND19,2025-06-02,172.7537
FUND19,2025-06-03,172.1847
FUND19,2025-06-04,170.5051
FUND19,2025-06-05,168.1365
FUND19,2025-06-06,168.3385
FUND19,2025-06-09,168.1236
FUND19,2025-06-10,169.1584
FUND19,2025-06-11,169.9979
FUND19,2025-06-12,171.8955
FUND19,2025-06-13,174.3341
FUND19,2025-06-16,175.2447
FUND19,2025-06-17,171.5257
FUND19,2025-06-18,170.7014
FUND19,2025-06-19,172.4718
FUND19,2025-06-20,170.9901
FUND19,2025-06-23,168.6596
FUND19,2025-06-24,167.5511
FUND19,2025-06-25,168.0342
FUND19,2025-06-26,167.2596
FUND19,2025-06-27,166.3771
FUND19,2025-06-30,164.2063
FUND19,2025-07-01,167.1576
FUND19,2025-07-02,168.9079
FUND19,2025-07-03,166.8396
FUND19,2025-07-04,162.4382
FUND19,2025-07-07,162.7659
FUND19,2025-07-08,161.5621
FUND19,2025-07-09,162.1312
FUND19,2025-07-10,161.2294
FUND19,2025-07-11,161.7042
FUND19,2025-07-14,162.4144
FUND19,2025-07-15,159.1597
FUND19,2025-07-16,159.1887
FUND19,2025-07-17,157.1129
FUND19,2025-07-18,157.4019
FUND19,2025-07-21,158.2526
FUND19,2025-07-22,157.9755
FUND19,2025-07-23,159.402
FUND19,2025-07-24,160.777
FUND19,2025-07-25,163.5351
FUND19,2025-07-28,160.5903
FUND19,2025-07-29,161.1419
FUND19,2025-07-30,162.9772
FUND19,2025-07-31,163.8143
FUND19,2025-08-01,163.4473
FUND19,2025-08-04,164.7065
FUND19,2025-08-05,165.854
FUND19,2025-08-06,169.3672
FUND19,2025-08-07,171.9683
FUND19,2025-08-08,167.9193
FUND19,2025-08-11,167.7142
FUND19,2025-08-12,169.8561
FUND19,2025-08-13,168.9885
FUND19,2025-08-14,169.4189
FUND19,2025-08-15,169.9912
FUND19,2025-08-18,167.414
FUND19,2025-08-19,163.4381
FUND19,2025-08-20,166.9778
FUND19,2025-08-21,164.5458
FUND19,2025-08-22,163.7731
FUND19,2025-08-25,164.6967
FUND19,2025-08-26,165.8743
FUND19,2025-08-27,164.9678
FUND19,2025-08-28,166.0272
FUND19,2025-08-29,169.0269
FUND19,2025-09-01,171.2272
FUND19,2025-09-02,169.6734
FUND19,2025-09-03,169.5625
FUND19,2025-09-04,169.0658
FUND19,2025-09-05,169.5005
FUND19,2025-09-08,170.4079
FUND19,2025-09-09,170.2264
FUND19,2025-09-10,171.4256
FUND19,2025-09-11,170.6301
FUND19,2025-09-12,170.8538
FUND19,2025-09-15,175.6164
FUND19,2025-09-16,179.1155
FUND19,2025-09-17,177.5579
FUND19,2025-09-18,173.6661
FUND19,2025-09-19,171.772
FUND19,2025-09-22,174.161
FUND19,2025-09-23,172.9517
FUND19,2025-09-24,173.1617
FUND19,2025-09-25,173.1956
FUND19,2025-09-26,174.8856
FUND19,2025-09-29,174.5031
FUND19,2025-09-30,173.6595
FUND19,2025-10-01,171.4686
FUND19,2025-10-02,171.4315
FUND19,2025-10-03,171.4447
FUND19,2025-10-06,171.8136
FUND19,2025-10-07,172.7151
FUND19,2025-10-08,171.6553
FUND19,2025-10-09,174.711
FUND19,2025-10-10,174.742
FUND19,2025-10-13,178.2599
FUND19,2025-10-14,175.9598
FUND19,2025-10-15,174.6166
FUND19,2025-10-16,172.3227
FUND19,2025-10-17,168.1696
FUND19,2025-10-20,166.6351
FUND19,2025-10-21,166.005
FUND19,2025-10-22,164.2024
FUND19,2025-10-23,165.9813
FUND19,2025-10-24,167.2789
FUND19,2025-10-27,166.2991
FUND19,2025-10-28,167.4263
FUND19,2025-10-29,166.1364
FUND19,2025-10-30,166.3159
FUND19,2025-10-31,164.1248
FUND19,2025-11-03,162.2693
FUND19,2025-11-04,162.403
FUND19,2025-11-05,159.9385
FUND19,2025-11-06,158.9646
FUND19,2025-11-07,161.9707
FUND19,2025-11-10,164.3041
FUND19,2025-11-11,164.7808
FUND19,2025-11-12,168.4345
FUND19,2025-11-13,169.0205
FUND19,2025-11-14,170.9097
FUND19,2025-11-17,171.6921
FUND19,2025-11-18,171.729
FUND19,2025-11-19,169.6241
FUND19,2025-11-20,165.0724
FUND19,2025-11-21,164.2141
FUND19,2025-11-24,164.6177
FUND20,2023-01-02,18.832
FUND20,2023-01-03,18.786
FUND20,2023-01-04,18.9636
FUND20,2023-01-05,18.9669
FUND20,2023-01-06,19.1689
FUND20,2023-01-09,19.0226
FUND20,2023-01-10,19.2555
FUND20,2023-01-11,19.4167
FUND20,2023-01-12,19.3891
FUND20,2023-01-13,19.3678
FUND20,2023-01-16,19.3802
FUND20,2023-01-17,19.5535
FUND20,2023-01-18,19.56
FUND20,2023-01-19,19.2895
FUND20,2023-01-20,19.3096
FUND20,2023-01-23,19.4568
FUND20,2023-01-24,19.4574
FUND20,2023-01-25,19.5413
FUND20,2023-01-26,19.563
FUND20,2023-01-27,19.3821
FUND20,2023-01-30,19.5182
FUND20,2023-01-31,19.4689
FUND20,2023-02-01,19.6944
FUND20,2023-02-02,19.6969
FUND20,2023-02-03,19.752
FUND20,2023-02-06,19.7288
FUND20,2023-02-07,19.6543
FUND20,2023-02-08,19.6652
FUND20,2023-02-09,19.6766
FUND20,2023-02-10,19.6888
FUND20,2023-02-13,19.6084
FUND20,2023-02-14,19.3559
FUND20,2023-02-15,19.3718
FUND20,2023-02-16,19.2329
FUND20,2023-02-17,19.3447
FUND20,2023-02-20,19.5245
FUND20,2023-02-21,19.6922
FUND20,2023-02-22,19.6861
FUND20,2023-02-23,19.6598
FUND20,2023-02-24,19.6042
FUND20,2023-02-27,19.6556
FUND20,2023-02-28,19.5893
FUND20,2023-03-01,19.6747
FUND20,2023-03-02,19.7089
FUND20,2023-03-03,19.7593
FUND20,2023-03-06,19.7011
FUND20,2023-03-07,19.702
FUND20,2023-03-08,19.7562
FUND20,2023-03-09,19.6092
FUND20,2023-03-10,19.6743
FUND20,2023-03-13,19.8776
FUND20,2023-03-14,19.9293
FUND20,2023-03-15,19.9234
FUND20,2023-03-16,19.8211
FUND20,2023-03-17,19.8426
FUND20,2023-03-20,19.6497
FUND20,2023-03-21,19.7277
FUND20,2023-03-22,19.6297
FUND20,2023-03-23,19.5558
FUND20,2023-03-24,19.3583
FUND20,2023-03-27,19.4337
FUND20,2023-03-28,19.5442
FUND20,2023-03-29,19.5722
FUND20,2023-03-30,19.6134
FUND20,2023-03-31,19.7313
FUND20,2023-04-03,19.9519
FUND20,2023-04-04,19.9198
FUND20,2023-04-05,19.9575
FUND20,2023-04-06,19.9968
FUND20,2023-04-07,20.05
FUND20,2023-04-10,19.95
FUND20,2023-04-11,20.0296
FUND20,2023-04-12,20.0197
FUND20,2023-04-13,19.9624
FUND20,2023-04-14,19.9317
FUND20,2023-04-17,19.7562
FUND20,2023-04-18,19.8804
FUND20,2023-04-19,19.7933
FUND20,2023-04-20,19.9384
FUND20,2023-04-21,19.856
FUND20,2023-04-24,20.0261
FUND20,2023-04-25,20.0006
FUND20,2023-04-26,19.9487
FUND20,2023-04-27,20.0796
FUND20,2023-04-28,20.1715
FUND20,2023-05-01,20.0383
FUND20,2023-05-02,20.0058
FUND20,2023-05-03,19.9465
FUND20,2023-05-04,19.8881
FUND20,2023-05-05,19.9248
FUND20,2023-05-08,20.0066
FUND20,2023-05-09,19.9058
FUND20,2023-05-10,19.8519
FUND20,2023-05-11,20.0173
FUND20,2023-05-12,20.2271
FUND20,2023-05-15,20.141
FUND20,2023-05-16,20.1961
FUND20,2023-05-17,20.1389
FUND20,2023-05-18,20.0921
FUND20,2023-05-19,20.3089
FUND20,2023-05-22,20.2691
FUND20,2023-05-23,20.2943
FUND20,2023-05-24,20.1137
FUND20,2023-05-25,20.0191
FUND20,2023-05-26,20.0608
FUND20,2023-05-29,20.1032
FUND20,2023-05-30,20.104
FUND20,2023-05-31,19.9652
FUND20,2023-06-01,20.0763
FUND20,2023-06-02,19.966
FUND20,2023-06-05,19.8391
FUND20,2023-06-06,19.9606
FUND20,2023-06-07,19.9209
FUND20,2023-06-08,19.7149
FUND20,2023-06-09,19.7999
FUND20,2023-06-12,19.8378
FUND20,2023-06-13,20.0059
FUND20,2023-06-14,19.8642
FUND20,2023-06-15,19.8796
FUND20,2023-06-16,19.932
FUND20,2023-06-19,20.0415
FUND20,2023-06-20,19.9348
FUND20,2023-06-21,20.0839
FUND20,2023-06-22,20.1661
FUND20,2023-06-23,20.31
FUND20,2023-06-26,20.3996
FUND20,2023-06-27,20.494
FUND20,2023-06-28,20.5618
FUND20,2023-06-29,20.3495
FUND20,2023-06-30,20.2919
FUND20,2023-07-03,20.4444
FUND20,2023-07-04,20.4976
FUND20,2023-07-05,20.5473
FUND20,2023-07-06,20.5018
FUND20,2023-07-07,20.5638
FUND20,2023-07-10,20.3879
FUND20,2023-07-11,20.4612
FUND20,2023-07-12,20.5124
FUND20,2023-07-13,20.4026
FUND20,2023-07-14,20.4624
FUND20,2023-07-17,20.4416
FUND20,2023-07-18,20.4168
FUND20,2023-07-19,20.439
FUND20,2023-07-20,20.3133
FUND20,2023-07-21,20.1629
FUND20,2023-07-24,19.8232
FUND20,2023-07-25,19.8197
FUND20,2023-07-26,19.8596
FUND20,2023-07-27,19.9012
FUND20,2023-07-28,19.9164
FUND20,2023-07-31,19.9156
FUND20,2023-08-01,19.9054
FUND20,2023-08-02,19.9296
FUND20,2023-08-03,19.9144
FUND20,2023-08-04,19.8369
FUND20,2023-08-07,20.034
FUND20,2023-08-08,20.1053
FUND20,2023-08-09,19.9654
FUND20,2023-08-10,20.0476
FUND20,2023-08-11,20.1005
FUND20,2023-08-14,20.1674
FUND20,2023-08-15,20.1642
FUND20,2023-08-16,20.2098
FUND20,2023-08-17,20.0721
FUND20,2023-08-18,19.9353
FUND20,2023-08-21,20.1039
FUND20,2023-08-22,20.1155
FUND20,2023-08-23,19.9604
FUND20,2023-08-24,19.9032
FUND20,2023-08-25,19.5583
FUND20,2023-08-28,19.5022
FUND20,2023-08-29,19.68
FUND20,2023-08-30,19.7325
FUND20,2023-08-31,19.6076
FUND20,2023-09-01,19.5957
FUND20,2023-09-04,19.7054
FUND20,2023-09-05,19.8004
FUND20,2023-09-06,19.9419
FUND20,2023-09-07,20.0638
FUND20,2023-09-08,20.2235
FUND20,2023-09-11,20.1378
FUND20,2023-09-12,20.1257
FUND20,2023-09-13,19.9298
FUND20,2023-09-14,19.9138
FUND20,2023-09-15,20.0602
FUND20,2023-09-18,20.2596
FUND20,2023-09-19,20.2309
FUND20,2023-09-20,20.4121
FUND20,2023-09-21,20.5436
FUND20,2023-09-22,20.5896
FUND20,2023-09-25,20.7337
FUND20,2023-09-26,20.7815
FUND20,2023-09-27,20.9652
FUND20,2023-09-28,21.0076
FUND20,2023-09-29,21.1217
FUND20,2023-10-02,21.1373
FUND20,2023-10-03,21.1545
FUND20,2023-10-04,21.2878
FUND20,2023-10-05,21.2345
FUND20,2023-10-06,21.3521
FUND20,2023-10-09,21.2058
FUND20,2023-10-10,21.2038
FUND20,2023-10-11,21.079
FUND20,2023-10-12,21.1863
FUND20,2023-10-13,21.2068
FUND20,2023-10-16,21.2944
FUND20,2023-10-17,21.2969
FUND20,2023-10-18,21.4042
FUND20,2023-10-19,21.3341
FUND20,2023-10-20,21.5217
FUND20,2023-10-23,21.3722
FUND20,2023-10-24,21.5677
FUND20,2023-10-25,21.6099
FUND20,2023-10-26,21.4986
FUND20,2023-10-27,21.7144
FUND20,2023-10-30,21.7835
FUND20,2023-10-31,21.7666
FUND20,2023-11-01,21.7496
FUND20,2023-11-02,21.7998
FUND20,2023-11-03,21.9468
FUND20,2023-11-06,22.0676
FUND20,2023-11-07,21.9459
FUND20,2023-11-08,21.7858
FUND20,2023-11-09,21.6413
FUND20,2023-11-10,21.8403
FUND20,2023-11-13,21.8747
FUND20,2023-11-14,21.6811
FUND20,2023-11-15,21.4579
FUND20,2023-11-16,21.5469
FUND20,2023-11-17,21.5225
FUND20,2023-11-20,21.6324
FUND20,2023-11-21,21.688
FUND20,2023-11-22,21.7673
FUND20,2023-11-23,21.8014
FUND20,2023-11-24,21.6183
FUND20,2023-11-27,21.791
FUND20,2023-11-28,21.9263
FUND20,2023-11-29,22.0614
FUND20,2023-11-30,22.0626
FUND20,2023-12-01,22.0746
FUND20,2023-12-04,22.0152
FUND20,2023-12-05,21.9554
FUND20,2023-12-06,22.0223
FUND20,2023-12-07,21.9706
FUND20,2023-12-08,22.1352
FUND20,2023-12-11,22.0989
FUND20,2023-12-12,22.2616
FUND20,2023-12-13,22.207
FUND20,2023-12-14,22.0546
FUND20,2023-12-15,22.2286
FUND20,2023-12-18,22.1942
FUND20,2023-12-19,22.2
FUND20,2023-12-20,22.2057
FUND20,2023-12-21,22.2989
FUND20,2023-12-22,22.5073
FUND20,2023-12-25,22.6074
FUND20,2023-12-26,22.5372
FUND20,2023-12-27,22.4733
FUND20,2023-12-28,22.5737
FUND20,2023-12-29,22.747
FUND20,2024-01-01,22.6524
FUND20,2024-01-02,22.4702
FUND20,2024-01-03,22.4172
FUND20,2024-01-04,22.4762
FUND20,2024-01-05,22.4975
FUND20,2024-01-08,22.6562
FUND20,2024-01-09,22.6437
FUND20,2024-01-10,22.5281
FUND20,2024-01-11,22.5166
FUND20,2024-01-12,22.364
FUND20,2024-01-15,22.4053
FUND20,2024-01-16,22.5353
FUND20,2024-01-17,22.5602
FUND20,2024-01-18,22.5186
FUND20,2024-01-19,22.7132
FUND20,2024-01-22,22.5431
FUND20,2024-01-23,22.4563
FUND20,2024-01-24,22.8491
FUND20,2024-01-25,22.763
FUND20,2024-01-26,22.8613
FUND20,2024-01-29,22.8768
FUND20,2024-01-30,22.6553
FUND20,2024-01-31,22.6975
FUND20,2024-02-01,22.6818
FUND20,2024-02-02,22.6143
FUND20,2024-02-05,22.6863
FUND20,2024-02-06,22.6441
FUND20,2024-02-07,22.5458
FUND20,2024-02-08,22.5135
FUND20,2024-02-09,22.423
FUND20,2024-02-12,22.7309
FUND20,2024-02-13,22.6679
FUND20,2024-02-14,22.7407
FUND20,2024-02-15,22.7641
FUND20,2024-02-16,22.6759
FUND20,2024-02-19,22.7906
FUND20,2024-02-20,22.784
FUND20,2024-02-21,22.9128
FUND20,2024-02-22,22.6983
FUND20,2024-02-23,22.596
FUND20,2024-02-26,22.3007
FUND20,2024-02-27,22.3053
FUND20,2024-02-28,22.3506
FUND20,2024-02-29,22.1451
FUND20,2024-03-01,22.0423
FUND20,2024-03-04,22.1837
FUND20,2024-03-05,22.1128
FUND20,2024-03-06,22.1268
FUND20,2024-03-07,22.2625
FUND20,2024-03-08,22.2635
FUND20,2024-03-11,22.4288
FUND20,2024-03-12,22.417
FUND20,2024-03-13,22.4558
FUND20,2024-03-14,22.4278
FUND20,2024-03-15,22.4281
FUND20,2024-03-18,22.4075
FUND20,2024-03-19,22.4039
FUND20,2024-03-20,22.3749
FUND20,2024-03-21,22.4508
FUND20,2024-03-22,22.3843
FUND20,2024-03-25,22.4804
FUND20,2024-03-26,22.4478
FUND20,2024-03-27,22.4747
FUND20,2024-03-28,22.3608
FUND20,2024-03-29,22.4256
FUND20,2024-04-01,22.3468
FUND20,2024-04-02,22.2757
FUND20,2024-04-03,22.4875
FUND20,2024-04-04,22.425
FUND20,2024-04-05,22.4997
FUND20,2024-04-08,22.5548
FUND20,2024-04-09,22.6195
FUND20,2024-04-10,22.7901
FUND20,2024-04-11,22.911
FUND20,2024-04-12,22.7043
FUND20,2024-04-15,22.6827
FUND20,2024-04-16,22.7382
FUND20,2024-04-17,22.5829
FUND20,2024-04-18,22.5253
FUND20,2024-04-19,22.483
FUND20,2024-04-22,22.3355
FUND20,2024-04-23,22.243
FUND20,2024-04-24,22.2883
FUND20,2024-04-25,22.3935
FUND20,2024-04-26,22.3077
FUND20,2024-04-29,22.3903
FUND20,2024-04-30,22.4483
FUND20,2024-05-01,22.7448
FUND20,2024-05-02,22.8967
FUND20,2024-05-03,22.7335
FUND20,2024-05-06,23.0489
FUND20,2024-05-07,22.978
FUND20,2024-05-08,22.8654
FUND20,2024-05-09,22.7729
FUND20,2024-05-10,22.7944
FUND20,2024-05-13,22.6849
FUND20,2024-05-14,22.5807
FUND20,2024-05-15,22.6944
FUND20,2024-05-16,22.5668
FUND20,2024-05-17,22.581
FUND20,2024-05-20,22.3339
FUND20,2024-05-21,22.2597
FUND20,2024-05-22,22.2899
FUND20,2024-05-23,22.2919
FUND20,2024-05-24,22.4075
FUND20,2024-05-27,22.656
FUND20,2024-05-28,22.7048
FUND20,2024-05-29,22.7191
FUND20,2024-05-30,22.9237
FUND20,2024-05-31,23.0907
FUND20,2024-06-03,23.1624
FUND20,2024-06-04,23.2257
FUND20,2024-06-05,22.9755
FUND20,2024-06-06,22.8068
FUND20,2024-06-07,22.8266
FUND20,2024-06-10,22.9779
FUND20,2024-06-11,22.7765
FUND20,2024-06-12,22.8292
FUND20,2024-06-13,22.8342
FUND20,2024-06-14,22.9633
FUND20,2024-06-17,23.0489
FUND20,2024-06-18,23.0546
FUND20,2024-06-19,23.0466
FUND20,2024-06-20,22.9169
FUND20,2024-06-21,23.1279
FUND20,2024-06-24,23.1469
FUND20,2024-06-25,23.1928
FUND20,2024-06-26,23.3409
FUND20,2024-06-27,23.3763
FUND20,2024-06-28,23.3173
FUND20,2024-07-01,23.4481
FUND20,2024-07-02,23.5078
FUND20,2024-07-03,23.5899
FUND20,2024-07-04,23.6374
FUND20,2024-07-05,23.4068
FUND20,2024-07-08,23.382
FUND20,2024-07-09,23.3564
FUND20,2024-07-10,23.5454
FUND20,2024-07-11,23.5828
FUND20,2024-07-12,23.7422
FUND20,2024-07-15,23.4825
FUND20,2024-07-16,23.5369
FUND20,2024-07-17,23.3445
FUND20,2024-07-18,23.2352
FUND20,2024-07-19,23.1776
FUND20,2024-07-22,23.2407
FUND20,2024-07-23,23.1984
FUND20,2024-07-24,22.8791
FUND20,2024-07-25,22.7634
FUND20,2024-07-26,22.6753
FUND20,2024-07-29,22.8267
FUND20,2024-07-30,22.9101
FUND20,2024-07-31,22.8505
FUND20,2024-08-01,22.991
FUND20,2024-08-02,23.2813
FUND20,2024-08-05,23.4789
FUND20,2024-08-06,23.3987
FUND20,2024-08-07,23.1471
FUND20,2024-08-08,23.1154
FUND20,2024-08-09,23.2959
FUND20,2024-08-12,23.1131
FUND20,2024-08-13,23.2578
FUND20,2024-08-14,23.3696
FUND20,2024-08-15,23.2073
FUND20,2024-08-16,23.2452
FUND20,2024-08-19,23.1329
FUND20,2024-08-20,23.0058
FUND20,2024-08-21,23.0277
FUND20,2024-08-22,22.8131
FUND20,2024-08-23,22.9259
FUND20,2024-08-26,23.1483
FUND20,2024-08-27,23.2263
FUND20,2024-08-28,23.2972
FUND20,2024-08-29,23.3627
FUND20,2024-08-30,23.3831
FUND20,2024-09-02,23.3716
FUND20,2024-09-03,23.4776
FUND20,2024-09-04,23.5177
FUND20,2024-09-05,23.7078
FUND20,2024-09-06,23.7126
FUND20,2024-09-09,23.7701
FUND20,2024-09-10,23.9247
FUND20,2024-09-11,23.9877
FUND20,2024-09-12,23.9614
FUND20,2024-09-13,24.001
FUND20,2024-09-16,23.9916
FUND20,2024-09-17,24.0995
FUND20,2024-09-18,24.2497
FUND20,2024-09-19,24.1602
FUND20,2024-09-20,24.3977
FUND20,2024-09-23,24.489
FUND20,2024-09-24,24.56
FUND20,2024-09-25,24.6391
FUND20,2024-09-26,24.9719
FUND20,2024-09-27,24.8139
FUND20,2024-09-30,25.0512
FUND20,2024-10-01,24.9699
FUND20,2024-10-02,24.9808
FUND20,2024-10-03,24.8382
FUND20,2024-10-04,24.7776
FUND20,2024-10-07,24.8857
FUND20,2024-10-08,24.7706
FUND20,2024-10-09,24.4829
FUND20,2024-10-10,24.3771
FUND20,2024-10-11,24.0817
FUND20,2024-10-14,23.8044
FUND20,2024-10-15,23.8792
FUND20,2024-10-16,23.789
FUND20,2024-10-17,23.8751
FUND20,2024-10-18,23.8741
FUND20,2024-10-21,23.8277
FUND20,2024-10-22,24.0188
FUND20,2024-10-23,24.1508
FUND20,2024-10-24,23.7527
FUND20,2024-10-25,23.7935
FUND20,2024-10-28,23.6777
FUND20,2024-10-29,23.7161
FUND20,2024-10-30,24.0209
FUND20,2024-10-31,24.2423
FUND20,2024-11-01,24.1314
FUND20,2024-11-04,23.9982
FUND20,2024-11-05,23.987
FUND20,2024-11-06,24.0529
FUND20,2024-11-07,24.2751
FUND20,2024-11-08,24.2334
FUND20,2024-11-11,24.1988
FUND20,2024-11-12,24.329
FUND20,2024-11-13,24.4312
FUND20,2024-11-14,24.4369
FUND20,2024-11-15,24.4262
FUND20,2024-11-18,24.5205
FUND20,2024-11-19,24.3756
FUND20,2024-11-20,24.5887
FUND20,2024-11-21,24.5963
FUND20,2024-11-22,24.727
FUND20,2024-11-25,24.793
FUND20,2024-11-26,24.4913
FUND20,2024-11-27,24.3496
FUND20,2024-11-28,24.3294
FUND20,2024-11-29,24.1853
FUND20,2024-12-02,24.1923
FUND20,2024-12-03,24.4775
FUND20,2024-12-04,24.3274
FUND20,2024-12-05,24.4589
FUND20,2024-12-06,24.1528
FUND20,2024-12-09,24.0122
FUND20,2024-12-10,23.8467
FUND20,2024-12-11,23.9602
FUND20,2024-12-12,24.0818
FUND20,2024-12-13,23.8189
FUND20,2024-12-16,23.6823
FUND20,2024-12-17,23.4697
FUND20,2024-12-18,23.3321
FUND20,2024-12-19,23.1594
FUND20,2024-12-20,23.1693
FUND20,2024-12-23,22.971
FUND20,2024-12-24,23.0054
FUND20,2024-12-25,22.744
FUND20,2024-12-26,22.9024
FUND20,2024-12-27,23.0086
FUND20,2024-12-30,23.175
FUND20,2024-12-31,23.387
FUND20,2025-01-01,23.2228
FUND20,2025-01-02,23.1411
FUND20,2025-01-03,23.0836
FUND20,2025-01-06,23.0653
FUND20,2025-01-07,22.972
FUND20,2025-01-08,22.9401
FUND20,2025-01-09,22.9962
FUND20,2025-01-10,22.7192
FUND20,2025-01-13,22.51
FUND20,2025-01-14,22.4212
FUND20,2025-01-15,22.6478
FUND20,2025-01-16,22.3932
FUND20,2025-01-17,22.4587
FUND20,2025-01-20,22.4316
FUND20,2025-01-21,22.579
FUND20,2025-01-22,22.3809
FUND20,2025-01-23,22.4359
FUND20,2025-01-24,22.687
FUND20,2025-01-27,22.7262
FUND20,2025-01-28,22.5952
FUND20,2025-01-29,22.2853
FUND20,2025-01-30,22.1639
FUND20,2025-01-31,22.3572
FUND20,2025-02-03,22.4364
FUND20,2025-02-04,22.6253
FUND20,2025-02-05,22.6656
FUND20,2025-02-06,22.7923
FUND20,2025-02-07,22.9727
FUND20,2025-02-10,22.8464
FUND20,2025-02-11,22.9002
FUND20,2025-02-12,23.0717
FUND20,2025-02-13,22.9591
FUND20,2025-02-14,23.0194
FUND20,2025-02-17,23.122
FUND20,2025-02-18,22.7118
FUND20,2025-02-19,22.5562
FUND20,2025-02-20,22.5969
FUND20,2025-02-21,22.7994
FUND20,2025-02-24,22.7198
FUND20,2025-02-25,22.9174
FUND20,2025-02-26,23.1031
FUND20,2025-02-27,23.0058
FUND20,2025-02-28,23.1585
FUND20,2025-03-03,23.0711
FUND20,2025-03-04,22.9862
FUND20,2025-03-05,22.8501
FUND20,2025-03-06,23.1227
FUND20,2025-03-07,23.1667
FUND20,2025-03-10,23.1795
FUND20,2025-03-11,23.2056
FUND20,2025-03-12,23.1391
FUND20,2025-03-13,23.2746
FUND20,2025-03-14,23.0812
FUND20,2025-03-17,22.7535
FUND20,2025-03-18,22.9159
FUND20,2025-03-19,22.8262
FUND20,2025-03-20,22.8095
FUND20,2025-03-21,22.8384
FUND20,2025-03-24,22.9359
FUND20,2025-03-25,22.7188
FUND20,2025-03-26,22.5369
FUND20,2025-03-27,22.6821
FUND20,2025-03-28,22.6217
FUND20,2025-03-31,22.6149
FUND20,2025-04-01,22.5971
FUND20,2025-04-02,22.5598
FUND20,2025-04-03,22.403
FUND20,2025-04-04,22.3617
FUND20,2025-04-07,22.2677
FUND20,2025-04-08,22.442
FUND20,2025-04-09,22.5421
FUND20,2025-04-10,22.5122
FUND20,2025-04-11,22.2943
FUND20,2025-04-14,22.2147
FUND20,2025-04-15,22.4388
FUND20,2025-04-16,22.6038
FUND20,2025-04-17,22.7934
FUND20,2025-04-18,22.6475
FUND20,2025-04-21,22.7048
FUND20,2025-04-22,22.6065
FUND20,2025-04-23,22.4579
FUND20,2025-04-24,22.74
FUND20,2025-04-25,22.9507
FUND20,2025-04-28,23.1516
FUND20,2025-04-29,23.1912
FUND20,2025-04-30,23.0649
FUND20,2025-05-01,23.1918
FUND20,2025-05-02,23.3596
FUND20,2025-05-05,23.4154
FUND20,2025-05-06,23.1538
FUND20,2025-05-07,23.1273
FUND20,2025-05-08,23.4436
FUND20,2025-05-09,23.6252
FUND20,2025-05-12,23.4237
FUND20,2025-05-13,23.5623
FUND20,2025-05-14,23.7852
FUND20,2025-05-15,24.0175
FUND20,2025-05-16,24.0346
FUND20,2025-05-19,23.8513
FUND20,2025-05-20,23.8496
FUND20,2025-05-21,23.9867
FUND20,2025-05-22,23.922
FUND20,2025-05-23,24.0109
FUND20,2025-05-26,24.0259
FUND20,2025-05-27,24.1865
FUND20,2025-05-28,24.1836
FUND20,2025-05-29,24.2176
FUND20,2025-05-30,24.2919
FUND20,2025-06-02,24.3794
FUND20,2025-06-03,24.5883
FUND20,2025-06-04,24.7298
FUND20,2025-06-05,24.493
FUND20,2025-06-06,24.8669
FUND20,2025-06-09,24.9419
FUND20,2025-06-10,24.9215
FUND20,2025-06-11,24.9745
FUND20,2025-06-12,24.9535
FUND20,2025-06-13,24.9197
FUND20,2025-06-16,24.8951
FUND20,2025-06-17,24.8681
FUND20,2025-06-18,24.8805
FUND20,2025-06-19,24.8459
FUND20,2025-06-20,24.7825
FUND20,2025-06-23,24.8508
FUND20,2025-06-24,24.7979
FUND20,2025-06-25,24.7411
FUND20,2025-06-26,24.6145
FUND20,2025-06-27,24.5496
FUND20,2025-06-30,24.4946
FUND20,2025-07-01,24.555
FUND20,2025-07-02,24.5578
FUND20,2025-07-03,24.4683
FUND20,2025-07-04,24.4792
FUND20,2025-07-07,24.5224
FUND20,2025-07-08,24.3758
FUND20,2025-07-09,24.3966
FUND20,2025-07-10,24.3951
FUND20,2025-07-11,24.4985
FUND20,2025-07-14,24.478
FUND20,2025-07-15,24.3341
FUND20,2025-07-16,24.4471
FUND20,2025-07-17,24.5804
FUND20,2025-07-18,24.7433
FUND20,2025-07-21,24.5877
FUND20,2025-07-22,24.4897
FUND20,2025-07-23,24.4272
FUND20,2025-07-24,24.3812
FUND20,2025-07-25,24.3748
FUND20,2025-07-28,24.558
FUND20,2025-07-29,24.4001
FUND20,2025-07-30,24.572
FUND20,2025-07-31,24.2848
FUND20,2025-08-01,24.6749
FUND20,2025-08-04,24.4916
FUND20,2025-08-05,24.1877
FUND20,2025-08-06,24.0658
FUND20,2025-08-07,24.3156
FUND20,2025-08-08,24.437
FUND20,2025-08-11,24.8017
FUND20,2025-08-12,24.8689
FUND20,2025-08-13,24.8309
FUND20,2025-08-14,24.7412
FUND20,2025-08-15,24.8567
FUND20,2025-08-18,24.8542
FUND20,2025-08-19,24.8073
FUND20,2025-08-20,24.8424
FUND20,2025-08-21,25.096
FUND20,2025-08-22,25.3764
FUND20,2025-08-25,25.1674
FUND20,2025-08-26,25.4619
FUND20,2025-08-27,25.5806
FUND20,2025-08-28,25.9314
FUND20,2025-08-29,25.803
FUND20,2025-09-01,25.9232
FUND20,2025-09-02,26.0997
FUND20,2025-09-03,26.0378
FUND20,2025-09-04,26.2037
FUND20,2025-09-05,26.7354
FUND20,2025-09-08,26.9595
FUND20,2025-09-09,26.8406
FUND20,2025-09-10,26.9449
FUND20,2025-09-11,27.0094
FUND20,2025-09-12,26.9422
FUND20,2025-09-15,27.0396
FUND20,2025-09-16,26.7839
FUND20,2025-09-17,26.9462
FUND20,2025-09-18,27.1073
FUND20,2025-09-19,27.1064
FUND20,2025-09-22,26.9194
FUND20,2025-09-23,26.9788
FUND20,2025-09-24,27.1556
FUND20,2025-09-25,27.1495
FUND20,2025-09-26,27.2338
FUND20,2025-09-29,27.4211
FUND20,2025-09-30,27.6031
FUND20,2025-10-01,27.487
FUND20,2025-10-02,27.4257
FUND20,2025-10-03,27.6549
FUND20,2025-10-06,27.6575
FUND20,2025-10-07,27.5737
FUND20,2025-10-08,27.5451
FUND20,2025-10-09,27.5381
FUND20,2025-10-10,27.6488
FUND20,2025-10-13,27.5602
FUND20,2025-10-14,27.879
FUND20,2025-10-15,27.9815
FUND20,2025-10-16,27.8722
FUND20,2025-10-17,27.9492
FUND20,2025-10-20,28.1453
FUND20,2025-10-21,28.2256
FUND20,2025-10-22,28.1086
FUND20,2025-10-23,27.8304
FUND20,2025-10-24,27.6791
FUND20,2025-10-27,27.8224
FUND20,2025-10-28,28.1737
FUND20,2025-10-29,28.0274
FUND20,2025-10-30,28.0343
FUND20,2025-10-31,27.8505
FUND20,2025-11-03,27.4903
FUND20,2025-11-04,27.4769
FUND20,2025-11-05,27.7795
FUND20,2025-11-06,27.9448
FUND20,2025-11-07,27.7371
FUND20,2025-11-10,27.4874
FUND20,2025-11-11,27.6826
FUND20,2025-11-12,27.5611
FUND20,2025-11-13,27.6159
FUND20,2025-11-14,27.5643
FUND20,2025-11-17,27.6537
FUND20,2025-11-18,27.8645
FUND20,2025-11-19,27.9863
FUND20,2025-11-20,27.9873
FUND20,2025-11-21,27.7375
FUND20,2025-11-24,27.6765
FUND21,2023-01-02,63.5395
FUND21,2023-01-03,64.1047
FUND21,2023-01-04,64.7006
FUND21,2023-01-05,64.1646
FUND21,2023-01-06,65.0864
FUND21,2023-01-09,64.2374
FUND21,2023-01-10,64.6993
FUND21,2023-01-11,65.6097
FUND21,2023-01-12,65.5774
FUND21,2023-01-13,65.7563
FUND21,2023-01-16,65.935
FUND21,2023-01-17,67.0563
FUND21,2023-01-18,67.2307
FUND21,2023-01-19,67.2296
FUND21,2023-01-20,67.463
FUND21,2023-01-23,66.6228
FUND21,2023-01-24,66.522
FUND21,2023-01-25,65.8669
FUND21,2023-01-26,65.0075
FUND21,2023-01-27,63.1437
FUND21,2023-01-30,62.2395
FUND21,2023-01-31,62.5492
FUND21,2023-02-01,61.3753
FUND21,2023-02-02,62.2375
FUND21,2023-02-03,62.3257
FUND21,2023-02-06,62.9898
FUND21,2023-02-07,63.0887
FUND21,2023-02-08,62.7731
FUND21,2023-02-09,62.9631
FUND21,2023-02-10,62.4178
FUND21,2023-02-13,63.2275
FUND21,2023-02-14,63.2715
FUND21,2023-02-15,64.3491
FUND21,2023-02-16,65.0051
FUND21,2023-02-17,65.4258
FUND21,2023-02-20,66.2935
FUND21,2023-02-21,66.1447
FUND21,2023-02-22,66.5224
FUND21,2023-02-23,67.5567
FUND21,2023-02-24,67.5418
FUND21,2023-02-27,67.5142
FUND21,2023-02-28,67.4511
FUND21,2023-03-01,66.4573
FUND21,2023-03-02,68.2047
FUND21,2023-03-03,69.1976
FUND21,2023-03-06,68.8281
FUND21,2023-03-07,68.5395
FUND21,2023-03-08,68.7949
FUND21,2023-03-09,69.7251
FUND21,2023-03-10,70.208
FUND21,2023-03-13,70.4959
FUND21,2023-03-14,70.4272
FUND21,2023-03-15,69.8982
FUND21,2023-03-16,69.6678
FUND21,2023-03-17,69.0883
FUND21,2023-03-20,69.5801
FUND21,2023-03-21,69.4528
FUND21,2023-03-22,69.3792
FUND21,2023-03-23,68.4113
FUND21,2023-03-24,67.813
FUND21,2023-03-27,67.765
FUND21,2023-03-28,68.5127
FUND21,2023-03-29,68.1109
FUND21,2023-03-30,67.7913
FUND21,2023-03-31,67.7096
FUND21,2023-04-03,67.7095
FUND21,2023-04-04,68.5218
FUND21,2023-04-05,69.7684
FUND21,2023-04-06,70.4116
FUND21,2023-04-07,70.5965
FUND21,2023-04-10,71.5724
FUND21,2023-04-11,71.8156
FUND21,2023-04-12,71.7182
FUND21,2023-04-13,70.709
FUND21,2023-04-14,68.8954
FUND21,2023-04-17,68.4407
FUND21,2023-04-18,67.6217
FUND21,2023-04-19,67.0577
FUND21,2023-04-20,66.537
FUND21,2023-04-21,66.5461
FUND21,2023-04-24,67.522
FUND21,2023-04-25,68.574
FUND21,2023-04-26,68.025
FUND21,2023-04-27,69.0039
FUND21,2023-04-28,68.0718
FUND21,2023-05-01,68.0338
FUND21,2023-05-02,67.7355
FUND21,2023-05-03,67.3296
FUND21,2023-05-04,66.5585
FUND21,2023-05-05,66.8418
FUND21,2023-05-08,65.7021
FUND21,2023-05-09,66.0491
FUND21,2023-05-10,66.9517
FUND21,2023-05-11,66.4504
FUND21,2023-05-12,65.9033
FUND21,2023-05-15,66.1601
FUND21,2023-05-16,66.7995
FUND21,2023-05-17,68.1124
FUND21,2023-05-18,67.5962
FUND21,2023-05-19,68.0205
FUND21,2023-05-22,68.4429
FUND21,2023-05-23,69.5818
FUND21,2023-05-24,69.5295
FUND21,2023-05-25,69.4323
FUND21,2023-05-26,69.0528
FUND21,2023-05-29,68.7217
FUND21,2023-05-30,69.091
FUND21,2023-05-31,67.3837
FUND21,2023-06-01,68.2904
FUND21,2023-06-02,68.6983
FUND21,2023-06-05,69.5244
FUND21,2023-06-06,69.4254
FUND21,2023-06-07,68.7926
FUND21,2023-06-08,68.6924
FUND21,2023-06-09,69.2921
FUND21,2023-06-12,70.1104
FUND21,2023-06-13,70.863
FUND21,2023-06-14,70.4737
FUND21,2023-06-15,70.4305
FUND21,2023-06-16,70.0685
FUND21,2023-06-19,70.4148
FUND21,2023-06-20,69.918
FUND21,2023-06-21,69.2327
FUND21,2023-06-22,68.8944
FUND21,2023-06-23,68.9284
FUND21,2023-06-26,67.7474
FUND21,2023-06-27,66.7802
FUND21,2023-06-28,66.6126
FUND21,2023-06-29,67.6025
FUND21,2023-06-30,67.6417
FUND21,2023-07-03,67.183
FUND21,2023-07-04,66.1344
FUND21,2023-07-05,65.4779
FUND21,2023-07-06,66.2526
FUND21,2023-07-07,67.0113
FUND21,2023-07-10,66.384
FUND21,2023-07-11,67.1687
FUND21,2023-07-12,66.3724
FUND21,2023-07-13,65.5827
FUND21,2023-07-14,66.2893
FUND21,2023-07-17,65.9641
FUND21,2023-07-18,66.6317
FUND21,2023-07-19,67.6323
FUND21,2023-07-20,67.9083
FUND21,2023-07-21,68.6608
FUND21,2023-07-24,69.9756
FUND21,2023-07-25,70.5316
FUND21,2023-07-26,71.6108
FUND21,2023-07-27,71.9873
FUND21,2023-07-28,71.5704
FUND21,2023-07-31,71.9654
FUND21,2023-08-01,72.8004
FUND21,2023-08-02,72.1328
FUND21,2023-08-03,72.3466
FUND21,2023-08-04,73.2437
FUND21,2023-08-07,74.3383
FUND21,2023-08-08,74.013
FUND21,2023-08-09,73.7465
FUND21,2023-08-10,73.8233
FUND21,2023-08-11,75.6754
FUND21,2023-08-14,75.2122
FUND21,2023-08-15,74.1257
FUND21,2023-08-16,74.9105
FUND21,2023-08-17,73.8656
FUND21,2023-08-18,74.1568
FUND21,2023-08-21,73.7359
FUND21,2023-08-22,74.6359
FUND21,2023-08-23,74.3333
FUND21,2023-08-24,75.1602
FUND21,2023-08-25,74.6317
FUND21,2023-08-28,75.2759
FUND21,2023-08-29,75.7772
FUND21,2023-08-30,75.7392
FUND21,2023-08-31,76.9246
FUND21,2023-09-01,77.391
FUND21,2023-09-04,77.1812
FUND21,2023-09-05,77.3104
FUND21,2023-09-06,76.118
FUND21,2023-09-07,76.5907
FUND21,2023-09-08,76.4327
FUND21,2023-09-11,77.1853
FUND21,2023-09-12,76.9664
FUND21,2023-09-13,77.4692
FUND21,2023-09-14,77.4165
FUND21,2023-09-15,77.9728
FUND21,2023-09-18,77.8302
FUND21,2023-09-19,77.6276
FUND21,2023-09-20,76.9998
FUND21,2023-09-21,76.1281
FUND21,2023-09-22,75.4414
FUND21,2023-09-25,76.6776
FUND21,2023-09-26,77.6277
FUND21,2023-09-27,78.0092
FUND21,2023-09-28,77.913
FUND21,2023-09-29,77.7706
FUND21,2023-10-02,77.0883
FUND21,2023-10-03,78.223
FUND21,2023-10-04,78.4443
FUND21,2023-10-05,76.5395
FUND21,2023-10-06,76.3524
FUND21,2023-10-09,77.3187
FUND21,2023-10-10,77.0513
FUND21,2023-10-11,77.7643
FUND21,2023-10-12,77.8717
FUND21,2023-10-13,76.7418
FUND21,2023-10-16,76.8706
FUND21,2023-10-17,77.1584
FUND21,2023-10-18,76.7092
FUND21,2023-10-19,77.1194
FUND21,2023-10-20,78.1766
FUND21,2023-10-23,79.0709
FUND21,2023-10-24,79.9226
FUND21,2023-10-25,78.9206
FUND21,2023-10-26,78.8818
FUND21,2023-10-27,79.2683
FUND21,2023-10-30,79.1363
FUND21,2023-10-31,78.2745
FUND21,2023-11-01,78.4211
FUND21,2023-11-02,79.3717
FUND21,2023-11-03,79.6924
FUND21,2023-11-06,79.4387
FUND21,2023-11-07,78.4746
FUND21,2023-11-08,78.4894
FUND21,2023-11-09,78.7459
FUND21,2023-11-10,79.0721
FUND21,2023-11-13,78.6527
FUND21,2023-11-14,78.4471
FUND21,2023-11-15,79.1377
FUND21,2023-11-16,78.5055
FUND21,2023-11-17,78.7465
FUND21,2023-11-20,78.6117
FUND21,2023-11-21,78.9826
FUND21,2023-11-22,78.9243
FUND21,2023-11-23,78.2195
FUND21,2023-11-24,79.3473
FUND21,2023-11-27,78.4298
FUND21,2023-11-28,76.9737
FUND21,2023-11-29,77.2383
FUND21,2023-11-30,76.7165
FUND21,2023-12-01,76.6696
FUND21,2023-12-04,75.372
FUND21,2023-12-05,76.0682
FUND21,2023-12-06,77.9542
FUND21,2023-12-07,78.5547
FUND21,2023-12-08,78.4455
FUND21,2023-12-11,79.9954
FUND21,2023-12-12,79.663
FUND21,2023-12-13,78.6248
FUND21,2023-12-14,80.1551
FUND21,2023-12-15,81.4385
FUND21,2023-12-18,81.5383
FUND21,2023-12-19,81.3705
FUND21,2023-12-20,80.8679
FUND21,2023-12-21,81.6185
FUND21,2023-12-22,80.1806
FUND21,2023-12-25,78.9285
FUND21,2023-12-26,79.7293
FUND21,2023-12-27,80.51
FUND21,2023-12-28,80.2728
FUND21,2023-12-29,80.3624
FUND21,2024-01-01,80.3575
FUND21,2024-01-02,79.9756
FUND21,2024-01-03,79.3874
FUND21,2024-01-04,79.5156
FUND21,2024-01-05,80.6075
FUND21,2024-01-08,81.7802
FUND21,2024-01-09,80.2366
FUND21,2024-01-10,80.014
FUND21,2024-01-11,79.7798
FUND21,2024-01-12,80.2084
FUND21,2024-01-15,80.7186
FUND21,2024-01-16,81.308
FUND21,2024-01-17,81.8866
FUND21,2024-01-18,80.5421
FUND21,2024-01-19,80.333
FUND21,2024-01-22,80.4962
FUND21,2024-01-23,79.914
FUND21,2024-01-24,81.1818
FUND21,2024-01-25,79.7882
FUND21,2024-01-26,79.7726
FUND21,2024-01-29,78.996
FUND21,2024-01-30,79.3016
FUND21,2024-01-31,79.1985
FUND21,2024-02-01,79.6964
FUND21,2024-02-02,79.0161
FUND21,2024-02-05,79.09
FUND21,2024-02-06,78.4546
FUND21,2024-02-07,79.5938
FUND21,2024-02-08,79.1535
FUND21,2024-02-09,78.332
FUND21,2024-02-12,77.817
FUND21,2024-02-13,78.7331
FUND21,2024-02-14,80.1423
FUND21,2024-02-15,79.8684
FUND21,2024-02-16,79.393
FUND21,2024-02-19,80.5758
FUND21,2024-02-20,80.2373
FUND21,2024-02-21,79.9508
FUND21,2024-02-22,81.3785
FUND21,2024-02-23,82.9024
FUND21,2024-02-26,84.7797
FUND21,2024-02-27,83.6415
FUND21,2024-02-28,84.0225
FUND21,2024-02-29,83.2466
FUND21,2024-03-01,83.0677
FUND21,2024-03-04,83.5009
FUND21,2024-03-05,84.5673
FUND21,2024-03-06,83.2043
FUND21,2024-03-07,84.6878
FUND21,2024-03-08,85.1367
FUND21,2024-03-11,84.7537
FUND21,2024-03-12,85.2367
FUND21,2024-03-13,84.9092
FUND21,2024-03-14,84.461
FUND21,2024-03-15,84.9369
FUND21,2024-03-18,84.8651
FUND21,2024-03-19,86.1689
FUND21,2024-03-20,84.9723
FUND21,2024-03-21,85.7244
FUND21,2024-03-22,84.4114
FUND21,2024-03-25,84.6717
FUND21,2024-03-26,84.4802
FUND21,2024-03-27,85.2925
FUND21,2024-03-28,85.364
FUND21,2024-03-29,85.9714
FUND21,2024-04-01,86.1383
FUND21,2024-04-02,85.4486
FUND21,2024-04-03,84.6871
FUND21,2024-04-04,84.892
FUND21,2024-04-05,85.2911
FUND21,2024-04-08,84.7896
FUND21,2024-04-09,86.3943
FUND21,2024-04-10,85.6017
FUND21,2024-04-11,85.5159
FUND21,2024-04-12,83.1764
FUND21,2024-04-15,81.82
FUND21,2024-04-16,80.9029
FUND21,2024-04-17,81.001
FUND21,2024-04-18,82.4974
FUND21,2024-04-19,80.5108
FUND21,2024-04-22,80.7059
FUND21,2024-04-23,81.6141
FUND21,2024-04-24,81.085
FUND21,2024-04-25,80.4638
FUND21,2024-04-26,81.6013
FUND21,2024-04-29,81.2785
FUND21,2024-04-30,81.3749
FUND21,2024-05-01,81.4914
FUND21,2024-05-02,80.8802
FUND21,2024-05-03,81.6461
FUND21,2024-05-06,81.6537
FUND21,2024-05-07,81.2034
FUND21,2024-05-08,80.8684
FUND21,2024-05-09,81.3165
FUND21,2024-05-10,82.3174
FUND21,2024-05-13,82.1025
FUND21,2024-05-14,82.3174
FUND21,2024-05-15,81.8842
FUND21,2024-05-16,80.4772
FUND21,2024-05-17,80.121
FUND21,2024-05-20,80.1204
FUND21,2024-05-21,79.6438
FUND21,2024-05-22,80.1758
FUND21,2024-05-23,80.4235
FUND21,2024-05-24,81.423
FUND21,2024-05-27,82.6868
FUND21,2024-05-28,83.4332
FUND21,2024-05-29,83.5082
FUND21,2024-05-30,84.2295
FUND21,2024-05-31,84.723
FUND21,2024-06-03,85.1337
FUND21,2024-06-04,85.1967
FUND21,2024-06-05,85.263
FUND21,2024-06-06,85.9711
FUND21,2024-06-07,86.7461
FUND21,2024-06-10,87.9547
FUND21,2024-06-11,87.8112
FUND21,2024-06-12,87.9014
FUND21,2024-06-13,88.4514
FUND21,2024-06-14,89.3563
FUND21,2024-06-17,89.0245
FUND21,2024-06-18,89.0264
FUND21,2024-06-19,87.569
FUND21,2024-06-20,88.0339
FUND21,2024-06-21,88.8925
FUND21,2024-06-24,88.3413
FUND21,2024-06-25,87.7577
FUND21,2024-06-26,89.1141
FUND21,2024-06-27,88.3441
FUND21,2024-06-28,89.3294
FUND21,2024-07-01,88.5099
FUND21,2024-07-02,88.6434
FUND21,2024-07-03,90.0641
FUND21,2024-07-04,88.4807
FUND21,2024-07-05,87.9669
FUND21,2024-07-08,89.0977
FUND21,2024-07-09,87.61
FUND21,2024-07-10,87.5518
FUND21,2024-07-11,87.1332
FUND21,2024-07-12,86.3411
FUND21,2024-07-15,87.2706
FUND21,2024-07-16,86.6634
FUND21,2024-07-17,86.5978
FUND21,2024-07-18,85.7867
FUND21,2024-07-19,85.3149
FUND21,2024-07-22,85.1946
FUND21,2024-07-23,84.8379
FUND21,2024-07-24,85.0415
FUND21,2024-07-25,84.7845
FUND21,2024-07-26,84.8883
FUND21,2024-07-29,84.7167
FUND21,2024-07-30,84.2413
FUND21,2024-07-31,84.5997
FUND21,2024-08-01,83.3172
FUND21,2024-08-02,84.4452
FUND21,2024-08-05,83.9359
FUND21,2024-08-06,86.0334
FUND21,2024-08-07,85.6301
FUND21,2024-08-08,86.3534
FUND21,2024-08-09,86.0554
FUND21,2024-08-12,86.627
FUND21,2024-08-13,87.6744
FUND21,2024-08-14,86.6161
FUND21,2024-08-15,86.1739
FUND21,2024-08-16,86.1182
FUND21,2024-08-19,84.3898
FUND21,2024-08-20,85.749
FUND21,2024-08-21,85.4085
FUND21,2024-08-22,85.834
FUND21,2024-08-23,84.6845
FUND21,2024-08-26,83.6885
FUND21,2024-08-27,83.1226
FUND21,2024-08-28,83.2562
FUND21,2024-08-29,84.3471
FUND21,2024-08-30,84.4342
FUND21,2024-09-02,84.9851
FUND21,2024-09-03,84.2752
FUND21,2024-09-04,83.2433
FUND21,2024-09-05,83.3242
FUND21,2024-09-06,84.4591
FUND21,2024-09-09,84.9511
FUND21,2024-09-10,84.6435
FUND21,2024-09-11,84.0066
FUND21,2024-09-12,83.8025
FUND21,2024-09-13,83.0026
FUND21,2024-09-16,83.5197
FUND21,2024-09-17,82.7251
FUND21,2024-09-18,81.7033
FUND21,2024-09-19,82.1699
FUND21,2024-09-20,81.8246
FUND21,2024-09-23,82.109
FUND21,2024-09-24,81.5184
FUND21,2024-09-25,82.55
FUND21,2024-09-26,82.2101
FUND21,2024-09-27,82.2093
FUND21,2024-09-30,82.8788
FUND21,2024-10-01,83.4543
FUND21,2024-10-02,82.1623
FUND21,2024-10-03,81.1958
FUND21,2024-10-04,80.4001
FUND21,2024-10-07,80.8115
FUND21,2024-10-08,81.6491
FUND21,2024-10-09,82.4251
FUND21,2024-10-10,81.0117
FUND21,2024-10-11,80.5717
FUND21,2024-10-14,80.8077
FUND21,2024-10-15,80.9903
FUND21,2024-10-16,81.3061
FUND21,2024-10-17,81.9224
FUND21,2024-10-18,82.1751
FUND21,2024-10-21,82.9678
FUND21,2024-10-22,82.4686
FUND21,2024-10-23,81.5591
FUND21,2024-10-24,81.4402
FUND21,2024-10-25,82.2004
FUND21,2024-10-28,82.862
FUND21,2024-10-29,83.4878
FUND21,2024-10-30,83.0781
FUND21,2024-10-31,82.1908
FUND21,2024-11-01,81.7306
FUND21,2024-11-04,82.2972
FUND21,2024-11-05,82.0278
FUND21,2024-11-06,82.9568
FUND21,2024-11-07,84.2214
FUND21,2024-11-08,84.2718
FUND21,2024-11-11,83.9325
FUND21,2024-11-12,84.2023
FUND21,2024-11-13,83.4314
FUND21,2024-11-14,83.8937
FUND21,2024-11-15,82.3213
FUND21,2024-11-18,81.88
FUND21,2024-11-19,81.7729
FUND21,2024-11-20,82.2919
FUND21,2024-11-21,81.9032
FUND21,2024-11-22,80.893
FUND21,2024-11-25,80.5665
FUND21,2024-11-26,82.1623
FUND21,2024-11-27,81.5745
FUND21,2024-11-28,80.6564
FUND21,2024-11-29,80.5867
FUND21,2024-12-02,79.9516
FUND21,2024-12-03,79.6826
FUND21,2024-12-04,80.0442
FUND21,2024-12-05,81.3575
FUND21,2024-12-06,81.1809
FUND21,2024-12-09,80.4722
FUND21,2024-12-10,80.0028
FUND21,2024-12-11,79.9985
FUND21,2024-12-12,79.5203
FUND21,2024-12-13,78.9574
FUND21,2024-12-16,80.3935
FUND21,2024-12-17,81.0068
FUND21,2024-12-18,81.0596
FUND21,2024-12-19,78.2959
FUND21,2024-12-20,78.3978
FUND21,2024-12-23,77.9163
FUND21,2024-12-24,77.8409
FUND21,2024-12-25,78.5303
FUND21,2024-12-26,79.5691
FUND21,2024-12-27,79.0754
FUND21,2024-12-30,79.73
FUND21,2024-12-31,78.334
FUND21,2025-01-01,78.038
FUND21,2025-01-02,77.9107
FUND21,2025-01-03,79.3016
FUND21,2025-01-06,79.9521
FUND21,2025-01-07,80.2787
FUND21,2025-01-08,80.7906
FUND21,2025-01-09,80.5944
FUND21,2025-01-10,78.9315
FUND21,2025-01-13,79.0866
FUND21,2025-01-14,79.0023
FUND21,2025-01-15,79.6559
FUND21,2025-01-16,80.5385
FUND21,2025-01-17,80.8179
FUND21,2025-01-20,79.5765
FUND21,2025-01-21,78.9896
FUND21,2025-01-22,78.6519
FUND21,2025-01-23,79.3521
FUND21,2025-01-24,79.4946
FUND21,2025-01-27,78.3911
FUND21,2025-01-28,78.5891
FUND21,2025-01-29,78.5814
FUND21,2025-01-30,78.111
FUND21,2025-01-31,77.7587
FUND21,2025-02-03,77.4668
FUND21,2025-02-04,78.3084
FUND21,2025-02-05,78.3742
FUND21,2025-02-06,77.8865
FUND21,2025-02-07,78.0269
FUND21,2025-02-10,77.7811
FUND21,2025-02-11,77.6314
FUND21,2025-02-12,78.0969
FUND21,2025-02-13,78.0487
FUND21,2025-02-14,78.5146
FUND21,2025-02-17,78.6898
FUND21,2025-02-18,79.0406
FUND21,2025-02-19,79.5203
FUND21,2025-02-20,80.4535
FUND21,2025-02-21,81.3224
FUND21,2025-02-24,81.0882
FUND21,2025-02-25,80.2745
FUND21,2025-02-26,79.1646
FUND21,2025-02-27,79.448
FUND21,2025-02-28,80.5111
FUND21,2025-03-03,80.9149
FUND21,2025-03-04,80.9482
FUND21,2025-03-05,80.641
FUND21,2025-03-06,81.3038
FUND21,2025-03-07,81.8821
FUND21,2025-03-10,82.2792
FUND21,2025-03-11,82.699
FUND21,2025-03-12,83.6992
FUND21,2025-03-13,84.6635
FUND21,2025-03-14,83.4289
FUND21,2025-03-17,83.9127
FUND21,2025-03-18,82.9506
FUND21,2025-03-19,81.3892
FUND21,2025-03-20,81.5494
FUND21,2025-03-21,79.7055
FUND21,2025-03-24,80.104
FUND21,2025-03-25,81.2036
FUND21,2025-03-26,81.2175
FUND21,2025-03-27,81.0388
FUND21,2025-03-28,80.3073
FUND21,2025-03-31,79.9772
FUND21,2025-04-01,79.5026
FUND21,2025-04-02,80.3835
FUND21,2025-04-03,79.9529
FUND21,2025-04-04,79.2505
FUND21,2025-04-07,80.3254
FUND21,2025-04-08,79.3438
FUND21,2025-04-09,79.4469
FUND21,2025-04-10,79.1223
FUND21,2025-04-11,79.2214
FUND21,2025-04-14,78.6214
FUND21,2025-04-15,79.1808
FUND21,2025-04-16,79.6037
FUND21,2025-04-17,79.9435
FUND21,2025-04-18,78.8128
FUND21,2025-04-21,78.5482
FUND21,2025-04-22,78.2831
FUND21,2025-04-23,78.2699
FUND21,2025-04-24,78.399
FUND21,2025-04-25,77.3096
FUND21,2025-04-28,75.4673
FUND21,2025-04-29,75.8702
FUND21,2025-04-30,76.4138
FUND21,2025-05-01,77.4613
FUND21,2025-05-02,78.5733
FUND21,2025-05-05,77.5912
FUND21,2025-05-06,76.978
FUND21,2025-05-07,75.6701
FUND21,2025-05-08,77.1799
FUND21,2025-05-09,76.9582
FUND21,2025-05-12,75.5515
FUND21,2025-05-13,76.7273
FUND21,2025-05-14,77.2755
FUND21,2025-05-15,76.5322
FUND21,2025-05-16,75.4279
FUND21,2025-05-19,75.7134
FUND21,2025-05-20,76.8461
FUND21,2025-05-21,76.5554
FUND21,2025-05-22,76.3677
FUND21,2025-05-23,76.1025
FUND21,2025-05-26,75.3054
FUND21,2025-05-27,75.6826
FUND21,2025-05-28,75.7585
FUND21,2025-05-29,76.1709
FUND21,2025-05-30,76.1362
FUND21,2025-06-02,76.0487
FUND21,2025-06-03,76.8754
FUND21,2025-06-04,76.4836
FUND21,2025-06-05,77.0493
FUND21,2025-06-06,76.6485
FUND21,2025-06-09,77.1753
FUND21,2025-06-10,77.6879
FUND21,2025-06-11,77.4823
FUND21,2025-06-12,79.3394
FUND21,2025-06-13,79.6999
FUND21,2025-06-16,80.7954
FUND21,2025-06-17,79.9318
FUND21,2025-06-18,82.3666
FUND21,2025-06-19,82.8103
FUND21,2025-06-20,83.6377
FUND21,2025-06-23,83.3096
FUND21,2025-06-24,83.0334
FUND21,2025-06-25,83.4527
FUND21,2025-06-26,83.6132
FUND21,2025-06-27,84.6253
FUND21,2025-06-30,85.7306
FUND21,2025-07-01,86.2033
FUND21,2025-07-02,87.518
FUND21,2025-07-03,88.0883
FUND21,2025-07-04,89.0446
FUND21,2025-07-07,88.8791
FUND21,2025-07-08,89.0475
FUND21,2025-07-09,88.9495
FUND21,2025-07-10,89.0589
FUND21,2025-07-11,89.5633
FUND21,2025-07-14,89.3559
FUND21,2025-07-15,90.6702
FUND21,2025-07-16,91.3913
FUND21,2025-07-17,90.9526
FUND21,2025-07-18,90.8739
FUND21,2025-07-21,92.7294
FUND21,2025-07-22,93.4377
FUND21,2025-07-23,92.2352
FUND21,2025-07-24,91.8739
FUND21,2025-07-25,91.4158
FUND21,2025-07-28,91.2788
FUND21,2025-07-29,90.6022
FUND21,2025-07-30,90.6502
FUND21,2025-07-31,91.1645
FUND21,2025-08-01,89.7299
FUND21,2025-08-04,88.472
FUND21,2025-08-05,87.6603
FUND21,2025-08-06,88.2793
FUND21,2025-08-07,89.4062
FUND21,2025-08-08,88.7979
FUND21,2025-08-11,87.5732
FUND21,2025-08-12,88.9777
FUND21,2025-08-13,88.9076
FUND21,2025-08-14,89.2574
FUND21,2025-08-15,88.0495
FUND21,2025-08-18,88.5601
FUND21,2025-08-19,89.459
FUND21,2025-08-20,89.4949
FUND21,2025-08-21,89.0513
FUND21,2025-08-22,89.3455
FUND21,2025-08-25,89.4169
FUND21,2025-08-26,90.4835
FUND21,2025-08-27,91.8802
FUND21,2025-08-28,93.0108
FUND21,2025-08-29,93.0523
FUND21,2025-09-01,94.0922
FUND21,2025-09-02,95.0596
FUND21,2025-09-03,95.8821
FUND21,2025-09-04,96.1373
FUND21,2025-09-05,94.4849
FUND21,2025-09-08,94.27
FUND21,2025-09-09,94.2955
FUND21,2025-09-10,96.3887
FUND21,2025-09-11,96.7919
FUND21,2025-09-12,97.1665
FUND21,2025-09-15,96.0282
FUND21,2025-09-16,96.8591
FUND21,2025-09-17,97.4846
FUND21,2025-09-18,97.571
FUND21,2025-09-19,97.2002
FUND21,2025-09-22,97.8658
FUND21,2025-09-23,98.9184
FUND21,2025-09-24,97.8246
FUND21,2025-09-25,97.5513
FUND21,2025-09-26,98.1558
FUND21,2025-09-29,96.8577
FUND21,2025-09-30,96.3897
FUND21,2025-10-01,96.6156
FUND21,2025-10-02,98.1764
FUND21,2025-10-03,98.5251
FUND21,2025-10-06,100.0918
FUND21,2025-10-07,99.8921
FUND21,2025-10-08,99.3035
FUND21,2025-10-09,99.504
FUND21,2025-10-10,100.6084
FUND21,2025-10-13,100.9516
FUND21,2025-10-14,101.0288
FUND21,2025-10-15,102.2041
FUND21,2025-10-16,102.3115
FUND21,2025-10-17,102.7775
FUND21,2025-10-20,104.8119
FUND21,2025-10-21,105.492
FUND21,2025-10-22,104.7141
FUND21,2025-10-23,105.7536
FUND21,2025-10-24,105.666
FUND21,2025-10-27,106.601
FUND21,2025-10-28,106.8645
FUND21,2025-10-29,106.2921
FUND21,2025-10-30,106.2797
FUND21,2025-10-31,106.107
FUND21,2025-11-03,105.5467
FUND21,2025-11-04,105.336
FUND21,2025-11-05,104.1274
FUND21,2025-11-06,103.9295
FUND21,2025-11-07,103.3117
FUND21,2025-11-10,104.2227
FUND21,2025-11-11,103.5576
FUND21,2025-11-12,103.9507
FUND21,2025-11-13,104.5215
FUND21,2025-11-14,104.674
FUND21,2025-11-17,105.4242
FUND21,2025-11-18,105.5031
FUND21,2025-11-19,104.5411
FUND21,2025-11-20,102.7335
FUND21,2025-11-21,103.1064
FUND21,2025-11-24,104.1546
FUND22,2023-01-02,49.0659
FUND22,2023-01-03,49.3144
FUND22,2023-01-04,49.4502
FUND22,2023-01-05,49.2802
FUND22,2023-01-06,48.7256
FUND22,2023-01-09,48.4146
FUND22,2023-01-10,48.864
FUND22,2023-01-11,48.1435
FUND22,2023-01-12,48.0389
FUND22,2023-01-13,48.0945
FUND22,2023-01-16,48.6805
FUND22,2023-01-17,48.6435
FUND22,2023-01-18,48.2509
FUND22,2023-01-19,48.4986
FUND22,2023-01-20,48.1761
FUND22,2023-01-23,48.851
FUND22,2023-01-24,48.9171
FUND22,2023-01-25,47.9593
FUND22,2023-01-26,48.6849
FUND22,2023-01-27,48.9501
FUND22,2023-01-30,48.8406
FUND22,2023-01-31,48.6266
FUND22,2023-02-01,48.6592
FUND22,2023-02-02,48.8038
FUND22,2023-02-03,48.4236
FUND22,2023-02-06,47.8515
FUND22,2023-02-07,46.635
FUND22,2023-02-08,46.3231
FUND22,2023-02-09,47.1168
FUND22,2023-02-10,47.5022
FUND22,2023-02-13,47.5845
FUND22,2023-02-14,46.5478
FUND22,2023-02-15,46.2947
FUND22,2023-02-16,46.0205
FUND22,2023-02-17,46.4499
FUND22,2023-02-20,46.4901
FUND22,2023-02-21,46.7182
FUND22,2023-02-22,46.7479
FUND22,2023-02-23,46.8144
FUND22,2023-02-24,46.6941
FUND22,2023-02-27,46.2443
FUND22,2023-02-28,45.8785
FUND22,2023-03-01,46.067
FUND22,2023-03-02,45.6868
FUND22,2023-03-03,46.1854
FUND22,2023-03-06,45.3617
FUND22,2023-03-07,45.8615
FUND22,2023-03-08,45.6684
FUND22,2023-03-09,44.4633
FUND22,2023-03-10,43.5466
FUND22,2023-03-13,43.1162
FUND22,2023-03-14,42.6026
FUND22,2023-03-15,42.8381
FUND22,2023-03-16,43.4868
FUND22,2023-03-17,43.1573
FUND22,2023-03-20,42.3599
FUND22,2023-03-21,41.935
FUND22,2023-03-22,42.3754
FUND22,2023-03-23,42.2738
FUND22,2023-03-24,42.7814
FUND22,2023-03-27,42.6467
FUND22,2023-03-28,42.827
FUND22,2023-03-29,42.9415
FUND22,2023-03-30,43.3648
FUND22,2023-03-31,43.9337
FUND22,2023-04-03,44.1384
FUND22,2023-04-04,44.1322
FUND22,2023-04-05,44.5279
FUND22,2023-04-06,44.7644
FUND22,2023-04-07,45.1958
FUND22,2023-04-10,45.5714
FUND22,2023-04-11,46.3781
FUND22,2023-04-12,47.1806
FUND22,2023-04-13,47.0492
FUND22,2023-04-14,46.4961
FUND22,2023-04-17,46.1345
FUND22,2023-04-18,47.6428
FUND22,2023-04-19,46.7353
FUND22,2023-04-20,46.6817
FUND22,2023-04-21,46.7449
FUND22,2023-04-24,46.4969
FUND22,2023-04-25,45.3979
FUND22,2023-04-26,45.7089
FUND22,2023-04-27,46.2172
FUND22,2023-04-28,47.0215
FUND22,2023-05-01,46.9954
FUND22,2023-05-02,47.6213
FUND22,2023-05-03,47.7549
FUND22,2023-05-04,46.7858
FUND22,2023-05-05,46.7222
FUND22,2023-05-08,46.439
FUND22,2023-05-09,46.3897
FUND22,2023-05-10,46.5729
FUND22,2023-05-11,46.7003
FUND22,2023-05-12,47.1619
FUND22,2023-05-15,47.862
FUND22,2023-05-16,48.8646
FUND22,2023-05-17,49.0712
FUND22,2023-05-18,48.932
FUND22,2023-05-19,48.7871
FUND22,2023-05-22,50.0057
FUND22,2023-05-23,49.4778
FUND22,2023-05-24,50.4604
FUND22,2023-05-25,50.139
FUND22,2023-05-26,50.2547
FUND22,2023-05-29,51.156
FUND22,2023-05-30,51.1963
FUND22,2023-05-31,50.4727
FUND22,2023-06-01,49.5208
FUND22,2023-06-02,48.893
FUND22,2023-06-05,49.0414
FUND22,2023-06-06,48.4769
FUND22,2023-06-07,48.6738
FUND22,2023-06-08,48.9233
FUND22,2023-06-09,50.3702
FUND22,2023-06-12,50.1847
FUND22,2023-06-13,50.1352
FUND22,2023-06-14,49.466
FUND22,2023-06-15,48.4767
FUND22,2023-06-16,47.4949
FUND22,2023-06-19,48.1079
FUND22,2023-06-20,47.8555
FUND22,2023-06-21,48.314
FUND22,2023-06-22,47.3621
FUND22,2023-06-23,48.6125
FUND22,2023-06-26,48.4125
FUND22,2023-06-27,48.8162
FUND22,2023-06-28,48.5582
FUND22,2023-06-29,49.1942
FUND22,2023-06-30,49.9495
FUND22,2023-07-03,48.8665
FUND22,2023-07-04,49.2465
FUND22,2023-07-05,48.8649
FUND22,2023-07-06,49.4244
FUND22,2023-07-07,50.1164
FUND22,2023-07-10,49.823
FUND22,2023-07-11,49.2298
FUND22,2023-07-12,49.5086
FUND22,2023-07-13,49.4639
FUND22,2023-07-14,49.5314
FUND22,2023-07-17,50.0486
FUND22,2023-07-18,51.0053
FUND22,2023-07-19,51.0304
FUND22,2023-07-20,51.246
FUND22,2023-07-21,50.6294
FUND22,2023-07-24,50.7699
FUND22,2023-07-25,51.7309
FUND22,2023-07-26,52.3967
FUND22,2023-07-27,52.753
FUND22,2023-07-28,52.2978
FUND22,2023-07-31,53.0246
FUND22,2023-08-01,53.4763
FUND22,2023-08-02,54.2529
FUND22,2023-08-03,54.7768
FUND22,2023-08-04,55.1313
FUND22,2023-08-07,55.3556
FUND22,2023-08-08,56.1263
FUND22,2023-08-09,55.5596
FUND22,2023-08-10,54.6537
FUND22,2023-08-11,54.0986
FUND22,2023-08-14,53.6129
FUND22,2023-08-15,53.274
FUND22,2023-08-16,53.5967
FUND22,2023-08-17,53.4362
FUND22,2023-08-18,53.3832
FUND22,2023-08-21,52.8205
FUND22,2023-08-22,53.6979
FUND22,2023-08-23,53.4175
FUND22,2023-08-24,53.9744
FUND22,2023-08-25,53.2699
FUND22,2023-08-28,53.4788
FUND22,2023-08-29,53.5723
FUND22,2023-08-30,53.0201
FUND22,2023-08-31,53.8134
FUND22,2023-09-01,53.7923
FUND22,2023-09-04,54.9123
FUND22,2023-09-05,55.1147
FUND22,2023-09-06,54.515
FUND22,2023-09-07,54.4394
FUND22,2023-09-08,54.625
FUND22,2023-09-11,55.3842
FUND22,2023-09-12,54.8892
FUND22,2023-09-13,55.1541
FUND22,2023-09-14,55.6537
FUND22,2023-09-15,56.4561
FUND22,2023-09-18,55.8854
FUND22,2023-09-19,55.3891
FUND22,2023-09-20,55.2248
FUND22,2023-09-21,55.0487
FUND22,2023-09-22,55.2952
FUND22,2023-09-25,56.0884
FUND22,2023-09-26,55.7737
FUND22,2023-09-27,56.4023
FUND22,2023-09-28,55.712
FUND22,2023-09-29,55.4971
FUND22,2023-10-02,55.2256
FUND22,2023-10-03,54.4304
FUND22,2023-10-04,53.4751
FUND22,2023-10-05,54.3609
FUND22,2023-10-06,53.9681
FUND22,2023-10-09,53.8321
FUND22,2023-10-10,54.6935
FUND22,2023-10-11,54.3809
FUND22,2023-10-12,54.7317
FUND22,2023-10-13,54.6904
FUND22,2023-10-16,55.5824
FUND22,2023-10-17,56.3083
FUND22,2023-10-18,56.4609
FUND22,2023-10-19,56.4106
FUND22,2023-10-20,56.6676
FUND22,2023-10-23,57.5336
FUND22,2023-10-24,57.6354
FUND22,2023-10-25,57.9673
FUND22,2023-10-26,58.2273
FUND22,2023-10-27,58.8859
FUND22,2023-10-30,58.8533
FUND22,2023-10-31,58.9737
FUND22,2023-11-01,57.7617
FUND22,2023-11-02,57.1167
FUND22,2023-11-03,57.6075
FUND22,2023-11-06,58.1963
FUND22,2023-11-07,58.7915
FUND22,2023-11-08,57.7754
FUND22,2023-11-09,57.2958
FUND22,2023-11-10,57.4774
FUND22,2023-11-13,58.3154
FUND22,2023-11-14,57.5884
FUND22,2023-11-15,57.4708
FUND22,2023-11-16,56.4937
FUND22,2023-11-17,55.6618
FUND22,2023-11-20,56.0197
FUND22,2023-11-21,56.4344
FUND22,2023-11-22,54.5255
FUND22,2023-11-23,54.8074
FUND22,2023-11-24,54.8582
FUND22,2023-11-27,54.2183
FUND22,2023-11-28,53.6787
FUND22,2023-11-29,53.4215
FUND22,2023-11-30,53.3015
FUND22,2023-12-01,53.1852
FUND22,2023-12-04,53.0927
FUND22,2023-12-05,53.5299
FUND22,2023-12-06,53.9567
FUND22,2023-12-07,53.2778
FUND22,2023-12-08,53.3562
FUND22,2023-12-11,52.4178
FUND22,2023-12-12,51.8265
FUND22,2023-12-13,52.6356
FUND22,2023-12-14,51.78
FUND22,2023-12-15,51.1811
FUND22,2023-12-18,52.4022
FUND22,2023-12-19,52.4282
FUND22,2023-12-20,52.4022
FUND22,2023-12-21,52.1606
FUND22,2023-12-22,52.4136
FUND22,2023-12-25,53.378
FUND22,2023-12-26,53.8538
FUND22,2023-12-27,53.5461
FUND22,2023-12-28,53.765
FUND22,2023-12-29,53.781
FUND22,2024-01-01,53.7966
FUND22,2024-01-02,54.6156
FUND22,2024-01-03,55.118
FUND22,2024-01-04,55.4723
FUND22,2024-01-05,55.5755
FUND22,2024-01-08,55.4976
FUND22,2024-01-09,56.2331
FUND22,2024-01-10,57.4758
FUND22,2024-01-11,57.4175
FUND22,2024-01-12,58.004
FUND22,2024-01-15,58.2543
FUND22,2024-01-16,58.5654
FUND22,2024-01-17,59.0844
FUND22,2024-01-18,59.4641
FUND22,2024-01-19,59.9413
FUND22,2024-01-22,60.0716
FUND22,2024-01-23,60.0739
FUND22,2024-01-24,60.2751
FUND22,2024-01-25,59.682
FUND22,2024-01-26,59.4412
FUND22,2024-01-29,60.5316
FUND22,2024-01-30,61.0218
FUND22,2024-01-31,59.5406
FUND22,2024-02-01,59.7302
FUND22,2024-02-02,59.7539
FUND22,2024-02-05,58.6244
FUND22,2024-02-06,59.027
FUND22,2024-02-07,59.4406
FUND22,2024-02-08,58.382
FUND22,2024-02-09,58.1583
FUND22,2024-02-12,57.6303
FUND22,2024-02-13,57.0668
FUND22,2024-02-14,58.1193
FUND22,2024-02-15,57.8706
FUND22,2024-02-16,58.4011
FUND22,2024-02-19,57.8905
FUND22,2024-02-20,57.6486
FUND22,2024-02-21,57.5954
FUND22,2024-02-22,58.0936
FUND22,2024-02-23,58.3868
FUND22,2024-02-26,56.2626
FUND22,2024-02-27,56.0788
FUND22,2024-02-28,56.402
FUND22,2024-02-29,55.2453
FUND22,2024-03-01,54.2704
FUND22,2024-03-04,53.343
FUND22,2024-03-05,52.3485
FUND22,2024-03-06,51.352
FUND22,2024-03-07,50.6114
FUND22,2024-03-08,50.4198
FUND22,2024-03-11,49.4467
FUND22,2024-03-12,49.2381
FUND22,2024-03-13,49.2825
FUND22,2024-03-14,50.8447
FUND22,2024-03-15,50.2422
FUND22,2024-03-18,50.7614
FUND22,2024-03-19,49.5546
FUND22,2024-03-20,50.0666
FUND22,2024-03-21,49.7393
FUND22,2024-03-22,50.1075
FUND22,2024-03-25,50.3366
FUND22,2024-03-26,50.2159
FUND22,2024-03-27,50.0119
FUND22,2024-03-28,50.4211
FUND22,2024-03-29,50.1284
FUND22,2024-04-01,50.9366
FUND22,2024-04-02,51.5871
FUND22,2024-04-03,52.1427
FUND22,2024-04-04,52.0246
FUND22,2024-04-05,51.1802
FUND22,2024-04-08,52.046
FUND22,2024-04-09,52.4081
FUND22,2024-04-10,51.8849
FUND22,2024-04-11,51.9993
FUND22,2024-04-12,51.846
FUND22,2024-04-15,51.335
FUND22,2024-04-16,51.186
FUND22,2024-04-17,50.7116
FUND22,2024-04-18,50.9586
FUND22,2024-04-19,51.095
FUND22,2024-04-22,51.0455
FUND22,2024-04-23,50.8918
FUND22,2024-04-24,51.2846
FUND22,2024-04-25,50.69
FUND22,2024-04-26,50.8655
FUND22,2024-04-29,49.8583
FUND22,2024-04-30,50.0247
FUND22,2024-05-01,50.5373
FUND22,2024-05-02,49.806
FUND22,2024-05-03,50.3153
FUND22,2024-05-06,50.8358
FUND22,2024-05-07,51.3664
FUND22,2024-05-08,51.3674
FUND22,2024-05-09,51.9674
FUND22,2024-05-10,52.6451
FUND22,2024-05-13,52.9197
FUND22,2024-05-14,53.7284
FUND22,2024-05-15,54.0161
FUND22,2024-05-16,53.7513
FUND22,2024-05-17,53.367
FUND22,2024-05-20,53.8958
FUND22,2024-05-21,54.5029
FUND22,2024-05-22,54.1998
FUND22,2024-05-23,54.0503
FUND22,2024-05-24,53.9273
FUND22,2024-05-27,54.5404
FUND22,2024-05-28,53.6986
FUND22,2024-05-29,54.6024
FUND22,2024-05-30,54.8669
FUND22,2024-05-31,53.9038
FUND22,2024-06-03,53.3267
FUND22,2024-06-04,53.1375
FUND22,2024-06-05,52.9809
FUND22,2024-06-06,53.0211
FUND22,2024-06-07,53.1732
FUND22,2024-06-10,52.7523
FUND22,2024-06-11,53.8479
FUND22,2024-06-12,53.9835
FUND22,2024-06-13,53.7809
FUND22,2024-06-14,54.4157
FUND22,2024-06-17,53.7688
FUND22,2024-06-18,54.5824
FUND22,2024-06-19,53.9174
FUND22,2024-06-20,55.0513
FUND22,2024-06-21,54.1019
FUND22,2024-06-24,53.674
FUND22,2024-06-25,53.519
FUND22,2024-06-26,54.0554
FUND22,2024-06-27,54.2898
FUND22,2024-06-28,55.3884
FUND22,2024-07-01,55.4793
FUND22,2024-07-02,55.3743
FUND22,2024-07-03,56.2603
FUND22,2024-07-04,57.2263
FUND22,2024-07-05,56.4694
FUND22,2024-07-08,57.3517
FUND22,2024-07-09,58.2046
FUND22,2024-07-10,57.4299
FUND22,2024-07-11,57.7248
FUND22,2024-07-12,57.4324
FUND22,2024-07-15,56.5859
FUND22,2024-07-16,57.1151
FUND22,2024-07-17,57.7718
FUND22,2024-07-18,58.0333
FUND22,2024-07-19,57.6181
FUND22,2024-07-22,58.4352
FUND22,2024-07-23,58.5055
FUND22,2024-07-24,58.7661
FUND22,2024-07-25,58.4659
FUND22,2024-07-26,57.5672
FUND22,2024-07-29,57.8331
FUND22,2024-07-30,58.2319
FUND22,2024-07-31,58.5245
FUND22,2024-08-01,59.0615
FUND22,2024-08-02,60.2752
FUND22,2024-08-05,60.0365
FUND22,2024-08-06,58.8074
FUND22,2024-08-07,59.4522
FUND22,2024-08-08,59.229
FUND22,2024-08-09,58.5525
FUND22,2024-08-12,57.6714
FUND22,2024-08-13,58.3612
FUND22,2024-08-14,57.9013
FUND22,2024-08-15,57.5134
FUND22,2024-08-16,57.879
FUND22,2024-08-19,58.1692
FUND22,2024-08-20,58.1328
FUND22,2024-08-21,57.8796
FUND22,2024-08-22,56.6902
FUND22,2024-08-23,57.9731
FUND22,2024-08-26,56.3597
FUND22,2024-08-27,56.3653
FUND22,2024-08-28,55.6469
FUND22,2024-08-29,55.5265
FUND22,2024-08-30,55.3956
FUND22,2024-09-02,55.5779
FUND22,2024-09-03,55.7333
FUND22,2024-09-04,54.0061
FUND22,2024-09-05,54.7392
FUND22,2024-09-06,54.8443
FUND22,2024-09-09,54.2584
FUND22,2024-09-10,54.2332
FUND22,2024-09-11,53.8071
FUND22,2024-09-12,52.0049
FUND22,2024-09-13,52.88
FUND22,2024-09-16,53.8009
FUND22,2024-09-17,54.223
FUND22,2024-09-18,54.9968
FUND22,2024-09-19,55.6696
FUND22,2024-09-20,55.4627
FUND22,2024-09-23,55.5249
FUND22,2024-09-24,55.4617
FUND22,2024-09-25,55.7208
FUND22,2024-09-26,55.1061
FUND22,2024-09-27,55.788
FUND22,2024-09-30,55.8035
FUND22,2024-10-01,55.8114
FUND22,2024-10-02,56.2301
FUND22,2024-10-03,56.3664
FUND22,2024-10-04,56.1695
FUND22,2024-10-07,56.0329
FUND22,2024-10-08,54.6496
FUND22,2024-10-09,55.4092
FUND22,2024-10-10,55.7035
FUND22,2024-10-11,55.885
FUND22,2024-10-14,56.9902
FUND22,2024-10-15,56.5672
FUND22,2024-10-16,56.6688
FUND22,2024-10-17,56.2215
FUND22,2024-10-18,56.9652
FUND22,2024-10-21,56.1875
FUND22,2024-10-22,56.9302
FUND22,2024-10-23,57.7574
FUND22,2024-10-24,58.0469
FUND22,2024-10-25,59.0148
FUND22,2024-10-28,58.8991
FUND22,2024-10-29,58.5838
FUND22,2024-10-30,59.01
FUND22,2024-10-31,58.4746
FUND22,2024-11-01,58.4651
FUND22,2024-11-04,59.1137
FUND22,2024-11-05,59.7574
FUND22,2024-11-06,59.8053
FUND22,2024-11-07,59.0409
FUND22,2024-11-08,59.5437
FUND22,2024-11-11,59.1411
FUND22,2024-11-12,59.2078
FUND22,2024-11-13,57.5979
FUND22,2024-11-14,58.5806
FUND22,2024-11-15,58.9143
FUND22,2024-11-18,58.4381
FUND22,2024-11-19,58.7238
FUND22,2024-11-20,58.1108
FUND22,2024-11-21,58.8637
FUND22,2024-11-22,58.7063
FUND22,2024-11-25,59.0663
FUND22,2024-11-26,59.5626
FUND22,2024-11-27,60.925
FUND22,2024-11-28,62.2446
FUND22,2024-11-29,63.3871
FUND22,2024-12-02,64.078
FUND22,2024-12-03,65.0738
FUND22,2024-12-04,63.9172
FUND22,2024-12-05,64.3668
FUND22,2024-12-06,63.5123
FUND22,2024-12-09,62.7765
FUND22,2024-12-10,63.8926
FUND22,2024-12-11,63.7798
FUND22,2024-12-12,62.8548
FUND22,2024-12-13,61.9926
FUND22,2024-12-16,62.6897
FUND22,2024-12-17,63.1238
FUND22,2024-12-18,63.3484
FUND22,2024-12-19,62.1793
FUND22,2024-12-20,62.2493
FUND22,2024-12-23,62.8837
FUND22,2024-12-24,62.1844
FUND22,2024-12-25,61.3219
FUND22,2024-12-26,61.1908
FUND22,2024-12-27,61.2455
FUND22,2024-12-30,61.8868
FUND22,2024-12-31,61.2668
FUND22,2025-01-01,61.0004
FUND22,2025-01-02,61.3344
FUND22,2025-01-03,62.0892
FUND22,2025-01-06,62.4873
FUND22,2025-01-07,62.2995
FUND22,2025-01-08,61.3335
FUND22,2025-01-09,62.6329
FUND22,2025-01-10,63.1921
FUND22,2025-01-13,62.6784
FUND22,2025-01-14,62.2832
FUND22,2025-01-15,62.3309
FUND22,2025-01-16,62.582
FUND22,2025-01-17,62.1438
FUND22,2025-01-20,63.0721
FUND22,2025-01-21,64.0799
FUND22,2025-01-22,64.3321
FUND22,2025-01-23,64.5181
FUND22,2025-01-24,64.0515
FUND22,2025-01-27,63.9305
FUND22,2025-01-28,63.1299
FUND22,2025-01-29,63.7919
FUND22,2025-01-30,64.6396
FUND22,2025-01-31,64.8692
FUND22,2025-02-03,66.3372
FUND22,2025-02-04,66.4693
FUND22,2025-02-05,66.4366
FUND22,2025-02-06,67.43
FUND22,2025-02-07,66.2832
FUND22,2025-02-10,66.6219
FUND22,2025-02-11,65.457
FUND22,2025-02-12,64.3259
FUND22,2025-02-13,64.2639
FUND22,2025-02-14,63.6487
FUND22,2025-02-17,64.1919
FUND22,2025-02-18,63.8752
FUND22,2025-02-19,65.4579
FUND22,2025-02-20,65.881
FUND22,2025-02-21,65.3498
FUND22,2025-02-24,65.6634
FUND22,2025-02-25,66.2155
FUND22,2025-02-26,67.8932
FUND22,2025-02-27,66.9769
FUND22,2025-02-28,66.965
FUND22,2025-03-03,67.8159
FUND22,2025-03-04,68.1071
FUND22,2025-03-05,67.6811
FUND22,2025-03-06,67.0156
FUND22,2025-03-07,66.9044
FUND22,2025-03-10,67.8998
FUND22,2025-03-11,68.3708
FUND22,2025-03-12,68.666
FUND22,2025-03-13,69.9108
FUND22,2025-03-14,69.8263
FUND22,2025-03-17,69.8298
FUND22,2025-03-18,69.3578
FUND22,2025-03-19,68.1847
FUND22,2025-03-20,68.593
FUND22,2025-03-21,67.536
FUND22,2025-03-24,67.6424
FUND22,2025-03-25,68.7258
FUND22,2025-03-26,69.2951
FUND22,2025-03-27,70.0398
FUND22,2025-03-28,68.915
FUND22,2025-03-31,68.9464
FUND22,2025-04-01,69.8958
FUND22,2025-04-02,69.0215
FUND22,2025-04-03,69.4085
FUND22,2025-04-04,68.4908
FUND22,2025-04-07,67.6132
FUND22,2025-04-08,68.1221
FUND22,2025-04-09,67.7213
FUND22,2025-04-10,67.7281
FUND22,2025-04-11,68.6709
FUND22,2025-04-14,67.9362
FUND22,2025-04-15,70.2532
FUND22,2025-04-16,71.2474
FUND22,2025-04-17,70.8765
FUND22,2025-04-18,71.9023
FUND22,2025-04-21,72.5814
FUND22,2025-04-22,73.3327
FUND22,2025-04-23,73.2457
FUND22,2025-04-24,74.1985
FUND22,2025-04-25,74.7846
FUND22,2025-04-28,75.4675
FUND22,2025-04-29,75.8833
FUND22,2025-04-30,76.0216
FUND22,2025-05-01,75.9203
FUND22,2025-05-02,74.8155
FUND22,2025-05-05,74.856
FUND22,2025-05-06,74.0727
FUND22,2025-05-07,74.1137
FUND22,2025-05-08,74.8325
FUND22,2025-05-09,76.214
FUND22,2025-05-12,75.3422
FUND22,2025-05-13,74.7114
FUND22,2025-05-14,73.8466
FUND22,2025-05-15,74.2199
FUND22,2025-05-16,74.801
FUND22,2025-05-19,74.4914
FUND22,2025-05-20,74.3795
FUND22,2025-05-21,76.8664
FUND22,2025-05-22,76.5346
FUND22,2025-05-23,76.0356
FUND22,2025-05-26,75.2293
FUND22,2025-05-27,74.053
FUND22,2025-05-28,75.0819
FUND22,2025-05-29,76.1725
FUND22,2025-05-30,75.8372
FUND22,2025-06-02,76.9275
FUND22,2025-06-03,76.8715
FUND22,2025-06-04,76.6479
FUND22,2025-06-05,76.6761
FUND22,2025-06-06,74.9796
FUND22,2025-06-09,74.1181
FUND22,2025-06-10,74.3822
FUND22,2025-06-11,74.809
FUND22,2025-06-12,74.9212
FUND22,2025-06-13,74.8385
FUND22,2025-06-16,75.115
FUND22,2025-06-17,76.9483
FUND22,2025-06-18,78.3405
FUND22,2025-06-19,78.5354
FUND22,2025-06-20,77.8706
FUND22,2025-06-23,78.5472
FUND22,2025-06-24,80.0791
FUND22,2025-06-25,81.4562
FUND22,2025-06-26,80.2036
FUND22,2025-06-27,80.1957
FUND22,2025-06-30,79.6988
FUND22,2025-07-01,78.7325
FUND22,2025-07-02,79.1177
FUND22,2025-07-03,78.1956
FUND22,2025-07-04,78.1495
FUND22,2025-07-07,78.292
FUND22,2025-07-08,78.9931
FUND22,2025-07-09,79.4264
FUND22,2025-07-10,78.3563
FUND22,2025-07-11,79.555
FUND22,2025-07-14,79.1228
FUND22,2025-07-15,81.132
FUND22,2025-07-16,81.2977
FUND22,2025-07-17,82.5255
FUND22,2025-07-18,83.811
FUND22,2025-07-21,83.2694
FUND22,2025-07-22,83.0751
FUND22,2025-07-23,82.824
FUND22,2025-07-24,82.5888
FUND22,2025-07-25,82.6278
FUND22,2025-07-28,81.7071
FUND22,2025-07-29,81.8708
FUND22,2025-07-30,81.9407
FUND22,2025-07-31,80.1592
FUND22,2025-08-01,79.8365
FUND22,2025-08-04,79.4272
FUND22,2025-08-05,78.8216
FUND22,2025-08-06,80.5553
FUND22,2025-08-07,79.1402
FUND22,2025-08-08,78.2947
FUND22,2025-08-11,78.409
FUND22,2025-08-12,78.2335
FUND22,2025-08-13,78.7762
FUND22,2025-08-14,80.2977
FUND22,2025-08-15,82.0823
FUND22,2025-08-18,82.3282
FUND22,2025-08-19,81.8952
FUND22,2025-08-20,82.2878
FUND22,2025-08-21,81.1648
FUND22,2025-08-22,82.4612
FUND22,2025-08-25,84.694
FUND22,2025-08-26,83.9248
FUND22,2025-08-27,83.1117
FUND22,2025-08-28,82.6347
FUND22,2025-08-29,82.8597
FUND22,2025-09-01,83.0026
FUND22,2025-09-02,82.6825
FUND22,2025-09-03,81.8054
FUND22,2025-09-04,83.2274
FUND22,2025-09-05,83.0431
FUND22,2025-09-08,82.7344
FUND22,2025-09-09,82.9873
FUND22,2025-09-10,84.4064
FUND22,2025-09-11,84.5794
FUND22,2025-09-12,85.3411
FUND22,2025-09-15,84.9888
FUND22,2025-09-16,85.4091
FUND22,2025-09-17,85.6881
FUND22,2025-09-18,87.4112
FUND22,2025-09-19,84.8263
FUND22,2025-09-22,85.01
FUND22,2025-09-23,85.8487
FUND22,2025-09-24,86.3429
FUND22,2025-09-25,85.2545
FUND22,2025-09-26,86.3963
FUND22,2025-09-29,87.2595
FUND22,2025-09-30,88.4963
FUND22,2025-10-01,87.9263
FUND22,2025-10-02,88.1465
FUND22,2025-10-03,87.0886
FUND22,2025-10-06,86.9788
FUND22,2025-10-07,87.0152
FUND22,2025-10-08,87.3177
FUND22,2025-10-09,85.715
FUND22,2025-10-10,84.6614
FUND22,2025-10-13,85.2394
FUND22,2025-10-14,85.1525
FUND22,2025-10-15,85.7265
FUND22,2025-10-16,84.5512
FUND22,2025-10-17,84.3438
FUND22,2025-10-20,83.9948
FUND22,2025-10-21,83.6631
FUND22,2025-10-22,82.4137
FUND22,2025-10-23,81.4467
FUND22,2025-10-24,80.3651
FUND22,2025-10-27,80.2221
FUND22,2025-10-28,79.2436
FUND22,2025-10-29,78.9091
FUND22,2025-10-30,78.6667
FUND22,2025-10-31,78.384
FUND22,2025-11-03,77.1092
FUND22,2025-11-04,76.9212
FUND22,2025-11-05,76.0067
FUND22,2025-11-06,74.8909
FUND22,2025-11-07,75.1346
FUND22,2025-11-10,75.2815
FUND22,2025-11-11,75.6304
FUND22,2025-11-12,74.8213
FUND22,2025-11-13,73.8025
FUND22,2025-11-14,75.0834
FUND22,2025-11-17,73.483
FUND22,2025-11-18,72.7814
FUND22,2025-11-19,73.9352
FUND22,2025-11-20,74.1528
FUND22,2025-11-21,75.6228
FUND22,2025-11-24,77.1494
FUND23,2023-01-02,79.5071
FUND23,2023-01-03,78.5204
FUND23,2023-01-04,77.0911
FUND23,2023-01-05,76.362
FUND23,2023-01-06,76.4432
FUND23,2023-01-09,76.6026
FUND23,2023-01-10,77.6971
FUND23,2023-01-11,77.5697
FUND23,2023-01-12,79.6599
FUND23,2023-01-13,79.7635
FUND23,2023-01-16,80.4681
FUND23,2023-01-17,79.9787
FUND23,2023-01-18,80.2261
FUND23,2023-01-19,80.518
FUND23,2023-01-20,79.7593
FUND23,2023-01-23,79.9795
FUND23,2023-01-24,79.1274
FUND23,2023-01-25,81.1828
FUND23,2023-01-26,80.2429
FUND23,2023-01-27,80.5103
FUND23,2023-01-30,80.1729
FUND23,2023-01-31,78.9211
FUND23,2023-02-01,79.4227
FUND23,2023-02-02,80.0128
FUND23,2023-02-03,78.7919
FUND23,2023-02-06,77.9002
FUND23,2023-02-07,78.9882
FUND23,2023-02-08,79.7618
FUND23,2023-02-09,80.3574
FUND23,2023-02-10,79.4096
FUND23,2023-02-13,79.2064
FUND23,2023-02-14,80.4153
FUND23,2023-02-15,78.6683
FUND23,2023-02-16,77.5587
FUND23,2023-02-17,77.0892
FUND23,2023-02-20,77.3241
FUND23,2023-02-21,78.6507
FUND23,2023-02-22,80.2952
FUND23,2023-02-23,79.7215
FUND23,2023-02-24,80.7647
FUND23,2023-02-27,79.2351
FUND23,2023-02-28,79.7642
FUND23,2023-03-01,81.2326
FUND23,2023-03-02,79.9074
FUND23,2023-03-03,79.8038
FUND23,2023-03-06,81.2612
FUND23,2023-03-07,81.2381
FUND23,2023-03-08,81.7417
FUND23,2023-03-09,82.1405
FUND23,2023-03-10,81.4129
FUND23,2023-03-13,81.1566
FUND23,2023-03-14,82.1842
FUND23,2023-03-15,82.6182
FUND23,2023-03-16,81.9524
FUND23,2023-03-17,82.0661
FUND23,2023-03-20,81.6268
FUND23,2023-03-21,81.9345
FUND23,2023-03-22,81.5449
FUND23,2023-03-23,82.0564
FUND23,2023-03-24,81.3604
FUND23,2023-03-27,82.076
FUND23,2023-03-28,80.847
FUND23,2023-03-29,82.326
FUND23,2023-03-30,82.5212
FUND23,2023-03-31,83.401
FUND23,2023-04-03,83.7906
FUND23,2023-04-04,85.5935
FUND23,2023-04-05,84.7017
FUND23,2023-04-06,82.7802
FUND23,2023-04-07,84.0155
FUND23,2023-04-10,83.4205
FUND23,2023-04-11,83.6087
FUND23,2023-04-12,84.8185
FUND23,2023-04-13,86.2246
FUND23,2023-04-14,85.664
FUND23,2023-04-17,85.8032
FUND23,2023-04-18,86.4661
FUND23,2023-04-19,87.5453
FUND23,2023-04-20,86.8412
FUND23,2023-04-21,88.229
FUND23,2023-04-24,88.2805
FUND23,2023-04-25,88.213
FUND23,2023-04-26,89.2484
FUND23,2023-04-27,89.9144
FUND23,2023-04-28,91.6762
FUND23,2023-05-01,91.0737
FUND23,2023-05-02,91.737
FUND23,2023-05-03,93.1869
FUND23,2023-05-04,93.0594
FUND23,2023-05-05,92.3392
FUND23,2023-05-08,93.0704
FUND23,2023-05-09,93.9151
FUND23,2023-05-10,92.0764
FUND23,2023-05-11,93.6321
FUND23,2023-05-12,95.3076
FUND23,2023-05-15,94.4744
FUND23,2023-05-16,93.6644
FUND23,2023-05-17,94.5476
FUND23,2023-05-18,95.4894
FUND23,2023-05-19,95.8773
FUND23,2023-05-22,94.3854
FUND23,2023-05-23,93.7953
FUND23,2023-05-24,94.2586
FUND23,2023-05-25,94.144
FUND23,2023-05-26,91.6419
FUND23,2023-05-29,90.4279
FUND23,2023-05-30,88.9688
FUND23,2023-05-31,87.7796
FUND23,2023-06-01,88.1615
FUND23,2023-06-02,87.8805
FUND23,2023-06-05,88.0765
FUND23,2023-06-06,87.7251
FUND23,2023-06-07,87.9102
FUND23,2023-06-08,88.3076
FUND23,2023-06-09,89.5172
FUND23,2023-06-12,88.4234
FUND23,2023-06-13,88.708
FUND23,2023-06-14,90.5344
FUND23,2023-06-15,90.6543
FUND23,2023-06-16,90.3631
FUND23,2023-06-19,89.7853
FUND23,2023-06-20,89.5327
FUND23,2023-06-21,89.935
FUND23,2023-06-22,90.0425
FUND23,2023-06-23,89.2855
FUND23,2023-06-26,89.68
FUND23,2023-06-27,92.1973
FUND23,2023-06-28,92.4641
FUND23,2023-06-29,92.4296
FUND23,2023-06-30,94.0529
FUND23,2023-07-03,94.5268
FUND23,2023-07-04,94.5236
FUND23,2023-07-05,92.7131
FUND23,2023-07-06,92.6956
FUND23,2023-07-07,91.8769
FUND23,2023-07-10,91.5627
FUND23,2023-07-11,91.0965
FUND23,2023-07-12,92.9053
FUND23,2023-07-13,93.7815
FUND23,2023-07-14,94.8557
FUND23,2023-07-17,93.5011
FUND23,2023-07-18,93.8067
FUND23,2023-07-19,91.9669
FUND23,2023-07-20,91.09
FUND23,2023-07-21,90.6619
FUND23,2023-07-24,90.9717
FUND23,2023-07-25,90.8884
FUND23,2023-07-26,93.4439
FUND23,2023-07-27,93.5816
FUND23,2023-07-28,92.5435
FUND23,2023-07-31,92.2912
FUND23,2023-08-01,89.7416
FUND23,2023-08-02,90.0908
FUND23,2023-08-03,88.9602
FUND23,2023-08-04,89.6963
FUND23,2023-08-07,90.6013
FUND23,2023-08-08,91.2504
FUND23,2023-08-09,89.5382
FUND23,2023-08-10,91.4272
FUND23,2023-08-11,92.5423
FUND23,2023-08-14,92.5114
FUND23,2023-08-15,92.1524
FUND23,2023-08-16,92.1668
FUND23,2023-08-17,92.5084
FUND23,2023-08-18,91.7506
FUND23,2023-08-21,92.8303
FUND23,2023-08-22,92.2999
FUND23,2023-08-23,91.8641
FUND23,2023-08-24,92.3614
FUND23,2023-08-25,93.4442
FUND23,2023-08-28,92.675
FUND23,2023-08-29,95.3247
FUND23,2023-08-30,95.7146
FUND23,2023-08-31,94.0671
FUND23,2023-09-01,92.92
FUND23,2023-09-04,93.4288
FUND23,2023-09-05,94.0264
FUND23,2023-09-06,93.5293
FUND23,2023-09-07,93.9707
FUND23,2023-09-08,93.5685
FUND23,2023-09-11,92.5572
FUND23,2023-09-12,92.3909
FUND23,2023-09-13,92.235
FUND23,2023-09-14,93.5385
FUND23,2023-09-15,94.6364
FUND23,2023-09-18,94.9366
FUND23,2023-09-19,95.4272
FUND23,2023-09-20,96.7113
FUND23,2023-09-21,100.3441
FUND23,2023-09-22,100.1349
FUND23,2023-09-25,102.1592
FUND23,2023-09-26,100.5323
FUND23,2023-09-27,99.1594
FUND23,2023-09-28,99.1619
FUND23,2023-09-29,100.1378
FUND23,2023-10-02,99.9738
FUND23,2023-10-03,100.3533
FUND23,2023-10-04,102.8741
FUND23,2023-10-05,103.3845
FUND23,2023-10-06,101.8695
FUND23,2023-10-09,102.5801
FUND23,2023-10-10,101.6716
FUND23,2023-10-11,101.9324
FUND23,2023-10-12,102.2344
FUND23,2023-10-13,101.6463
FUND23,2023-10-16,102.7386
FUND23,2023-10-17,101.9087
FUND23,2023-10-18,102.2539
FUND23,2023-10-19,103.3075
FUND23,2023-10-20,103.6768
FUND23,2023-10-23,102.927
FUND23,2023-10-24,102.2312
FUND23,2023-10-25,101.5129
FUND23,2023-10-26,102.4002
FUND23,2023-10-27,102.6306
FUND23,2023-10-30,103.3606
FUND23,2023-10-31,104.091
FUND23,2023-11-01,102.7396
FUND23,2023-11-02,101.7787
FUND23,2023-11-03,101.5532
FUND23,2023-11-06,101.6387
FUND23,2023-11-07,101.1366
FUND23,2023-11-08,99.4278
FUND23,2023-11-09,99.5311
FUND23,2023-11-10,99.3643
FUND23,2023-11-13,97.7736
FUND23,2023-11-14,95.9616
FUND23,2023-11-15,94.6765
FUND23,2023-11-16,95.0625
FUND23,2023-11-17,95.3515
FUND23,2023-11-20,96.8703
FUND23,2023-11-21,98.0016
FUND23,2023-11-22,98.4865
FUND23,2023-11-23,98.3426
FUND23,2023-11-24,98.5881
FUND23,2023-11-27,98.6015
FUND23,2023-11-28,98.1996
FUND23,2023-11-29,99.0345
FUND23,2023-11-30,100.624
FUND23,2023-12-01,100.0577
FUND23,2023-12-04,101.7227
FUND23,2023-12-05,102.3411
FUND23,2023-12-06,102.4969
FUND23,2023-12-07,102.7476
FUND23,2023-12-08,102.5551
FUND23,2023-12-11,101.5146
FUND23,2023-12-12,101.7587
FUND23,2023-12-13,103.866
FUND23,2023-12-14,105.5268
FUND23,2023-12-15,104.8103
FUND23,2023-12-18,105.4741
FUND23,2023-12-19,105.8733
FUND23,2023-12-20,106.3962
FUND23,2023-12-21,106.4325
FUND23,2023-12-22,107.3046
FUND23,2023-12-25,108.3
FUND23,2023-12-26,107.5013
FUND23,2023-12-27,109.4905
FUND23,2023-12-28,107.2682
FUND23,2023-12-29,106.331
FUND23,2024-01-01,107.01
FUND23,2024-01-02,107.2992
FUND23,2024-01-03,105.4383
FUND23,2024-01-04,106.532
FUND23,2024-01-05,106.9855
FUND23,2024-01-08,106.7851
FUND23,2024-01-09,107.4516
FUND23,2024-01-10,108.0192
FUND23,2024-01-11,107.9086
FUND23,2024-01-12,107.1951
FUND23,2024-01-15,109.4731
FUND23,2024-01-16,107.3162
FUND23,2024-01-17,106.3273
FUND23,2024-01-18,104.876
FUND23,2024-01-19,104.81
FUND23,2024-01-22,106.491
FUND23,2024-01-23,106.3024
FUND23,2024-01-24,106.1339
FUND23,2024-01-25,105.5705
FUND23,2024-01-26,108.4735
FUND23,2024-01-29,106.4602
FUND23,2024-01-30,106.5917
FUND23,2024-01-31,105.9775
FUND23,2024-02-01,103.8338
FUND23,2024-02-02,102.4459
FUND23,2024-02-05,102.8046
FUND23,2024-02-06,104.4634
FUND23,2024-02-07,103.7294
FUND23,2024-02-08,102.8333
FUND23,2024-02-09,102.2827
FUND23,2024-02-12,103.1257
FUND23,2024-02-13,103.3045
FUND23,2024-02-14,103.3405
FUND23,2024-02-15,102.9504
FUND23,2024-02-16,104.1237
FUND23,2024-02-19,104.2279
FUND23,2024-02-20,105.8191
FUND23,2024-02-21,105.4196
FUND23,2024-02-22,107.4338
FUND23,2024-02-23,107.0814
FUND23,2024-02-26,108.9313
FUND23,2024-02-27,109.1083
FUND23,2024-02-28,109.0609
FUND23,2024-02-29,109.0514
FUND23,2024-03-01,107.435
FUND23,2024-03-04,109.763
FUND23,2024-03-05,110.7291
FUND23,2024-03-06,109.8641
FUND23,2024-03-07,108.0106
FUND23,2024-03-08,107.9698
FUND23,2024-03-11,108.033
FUND23,2024-03-12,107.6309
FUND23,2024-03-13,106.047
FUND23,2024-03-14,105.6422
FUND23,2024-03-15,108.1462
FUND23,2024-03-18,106.5734
FUND23,2024-03-19,107.6788
FUND23,2024-03-20,107.6488
FUND23,2024-03-21,105.7954
FUND23,2024-03-22,104.1857
FUND23,2024-03-25,105.2767
FUND23,2024-03-26,105.0353
FUND23,2024-03-27,105.1237
FUND23,2024-03-28,104.2867
FUND23,2024-03-29,103.2684
FUND23,2024-04-01,104.3593
FUND23,2024-04-02,105.0576
FUND23,2024-04-03,105.9712
FUND23,2024-04-04,106.3773
FUND23,2024-04-05,106.5891
FUND23,2024-04-08,108.121
FUND23,2024-04-09,107.8039
FUND23,2024-04-10,106.3178
FUND23,2024-04-11,105.5567
FUND23,2024-04-12,104.5976
FUND23,2024-04-15,105.3676
FUND23,2024-04-16,107.2734
FUND23,2024-04-17,106.165
FUND23,2024-04-18,107.5828
FUND23,2024-04-19,108.1604
FUND23,2024-04-22,107.9146
FUND23,2024-04-23,106.6125
FUND23,2024-04-24,108.4036
FUND23,2024-04-25,108.9465
FUND23,2024-04-26,109.0543
FUND23,2024-04-29,110.471
FUND23,2024-04-30,110.3084
FUND23,2024-05-01,112.1838
FUND23,2024-05-02,111.5713
FUND23,2024-05-03,108.5726
FUND23,2024-05-06,107.7862
FUND23,2024-05-07,106.4955
FUND23,2024-05-08,106.1516
FUND23,2024-05-09,107.695
FUND23,2024-05-10,108.8587
FUND23,2024-05-13,108.6251
FUND23,2024-05-14,108.6742
FUND23,2024-05-15,108.7983
FUND23,2024-05-16,107.6596
FUND23,2024-05-17,107.7618
FUND23,2024-05-20,108.2012
FUND23,2024-05-21,107.6625
FUND23,2024-05-22,107.3021
FUND23,2024-05-23,108.074
FUND23,2024-05-24,106.5957
FUND23,2024-05-27,104.982
FUND23,2024-05-28,105.739
FUND23,2024-05-29,106.1321
FUND23,2024-05-30,105.5088
FUND23,2024-05-31,106.1608
FUND23,2024-06-03,106.7996
FUND23,2024-06-04,106.3855
FUND23,2024-06-05,107.5747
FUND23,2024-06-06,108.5244
FUND23,2024-06-07,108.7325
FUND23,2024-06-10,109.1601
FUND23,2024-06-11,110.3327
FUND23,2024-06-12,113.108
FUND23,2024-06-13,112.9341
FUND23,2024-06-14,112.2884
FUND23,2024-06-17,112.586
FUND23,2024-06-18,111.5822
FUND23,2024-06-19,111.9095
FUND23,2024-06-20,111.574
FUND23,2024-06-21,111.5847
FUND23,2024-06-24,111.3059
FUND23,2024-06-25,113.8854
FUND23,2024-06-26,114.5875
FUND23,2024-06-27,112.9379
FUND23,2024-06-28,113.8645
FUND23,2024-07-01,113.8182
FUND23,2024-07-02,113.9604
FUND23,2024-07-03,114.1391
FUND23,2024-07-04,112.5999
FUND23,2024-07-05,113.916
FUND23,2024-07-08,113.1708
FUND23,2024-07-09,113.2392
FUND23,2024-07-10,113.996
FUND23,2024-07-11,114.4793
FUND23,2024-07-12,114.2027
FUND23,2024-07-15,113.5414
FUND23,2024-07-16,114.1336
FUND23,2024-07-17,116.0766
FUND23,2024-07-18,118.3433
FUND23,2024-07-19,117.9911
FUND23,2024-07-22,119.9646
FUND23,2024-07-23,122.919
FUND23,2024-07-24,122.1452
FUND23,2024-07-25,119.9957
FUND23,2024-07-26,120.6367
FUND23,2024-07-29,122.384
FUND23,2024-07-30,122.3802
FUND23,2024-07-31,123.8994
FUND23,2024-08-01,123.7695
FUND23,2024-08-02,125.5125
FUND23,2024-08-05,123.3893
FUND23,2024-08-06,124.9958
FUND23,2024-08-07,126.0118
FUND23,2024-08-08,124.8301
FUND23,2024-08-09,124.063
FUND23,2024-08-12,124.3137
FUND23,2024-08-13,124.7237
FUND23,2024-08-14,125.7471
FUND23,2024-08-15,125.4879
FUND23,2024-08-16,124.1557
FUND23,2024-08-19,121.6866
FUND23,2024-08-20,122.5495
FUND23,2024-08-21,119.8834
FUND23,2024-08-22,120.7291
FUND23,2024-08-23,121.769
FUND23,2024-08-26,121.2687
FUND23,2024-08-27,121.2378
FUND23,2024-08-28,119.817
FUND23,2024-08-29,120.2074
FUND23,2024-08-30,122.0222
FUND23,2024-09-02,122.3432
FUND23,2024-09-03,123.8573
FUND23,2024-09-04,123.9076
FUND23,2024-09-05,125.0118
FUND23,2024-09-06,125.7414
FUND23,2024-09-09,126.941
FUND23,2024-09-10,128.8807
FUND23,2024-09-11,128.0634
FUND23,2024-09-12,127.823
FUND23,2024-09-13,124.6223
FUND23,2024-09-16,126.1149
FUND23,2024-09-17,128.1837
FUND23,2024-09-18,129.7026
FUND23,2024-09-19,129.6095
FUND23,2024-09-20,128.7802
FUND23,2024-09-23,126.934
FUND23,2024-09-24,129.451
FUND23,2024-09-25,129.8813
FUND23,2024-09-26,128.2134
FUND23,2024-09-27,130.1801
FUND23,2024-09-30,128.9792
FUND23,2024-10-01,128.301
FUND23,2024-10-02,126.6471
FUND23,2024-10-03,124.4728
FUND23,2024-10-04,125.4758
FUND23,2024-10-07,124.5557
FUND23,2024-10-08,124.5772
FUND23,2024-10-09,123.4084
FUND23,2024-10-10,124.7009
FUND23,2024-10-11,126.3503
FUND23,2024-10-14,127.3082
FUND23,2024-10-15,126.4425
FUND23,2024-10-16,128.6405
FUND23,2024-10-17,128.0914
FUND23,2024-10-18,126.6399
FUND23,2024-10-21,126.5024
FUND23,2024-10-22,125.9441
FUND23,2024-10-23,125.5887
FUND23,2024-10-24,125.4842
FUND23,2024-10-25,129.6643
FUND23,2024-10-28,131.1063
FUND23,2024-10-29,130.5774
FUND23,2024-10-30,131.5201
FUND23,2024-10-31,128.9709
FUND23,2024-11-01,128.4449
FUND23,2024-11-04,127.6956
FUND23,2024-11-05,127.136
FUND23,2024-11-06,125.8672
FUND23,2024-11-07,125.5091
FUND23,2024-11-08,127.1046
FUND23,2024-11-11,126.5518
FUND23,2024-11-12,123.9708
FUND23,2024-11-13,122.559
FUND23,2024-11-14,122.9609
FUND23,2024-11-15,121.9645
FUND23,2024-11-18,123.1392
FUND23,2024-11-19,122.8957
FUND23,2024-11-20,123.5145
FUND23,2024-11-21,123.7574
FUND23,2024-11-22,122.9664
FUND23,2024-11-25,122.9337
FUND23,2024-11-26,122.9938
FUND23,2024-11-27,122.2201
FUND23,2024-11-28,123.8803
FUND23,2024-11-29,124.4999
FUND23,2024-12-02,123.2535
FUND23,2024-12-03,122.1699
FUND23,2024-12-04,120.3794
FUND23,2024-12-05,118.6089
FUND23,2024-12-06,118.9071
FUND23,2024-12-09,120.8748
FUND23,2024-12-10,121.4864
FUND23,2024-12-11,122.3779
FUND23,2024-12-12,122.148
FUND23,2024-12-13,123.7327
FUND23,2024-12-16,123.6023
FUND23,2024-12-17,124.5732
FUND23,2024-12-18,126.1715
FUND23,2024-12-19,127.9286
FUND23,2024-12-20,127.2932
FUND23,2024-12-23,127.2281
FUND23,2024-12-24,124.1858
FUND23,2024-12-25,125.8447
FUND23,2024-12-26,124.6759
FUND23,2024-12-27,126.1664
FUND23,2024-12-30,126.2736
FUND23,2024-12-31,126.504
FUND23,2025-01-01,127.9275
FUND23,2025-01-02,129.3942
FUND23,2025-01-03,129.8246
FUND23,2025-01-06,129.8985
FUND23,2025-01-07,130.0623
FUND23,2025-01-08,130.5542
FUND23,2025-01-09,132.6616
FUND23,2025-01-10,131.8291
FUND23,2025-01-13,132.0219
FUND23,2025-01-14,132.8277
FUND23,2025-01-15,132.5133
FUND23,2025-01-16,130.865
FUND23,2025-01-17,131.3548
FUND23,2025-01-20,130.7829
FUND23,2025-01-21,131.5968
FUND23,2025-01-22,130.8707
FUND23,2025-01-23,130.8281
FUND23,2025-01-24,130.4562
FUND23,2025-01-27,130.627
FUND23,2025-01-28,129.9123
FUND23,2025-01-29,131.04
FUND23,2025-01-30,131.8121
FUND23,2025-01-31,132.9257
FUND23,2025-02-03,133.2975
FUND23,2025-02-04,134.0729
FUND23,2025-02-05,136.2476
FUND23,2025-02-06,136.9221
FUND23,2025-02-07,135.7204
FUND23,2025-02-10,136.0561
FUND23,2025-02-11,135.0449
FUND23,2025-02-12,135.8704
FUND23,2025-02-13,134.4436
FUND23,2025-02-14,132.4956
FUND23,2025-02-17,135.0406
FUND23,2025-02-18,136.6182
FUND23,2025-02-19,137.7307
FUND23,2025-02-20,138.1718
FUND23,2025-02-21,138.6511
FUND23,2025-02-24,139.6018
FUND23,2025-02-25,139.7792
FUND23,2025-02-26,138.5115
FUND23,2025-02-27,137.6331
FUND23,2025-02-28,139.4077
FUND23,2025-03-03,137.8774
FUND23,2025-03-04,137.8384
FUND23,2025-03-05,136.1604
FUND23,2025-03-06,134.7119
FUND23,2025-03-07,136.1752
FUND23,2025-03-10,136.7894
FUND23,2025-03-11,136.1465
FUND23,2025-03-12,136.1796
FUND23,2025-03-13,134.3623
FUND23,2025-03-14,136.3214
FUND23,2025-03-17,138.1754
FUND23,2025-03-18,137.967
FUND23,2025-03-19,140.9457
FUND23,2025-03-20,140.8429
FUND23,2025-03-21,137.9892
FUND23,2025-03-24,139.4186
FUND23,2025-03-25,140.0888
FUND23,2025-03-26,141.19
FUND23,2025-03-27,142.9651
FUND23,2025-03-28,143.3512
FUND23,2025-03-31,142.3803
FUND23,2025-04-01,143.7698
FUND23,2025-04-02,145.0665
FUND23,2025-04-03,143.5726
FUND23,2025-04-04,143.6085
FUND23,2025-04-07,142.2228
FUND23,2025-04-08,141.736
FUND23,2025-04-09,143.4207
FUND23,2025-04-10,140.8982
FUND23,2025-04-11,142.3966
FUND23,2025-04-14,141.4769
FUND23,2025-04-15,141.5879
FUND23,2025-04-16,138.3232
FUND23,2025-04-17,136.5966
FUND23,2025-04-18,138.2191
FUND23,2025-04-21,138.8459
FUND23,2025-04-22,138.6149
FUND23,2025-04-23,137.1237
FUND23,2025-04-24,137.0518
FUND23,2025-04-25,136.2607
FUND23,2025-04-28,137.2875
FUND23,2025-04-29,136.7365
FUND23,2025-04-30,139.2893
FUND23,2025-05-01,139.267
FUND23,2025-05-02,141.5712
FUND23,2025-05-05,140.0592
FUND23,2025-05-06,140.7037
FUND23,2025-05-07,143.1052
FUND23,2025-05-08,142.8441
FUND23,2025-05-09,142.0783
FUND23,2025-05-12,141.5006
FUND23,2025-05-13,141.8045
FUND23,2025-05-14,143.4657
FUND23,2025-05-15,145.8094
FUND23,2025-05-16,145.9818
FUND23,2025-05-19,144.753
FUND23,2025-05-20,146.0347
FUND23,2025-05-21,146.7598
FUND23,2025-05-22,147.528
FUND23,2025-05-23,149.8215
FUND23,2025-05-26,152.4468
FUND23,2025-05-27,153.5447
FUND23,2025-05-28,154.5549
FUND23,2025-05-29,155.3287
FUND23,2025-05-30,156.3397
FUND23,2025-06-02,155.5898
FUND23,2025-06-03,156.139
FUND23,2025-06-04,156.9451
FUND23,2025-06-05,155.5881
FUND23,2025-06-06,154.134
FUND23,2025-06-09,152.0043
FUND23,2025-06-10,151.953
FUND23,2025-06-11,152.9638
FUND23,2025-06-12,151.5881
FUND23,2025-06-13,148.6755
FUND23,2025-06-16,146.0278
FUND23,2025-06-17,143.0244
FUND23,2025-06-18,141.2603
FUND23,2025-06-19,140.9204
FUND23,2025-06-20,144.7884
FUND23,2025-06-23,144.497
FUND23,2025-06-24,142.5974
FUND23,2025-06-25,140.8914
FUND23,2025-06-26,141.7377
FUND23,2025-06-27,141.4063
FUND23,2025-06-30,141.5362
FUND23,2025-07-01,142.9368
FUND23,2025-07-02,143.2698
FUND23,2025-07-03,142.7117
FUND23,2025-07-04,140.8214
FUND23,2025-07-07,139.4642
FUND23,2025-07-08,139.4202
FUND23,2025-07-09,140.499
FUND23,2025-07-10,139.9328
FUND23,2025-07-11,140.9535
FUND23,2025-07-14,143.7079
FUND23,2025-07-15,146.8466
FUND23,2025-07-16,150.8421
FUND23,2025-07-17,150.6184
FUND23,2025-07-18,151.7284
FUND23,2025-07-21,151.6019
FUND23,2025-07-22,151.2655
FUND23,2025-07-23,151.747
FUND23,2025-07-24,150.6164
FUND23,2025-07-25,150.4292
FUND23,2025-07-28,150.402
FUND23,2025-07-29,151.5714
FUND23,2025-07-30,152.8412
FUND23,2025-07-31,150.0574
FUND23,2025-08-01,150.1444
FUND23,2025-08-04,150.8671
FUND23,2025-08-05,152.5632
FUND23,2025-08-06,149.7734
FUND23,2025-08-07,148.1526
FUND23,2025-08-08,147.8962
FUND23,2025-08-11,146.1068
FUND23,2025-08-12,147.9951
FUND23,2025-08-13,146.7823
FUND23,2025-08-14,148.1646
FUND23,2025-08-15,147.7021
FUND23,2025-08-18,144.1322
FUND23,2025-08-19,143.0126
FUND23,2025-08-20,142.5691
FUND23,2025-08-21,141.7684
FUND23,2025-08-22,143.3271
FUND23,2025-08-25,140.4842
FUND23,2025-08-26,138.8106
FUND23,2025-08-27,139.2137
FUND23,2025-08-28,138.0904
FUND23,2025-08-29,138.5919
FUND23,2025-09-01,135.3539
FUND23,2025-09-02,133.0
FUND23,2025-09-03,130.346
FUND23,2025-09-04,129.7019
FUND23,2025-09-05,130.564
FUND23,2025-09-08,129.4784
FUND23,2025-09-09,130.7005
FUND23,2025-09-10,131.648
FUND23,2025-09-11,130.5486
FUND23,2025-09-12,132.3604
FUND23,2025-09-15,131.5752
FUND23,2025-09-16,127.8761
FUND23,2025-09-17,127.8537
FUND23,2025-09-18,128.7901
FUND23,2025-09-19,129.2123
FUND23,2025-09-22,129.1436
FUND23,2025-09-23,129.7571
FUND23,2025-09-24,129.0328
FUND23,2025-09-25,130.2224
FUND23,2025-09-26,127.1808
FUND23,2025-09-29,126.539
FUND23,2025-09-30,123.7061
FUND23,2025-10-01,122.3657
FUND23,2025-10-02,125.2028
FUND23,2025-10-03,124.0438
FUND23,2025-10-06,123.8794
FUND23,2025-10-07,124.4719
FUND23,2025-10-08,123.2387
FUND23,2025-10-09,125.2193
FUND23,2025-10-10,124.2475
FUND23,2025-10-13,123.5962
FUND23,2025-10-14,125.3076
FUND23,2025-10-15,124.6765
FUND23,2025-10-16,122.5852
FUND23,2025-10-17,124.2072
FUND23,2025-10-20,125.3721
FUND23,2025-10-21,127.8947
FUND23,2025-10-22,128.0387
FUND23,2025-10-23,129.6395
FUND23,2025-10-24,130.4566
FUND23,2025-10-27,130.4044
FUND23,2025-10-28,128.8918
FUND23,2025-10-29,130.6128
FUND23,2025-10-30,131.7917
FUND23,2025-10-31,131.7425
FUND23,2025-11-03,129.2344
FUND23,2025-11-04,131.4875
FUND23,2025-11-05,130.3909
FUND23,2025-11-06,135.3533
FUND23,2025-11-07,137.4859
FUND23,2025-11-10,136.8944
FUND23,2025-11-11,135.9454
FUND23,2025-11-12,135.4183
FUND23,2025-11-13,138.3205
FUND23,2025-11-14,136.1661
FUND23,2025-11-17,136.7301
FUND23,2025-11-18,135.5997
FUND23,2025-11-19,135.1162
FUND23,2025-11-20,136.3385
FUND23,2025-11-21,136.2812
FUND23,2025-11-24,135.8221
FUND24,2023-01-02,80.0886
FUND24,2023-01-03,79.9532
FUND24,2023-01-04,80.602
FUND24,2023-01-05,80.7167
FUND24,2023-01-06,80.6633
FUND24,2023-01-09,80.4756
FUND24,2023-01-10,81.376
FUND24,2023-01-11,81.0802
FUND24,2023-01-12,81.3675
FUND24,2023-01-13,81.2793
FUND24,2023-01-16,81.6738
FUND24,2023-01-17,82.0498
FUND24,2023-01-18,81.8841
FUND24,2023-01-19,81.8629
FUND24,2023-01-20,82.2816
FUND24,2023-01-23,82.1587
FUND24,2023-01-24,82.471
FUND24,2023-01-25,82.9179
FUND24,2023-01-26,83.3697
FUND24,2023-01-27,83.3373
FUND24,2023-01-30,83.8182
FUND24,2023-01-31,83.5321
FUND24,2023-02-01,84.3412
FUND24,2023-02-02,83.8715
FUND24,2023-02-03,83.8577
FUND24,2023-02-06,84.8973
FUND24,2023-02-07,84.4844
FUND24,2023-02-08,83.897
FUND24,2023-02-09,84.5212
FUND24,2023-02-10,84.752
FUND24,2023-02-13,84.6053
FUND24,2023-02-14,84.4097
FUND24,2023-02-15,83.8866
FUND24,2023-02-16,83.1726
FUND24,2023-02-17,83.8391
FUND24,2023-02-20,83.9864
FUND24,2023-02-21,84.338
FUND24,2023-02-22,83.372
FUND24,2023-02-23,83.5745
FUND24,2023-02-24,83.2918
FUND24,2023-02-27,82.8095
FUND24,2023-02-28,83.0465
FUND24,2023-03-01,82.6364
FUND24,2023-03-02,82.4428
FUND24,2023-03-03,82.3424
FUND24,2023-03-06,82.6812
FUND24,2023-03-07,82.4853
FUND24,2023-03-08,82.5809
FUND24,2023-03-09,83.2475
FUND24,2023-03-10,82.9031
FUND24,2023-03-13,83.7782
FUND24,2023-03-14,84.0779
FUND24,2023-03-15,83.8329
FUND24,2023-03-16,82.9783
FUND24,2023-03-17,83.4863
FUND24,2023-03-20,82.4354
FUND24,2023-03-21,83.5538
FUND24,2023-03-22,84.054
FUND24,2023-03-23,83.5977
FUND24,2023-03-24,84.195
FUND24,2023-03-27,84.1561
FUND24,2023-03-28,84.0707
FUND24,2023-03-29,84.4111
FUND24,2023-03-30,84.5057
FUND24,2023-03-31,84.7549
FUND24,2023-04-03,84.5461
FUND24,2023-04-04,84.9038
FUND24,2023-04-05,85.275
FUND24,2023-04-06,84.9947
FUND24,2023-04-07,85.74
FUND24,2023-04-10,86.0392
FUND24,2023-04-11,85.9975
FUND24,2023-04-12,86.4873
FUND24,2023-04-13,86.6104
FUND24,2023-04-14,87.46
FUND24,2023-04-17,87.3425
FUND24,2023-04-18,88.2504
FUND24,2023-04-19,89.1507
FUND24,2023-04-20,89.256
FUND24,2023-04-21,88.6347
FUND24,2023-04-24,88.5228
FUND24,2023-04-25,88.4058
FUND24,2023-04-26,89.6434
FUND24,2023-04-27,89.6441
FUND24,2023-04-28,89.8111
FUND24,2023-05-01,90.2095
FUND24,2023-05-02,89.8895
FUND24,2023-05-03,89.5823
FUND24,2023-05-04,90.172
FUND24,2023-05-05,91.0128
FUND24,2023-05-08,91.4648
FUND24,2023-05-09,92.3194
FUND24,2023-05-10,92.0774
FUND24,2023-05-11,91.9135
FUND24,2023-05-12,91.7997
FUND24,2023-05-15,90.7522
FUND24,2023-05-16,90.9121
FUND24,2023-05-17,90.4616
FUND24,2023-05-18,90.2331
FUND24,2023-05-19,88.8655
FUND24,2023-05-22,88.2227
FUND24,2023-05-23,89.1911
FUND24,2023-05-24,89.0362
FUND24,2023-05-25,88.767
FUND24,2023-05-26,88.8489
FUND24,2023-05-29,89.2297
FUND24,2023-05-30,88.679
FUND24,2023-05-31,88.0077
FUND24,2023-06-01,87.2718
FUND24,2023-06-02,87.614
FUND24,2023-06-05,87.9039
FUND24,2023-06-06,88.5644
FUND24,2023-06-07,88.5915
FUND24,2023-06-08,88.623
FUND24,2023-06-09,88.2685
FUND24,2023-06-12,88.783
FUND24,2023-06-13,88.4304
FUND24,2023-06-14,87.3987
FUND24,2023-06-15,87.9079
FUND24,2023-06-16,87.1351
FUND24,2023-06-19,87.243
FUND24,2023-06-20,87.6721
FUND24,2023-06-21,87.1465
FUND24,2023-06-22,87.4784
FUND24,2023-06-23,88.124
FUND24,2023-06-26,88.0666
FUND24,2023-06-27,88.26
FUND24,2023-06-28,88.4032
FUND24,2023-06-29,88.6171
FUND24,2023-06-30,88.6419
FUND24,2023-07-03,88.9772
FUND24,2023-07-04,89.7181
FUND24,2023-07-05,89.8346
FUND24,2023-07-06,89.6126
FUND24,2023-07-07,89.3395
FUND24,2023-07-10,89.3782
FUND24,2023-07-11,89.7545
FUND24,2023-07-12,89.3746
FUND24,2023-07-13,89.945
FUND24,2023-07-14,90.3692
FUND24,2023-07-17,90.5619
FUND24,2023-07-18,90.8249
FUND24,2023-07-19,90.0304
FUND24,2023-07-20,89.0033
FUND24,2023-07-21,89.4385
FUND24,2023-07-24,89.441
FUND24,2023-07-25,90.2965
FUND24,2023-07-26,90.1533
FUND24,2023-07-27,89.9662
FUND24,2023-07-28,89.7572
FUND24,2023-07-31,90.7315
FUND24,2023-08-01,91.3722
FUND24,2023-08-02,90.8813
FUND24,2023-08-03,90.0043
FUND24,2023-08-04,89.2589
FUND24,2023-08-07,89.6522
FUND24,2023-08-08,89.6193
FUND24,2023-08-09,90.7585
FUND24,2023-08-10,90.9262
FUND24,2023-08-11,90.35
FUND24,2023-08-14,89.982
FUND24,2023-08-15,90.8599
FUND24,2023-08-16,91.1716
FUND24,2023-08-17,91.505
FUND24,2023-08-18,91.9427
FUND24,2023-08-21,91.9199
FUND24,2023-08-22,91.8534
FUND24,2023-08-23,91.6019
FUND24,2023-08-24,92.8619
FUND24,2023-08-25,92.5353
FUND24,2023-08-28,91.7807
FUND24,2023-08-29,91.7902
FUND24,2023-08-30,91.8547
FUND24,2023-08-31,91.4369
FUND24,2023-09-01,92.0066
FUND24,2023-09-04,92.0488
FUND24,2023-09-05,93.2172
FUND24,2023-09-06,93.2011
FUND24,2023-09-07,92.4197
FUND24,2023-09-08,92.1072
FUND24,2023-09-11,91.7204
FUND24,2023-09-12,91.0336
FUND24,2023-09-13,91.309
FUND24,2023-09-14,91.0891
FUND24,2023-09-15,91.6917
FUND24,2023-09-18,91.5946
FUND24,2023-09-19,90.8977
FUND24,2023-09-20,91.6727
FUND24,2023-09-21,90.4127
FUND24,2023-09-22,89.2801
FUND24,2023-09-25,89.5246
FUND24,2023-09-26,90.3553
FUND24,2023-09-27,90.7413
FUND24,2023-09-28,90.5484
FUND24,2023-09-29,91.3849
FUND24,2023-10-02,90.8376
FUND24,2023-10-03,89.8972
FUND24,2023-10-04,90.0792
FUND24,2023-10-05,90.8609
FUND24,2023-10-06,91.2403
FUND24,2023-10-09,90.8536
FUND24,2023-10-10,90.817
FUND24,2023-10-11,90.6049
FUND24,2023-10-12,90.063
FUND24,2023-10-13,90.4357
FUND24,2023-10-16,90.7358
FUND24,2023-10-17,90.3031
FUND24,2023-10-18,90.3976
FUND24,2023-10-19,91.2937
FUND24,2023-10-20,90.2693
FUND24,2023-10-23,90.4322
FUND24,2023-10-24,89.6814
FUND24,2023-10-25,89.691
FUND24,2023-10-26,89.8228
FUND24,2023-10-27,89.6647
FUND24,2023-10-30,89.3871
FUND24,2023-10-31,89.0187
FUND24,2023-11-01,89.4345
FUND24,2023-11-02,90.3866
FUND24,2023-11-03,90.7807
FUND24,2023-11-06,90.6243
FUND24,2023-11-07,90.3304
FUND24,2023-11-08,90.6779
FUND24,2023-11-09,90.1718
FUND24,2023-11-10,90.0895
FUND24,2023-11-13,90.29
FUND24,2023-11-14,90.2207
FUND24,2023-11-15,89.2973
FUND24,2023-11-16,89.8092
FUND24,2023-11-17,89.9947
FUND24,2023-11-20,89.1442
FUND24,2023-11-21,88.7834
FUND24,2023-11-22,89.5725
FUND24,2023-11-23,89.3099
FUND24,2023-11-24,88.9672
FUND24,2023-11-27,89.443
FUND24,2023-11-28,89.4539
FUND24,2023-11-29,89.2951
FUND24,2023-11-30,88.221
FUND24,2023-12-01,87.7797
FUND24,2023-12-04,87.5164
FUND24,2023-12-05,88.0418
FUND24,2023-12-06,89.3443
FUND24,2023-12-07,89.5301
FUND24,2023-12-08,90.3191
FUND24,2023-12-11,90.8516
FUND24,2023-12-12,90.5805
FUND24,2023-12-13,90.4207
FUND24,2023-12-14,90.1693
FUND24,2023-12-15,90.8496
FUND24,2023-12-18,90.6768
FUND24,2023-12-19,91.0056
FUND24,2023-12-20,91.0387
FUND24,2023-12-21,91.0925
FUND24,2023-12-22,91.4228
FUND24,2023-12-25,91.8004
FUND24,2023-12-26,91.5481
FUND24,2023-12-27,91.7316
FUND24,2023-12-28,92.5674
FUND24,2023-12-29,92.6937
FUND24,2024-01-01,92.5978
FUND24,2024-01-02,92.4408
FUND24,2024-01-03,92.4602
FUND24,2024-01-04,92.2676
FUND24,2024-01-05,91.8426
FUND24,2024-01-08,93.1506
FUND24,2024-01-09,92.3415
FUND24,2024-01-10,91.9812
FUND24,2024-01-11,90.7937
FUND24,2024-01-12,91.4203
FUND24,2024-01-15,90.9022
FUND24,2024-01-16,91.3457
FUND24,2024-01-17,91.0521
FUND24,2024-01-18,90.6467
FUND24,2024-01-19,90.0772
FUND24,2024-01-22,89.8546
FUND24,2024-01-23,89.9762
FUND24,2024-01-24,90.3513
FUND24,2024-01-25,89.7641
FUND24,2024-01-26,89.8522
FUND24,2024-01-29,90.5601
FUND24,2024-01-30,90.9748
FUND24,2024-01-31,91.0641
FUND24,2024-02-01,90.8199
FUND24,2024-02-02,90.3874
FUND24,2024-02-05,89.7577
FUND24,2024-02-06,91.1821
FUND24,2024-02-07,91.4843
FUND24,2024-02-08,91.0485
FUND24,2024-02-09,89.7407
FUND24,2024-02-12,89.1793
FUND24,2024-02-13,89.0944
FUND24,2024-02-14,88.6537
FUND24,2024-02-15,88.5626
FUND24,2024-02-16,89.3011
FUND24,2024-02-19,88.2669
FUND24,2024-02-20,89.0849
FUND24,2024-02-21,88.8318
FUND24,2024-02-22,89.5663
FUND24,2024-02-23,89.1158
FUND24,2024-02-26,89.068
FUND24,2024-02-27,89.3709
FUND24,2024-02-28,90.2112
FUND24,2024-02-29,90.7801
FUND24,2024-03-01,90.6596
FUND24,2024-03-04,91.0275
FUND24,2024-03-05,91.8797
FUND24,2024-03-06,91.6898
FUND24,2024-03-07,91.9196
FUND24,2024-03-08,91.1866
FUND24,2024-03-11,91.3582
FUND24,2024-03-12,91.6732
FUND24,2024-03-13,91.9994
FUND24,2024-03-14,92.1324
FUND24,2024-03-15,93.1715
FUND24,2024-03-18,93.688
FUND24,2024-03-19,93.8429
FUND24,2024-03-20,93.2374
FUND24,2024-03-21,91.984
FUND24,2024-03-22,93.2741
FUND24,2024-03-25,92.7424
FUND24,2024-03-26,92.5517
FUND24,2024-03-27,93.1773
FUND24,2024-03-28,92.9199
FUND24,2024-03-29,92.9653
FUND24,2024-04-01,92.9905
FUND24,2024-04-02,92.3975
FUND24,2024-04-03,92.7973
FUND24,2024-04-04,92.4603
FUND24,2024-04-05,92.8105
FUND24,2024-04-08,92.5532
FUND24,2024-04-09,92.0807
FUND24,2024-04-10,91.5327
FUND24,2024-04-11,92.012
FUND24,2024-04-12,90.9943
FUND24,2024-04-15,90.3451
FUND24,2024-04-16,90.5757
FUND24,2024-04-17,90.4673
FUND24,2024-04-18,90.74
FUND24,2024-04-19,90.2871
FUND24,2024-04-22,89.8485
FUND24,2024-04-23,90.5913
FUND24,2024-04-24,91.7181
FUND24,2024-04-25,92.0043
FUND24,2024-04-26,92.6217
FUND24,2024-04-29,92.7937
FUND24,2024-04-30,92.3126
FUND24,2024-05-01,93.0663
FUND24,2024-05-02,92.9628
FUND24,2024-05-03,93.0444
FUND24,2024-05-06,92.9904
FUND24,2024-05-07,91.4924
FUND24,2024-05-08,90.829
FUND24,2024-05-09,90.5727
FUND24,2024-05-10,91.2084
FUND24,2024-05-13,91.1197
FUND24,2024-05-14,91.7842
FUND24,2024-05-15,92.3462
FUND24,2024-05-16,92.2168
FUND24,2024-05-17,92.019
FUND24,2024-05-20,91.9369
FUND24,2024-05-21,91.61
FUND24,2024-05-22,91.899
FUND24,2024-05-23,92.788
FUND24,2024-05-24,92.0835
FUND24,2024-05-27,91.6348
FUND24,2024-05-28,91.9111
FUND24,2024-05-29,92.4362
FUND24,2024-05-30,92.666
FUND24,2024-05-31,93.0049
FUND24,2024-06-03,92.7243
FUND24,2024-06-04,92.9768
FUND24,2024-06-05,92.5091
FUND24,2024-06-06,94.1631
FUND24,2024-06-07,94.6991
FUND24,2024-06-10,94.1121
FUND24,2024-06-11,94.8617
FUND24,2024-06-12,94.5065
FUND24,2024-06-13,93.8569
FUND24,2024-06-14,93.6353
FUND24,2024-06-17,93.3936
FUND24,2024-06-18,93.9397
FUND24,2024-06-19,94.5204
FUND24,2024-06-20,94.2927
FUND24,2024-06-21,93.8979
FUND24,2024-06-24,94.1448
FUND24,2024-06-25,93.9794
FUND24,2024-06-26,94.4262
FUND24,2024-06-27,95.5495
FUND24,2024-06-28,94.8279
FUND24,2024-07-01,94.8665
FUND24,2024-07-02,94.42
FUND24,2024-07-03,94.4625
FUND24,2024-07-04,94.7415
FUND24,2024-07-05,95.4334
FUND24,2024-07-08,94.9988
FUND24,2024-07-09,93.9904
FUND24,2024-07-10,94.8525
FUND24,2024-07-11,94.0791
FUND24,2024-07-12,93.6182
FUND24,2024-07-15,93.7134
FUND24,2024-07-16,94.6665
FUND24,2024-07-17,95.0126
FUND24,2024-07-18,94.7
FUND24,2024-07-19,94.3556
FUND24,2024-07-22,94.5349
FUND24,2024-07-23,95.4604
FUND24,2024-07-24,94.6962
FUND24,2024-07-25,94.6878
FUND24,2024-07-26,95.4497
FUND24,2024-07-29,95.1182
FUND24,2024-07-30,94.4062
FUND24,2024-07-31,94.1569
FUND24,2024-08-01,94.0874
FUND24,2024-08-02,94.6333
FUND24,2024-08-05,94.8398
FUND24,2024-08-06,94.1957
FUND24,2024-08-07,94.6287
FUND24,2024-08-08,93.3346
FUND24,2024-08-09,93.5801
FUND24,2024-08-12,94.4862
FUND24,2024-08-13,94.476
FUND24,2024-08-14,93.5536
FUND24,2024-08-15,93.4019
FUND24,2024-08-16,92.3303
FUND24,2024-08-19,92.2248
FUND24,2024-08-20,92.2239
FUND24,2024-08-21,92.7018
FUND24,2024-08-22,92.8113
FUND24,2024-08-23,92.9072
FUND24,2024-08-26,93.5445
FUND24,2024-08-27,93.1353
FUND24,2024-08-28,93.7925
FUND24,2024-08-29,94.4863
FUND24,2024-08-30,95.0366
FUND24,2024-09-02,95.5316
FUND24,2024-09-03,96.0887
FUND24,2024-09-04,96.2841
FUND24,2024-09-05,96.9154
FUND24,2024-09-06,96.5434
FUND24,2024-09-09,96.8927
FUND24,2024-09-10,97.7339
FUND24,2024-09-11,97.9127
FUND24,2024-09-12,97.4017
FUND24,2024-09-13,96.673
FUND24,2024-09-16,96.8624
FUND24,2024-09-17,97.1123
FUND24,2024-09-18,96.9273
FUND24,2024-09-19,96.9879
FUND24,2024-09-20,97.219
FUND24,2024-09-23,97.1616
FUND24,2024-09-24,97.8426
FUND24,2024-09-25,97.4339
FUND24,2024-09-26,98.7868
FUND24,2024-09-27,99.3398
FUND24,2024-09-30,100.0697
FUND24,2024-10-01,99.0794
FUND24,2024-10-02,98.6745
FUND24,2024-10-03,99.3554
FUND24,2024-10-04,100.1868
FUND24,2024-10-07,100.0373
FUND24,2024-10-08,100.3557
FUND24,2024-10-09,101.1662
FUND24,2024-10-10,101.8915
FUND24,2024-10-11,100.7457
FUND24,2024-10-14,101.096
FUND24,2024-10-15,101.6547
FUND24,2024-10-16,101.1343
FUND24,2024-10-17,100.8567
FUND24,2024-10-18,100.687
FUND24,2024-10-21,99.9867
FUND24,2024-10-22,99.6151
FUND24,2024-10-23,100.5134
FUND24,2024-10-24,99.2228
FUND24,2024-10-25,98.67
FUND24,2024-10-28,98.5059
FUND24,2024-10-29,99.035
FUND24,2024-10-30,97.7974
FUND24,2024-10-31,96.7353
FUND24,2024-11-01,95.8816
FUND24,2024-11-04,95.8966
FUND24,2024-11-05,96.5068
FUND24,2024-11-06,96.4235
FUND24,2024-11-07,96.9161
FUND24,2024-11-08,96.695
FUND24,2024-11-11,97.2705
FUND24,2024-11-12,97.6912
FUND24,2024-11-13,97.9624
FUND24,2024-11-14,97.4574
FUND24,2024-11-15,97.3614
FUND24,2024-11-18,97.7929
FUND24,2024-11-19,97.5143
FUND24,2024-11-20,98.0258
FUND24,2024-11-21,99.1163
FUND24,2024-11-22,99.6705
FUND24,2024-11-25,100.4904
FUND24,2024-11-26,101.3501
FUND24,2024-11-27,102.3345
FUND24,2024-11-28,102.6281
FUND24,2024-11-29,103.3424
FUND24,2024-12-02,103.6654
FUND24,2024-12-03,104.3183
FUND24,2024-12-04,104.3074
FUND24,2024-12-05,104.2624
FUND24,2024-12-06,104.4002
FUND24,2024-12-09,105.1573
FUND24,2024-12-10,104.5435
FUND24,2024-12-11,104.2375
FUND24,2024-12-12,103.8932
FUND24,2024-12-13,102.8759
FUND24,2024-12-16,101.9999
FUND24,2024-12-17,102.7638
FUND24,2024-12-18,102.9011
FUND24,2024-12-19,102.8165
FUND24,2024-12-20,103.3615
FUND24,2024-12-23,101.5826
FUND24,2024-12-24,101.0669
FUND24,2024-12-25,100.3275
FUND24,2024-12-26,101.0232
FUND24,2024-12-27,100.5946
FUND24,2024-12-30,100.4534
FUND24,2024-12-31,101.5244
FUND24,2025-01-01,101.9295
FUND24,2025-01-02,101.8953
FUND24,2025-01-03,102.0441
FUND24,2025-01-06,101.8453
FUND24,2025-01-07,101.5248
FUND24,2025-01-08,100.9661
FUND24,2025-01-09,101.1967
FUND24,2025-01-10,101.108
FUND24,2025-01-13,100.9975
FUND24,2025-01-14,103.0198
FUND24,2025-01-15,102.6867
FUND24,2025-01-16,103.8921
FUND24,2025-01-17,104.3798
FUND24,2025-01-20,104.6044
FUND24,2025-01-21,104.9959
FUND24,2025-01-22,103.876
FUND24,2025-01-23,104.2952
FUND24,2025-01-24,104.2291
FUND24,2025-01-27,104.6371
FUND24,2025-01-28,103.8861
FUND24,2025-01-29,103.8239
FUND24,2025-01-30,104.5065
FUND24,2025-01-31,105.0147
FUND24,2025-02-03,106.0524
FUND24,2025-02-04,105.9739
FUND24,2025-02-05,104.9508
FUND24,2025-02-06,105.0335
FUND24,2025-02-07,104.6628
FUND24,2025-02-10,106.0983
FUND24,2025-02-11,107.7107
FUND24,2025-02-12,107.4264
FUND24,2025-02-13,107.1488
FUND24,2025-02-14,107.441
FUND24,2025-02-17,107.7695
FUND24,2025-02-18,106.1646
FUND24,2025-02-19,107.3963
FUND24,2025-02-20,107.7477
FUND24,2025-02-21,109.1352
FUND24,2025-02-24,109.2565
FUND24,2025-02-25,109.7871
FUND24,2025-02-26,109.8314
FUND24,2025-02-27,110.6522
FUND24,2025-02-28,111.666
FUND24,2025-03-03,112.1639
FUND24,2025-03-04,111.8771
FUND24,2025-03-05,111.3021
FUND24,2025-03-06,109.8335
FUND24,2025-03-07,110.3208
FUND24,2025-03-10,111.7153
FUND24,2025-03-11,111.8689
FUND24,2025-03-12,112.4245
FUND24,2025-03-13,113.1017
FUND24,2025-03-14,112.2714
FUND24,2025-03-17,111.6009
FUND24,2025-03-18,111.0787
FUND24,2025-03-19,112.4819
FUND24,2025-03-20,113.0684
FUND24,2025-03-21,113.3275
FUND24,2025-03-24,113.2289
FUND24,2025-03-25,113.4647
FUND24,2025-03-26,113.9299
FUND24,2025-03-27,113.8389
FUND24,2025-03-28,114.0139
FUND24,2025-03-31,114.997
FUND24,2025-04-01,115.2213
FUND24,2025-04-02,113.9919
FUND24,2025-04-03,114.1373
FUND24,2025-04-04,114.3511
FUND24,2025-04-07,114.2098
FUND24,2025-04-08,115.8311
FUND24,2025-04-09,115.9541
FUND24,2025-04-10,115.8065
FUND24,2025-04-11,115.1078
FUND24,2025-04-14,114.9766
FUND24,2025-04-15,116.2381
FUND24,2025-04-16,115.881
FUND24,2025-04-17,116.4109
FUND24,2025-04-18,115.2858
FUND24,2025-04-21,115.4624
FUND24,2025-04-22,115.4631
FUND24,2025-04-23,115.1217
FUND24,2025-04-24,115.3062
FUND24,2025-04-25,116.0266
FUND24,2025-04-28,117.1821
FUND24,2025-04-29,116.854
FUND24,2025-04-30,118.3496
FUND24,2025-05-01,119.6626
FUND24,2025-05-02,120.215
FUND24,2025-05-05,119.9965
FUND24,2025-05-06,118.4452
FUND24,2025-05-07,118.4269
FUND24,2025-05-08,120.0001
FUND24,2025-05-09,118.8257
FUND24,2025-05-12,119.187
FUND24,2025-05-13,120.5685
FUND24,2025-05-14,121.6228
FUND24,2025-05-15,120.9726
FUND24,2025-05-16,120.1521
FUND24,2025-05-19,119.9715
FUND24,2025-05-20,120.5558
FUND24,2025-05-21,121.6489
FUND24,2025-05-22,122.5289
FUND24,2025-05-23,121.3878
FUND24,2025-05-26,120.5768
FUND24,2025-05-27,120.8567
FUND24,2025-05-28,120.8173
FUND24,2025-05-29,120.2946
FUND24,2025-05-30,121.0751
FUND24,2025-06-02,119.5121
FUND24,2025-06-03,119.1999
FUND24,2025-06-04,119.8921
FUND24,2025-06-05,120.8735
FUND24,2025-06-06,120.4746
FUND24,2025-06-09,120.0535
FUND24,2025-06-10,120.3076
FUND24,2025-06-11,120.1814
FUND24,2025-06-12,120.8075
FUND24,2025-06-13,121.7078
FUND24,2025-06-16,122.0987
FUND24,2025-06-17,121.2255
FUND24,2025-06-18,121.0146
FUND24,2025-06-19,120.4032
FUND24,2025-06-20,120.5021
FUND24,2025-06-23,119.9676
FUND24,2025-06-24,120.009
FUND24,2025-06-25,120.9539
FUND24,2025-06-26,120.9029
FUND24,2025-06-27,119.1716
FUND24,2025-06-30,118.2132
FUND24,2025-07-01,118.3727
FUND24,2025-07-02,117.2499
FUND24,2025-07-03,117.6873
FUND24,2025-07-04,118.1658
FUND24,2025-07-07,118.4474
FUND24,2025-07-08,118.7254
FUND24,2025-07-09,119.0177
FUND24,2025-07-10,119.946
FUND24,2025-07-11,120.2783
FUND24,2025-07-14,120.5575
FUND24,2025-07-15,120.5792
FUND24,2025-07-16,119.9559
FUND24,2025-07-17,118.0403
FUND24,2025-07-18,116.8609
FUND24,2025-07-21,116.5017
FUND24,2025-07-22,116.5567
FUND24,2025-07-23,116.3928
FUND24,2025-07-24,118.1492
FUND24,2025-07-25,117.2197
FUND24,2025-07-28,118.5522
FUND24,2025-07-29,119.2608
FUND24,2025-07-30,119.8782
FUND24,2025-07-31,119.3015
FUND24,2025-08-01,118.913
FUND24,2025-08-04,117.7532
FUND24,2025-08-05,118.7108
FUND24,2025-08-06,118.3719
FUND24,2025-08-07,117.8564
FUND24,2025-08-08,118.6942
FUND24,2025-08-11,118.3541
FUND24,2025-08-12,118.0425
FUND24,2025-08-13,117.5082
FUND24,2025-08-14,118.3454
FUND24,2025-08-15,118.2678
FUND24,2025-08-18,116.7888
FUND24,2025-08-19,117.1119
FUND24,2025-08-20,117.3897
FUND24,2025-08-21,118.1629
FUND24,2025-08-22,119.6374
FUND24,2025-08-25,120.8556
FUND24,2025-08-26,120.5077
FUND24,2025-08-27,120.5768
FUND24,2025-08-28,121.5915
FUND24,2025-08-29,121.7245
FUND24,2025-09-01,121.9347
FUND24,2025-09-02,122.2695
FUND24,2025-09-03,122.0034
FUND24,2025-09-04,122.4262
FUND24,2025-09-05,122.8004
FUND24,2025-09-08,122.3748
FUND24,2025-09-09,121.411
FUND24,2025-09-10,121.3764
FUND24,2025-09-11,122.9755
FUND24,2025-09-12,121.6354
FUND24,2025-09-15,122.9719
FUND24,2025-09-16,124.084
FUND24,2025-09-17,123.4743
FUND24,2025-09-18,124.4894
FUND24,2025-09-19,124.5684
FUND24,2025-09-22,125.3415
FUND24,2025-09-23,127.3969
FUND24,2025-09-24,127.2349
FUND24,2025-09-25,128.1199
FUND24,2025-09-26,128.3178
FUND24,2025-09-29,128.304
FUND24,2025-09-30,127.4221
FUND24,2025-10-01,127.4805
FUND24,2025-10-02,126.5207
FUND24,2025-10-03,126.5366
FUND24,2025-10-06,126.3076
FUND24,2025-10-07,126.9186
FUND24,2025-10-08,127.4565
FUND24,2025-10-09,127.5897
FUND24,2025-10-10,128.3523
FUND24,2025-10-13,127.5861
FUND24,2025-10-14,126.987
FUND24,2025-10-15,127.7051
FUND24,2025-10-16,127.145
FUND24,2025-10-17,128.0896
FUND24,2025-10-20,128.5225
FUND24,2025-10-21,128.2323
FUND24,2025-10-22,127.9206
FUND24,2025-10-23,127.1536
FUND24,2025-10-24,126.0203
FUND24,2025-10-27,124.9134
FUND24,2025-10-28,124.1127
FUND24,2025-10-29,124.8341
FUND24,2025-10-30,125.3769
FUND24,2025-10-31,127.2589
FUND24,2025-11-03,126.7723
FUND24,2025-11-04,126.4516
FUND24,2025-11-05,126.5751
FUND24,2025-11-06,127.1413
FUND24,2025-11-07,127.993
FUND24,2025-11-10,127.6413
FUND24,2025-11-11,127.8417
FUND24,2025-11-12,127.4674
FUND24,2025-11-13,127.2533
FUND24,2025-11-14,127.6754
FUND24,2025-11-17,126.3218
FUND24,2025-11-18,127.187
FUND24,2025-11-19,127.0674
FUND24,2025-11-20,127.404
FUND24,2025-11-21,127.629
FUND24,2025-11-24,127.309
FUND25,2023-01-02,93.4566
FUND25,2023-01-03,93.8218
FUND25,2023-01-04,95.7049
FUND25,2023-01-05,94.8003
FUND25,2023-01-06,94.9264
FUND25,2023-01-09,94.4022
FUND25,2023-01-10,94.8805
FUND25,2023-01-11,95.5331
FUND25,2023-01-12,95.6525
FUND25,2023-01-13,94.4047
FUND25,2023-01-16,93.7363
FUND25,2023-01-17,94.3019
FUND25,2023-01-18,93.0708
FUND25,2023-01-19,93.4263
FUND25,2023-01-20,93.9603
FUND25,2023-01-23,94.7157
FUND25,2023-01-24,95.3916
FUND25,2023-01-25,94.2589
FUND25,2023-01-26,93.2591
FUND25,2023-01-27,91.5702
FUND25,2023-01-30,92.3814
FUND25,2023-01-31,92.6475
FUND25,2023-02-01,92.3819
FUND25,2023-02-02,92.9796
FUND25,2023-02-03,91.862
FUND25,2023-02-06,91.813
FUND25,2023-02-07,91.5227
FUND25,2023-02-08,91.4635
FUND25,2023-02-09,91.6265
FUND25,2023-02-10,92.0504
FUND25,2023-02-13,91.3352
FUND25,2023-02-14,90.2694
FUND25,2023-02-15,90.9376
FUND25,2023-02-16,91.1535
FUND25,2023-02-17,89.6811
FUND25,2023-02-20,89.4054
FUND25,2023-02-21,89.33
FUND25,2023-02-22,88.944
FUND25,2023-02-23,89.1355
FUND25,2023-02-24,88.8923
FUND25,2023-02-27,89.152
FUND25,2023-02-28,88.9245
FUND25,2023-03-01,89.6277
FUND25,2023-03-02,88.4716
FUND25,2023-03-03,88.073
FUND25,2023-03-06,88.5939
FUND25,2023-03-07,87.8059
FUND25,2023-03-08,86.493
FUND25,2023-03-09,86.3176
FUND25,2023-03-10,85.4542
FUND25,2023-03-13,86.1494
FUND25,2023-03-14,85.5092
FUND25,2023-03-15,83.2992
FUND25,2023-03-16,82.846
FUND25,2023-03-17,82.8684
FUND25,2023-03-20,83.0095
FUND25,2023-03-21,83.0901
FUND25,2023-03-22,82.7897
FUND25,2023-03-23,82.4099
FUND25,2023-03-24,83.2788
FUND25,2023-03-27,83.9177
FUND25,2023-03-28,84.197
FUND25,2023-03-29,84.1126
FUND25,2023-03-30,84.5361
FUND25,2023-03-31,84.6046
FUND25,2023-04-03,84.6283
FUND25,2023-04-04,84.8087
FUND25,2023-04-05,84.4121
FUND25,2023-04-06,85.9485
FUND25,2023-04-07,85.2669
FUND25,2023-04-10,84.2495
FUND25,2023-04-11,84.3153
FUND25,2023-04-12,82.9768
FUND25,2023-04-13,83.1963
FUND25,2023-04-14,81.9922
FUND25,2023-04-17,81.8798
FUND25,2023-04-18,82.9234
FUND25,2023-04-19,82.714
FUND25,2023-04-20,82.4729
FUND25,2023-04-21,83.9599
FUND25,2023-04-24,84.0026
FUND25,2023-04-25,82.7776
FUND25,2023-04-26,83.3997
FUND25,2023-04-27,83.9829
FUND25,2023-04-28,84.4599
FUND25,2023-05-01,84.9634
FUND25,2023-05-02,85.4504
FUND25,2023-05-03,86.4372
FUND25,2023-05-04,86.3117
FUND25,2023-05-05,85.5714
FUND25,2023-05-08,85.8061
FUND25,2023-05-09,86.0939
FUND25,2023-05-10,86.4106
FUND25,2023-05-11,87.0558
FUND25,2023-05-12,87.6853
FUND25,2023-05-15,87.9855
FUND25,2023-05-16,87.3111
FUND25,2023-05-17,86.7533
FUND25,2023-05-18,86.9123
FUND25,2023-05-19,86.6067
FUND25,2023-05-22,86.4653
FUND25,2023-05-23,84.7369
FUND25,2023-05-24,85.6263
FUND25,2023-05-25,85.1924
FUND25,2023-05-26,86.2152
FUND25,2023-05-29,85.1082
FUND25,2023-05-30,86.4193
FUND25,2023-05-31,87.284
FUND25,2023-06-01,85.9832
FUND25,2023-06-02,86.5016
FUND25,2023-06-05,85.6869
FUND25,2023-06-06,86.3133
FUND25,2023-06-07,86.9717
FUND25,2023-06-08,86.935
FUND25,2023-06-09,86.8625
FUND25,2023-06-12,86.5949
FUND25,2023-06-13,87.2739
FUND25,2023-06-14,88.334
FUND25,2023-06-15,89.1404
FUND25,2023-06-16,89.8302
FUND25,2023-06-19,91.3944
FUND25,2023-06-20,92.0251
FUND25,2023-06-21,91.9342
FUND25,2023-06-22,92.0683
FUND25,2023-06-23,91.9384
FUND25,2023-06-26,91.5405
FUND25,2023-06-27,91.6799
FUND25,2023-06-28,91.7369
FUND25,2023-06-29,93.0265
FUND25,2023-06-30,92.5535
FUND25,2023-07-03,92.0923
FUND25,2023-07-04,92.0189
FUND25,2023-07-05,90.7694
FUND25,2023-07-06,91.8104
FUND25,2023-07-07,93.0076
FUND25,2023-07-10,93.0923
FUND25,2023-07-11,92.9105
FUND25,2023-07-12,93.4227
FUND25,2023-07-13,93.516
FUND25,2023-07-14,94.5823
FUND25,2023-07-17,94.7636
FUND25,2023-07-18,96.1265
FUND25,2023-07-19,97.1708
FUND25,2023-07-20,96.8013
FUND25,2023-07-21,97.3262
FUND25,2023-07-24,98.143
FUND25,2023-07-25,98.3983
FUND25,2023-07-26,97.9661
FUND25,2023-07-27,98.2865
FUND25,2023-07-28,96.8936
FUND25,2023-07-31,97.8152
FUND25,2023-08-01,98.2352
FUND25,2023-08-02,97.3967
FUND25,2023-08-03,97.263
FUND25,2023-08-04,97.9558
FUND25,2023-08-07,96.716
FUND25,2023-08-08,98.3108
FUND25,2023-08-09,97.6783
FUND25,2023-08-10,98.2206
FUND25,2023-08-11,99.2682
FUND25,2023-08-14,100.7162
FUND25,2023-08-15,99.6061
FUND25,2023-08-16,97.8149
FUND25,2023-08-17,97.8563
FUND25,2023-08-18,97.0888
FUND25,2023-08-21,95.5819
FUND25,2023-08-22,96.0815
FUND25,2023-08-23,97.6266
FUND25,2023-08-24,96.4963
FUND25,2023-08-25,97.3276
FUND25,2023-08-28,96.1723
FUND25,2023-08-29,96.1883
FUND25,2023-08-30,97.864
FUND25,2023-08-31,96.4412
FUND25,2023-09-01,97.7069
FUND25,2023-09-04,97.023
FUND25,2023-09-05,97.1421
FUND25,2023-09-06,96.6714
FUND25,2023-09-07,96.1143
FUND25,2023-09-08,96.3514
FUND25,2023-09-11,94.3314
FUND25,2023-09-12,93.6971
FUND25,2023-09-13,95.474
FUND25,2023-09-14,96.9572
FUND25,2023-09-15,97.4808
FUND25,2023-09-18,98.7169
FUND25,2023-09-19,98.9257
FUND25,2023-09-20,98.4223
FUND25,2023-09-21,98.6634
FUND25,2023-09-22,99.8984
FUND25,2023-09-25,100.8493
FUND25,2023-09-26,101.5563
FUND25,2023-09-27,99.2466
FUND25,2023-09-28,99.189
FUND25,2023-09-29,98.9216
FUND25,2023-10-02,99.436
FUND25,2023-10-03,99.383
FUND25,2023-10-04,98.037
FUND25,2023-10-05,99.0017
FUND25,2023-10-06,99.446
FUND25,2023-10-09,99.121
FUND25,2023-10-10,97.7501
FUND25,2023-10-11,97.9699
FUND25,2023-10-12,97.9672
FUND25,2023-10-13,98.9723
FUND25,2023-10-16,98.7399
FUND25,2023-10-17,97.852
FUND25,2023-10-18,98.7333
FUND25,2023-10-19,97.7126
FUND25,2023-10-20,98.3386
FUND25,2023-10-23,97.6154
FUND25,2023-10-24,98.5004
FUND25,2023-10-25,100.4135
FUND25,2023-10-26,100.5493
FUND25,2023-10-27,100.2153
FUND25,2023-10-30,100.18
FUND25,2023-10-31,99.8483
FUND25,2023-11-01,99.3394
FUND25,2023-11-02,99.5551
FUND25,2023-11-03,98.4057
FUND25,2023-11-06,97.5471
FUND25,2023-11-07,97.7976
FUND25,2023-11-08,97.051
FUND25,2023-11-09,97.6197
FUND25,2023-11-10,97.2634
FUND25,2023-11-13,97.3145
FUND25,2023-11-14,98.2499
FUND25,2023-11-15,98.1407
FUND25,2023-11-16,98.9492
FUND25,2023-11-17,98.0138
FUND25,2023-11-20,97.371
FUND25,2023-11-21,97.2464
FUND25,2023-11-22,97.0207
FUND25,2023-11-23,96.6272
FUND25,2023-11-24,95.5144
FUND25,2023-11-27,93.2798
FUND25,2023-11-28,93.5414
FUND25,2023-11-29,93.1754
FUND25,2023-11-30,92.6241
FUND25,2023-12-01,93.1756
FUND25,2023-12-04,94.0245
FUND25,2023-12-05,93.8405
FUND25,2023-12-06,93.5199
FUND25,2023-12-07,93.9112
FUND25,2023-12-08,94.7072
FUND25,2023-12-11,93.9703
FUND25,2023-12-12,94.6342
FUND25,2023-12-13,95.1026
FUND25,2023-12-14,95.4898
FUND25,2023-12-15,96.6633
FUND25,2023-12-18,95.23
FUND25,2023-12-19,94.3134
FUND25,2023-12-20,94.756
FUND25,2023-12-21,95.4452
FUND25,2023-12-22,94.5014
FUND25,2023-12-25,93.8157
FUND25,2023-12-26,93.796
FUND25,2023-12-27,93.773
FUND25,2023-12-28,93.1785
FUND25,2023-12-29,93.4715
FUND25,2024-01-01,94.5982
FUND25,2024-01-02,95.9075
FUND25,2024-01-03,96.6258
FUND25,2024-01-04,96.7793
FUND25,2024-01-05,95.4076
FUND25,2024-01-08,95.6875
FUND25,2024-01-09,94.7891
FUND25,2024-01-10,95.4317
FUND25,2024-01-11,95.7925
FUND25,2024-01-12,95.8452
FUND25,2024-01-15,94.8211
FUND25,2024-01-16,95.3196
FUND25,2024-01-17,94.305
FUND25,2024-01-18,94.4666
FUND25,2024-01-19,93.4686
FUND25,2024-01-22,93.1626
FUND25,2024-01-23,92.786
FUND25,2024-01-24,93.9959
FUND25,2024-01-25,94.0295
FUND25,2024-01-26,94.8568
FUND25,2024-01-29,94.1132
FUND25,2024-01-30,93.4443
FUND25,2024-01-31,93.2317
FUND25,2024-02-01,93.4698
FUND25,2024-02-02,92.048
FUND25,2024-02-05,92.0211
FUND25,2024-02-06,92.5804
FUND25,2024-02-07,91.1425
FUND25,2024-02-08,91.8767
FUND25,2024-02-09,92.5173
FUND25,2024-02-12,92.3552
FUND25,2024-02-13,93.2842
FUND25,2024-02-14,94.047
FUND25,2024-02-15,93.8417
FUND25,2024-02-16,93.0229
FUND25,2024-02-19,93.7217
FUND25,2024-02-20,93.9195
FUND25,2024-02-21,93.6103
FUND25,2024-02-22,92.6235
FUND25,2024-02-23,93.6399
FUND25,2024-02-26,93.0649
FUND25,2024-02-27,92.9865
FUND25,2024-02-28,92.4587
FUND25,2024-02-29,93.8346
FUND25,2024-03-01,94.4817
FUND25,2024-03-04,95.568
FUND25,2024-03-05,96.22
FUND25,2024-03-06,94.6567
FUND25,2024-03-07,94.4783
FUND25,2024-03-08,94.9868
FUND25,2024-03-11,96.3027
FUND25,2024-03-12,94.2261
FUND25,2024-03-13,94.5172
FUND25,2024-03-14,94.9657
FUND25,2024-03-15,94.2121
FUND25,2024-03-18,94.4834
FUND25,2024-03-19,94.2614
FUND25,2024-03-20,95.4088
FUND25,2024-03-21,96.9558
FUND25,2024-03-22,97.6273
FUND25,2024-03-25,98.1442
FUND25,2024-03-26,99.1677
FUND25,2024-03-27,99.2105
FUND25,2024-03-28,100.3281
FUND25,2024-03-29,100.393
FUND25,2024-04-01,100.4253
FUND25,2024-04-02,101.313
FUND25,2024-04-03,100.5644
FUND25,2024-04-04,101.108
FUND25,2024-04-05,102.3936
FUND25,2024-04-08,103.4553
FUND25,2024-04-09,103.7854
FUND25,2024-04-10,103.2798
FUND25,2024-04-11,102.3609
FUND25,2024-04-12,102.5224
FUND25,2024-04-15,103.7932
FUND25,2024-04-16,102.1517
FUND25,2024-04-17,102.4935
FUND25,2024-04-18,102.5386
FUND25,2024-04-19,102.1746
FUND25,2024-04-22,100.7463
FUND25,2024-04-23,102.8953
FUND25,2024-04-24,103.0014
FUND25,2024-04-25,103.5777
FUND25,2024-04-26,105.1961
FUND25,2024-04-29,104.8561
FUND25,2024-04-30,105.1671
FUND25,2024-05-01,105.0851
FUND25,2024-05-02,105.4717
FUND25,2024-05-03,106.8978
FUND25,2024-05-06,106.6674
FUND25,2024-05-07,105.1757
FUND25,2024-05-08,104.2226
FUND25,2024-05-09,104.9871
FUND25,2024-05-10,105.8995
FUND25,2024-05-13,105.0463
FUND25,2024-05-14,105.0047
FUND25,2024-05-15,104.9324
FUND25,2024-05-16,105.8472
FUND25,2024-05-17,105.7381
FUND25,2024-05-20,105.487
FUND25,2024-05-21,106.6942
FUND25,2024-05-22,106.8255
FUND25,2024-05-23,106.2815
FUND25,2024-05-24,105.2658
FUND25,2024-05-27,105.7672
FUND25,2024-05-28,107.423
FUND25,2024-05-29,105.0997
FUND25,2024-05-30,104.0716
FUND25,2024-05-31,104.6275
FUND25,2024-06-03,103.6393
FUND25,2024-06-04,103.6851
FUND25,2024-06-05,103.7155
FUND25,2024-06-06,103.6007
FUND25,2024-06-07,104.4221
FUND25,2024-06-10,105.1884
FUND25,2024-06-11,104.1124
FUND25,2024-06-12,104.8486
FUND25,2024-06-13,105.3533
FUND25,2024-06-14,105.5163
FUND25,2024-06-17,105.5814
FUND25,2024-06-18,104.6646
FUND25,2024-06-19,105.0889
FUND25,2024-06-20,104.848
FUND25,2024-06-21,105.1591
FUND25,2024-06-24,107.2816
FUND25,2024-06-25,106.5341
FUND25,2024-06-26,108.9323
FUND25,2024-06-27,109.8718
FUND25,2024-06-28,110.8949
FUND25,2024-07-01,112.0432
FUND25,2024-07-02,112.4159
FUND25,2024-07-03,111.2359
FUND25,2024-07-04,109.2068
FUND25,2024-07-05,107.2117
FUND25,2024-07-08,106.4958
FUND25,2024-07-09,106.9391
FUND25,2024-07-10,106.1767
FUND25,2024-07-11,106.1591
FUND25,2024-07-12,106.4726
FUND25,2024-07-15,107.5594
FUND25,2024-07-16,108.9014
FUND25,2024-07-17,110.529
FUND25,2024-07-18,112.026
FUND25,2024-07-19,111.287
FUND25,2024-07-22,110.6805
FUND25,2024-07-23,109.9088
FUND25,2024-07-24,110.0934
FUND25,2024-07-25,109.6191
FUND25,2024-07-26,109.9586
FUND25,2024-07-29,110.5921
FUND25,2024-07-30,110.4296
FUND25,2024-07-31,109.8214
FUND25,2024-08-01,109.3398
FUND25,2024-08-02,109.7005
FUND25,2024-08-05,111.1055
FUND25,2024-08-06,110.6092
FUND25,2024-08-07,109.7931
FUND25,2024-08-08,110.9759
FUND25,2024-08-09,111.2543
FUND25,2024-08-12,110.3585
FUND25,2024-08-13,110.5441
FUND25,2024-08-14,109.1834
FUND25,2024-08-15,108.8766
FUND25,2024-08-16,108.3518
FUND25,2024-08-19,109.5605
FUND25,2024-08-20,108.937
FUND25,2024-08-21,108.4995
FUND25,2024-08-22,110.0284
FUND25,2024-08-23,111.1225
FUND25,2024-08-26,111.2701
FUND25,2024-08-27,112.0325
FUND25,2024-08-28,113.9558
FUND25,2024-08-29,114.0977
FUND25,2024-08-30,114.9783
FUND25,2024-09-02,114.8896
FUND25,2024-09-03,114.8648
FUND25,2024-09-04,114.2324
FUND25,2024-09-05,115.2506
FUND25,2024-09-06,116.9678
FUND25,2024-09-09,117.3219
FUND25,2024-09-10,117.1859
FUND25,2024-09-11,117.1992
FUND25,2024-09-12,116.24
FUND25,2024-09-13,114.9644
FUND25,2024-09-16,112.9816
FUND25,2024-09-17,113.3884
FUND25,2024-09-18,113.2993
FUND25,2024-09-19,113.1374
FUND25,2024-09-20,112.1052
FUND25,2024-09-23,113.4219
FUND25,2024-09-24,112.8288
FUND25,2024-09-25,112.1566
FUND25,2024-09-26,111.4073
FUND25,2024-09-27,112.4047
FUND25,2024-09-30,113.8924
FUND25,2024-10-01,112.7359
FUND25,2024-10-02,112.5248
FUND25,2024-10-03,112.6141
FUND25,2024-10-04,113.5962
FUND25,2024-10-07,113.0192
FUND25,2024-10-08,114.4329
FUND25,2024-10-09,113.9216
FUND25,2024-10-10,113.7864
FUND25,2024-10-11,113.119
FUND25,2024-10-14,112.7582
FUND25,2024-10-15,112.4443
FUND25,2024-10-16,111.6847
FUND25,2024-10-17,111.5558
FUND25,2024-10-18,110.7973
FUND25,2024-10-21,108.6345
FUND25,2024-10-22,110.1653
FUND25,2024-10-23,109.797
FUND25,2024-10-24,110.6813
FUND25,2024-10-25,111.0609
FUND25,2024-10-28,111.3113
FUND25,2024-10-29,111.2143
FUND25,2024-10-30,111.5568
FUND25,2024-10-31,111.8067
FUND25,2024-11-01,111.6295
FUND25,2024-11-04,111.5419
FUND25,2024-11-05,112.0138
FUND25,2024-11-06,111.2822
FUND25,2024-11-07,111.618
FUND25,2024-11-08,110.0426
FUND25,2024-11-11,110.4018
FUND25,2024-11-12,109.8818
FUND25,2024-11-13,109.2544
FUND25,2024-11-14,109.9732
FUND25,2024-11-15,110.8456
FUND25,2024-11-18,109.3317
FUND25,2024-11-19,109.1117
FUND25,2024-11-20,109.1262
FUND25,2024-11-21,108.7275
FUND25,2024-11-22,109.0549
FUND25,2024-11-25,108.0872
FUND25,2024-11-26,107.6552
FUND25,2024-11-27,108.3487
FUND25,2024-11-28,108.8405
FUND25,2024-11-29,107.737
FUND25,2024-12-02,108.0474
FUND25,2024-12-03,108.8595
FUND25,2024-12-04,109.451
FUND25,2024-12-05,109.1407
FUND25,2024-12-06,108.6514
FUND25,2024-12-09,109.6755
FUND25,2024-12-10,109.0743
FUND25,2024-12-11,108.9953
FUND25,2024-12-12,109.5374
FUND25,2024-12-13,110.0811
FUND25,2024-12-16,111.625
FUND25,2024-12-17,112.5553
FUND25,2024-12-18,112.3473
FUND25,2024-12-19,111.7385
FUND25,2024-12-20,110.4504
FUND25,2024-12-23,108.805
FUND25,2024-12-24,109.8738
FUND25,2024-12-25,109.8155
FUND25,2024-12-26,110.9479
FUND25,2024-12-27,111.2735
FUND25,2024-12-30,110.7487
FUND25,2024-12-31,110.6846
FUND25,2025-01-01,111.0656
FUND25,2025-01-02,110.9435
FUND25,2025-01-03,111.3185
FUND25,2025-01-06,110.3101
FUND25,2025-01-07,110.2439
FUND25,2025-01-08,110.3321
FUND25,2025-01-09,110.8828
FUND25,2025-01-10,110.0288
FUND25,2025-01-13,109.9557
FUND25,2025-01-14,110.3411
FUND25,2025-01-15,110.8476
FUND25,2025-01-16,111.877
FUND25,2025-01-17,111.645
FUND25,2025-01-20,112.5335
FUND25,2025-01-21,111.4008
FUND25,2025-01-22,109.5714
FUND25,2025-01-23,109.4922
FUND25,2025-01-24,108.463
FUND25,2025-01-27,108.9214
FUND25,2025-01-28,107.9103
FUND25,2025-01-29,108.9592
FUND25,2025-01-30,109.7615
FUND25,2025-01-31,110.6214
FUND25,2025-02-03,111.3281
FUND25,2025-02-04,110.5888
FUND25,2025-02-05,110.7659
FUND25,2025-02-06,111.6114
FUND25,2025-02-07,110.8379
FUND25,2025-02-10,110.8078
FUND25,2025-02-11,109.826
FUND25,2025-02-12,109.4763
FUND25,2025-02-13,109.9385
FUND25,2025-02-14,110.4732
FUND25,2025-02-17,109.3333
FUND25,2025-02-18,110.1602
FUND25,2025-02-19,110.5605
FUND25,2025-02-20,110.8714
FUND25,2025-02-21,111.8874
FUND25,2025-02-24,110.8578
FUND25,2025-02-25,110.2573
FUND25,2025-02-26,111.3695
FUND25,2025-02-27,110.5491
FUND25,2025-02-28,108.2677
FUND25,2025-03-03,109.4159
FUND25,2025-03-04,108.7653
FUND25,2025-03-05,109.9329
FUND25,2025-03-06,108.4778
FUND25,2025-03-07,107.7772
FUND25,2025-03-10,107.6714
FUND25,2025-03-11,107.3081
FUND25,2025-03-12,106.1985
FUND25,2025-03-13,106.0243
FUND25,2025-03-14,104.8749
FUND25,2025-03-17,105.0929
FUND25,2025-03-18,104.4951
FUND25,2025-03-19,104.4278
FUND25,2025-03-20,105.8013
FUND25,2025-03-21,105.2528
FUND25,2025-03-24,106.0625
FUND25,2025-03-25,107.3745
FUND25,2025-03-26,106.5014
FUND25,2025-03-27,106.3254
FUND25,2025-03-28,104.3825
FUND25,2025-03-31,104.1711
FUND25,2025-04-01,104.6027
FUND25,2025-04-02,105.3407
FUND25,2025-04-03,105.0371
FUND25,2025-04-04,107.2479
FUND25,2025-04-07,107.4446
FUND25,2025-04-08,106.7268
FUND25,2025-04-09,106.8056
FUND25,2025-04-10,104.8508
FUND25,2025-04-11,104.2016
FUND25,2025-04-14,102.9761
FUND25,2025-04-15,102.1953
FUND25,2025-04-16,101.7777
FUND25,2025-04-17,100.1408
FUND25,2025-04-18,99.5274
FUND25,2025-04-21,100.4113
FUND25,2025-04-22,98.8139
FUND25,2025-04-23,98.226
FUND25,2025-04-24,99.4828
FUND25,2025-04-25,98.9284
FUND25,2025-04-28,99.8471
FUND25,2025-04-29,101.2693
FUND25,2025-04-30,100.8384
FUND25,2025-05-01,101.0581
FUND25,2025-05-02,100.8786
FUND25,2025-05-05,101.534
FUND25,2025-05-06,102.3513
FUND25,2025-05-07,101.1523
FUND25,2025-05-08,100.4893
FUND25,2025-05-09,99.092
FUND25,2025-05-12,97.9746
FUND25,2025-05-13,98.9656
FUND25,2025-05-14,97.6553
FUND25,2025-05-15,98.0232
FUND25,2025-05-16,97.4252
FUND25,2025-05-19,96.3002
FUND25,2025-05-20,96.0548
FUND25,2025-05-21,96.887
FUND25,2025-05-22,96.4321
FUND25,2025-05-23,96.6166
FUND25,2025-05-26,96.7468
FUND25,2025-05-27,96.2767
FUND25,2025-05-28,97.3198
FUND25,2025-05-29,96.7028
FUND25,2025-05-30,98.8638
FUND25,2025-06-02,100.3401
FUND25,2025-06-03,99.674
FUND25,2025-06-04,100.1219
FUND25,2025-06-05,98.6647
FUND25,2025-06-06,99.0016
FUND25,2025-06-09,100.0433
FUND25,2025-06-10,100.8559
FUND25,2025-06-11,100.1486
FUND25,2025-06-12,99.3783
FUND25,2025-06-13,100.1108
FUND25,2025-06-16,101.4006
FUND25,2025-06-17,102.1775
FUND25,2025-06-18,101.8412
FUND25,2025-06-19,101.434
FUND25,2025-06-20,100.0063
FUND25,2025-06-23,100.0416
FUND25,2025-06-24,100.3548
FUND25,2025-06-25,100.0628
FUND25,2025-06-26,100.6992
FUND25,2025-06-27,101.088
FUND25,2025-06-30,102.18
FUND25,2025-07-01,102.1509
FUND25,2025-07-02,101.5138
FUND25,2025-07-03,101.403
FUND25,2025-07-04,102.4764
FUND25,2025-07-07,101.9467
FUND25,2025-07-08,102.1548
FUND25,2025-07-09,102.0922
FUND25,2025-07-10,102.5202
FUND25,2025-07-11,101.3163
FUND25,2025-07-14,102.5253
FUND25,2025-07-15,101.2953
FUND25,2025-07-16,99.8114
FUND25,2025-07-17,99.1218
FUND25,2025-07-18,99.6558
FUND25,2025-07-21,98.8927
FUND25,2025-07-22,98.2125
FUND25,2025-07-23,97.8855
FUND25,2025-07-24,98.9703
FUND25,2025-07-25,100.4166
FUND25,2025-07-28,101.5205
FUND25,2025-07-29,101.0421
FUND25,2025-07-30,101.3878
FUND25,2025-07-31,102.9974
FUND25,2025-08-01,104.5011
FUND25,2025-08-04,105.4852
FUND25,2025-08-05,105.1251
FUND25,2025-08-06,106.2001
FUND25,2025-08-07,106.2733
FUND25,2025-08-08,104.7714
FUND25,2025-08-11,103.3407
FUND25,2025-08-12,103.7364
FUND25,2025-08-13,103.9595
FUND25,2025-08-14,102.6728
FUND25,2025-08-15,103.1918
FUND25,2025-08-18,104.5325
FUND25,2025-08-19,106.103
FUND25,2025-08-20,106.3606
FUND25,2025-08-21,106.9265
FUND25,2025-08-22,107.4758
FUND25,2025-08-25,107.4233
FUND25,2025-08-26,107.4195
FUND25,2025-08-27,108.611
FUND25,2025-08-28,108.3736
FUND25,2025-08-29,110.0998
FUND25,2025-09-01,107.9304
FUND25,2025-09-02,107.5134
FUND25,2025-09-03,108.8547
FUND25,2025-09-04,108.7273
FUND25,2025-09-05,109.2397
FUND25,2025-09-08,109.2595
FUND25,2025-09-09,109.0477
FUND25,2025-09-10,110.2142
FUND25,2025-09-11,110.7141
FUND25,2025-09-12,111.585
FUND25,2025-09-15,110.0968
FUND25,2025-09-16,111.1116
FUND25,2025-09-17,109.9557
FUND25,2025-09-18,110.8537
FUND25,2025-09-19,111.1517
FUND25,2025-09-22,111.8182
FUND25,2025-09-23,111.3159
FUND25,2025-09-24,111.237
FUND25,2025-09-25,110.6556
FUND25,2025-09-26,111.5314
FUND25,2025-09-29,111.9808
FUND25,2025-09-30,111.4845
FUND25,2025-10-01,109.9222
FUND25,2025-10-02,109.0455
FUND25,2025-10-03,109.1344
FUND25,2025-10-06,107.4606
FUND25,2025-10-07,108.7377
FUND25,2025-10-08,110.092
FUND25,2025-10-09,110.864
FUND25,2025-10-10,109.6148
FUND25,2025-10-13,109.6025
FUND25,2025-10-14,109.0692
FUND25,2025-10-15,108.8622
FUND25,2025-10-16,108.9955
FUND25,2025-10-17,110.3914
FUND25,2025-10-20,110.0729
FUND25,2025-10-21,108.8366
FUND25,2025-10-22,106.3983
FUND25,2025-10-23,105.7592
FUND25,2025-10-24,107.59
FUND25,2025-10-27,107.3891
FUND25,2025-10-28,106.6372
FUND25,2025-10-29,107.0829
FUND25,2025-10-30,108.1389
FUND25,2025-10-31,107.9184
FUND25,2025-11-03,108.0161
FUND25,2025-11-04,109.4595
FUND25,2025-11-05,110.6701
FUND25,2025-11-06,109.3534
FUND25,2025-11-07,109.494
FUND25,2025-11-10,110.6715
FUND25,2025-11-11,111.0909
FUND25,2025-11-12,111.9881
FUND25,2025-11-13,112.3827
FUND25,2025-11-14,112.1328
FUND25,2025-11-17,111.9551
FUND25,2025-11-18,112.9759
FUND25,2025-11-19,112.9181
FUND25,2025-11-20,112.7227
FUND25,2025-11-21,113.5778
FUND25,2025-11-24,114.5348
FUND26,2023-01-02,50.7249
FUND26,2023-01-03,50.6244
FUND26,2023-01-04,50.6833
FUND26,2023-01-05,50.3021
FUND26,2023-01-06,51.2289
FUND26,2023-01-09,51.2757
FUND26,2023-01-10,51.1539
FUND26,2023-01-11,51.6591
FUND26,2023-01-12,51.4467
FUND26,2023-01-13,51.6898
FUND26,2023-01-16,52.307
FUND26,2023-01-17,52.6054
FUND26,2023-01-18,52.5281
FUND26,2023-01-19,52.608
FUND26,2023-01-20,53.9053
FUND26,2023-01-23,54.9389
FUND26,2023-01-24,53.9
FUND26,2023-01-25,54.1749
FUND26,2023-01-26,53.9975
FUND26,2023-01-27,53.7952
FUND26,2023-01-30,53.0266
FUND26,2023-01-31,52.8709
FUND26,2023-02-01,53.2772
FUND26,2023-02-02,53.0806
FUND26,2023-02-03,52.9857
FUND26,2023-02-06,54.1748
FUND26,2023-02-07,54.3142
FUND26,2023-02-08,54.307
FUND26,2023-02-09,54.0574
FUND26,2023-02-10,53.5937
FUND26,2023-02-13,54.4203
FUND26,2023-02-14,55.3739
FUND26,2023-02-15,55.6451
FUND26,2023-02-16,55.6794
FUND26,2023-02-17,55.2848
FUND26,2023-02-20,55.5339
FUND26,2023-02-21,56.0486
FUND26,2023-02-22,55.8494
FUND26,2023-02-23,56.3865
FUND26,2023-02-24,56.7988
FUND26,2023-02-27,56.5937
FUND26,2023-02-28,56.1619
FUND26,2023-03-01,55.5914
FUND26,2023-03-02,55.5052
FUND26,2023-03-03,54.8529
FUND26,2023-03-06,54.4398
FUND26,2023-03-07,54.9803
FUND26,2023-03-08,54.7403
FUND26,2023-03-09,54.6408
FUND26,2023-03-10,54.6004
FUND26,2023-03-13,54.2761
FUND26,2023-03-14,54.307
FUND26,2023-03-15,54.366
FUND26,2023-03-16,53.3984
FUND26,2023-03-17,53.8088
FUND26,2023-03-20,53.3559
FUND26,2023-03-21,53.3631
FUND26,2023-03-22,53.3491
FUND26,2023-03-23,53.6074
FUND26,2023-03-24,54.0878
FUND26,2023-03-27,54.1387
FUND26,2023-03-28,53.8045
FUND26,2023-03-29,53.4605
FUND26,2023-03-30,53.167
FUND26,2023-03-31,53.1405
FUND26,2023-04-03,53.538
FUND26,2023-04-04,53.7646
FUND26,2023-04-05,53.7332
FUND26,2023-04-06,53.533
FUND26,2023-04-07,52.7608
FUND26,2023-04-10,52.8376
FUND26,2023-04-11,52.3262
FUND26,2023-04-12,52.5261
FUND26,2023-04-13,52.402
FUND26,2023-04-14,51.9535
FUND26,2023-04-17,51.9997
FUND26,2023-04-18,52.0867
FUND26,2023-04-19,52.0497
FUND26,2023-04-20,52.8219
FUND26,2023-04-21,52.6857
FUND26,2023-04-24,53.9114
FUND26,2023-04-25,53.6141
FUND26,2023-04-26,53.8122
FUND26,2023-04-27,53.1167
FUND26,2023-04-28,53.5632
FUND26,2023-05-01,52.8982
FUND26,2023-05-02,53.0363
FUND26,2023-05-03,52.3301
FUND26,2023-05-04,52.7049
FUND26,2023-05-05,52.8052
FUND26,2023-05-08,52.9574
FUND26,2023-05-09,53.471
FUND26,2023-05-10,53.3333
FUND26,2023-05-11,53.331
FUND26,2023-05-12,52.8041
FUND26,2023-05-15,52.8467
FUND26,2023-05-16,52.1977
FUND26,2023-05-17,52.4642
FUND26,2023-05-18,52.7787
FUND26,2023-05-19,52.7264
FUND26,2023-05-22,52.7903
FUND26,2023-05-23,53.2463
FUND26,2023-05-24,53.2993
FUND26,2023-05-25,52.8464
FUND26,2023-05-26,52.9582
FUND26,2023-05-29,52.8098
FUND26,2023-05-30,52.711
FUND26,2023-05-31,52.158
FUND26,2023-06-01,52.0289
FUND26,2023-06-02,51.9043
FUND26,2023-06-05,52.1883
FUND26,2023-06-06,52.1247
FUND26,2023-06-07,52.5409
FUND26,2023-06-08,51.7879
FUND26,2023-06-09,52.0736
FUND26,2023-06-12,52.0413
FUND26,2023-06-13,52.2187
FUND26,2023-06-14,52.4023
FUND26,2023-06-15,52.3988
FUND26,2023-06-16,52.6757
FUND26,2023-06-19,53.02
FUND26,2023-06-20,53.123
FUND26,2023-06-21,52.9949
FUND26,2023-06-22,52.7967
FUND26,2023-06-23,53.4408
FUND26,2023-06-26,52.7878
FUND26,2023-06-27,52.2795
FUND26,2023-06-28,51.8598
FUND26,2023-06-29,51.5888
FUND26,2023-06-30,51.9762
FUND26,2023-07-03,52.7085
FUND26,2023-07-04,52.7619
FUND26,2023-07-05,52.9162
FUND26,2023-07-06,52.996
FUND26,2023-07-07,52.7737
FUND26,2023-07-10,52.1823
FUND26,2023-07-11,52.3818
FUND26,2023-07-12,52.1133
FUND26,2023-07-13,51.9035
FUND26,2023-07-14,51.8243
FUND26,2023-07-17,51.3365
FUND26,2023-07-18,51.8833
FUND26,2023-07-19,52.2289
FUND26,2023-07-20,51.7335
FUND26,2023-07-21,52.2037
FUND26,2023-07-24,52.402
FUND26,2023-07-25,52.2768
FUND26,2023-07-26,52.1673
FUND26,2023-07-27,52.0295
FUND26,2023-07-28,51.8725
FUND26,2023-07-31,51.8945
FUND26,2023-08-01,51.3845
FUND26,2023-08-02,50.8601
FUND26,2023-08-03,50.9977
FUND26,2023-08-04,50.974
FUND26,2023-08-07,50.5243
FUND26,2023-08-08,50.5023
FUND26,2023-08-09,49.3482
FUND26,2023-08-10,49.7159
FUND26,2023-08-11,49.339
FUND26,2023-08-14,49.4285
FUND26,2023-08-15,49.6889
FUND26,2023-08-16,50.1258
FUND26,2023-08-17,50.3702
FUND26,2023-08-18,50.3207
FUND26,2023-08-21,50.5581
FUND26,2023-08-22,50.4978
FUND26,2023-08-23,50.83
FUND26,2023-08-24,51.3092
FUND26,2023-08-25,50.9452
FUND26,2023-08-28,51.0617
FUND26,2023-08-29,51.5038
FUND26,2023-08-30,52.1371
FUND26,2023-08-31,52.6571
FUND26,2023-09-01,52.9431
FUND26,2023-09-04,53.0531
FUND26,2023-09-05,52.7335
FUND26,2023-09-06,53.0608
FUND26,2023-09-07,52.966
FUND26,2023-09-08,52.7087
FUND26,2023-09-11,52.4877
FUND26,2023-09-12,52.546
FUND26,2023-09-13,52.0344
FUND26,2023-09-14,52.44
FUND26,2023-09-15,52.9411
FUND26,2023-09-18,53.8426
FUND26,2023-09-19,53.9313
FUND26,2023-09-20,54.0476
FUND26,2023-09-21,53.4339
FUND26,2023-09-22,53.0307
FUND26,2023-09-25,53.1286
FUND26,2023-09-26,54.0611
FUND26,2023-09-27,53.8779
FUND26,2023-09-28,54.0202
FUND26,2023-09-29,53.7784
FUND26,2023-10-02,53.6734
FUND26,2023-10-03,54.2529
FUND26,2023-10-04,54.1226
FUND26,2023-10-05,54.6354
FUND26,2023-10-06,54.6874
FUND26,2023-10-09,54.6213
FUND26,2023-10-10,54.5749
FUND26,2023-10-11,54.8695
FUND26,2023-10-12,55.0794
FUND26,2023-10-13,54.6984
FUND26,2023-10-16,55.4089
FUND26,2023-10-17,55.5312
FUND26,2023-10-18,55.5302
FUND26,2023-10-19,54.9445
FUND26,2023-10-20,55.114
FUND26,2023-10-23,55.77
FUND26,2023-10-24,56.1961
FUND26,2023-10-25,56.7075
FUND26,2023-10-26,56.8383
FUND26,2023-10-27,56.979
FUND26,2023-10-30,57.1894
FUND26,2023-10-31,56.7699
FUND26,2023-11-01,56.6776
FUND26,2023-11-02,57.2318
FUND26,2023-11-03,57.3962
FUND26,2023-11-06,57.9287
FUND26,2023-11-07,57.4942
FUND26,2023-11-08,57.2162
FUND26,2023-11-09,57.2462
FUND26,2023-11-10,58.1262
FUND26,2023-11-13,58.2861
FUND26,2023-11-14,57.8749
FUND26,2023-11-15,58.8712
FUND26,2023-11-16,59.01
FUND26,2023-11-17,58.2481
FUND26,2023-11-20,58.7278
FUND26,2023-11-21,57.0581
FUND26,2023-11-22,57.2954
FUND26,2023-11-23,57.4986
FUND26,2023-11-24,57.9499
FUND26,2023-11-27,56.8321
FUND26,2023-11-28,56.8025
FUND26,2023-11-29,56.8327
FUND26,2023-11-30,56.8395
FUND26,2023-12-01,57.2079
FUND26,2023-12-04,58.4472
FUND26,2023-12-05,58.9067
FUND26,2023-12-06,59.2972
FUND26,2023-12-07,58.5933
FUND26,2023-12-08,58.3911
FUND26,2023-12-11,59.2188
FUND26,2023-12-12,59.4928
FUND26,2023-12-13,59.3378
FUND26,2023-12-14,59.7913
FUND26,2023-12-15,60.3681
FUND26,2023-12-18,60.8393
FUND26,2023-12-19,60.9063
FUND26,2023-12-20,61.075
FUND26,2023-12-21,61.7444
FUND26,2023-12-22,61.7773
FUND26,2023-12-25,61.5226
FUND26,2023-12-26,61.4175
FUND26,2023-12-27,60.2731
FUND26,2023-12-28,60.2164
FUND26,2023-12-29,59.5952
FUND26,2024-01-01,59.3113
FUND26,2024-01-02,60.1802
FUND26,2024-01-03,60.3678
FUND26,2024-01-04,59.8581
FUND26,2024-01-05,60.1675
FUND26,2024-01-08,60.8054
FUND26,2024-01-09,60.9102
FUND26,2024-01-10,61.2379
FUND26,2024-01-11,60.968
FUND26,2024-01-12,60.6312
FUND26,2024-01-15,61.5818
FUND26,2024-01-16,62.24
FUND26,2024-01-17,62.0618
FUND26,2024-01-18,62.1235
FUND26,2024-01-19,61.2343
FUND26,2024-01-22,61.4551
FUND26,2024-01-23,61.458
FUND26,2024-01-24,61.3728
FUND26,2024-01-25,61.6599
FUND26,2024-01-26,61.6341
FUND26,2024-01-29,62.5486
FUND26,2024-01-30,62.2662
FUND26,2024-01-31,61.8898
FUND26,2024-02-01,62.3999
FUND26,2024-02-02,62.5303
FUND26,2024-02-05,62.6447
FUND26,2024-02-06,63.1941
FUND26,2024-02-07,63.6336
FUND26,2024-02-08,64.6506
FUND26,2024-02-09,65.5144
FUND26,2024-02-12,64.3658
FUND26,2024-02-13,64.1172
FUND26,2024-02-14,64.9367
FUND26,2024-02-15,65.4791
FUND26,2024-02-16,64.9784
FUND26,2024-02-19,64.8675
FUND26,2024-02-20,64.9126
FUND26,2024-02-21,64.5042
FUND26,2024-02-22,64.0186
FUND26,2024-02-23,63.6417
FUND26,2024-02-26,63.1591
FUND26,2024-02-27,63.4867
FUND26,2024-02-28,62.5554
FUND26,2024-02-29,63.0372
FUND26,2024-03-01,63.8249
FUND26,2024-03-04,63.7549
FUND26,2024-03-05,64.1842
FUND26,2024-03-06,64.6263
FUND26,2024-03-07,65.8006
FUND26,2024-03-08,65.8193
FUND26,2024-03-11,65.4198
FUND26,2024-03-12,65.4443
FUND26,2024-03-13,65.3571
FUND26,2024-03-14,65.4137
FUND26,2024-03-15,65.4358
FUND26,2024-03-18,64.8883
FUND26,2024-03-19,64.1174
FUND26,2024-03-20,62.9475
FUND26,2024-03-21,63.2159
FUND26,2024-03-22,63.2039
FUND26,2024-03-25,63.6466
FUND26,2024-03-26,63.7583
FUND26,2024-03-27,63.9391
FUND26,2024-03-28,63.7369
FUND26,2024-03-29,63.6182
FUND26,2024-04-01,63.702
FUND26,2024-04-02,63.0289
FUND26,2024-04-03,63.5304
FUND26,2024-04-04,63.6612
FUND26,2024-04-05,62.4835
FUND26,2024-04-08,62.6486
FUND26,2024-04-09,61.4615
FUND26,2024-04-10,61.6902
FUND26,2024-04-11,62.3699
FUND26,2024-04-12,62.361
FUND26,2024-04-15,62.1211
FUND26,2024-04-16,62.2908
FUND26,2024-04-17,62.7409
FUND26,2024-04-18,62.8429
FUND26,2024-04-19,63.5004
FUND26,2024-04-22,63.1147
FUND26,2024-04-23,63.1135
FUND26,2024-04-24,63.2741
FUND26,2024-04-25,63.2485
FUND26,2024-04-26,63.4737
FUND26,2024-04-29,63.8061
FUND26,2024-04-30,64.352
FUND26,2024-05-01,64.2606
FUND26,2024-05-02,64.2338
FUND26,2024-05-03,64.5916
FUND26,2024-05-06,64.6
FUND26,2024-05-07,64.5529
FUND26,2024-05-08,64.8681
FUND26,2024-05-09,65.0212
FUND26,2024-05-10,65.0208
FUND26,2024-05-13,64.43
FUND26,2024-05-14,64.7304
FUND26,2024-05-15,64.643
FUND26,2024-05-16,65.7996
FUND26,2024-05-17,65.9303
FUND26,2024-05-20,66.3224
FUND26,2024-05-21,66.3512
FUND26,2024-05-22,66.4151
FUND26,2024-05-23,66.6284
FUND26,2024-05-24,67.3063
FUND26,2024-05-27,67.4076
FUND26,2024-05-28,67.4371
FUND26,2024-05-29,67.9191
FUND26,2024-05-30,67.8201
FUND26,2024-05-31,67.2986
FUND26,2024-06-03,67.3422
FUND26,2024-06-04,67.6338
FUND26,2024-06-05,68.3232
FUND26,2024-06-06,68.3696
FUND26,2024-06-07,67.5258
FUND26,2024-06-10,67.1357
FUND26,2024-06-11,67.4395
FUND26,2024-06-12,67.464
FUND26,2024-06-13,68.2104
FUND26,2024-06-14,68.9131
FUND26,2024-06-17,70.3224
FUND26,2024-06-18,70.556
FUND26,2024-06-19,70.9169
FUND26,2024-06-20,70.4844
FUND26,2024-06-21,70.5264
FUND26,2024-06-24,69.7457
FUND26,2024-06-25,69.9053
FUND26,2024-06-26,69.6506
FUND26,2024-06-27,68.3558
FUND26,2024-06-28,68.427
FUND26,2024-07-01,68.4169
FUND26,2024-07-02,67.7078
FUND26,2024-07-03,66.8024
FUND26,2024-07-04,66.6411
FUND26,2024-07-05,66.5369
FUND26,2024-07-08,65.6821
FUND26,2024-07-09,65.3155
FUND26,2024-07-10,64.9847
FUND26,2024-07-11,64.1787
FUND26,2024-07-12,63.9827
FUND26,2024-07-15,63.5216
FUND26,2024-07-16,65.0231
FUND26,2024-07-17,66.2554
FUND26,2024-07-18,65.8891
FUND26,2024-07-19,66.3664
FUND26,2024-07-22,65.8855
FUND26,2024-07-23,65.4993
FUND26,2024-07-24,65.5759
FUND26,2024-07-25,65.6064
FUND26,2024-07-26,65.8038
FUND26,2024-07-29,66.6972
FUND26,2024-07-30,66.2486
FUND26,2024-07-31,66.9134
FUND26,2024-08-01,66.826
FUND26,2024-08-02,66.6862
FUND26,2024-08-05,66.3351
FUND26,2024-08-06,66.5395
FUND26,2024-08-07,66.7309
FUND26,2024-08-08,67.4412
FUND26,2024-08-09,66.2973
FUND26,2024-08-12,66.5335
FUND26,2024-08-13,66.6797
FUND26,2024-08-14,67.0566
FUND26,2024-08-15,66.7601
FUND26,2024-08-16,66.4226
FUND26,2024-08-19,65.8614
FUND26,2024-08-20,65.6033
FUND26,2024-08-21,65.9312
FUND26,2024-08-22,65.05
FUND26,2024-08-23,65.0679
FUND26,2024-08-26,65.5361
FUND26,2024-08-27,65.455
FUND26,2024-08-28,65.8202
FUND26,2024-08-29,65.7863
FUND26,2024-08-30,65.7476
FUND26,2024-09-02,66.8101
FUND26,2024-09-03,67.351
FUND26,2024-09-04,67.4161
FUND26,2024-09-05,67.26
FUND26,2024-09-06,67.6478
FUND26,2024-09-09,67.5576
FUND26,2024-09-10,67.6541
FUND26,2024-09-11,67.1051
FUND26,2024-09-12,68.3104
FUND26,2024-09-13,68.0063
FUND26,2024-09-16,67.7699
FUND26,2024-09-17,67.0462
FUND26,2024-09-18,66.6518
FUND26,2024-09-19,67.0543
FUND26,2024-09-20,66.6399
FUND26,2024-09-23,66.7729
FUND26,2024-09-24,66.9434
FUND26,2024-09-25,67.2463
FUND26,2024-09-26,67.3793
FUND26,2024-09-27,68.049
FUND26,2024-09-30,67.4737
FUND26,2024-10-01,67.8168
FUND26,2024-10-02,67.0388
FUND26,2024-10-03,66.8322
FUND26,2024-10-04,66.7998
FUND26,2024-10-07,65.6015
FUND26,2024-10-08,65.5737
FUND26,2024-10-09,65.2305
FUND26,2024-10-10,64.7333
FUND26,2024-10-11,64.0182
FUND26,2024-10-14,63.5356
FUND26,2024-10-15,63.8483
FUND26,2024-10-16,63.8139
FUND26,2024-10-17,64.0596
FUND26,2024-10-18,63.9019
FUND26,2024-10-21,63.3242
FUND26,2024-10-22,63.2311
FUND26,2024-10-23,63.6186
FUND26,2024-10-24,63.815
FUND26,2024-10-25,63.7122
FUND26,2024-10-28,63.9867
FUND26,2024-10-29,64.174
FUND26,2024-10-30,65.3415
FUND26,2024-10-31,65.1398
FUND26,2024-11-01,64.9012
FUND26,2024-11-04,64.436
FUND26,2024-11-05,65.6546
FUND26,2024-11-06,65.9861
FUND26,2024-11-07,67.7607
FUND26,2024-11-08,68.245
FUND26,2024-11-11,68.3218
FUND26,2024-11-12,68.4816
FUND26,2024-11-13,68.7174
FUND26,2024-11-14,68.9292
FUND26,2024-11-15,67.5918
FUND26,2024-11-18,67.1489
FUND26,2024-11-19,67.0178
FUND26,2024-11-20,66.2508
FUND26,2024-11-21,66.0272
FUND26,2024-11-22,66.7529
FUND26,2024-11-25,66.4891
FUND26,2024-11-26,66.8463
FUND26,2024-11-27,65.4345
FUND26,2024-11-28,65.4021
FUND26,2024-11-29,65.5105
FUND26,2024-12-02,64.9655
FUND26,2024-12-03,64.0267
FUND26,2024-12-04,64.1508
FUND26,2024-12-05,64.2627
FUND26,2024-12-06,63.9726
FUND26,2024-12-09,64.0678
FUND26,2024-12-10,64.6096
FUND26,2024-12-11,64.8235
FUND26,2024-12-12,65.0688
FUND26,2024-12-13,65.1266
FUND26,2024-12-16,64.5542
FUND26,2024-12-17,64.3377
FUND26,2024-12-18,64.2381
FUND26,2024-12-19,64.2959
FUND26,2024-12-20,64.1763
FUND26,2024-12-23,63.3478
FUND26,2024-12-24,64.0373
FUND26,2024-12-25,65.3979
FUND26,2024-12-26,66.0285
FUND26,2024-12-27,66.6819
FUND26,2024-12-30,67.2187
FUND26,2024-12-31,66.9827
FUND26,2025-01-01,66.8412
FUND26,2025-01-02,67.0936
FUND26,2025-01-03,66.8781
FUND26,2025-01-06,66.5507
FUND26,2025-01-07,66.062
FUND26,2025-01-08,65.982
FUND26,2025-01-09,65.4379
FUND26,2025-01-10,65.4709
FUND26,2025-01-13,65.4993
FUND26,2025-01-14,65.1439
FUND26,2025-01-15,65.6121
FUND26,2025-01-16,64.6036
FUND26,2025-01-17,65.3825
FUND26,2025-01-20,64.9459
FUND26,2025-01-21,64.6474
FUND26,2025-01-22,65.4553
FUND26,2025-01-23,65.9278
FUND26,2025-01-24,65.8689
FUND26,2025-01-27,66.0255
FUND26,2025-01-28,66.3206
FUND26,2025-01-29,64.8585
FUND26,2025-01-30,65.4613
FUND26,2025-01-31,65.7558
FUND26,2025-02-03,65.4186
FUND26,2025-02-04,65.4983
FUND26,2025-02-05,65.4161
FUND26,2025-02-06,65.0958
FUND26,2025-02-07,64.7896
FUND26,2025-02-10,65.4345
FUND26,2025-02-11,65.4865
FUND26,2025-02-12,65.481
FUND26,2025-02-13,64.7586
FUND26,2025-02-14,65.0224
FUND26,2025-02-17,65.8725
FUND26,2025-02-18,65.5933
FUND26,2025-02-19,65.634
FUND26,2025-02-20,65.7239
FUND26,2025-02-21,66.4304
FUND26,2025-02-24,65.901
FUND26,2025-02-25,66.2204
FUND26,2025-02-26,65.9687
FUND26,2025-02-27,66.1695
FUND26,2025-02-28,67.038
FUND26,2025-03-03,66.7266
FUND26,2025-03-04,66.7511
FUND26,2025-03-05,66.4942
FUND26,2025-03-06,65.2259
FUND26,2025-03-07,65.5864
FUND26,2025-03-10,64.3734
FUND26,2025-03-11,65.3499
FUND26,2025-03-12,64.3446
FUND26,2025-03-13,64.3092
FUND26,2025-03-14,64.1847
FUND26,2025-03-17,63.7134
FUND26,2025-03-18,63.2607
FUND26,2025-03-19,63.9276
FUND26,2025-03-20,63.7093
FUND26,2025-03-21,63.9089
FUND26,2025-03-24,64.9547
FUND26,2025-03-25,66.0854
FUND26,2025-03-26,66.8329
FUND26,2025-03-27,66.6532
FUND26,2025-03-28,64.9048
FUND26,2025-03-31,65.5894
FUND26,2025-04-01,65.9604
FUND26,2025-04-02,65.521
FUND26,2025-04-03,65.808
FUND26,2025-04-04,65.4994
FUND26,2025-04-07,65.0933
FUND26,2025-04-08,64.6975
FUND26,2025-04-09,65.0958
FUND26,2025-04-10,64.4356
FUND26,2025-04-11,63.7994
FUND26,2025-04-14,63.4738
FUND26,2025-04-15,63.407
FUND26,2025-04-16,63.5389
FUND26,2025-04-17,63.8086
FUND26,2025-04-18,63.7939
FUND26,2025-04-21,63.2071
FUND26,2025-04-22,63.1922
FUND26,2025-04-23,62.7827
FUND26,2025-04-24,62.8519
FUND26,2025-04-25,63.1047
FUND26,2025-04-28,63.4271
FUND26,2025-04-29,64.0717
FUND26,2025-04-30,63.3772
FUND26,2025-05-01,63.2448
FUND26,2025-05-02,63.6818
FUND26,2025-05-05,62.9629
FUND26,2025-05-06,63.3953
FUND26,2025-05-07,63.2051
FUND26,2025-05-08,63.4341
FUND26,2025-05-09,63.6276
FUND26,2025-05-12,63.7933
FUND26,2025-05-13,63.9574
FUND26,2025-05-14,63.445
FUND26,2025-05-15,63.4544
FUND26,2025-05-16,64.3249
FUND26,2025-05-19,64.0446
FUND26,2025-05-20,64.454
FUND26,2025-05-21,64.1909
FUND26,2025-05-22,64.0699
FUND26,2025-05-23,64.8472
FUND26,2025-05-26,64.7261
FUND26,2025-05-27,64.6798
FUND26,2025-05-28,65.1284
FUND26,2025-05-29,65.5301
FUND26,2025-05-30,64.7274
FUND26,2025-06-02,65.4203
FUND26,2025-06-03,65.9429
FUND26,2025-06-04,65.6141
FUND26,2025-06-05,65.6545
FUND26,2025-06-06,65.054
FUND26,2025-06-09,64.8756
FUND26,2025-06-10,64.8638
FUND26,2025-06-11,64.8971
FUND26,2025-06-12,64.7334
FUND26,2025-06-13,64.4227
FUND26,2025-06-16,64.569
FUND26,2025-06-17,65.3752
FUND26,2025-06-18,65.5522
FUND26,2025-06-19,64.9668
FUND26,2025-06-20,65.6212
FUND26,2025-06-23,64.9158
FUND26,2025-06-24,64.8352
FUND26,2025-06-25,64.2212
FUND26,2025-06-26,64.0856
FUND26,2025-06-27,65.035
FUND26,2025-06-30,63.4337
FUND26,2025-07-01,63.0841
FUND26,2025-07-02,62.2552
FUND26,2025-07-03,62.8499
FUND26,2025-07-04,63.859
FUND26,2025-07-07,63.9989
FUND26,2025-07-08,64.69
FUND26,2025-07-09,63.1985
FUND26,2025-07-10,63.3495
FUND26,2025-07-11,63.6517
FUND26,2025-07-14,63.9988
FUND26,2025-07-15,63.7114
FUND26,2025-07-16,63.5031
FUND26,2025-07-17,63.1791
FUND26,2025-07-18,63.3096
FUND26,2025-07-21,63.0201
FUND26,2025-07-22,63.2125
FUND26,2025-07-23,63.0407
FUND26,2025-07-24,62.7038
FUND26,2025-07-25,62.9837
FUND26,2025-07-28,62.9839
FUND26,2025-07-29,62.3798
FUND26,2025-07-30,63.6309
FUND26,2025-07-31,63.6881
FUND26,2025-08-01,63.4738
FUND26,2025-08-04,63.503
FUND26,2025-08-05,63.3956
FUND26,2025-08-06,62.3803
FUND26,2025-08-07,61.2759
FUND26,2025-08-08,62.2758
FUND26,2025-08-11,62.353
FUND26,2025-08-12,62.5512
FUND26,2025-08-13,62.4993
FUND26,2025-08-14,62.2956
FUND26,2025-08-15,61.42
FUND26,2025-08-18,61.7519
FUND26,2025-08-19,60.9802
FUND26,2025-08-20,60.2386
FUND26,2025-08-21,60.4639
FUND26,2025-08-22,60.5522
FUND26,2025-08-25,60.3858
FUND26,2025-08-26,61.5547
FUND26,2025-08-27,61.8587
FUND26,2025-08-28,62.9763
FUND26,2025-08-29,62.7479
FUND26,2025-09-01,62.812
FUND26,2025-09-02,63.4488
FUND26,2025-09-03,63.9653
FUND26,2025-09-04,63.979
FUND26,2025-09-05,63.3078
FUND26,2025-09-08,62.5989
FUND26,2025-09-09,62.777
FUND26,2025-09-10,62.0344
FUND26,2025-09-11,62.5065
FUND26,2025-09-12,63.0981
FUND26,2025-09-15,63.5665
FUND26,2025-09-16,62.687
FUND26,2025-09-17,63.4678
FUND26,2025-09-18,63.5733
FUND26,2025-09-19,62.3722
FUND26,2025-09-22,62.1114
FUND26,2025-09-23,61.4942
FUND26,2025-09-24,61.5189
FUND26,2025-09-25,61.3804
FUND26,2025-09-26,61.1763
FUND26,2025-09-29,61.1893
FUND26,2025-09-30,60.6368
FUND26,2025-10-01,59.8949
FUND26,2025-10-02,59.3236
FUND26,2025-10-03,58.6691
FUND26,2025-10-06,58.4756
FUND26,2025-10-07,58.8974
FUND26,2025-10-08,59.1626
FUND26,2025-10-09,59.1996
FUND26,2025-10-10,59.3633
FUND26,2025-10-13,59.8851
FUND26,2025-10-14,60.0075
FUND26,2025-10-15,60.6229
FUND26,2025-10-16,60.6173
FUND26,2025-10-17,60.5388
FUND26,2025-10-20,61.1192
FUND26,2025-10-21,60.8452
FUND26,2025-10-22,60.445
FUND26,2025-10-23,59.6296
FUND26,2025-10-24,59.6124
FUND26,2025-10-27,59.6294
FUND26,2025-10-28,60.0063
FUND26,2025-10-29,60.4471
FUND26,2025-10-30,60.5214
FUND26,2025-10-31,59.765
FUND26,2025-11-03,58.6371
FUND26,2025-11-04,58.89
FUND26,2025-11-05,59.0016
FUND26,2025-11-06,59.0942
FUND26,2025-11-07,59.0311
FUND26,2025-11-10,58.8366
FUND26,2025-11-11,57.8805
FUND26,2025-11-12,57.0478
FUND26,2025-11-13,57.6246
FUND26,2025-11-14,58.4675
FUND26,2025-11-17,58.0554
FUND26,2025-11-18,57.2063
FUND26,2025-11-19,56.0508
FUND26,2025-11-20,55.3595
FUND26,2025-11-21,55.3763
FUND26,2025-11-24,55.9212
FUND27,2023-01-02,40.2701
FUND27,2023-01-03,40.3644
FUND27,2023-01-04,40.7156
FUND27,2023-01-05,40.3328
FUND27,2023-01-06,40.777
FUND27,2023-01-09,40.8091
FUND27,2023-01-10,40.4723
FUND27,2023-01-11,40.3795
FUND27,2023-01-12,40.3438
FUND27,2023-01-13,40.1311
FUND27,2023-01-16,39.8555
FUND27,2023-01-17,40.2524
FUND27,2023-01-18,40.2236
FUND27,2023-01-19,40.2362
FUND27,2023-01-20,40.0409
FUND27,2023-01-23,39.7635
FUND27,2023-01-24,39.662
FUND27,2023-01-25,40.0838
FUND27,2023-01-26,40.4209
FUND27,2023-01-27,40.8047
FUND27,2023-01-30,40.9592
FUND27,2023-01-31,40.9394
FUND27,2023-02-01,41.0621
FUND27,2023-02-02,40.8566
FUND27,2023-02-03,41.6213
FUND27,2023-02-06,41.8212
FUND27,2023-02-07,41.4945
FUND27,2023-02-08,41.2545
FUND27,2023-02-09,40.814
FUND27,2023-02-10,40.6765
FUND27,2023-02-13,40.6677
FUND27,2023-02-14,41.0405
FUND27,2023-02-15,41.4913
FUND27,2023-02-16,41.5601
FUND27,2023-02-17,41.4768
FUND27,2023-02-20,41.2777
FUND27,2023-02-21,40.9419
FUND27,2023-02-22,41.0996
FUND27,2023-02-23,41.1249
FUND27,2023-02-24,41.6169
FUND27,2023-02-27,41.8338
FUND27,2023-02-28,41.7249
FUND27,2023-03-01,41.7335
FUND27,2023-03-02,41.2349
FUND27,2023-03-03,41.3845
FUND27,2023-03-06,41.5675
FUND27,2023-03-07,41.5383
FUND27,2023-03-08,41.0784
FUND27,2023-03-09,41.4526
FUND27,2023-03-10,41.1817
FUND27,2023-03-13,41.177
FUND27,2023-03-14,41.205
FUND27,2023-03-15,41.3733
FUND27,2023-03-16,41.3103
FUND27,2023-03-17,40.8716
FUND27,2023-03-20,41.3981
FUND27,2023-03-21,41.7554
FUND27,2023-03-22,41.6677
FUND27,2023-03-23,41.7366
FUND27,2023-03-24,41.2249
FUND27,2023-03-27,41.5035
FUND27,2023-03-28,41.9184
FUND27,2023-03-29,41.8187
FUND27,2023-03-30,41.4632
FUND27,2023-03-31,41.1138
FUND27,2023-04-03,40.7893
FUND27,2023-04-04,40.6244
FUND27,2023-04-05,40.543
FUND27,2023-04-06,40.7321
FUND27,2023-04-07,40.5174
FUND27,2023-04-10,40.5367
FUND27,2023-04-11,40.5837
FUND27,2023-04-12,40.9362
FUND27,2023-04-13,40.7403
FUND27,2023-04-14,40.3951
FUND27,2023-04-17,40.1476
FUND27,2023-04-18,40.2424
FUND27,2023-04-19,40.0618
FUND27,2023-04-20,40.0926
FUND27,2023-04-21,40.2396
FUND27,2023-04-24,40.1896
FUND27,2023-04-25,40.2704
FUND27,2023-04-26,40.0561
FUND27,2023-04-27,40.1027
FUND27,2023-04-28,40.2227
FUND27,2023-05-01,39.9509
FUND27,2023-05-02,39.8123
FUND27,2023-05-03,39.9526
FUND27,2023-05-04,39.9238
FUND27,2023-05-05,39.7621
FUND27,2023-05-08,39.4992
FUND27,2023-05-09,39.0302
FUND27,2023-05-10,39.153
FUND27,2023-05-11,39.0357
FUND27,2023-05-12,38.9496
FUND27,2023-05-15,38.93
FUND27,2023-05-16,38.7443
FUND27,2023-05-17,39.1383
FUND27,2023-05-18,39.2883
FUND27,2023-05-19,39.1717
FUND27,2023-05-22,39.0024
FUND27,2023-05-23,39.0162
FUND27,2023-05-24,39.2995
FUND27,2023-05-25,39.301
FUND27,2023-05-26,39.4468
FUND27,2023-05-29,39.1761
FUND27,2023-05-30,38.661
FUND27,2023-05-31,38.9406
FUND27,2023-06-01,38.8782
FUND27,2023-06-02,39.0489
FUND27,2023-06-05,38.8607
FUND27,2023-06-06,39.2012
FUND27,2023-06-07,39.3115
FUND27,2023-06-08,39.2654
FUND27,2023-06-09,39.188
FUND27,2023-06-12,39.1738
FUND27,2023-06-13,38.9269
FUND27,2023-06-14,39.0247
FUND27,2023-06-15,39.081
FUND27,2023-06-16,38.976
FUND27,2023-06-19,38.6562
FUND27,2023-06-20,38.4527
FUND27,2023-06-21,38.3601
FUND27,2023-06-22,38.3737
FUND27,2023-06-23,38.2995
FUND27,2023-06-26,38.4128
FUND27,2023-06-27,38.6247
FUND27,2023-06-28,38.3748
FUND27,2023-06-29,38.4197
FUND27,2023-06-30,38.0127
FUND27,2023-07-03,37.8661
FUND27,2023-07-04,37.9167
FUND27,2023-07-05,37.8313
FUND27,2023-07-06,37.9308
FUND27,2023-07-07,37.9983
FUND27,2023-07-10,37.7737
FUND27,2023-07-11,37.7342
FUND27,2023-07-12,37.0567
FUND27,2023-07-13,37.1
FUND27,2023-07-14,36.8811
FUND27,2023-07-17,36.7743
FUND27,2023-07-18,36.8142
FUND27,2023-07-19,36.6765
FUND27,2023-07-20,36.8724
FUND27,2023-07-21,37.0308
FUND27,2023-07-24,37.068
FUND27,2023-07-25,37.1949
FUND27,2023-07-26,36.9865
FUND27,2023-07-27,36.7397
FUND27,2023-07-28,37.0553
FUND27,2023-07-31,37.0745
FUND27,2023-08-01,36.8323
FUND27,2023-08-02,37.2122
FUND27,2023-08-03,37.2121
FUND27,2023-08-04,36.8697
FUND27,2023-08-07,36.9231
FUND27,2023-08-08,36.9881
FUND27,2023-08-09,37.2498
FUND27,2023-08-10,37.2054
FUND27,2023-08-11,37.3673
FUND27,2023-08-14,37.5218
FUND27,2023-08-15,37.5481
FUND27,2023-08-16,37.17
FUND27,2023-08-17,37.3282
FUND27,2023-08-18,37.4823
FUND27,2023-08-21,37.2706
FUND27,2023-08-22,37.1711
FUND27,2023-08-23,37.4031
FUND27,2023-08-24,37.4449
FUND27,2023-08-25,37.5218
FUND27,2023-08-28,37.3472
FUND27,2023-08-29,37.282
FUND27,2023-08-30,37.3226
FUND27,2023-08-31,37.1126
FUND27,2023-09-01,36.5076
FUND27,2023-09-04,36.411
FUND27,2023-09-05,36.5322
FUND27,2023-09-06,36.4567
FUND27,2023-09-07,36.2848
FUND27,2023-09-08,36.2777
FUND27,2023-09-11,36.5053
FUND27,2023-09-12,36.5811
FUND27,2023-09-13,36.5925
FUND27,2023-09-14,36.6356
FUND27,2023-09-15,36.5247
FUND27,2023-09-18,36.3621
FUND27,2023-09-19,36.44
FUND27,2023-09-20,36.6912
FUND27,2023-09-21,37.0825
FUND27,2023-09-22,37.2678
FUND27,2023-09-25,37.3343
FUND27,2023-09-26,37.5416
FUND27,2023-09-27,37.4677
FUND27,2023-09-28,36.9004
FUND27,2023-09-29,36.7255
FUND27,2023-10-02,36.8705
FUND27,2023-10-03,37.0759
FUND27,2023-10-04,37.3182
FUND27,2023-10-05,37.385
FUND27,2023-10-06,37.6658
FUND27,2023-10-09,37.6028
FUND27,2023-10-10,37.1934
FUND27,2023-10-11,37.0276
FUND27,2023-10-12,36.898
FUND27,2023-10-13,36.8838
FUND27,2023-10-16,36.8473
FUND27,2023-10-17,36.8179
FUND27,2023-10-18,37.3213
FUND27,2023-10-19,37.1121
FUND27,2023-10-20,37.0915
FUND27,2023-10-23,37.0439
FUND27,2023-10-24,36.9308
FUND27,2023-10-25,36.8098
FUND27,2023-10-26,36.4615
FUND27,2023-10-27,36.5021
FUND27,2023-10-30,36.3467
FUND27,2023-10-31,36.33
FUND27,2023-11-01,36.3819
FUND27,2023-11-02,35.9857
FUND27,2023-11-03,35.9336
FUND27,2023-11-06,35.9786
FUND27,2023-11-07,35.7481
FUND27,2023-11-08,35.4483
FUND27,2023-11-09,35.2957
FUND27,2023-11-10,35.4881
FUND27,2023-11-13,35.4489
FUND27,2023-11-14,35.5963
FUND27,2023-11-15,35.4283
FUND27,2023-11-16,35.4382
FUND27,2023-11-17,35.4776
FUND27,2023-11-20,35.5997
FUND27,2023-11-21,35.9018
FUND27,2023-11-22,35.8109
FUND27,2023-11-23,36.0332
FUND27,2023-11-24,36.0235
FUND27,2023-11-27,35.7819
FUND27,2023-11-28,35.9789
FUND27,2023-11-29,35.819
FUND27,2023-11-30,35.7431
FUND27,2023-12-01,35.8934
FUND27,2023-12-04,35.8256
FUND27,2023-12-05,35.8703
FUND27,2023-12-06,35.8674
FUND27,2023-12-07,35.83
FUND27,2023-12-08,35.9694
FUND27,2023-12-11,35.7509
FUND27,2023-12-12,35.8436
FUND27,2023-12-13,35.9631
FUND27,2023-12-14,36.0288
FUND27,2023-12-15,36.2521
FUND27,2023-12-18,36.3883
FUND27,2023-12-19,36.1949
FUND27,2023-12-20,36.227
FUND27,2023-12-21,36.3116
FUND27,2023-12-22,36.5567
FUND27,2023-12-25,37.0374
FUND27,2023-12-26,37.1114
FUND27,2023-12-27,37.206
FUND27,2023-12-28,37.2485
FUND27,2023-12-29,36.8376
FUND27,2024-01-01,37.0036
FUND27,2024-01-02,36.7338
FUND27,2024-01-03,36.4456
FUND27,2024-01-04,36.4757
FUND27,2024-01-05,36.5889
FUND27,2024-01-08,36.5802
FUND27,2024-01-09,36.7868
FUND27,2024-01-10,37.1271
FUND27,2024-01-11,37.3913
FUND27,2024-01-12,37.7908
FUND27,2024-01-15,37.6732
FUND27,2024-01-16,37.8193
FUND27,2024-01-17,37.9512
FUND27,2024-01-18,37.7659
FUND27,2024-01-19,37.7231
FUND27,2024-01-22,37.7159
FUND27,2024-01-23,37.7753
FUND27,2024-01-24,37.8817
FUND27,2024-01-25,37.6283
FUND27,2024-01-26,37.7748
FUND27,2024-01-29,37.9048
FUND27,2024-01-30,38.3478
FUND27,2024-01-31,38.3842
FUND27,2024-02-01,38.4471
FUND27,2024-02-02,38.5602
FUND27,2024-02-05,38.7881
FUND27,2024-02-06,39.0925
FUND27,2024-02-07,39.0314
FUND27,2024-02-08,38.944
FUND27,2024-02-09,38.9243
FUND27,2024-02-12,39.1183
FUND27,2024-02-13,39.1068
FUND27,2024-02-14,39.0389
FUND27,2024-02-15,38.8847
FUND27,2024-02-16,38.9361
FUND27,2024-02-19,38.876
FUND27,2024-02-20,38.4395
FUND27,2024-02-21,38.3186
FUND27,2024-02-22,37.8779
FUND27,2024-02-23,38.0335
FUND27,2024-02-26,38.0761
FUND27,2024-02-27,37.5748
FUND27,2024-02-28,37.6186
FUND27,2024-02-29,37.544
FUND27,2024-03-01,37.7725
FUND27,2024-03-04,37.6714
FUND27,2024-03-05,37.7675
FUND27,2024-03-06,37.3139
FUND27,2024-03-07,37.1152
FUND27,2024-03-08,36.6411
FUND27,2024-03-11,36.6154
FUND27,2024-03-12,36.7678
FUND27,2024-03-13,36.946
FUND27,2024-03-14,37.3427
FUND27,2024-03-15,37.5566
FUND27,2024-03-18,38.0267
FUND27,2024-03-19,37.9229
FUND27,2024-03-20,38.0479
FUND27,2024-03-21,38.3736
FUND27,2024-03-22,38.6581
FUND27,2024-03-25,38.7706
FUND27,2024-03-26,38.9412
FUND27,2024-03-27,38.3464
FUND27,2024-03-28,38.5797
FUND27,2024-03-29,38.6125
FUND27,2024-04-01,38.6127
FUND27,2024-04-02,38.6764
FUND27,2024-04-03,38.9819
FUND27,2024-04-04,38.9731
FUND27,2024-04-05,38.5941
FUND27,2024-04-08,38.5691
FUND27,2024-04-09,38.6542
FUND27,2024-04-10,38.901
FUND27,2024-04-11,38.6943
FUND27,2024-04-12,38.1899
FUND27,2024-04-15,37.7651
FUND27,2024-04-16,37.618
FUND27,2024-04-17,37.9406
FUND27,2024-04-18,38.0125
FUND27,2024-04-19,38.3287
FUND27,2024-04-22,38.5892
FUND27,2024-04-23,38.8586
FUND27,2024-04-24,39.1416
FUND27,2024-04-25,39.1391
FUND27,2024-04-26,39.0548
FUND27,2024-04-29,39.0418
FUND27,2024-04-30,39.1465
FUND27,2024-05-01,39.0869
FUND27,2024-05-02,38.9346
FUND27,2024-05-03,39.0868
FUND27,2024-05-06,39.7059
FUND27,2024-05-07,39.9092
FUND27,2024-05-08,39.6886
FUND27,2024-05-09,39.6039
FUND27,2024-05-10,39.7937
FUND27,2024-05-13,39.9855
FUND27,2024-05-14,39.788
FUND27,2024-05-15,39.9159
FUND27,2024-05-16,39.857
FUND27,2024-05-17,39.9974
FUND27,2024-05-20,40.2081
FUND27,2024-05-21,39.9892
FUND27,2024-05-22,39.7839
FUND27,2024-05-23,40.4144
FUND27,2024-05-24,40.2658
FUND27,2024-05-27,40.1792
FUND27,2024-05-28,40.1897
FUND27,2024-05-29,39.8828
FUND27,2024-05-30,40.2737
FUND27,2024-05-31,40.3429
FUND27,2024-06-03,40.0524
FUND27,2024-06-04,40.0544
FUND27,2024-06-05,40.0614
FUND27,2024-06-06,40.091
FUND27,2024-06-07,40.095
FUND27,2024-06-10,39.3436
FUND27,2024-06-11,39.3662
FUND27,2024-06-12,38.9226
FUND27,2024-06-13,39.0047
FUND27,2024-06-14,39.0266
FUND27,2024-06-17,39.4082
FUND27,2024-06-18,39.4446
FUND27,2024-06-19,39.934
FUND27,2024-06-20,40.3129
FUND27,2024-06-21,40.507
FUND27,2024-06-24,40.2496
FUND27,2024-06-25,40.4711
FUND27,2024-06-26,40.8434
FUND27,2024-06-27,41.205
FUND27,2024-06-28,40.9761
FUND27,2024-07-01,41.4656
FUND27,2024-07-02,41.3034
FUND27,2024-07-03,41.3212
FUND27,2024-07-04,41.3977
FUND27,2024-07-05,41.3925
FUND27,2024-07-08,41.7279
FUND27,2024-07-09,41.9153
FUND27,2024-07-10,41.9672
FUND27,2024-07-11,42.1675
FUND27,2024-07-12,42.0421
FUND27,2024-07-15,42.1159
FUND27,2024-07-16,42.2895
FUND27,2024-07-17,42.4561
FUND27,2024-07-18,42.4759
FUND27,2024-07-19,42.4435
FUND27,2024-07-22,42.5141
FUND27,2024-07-23,42.7298
FUND27,2024-07-24,42.2259
FUND27,2024-07-25,42.3184
FUND27,2024-07-26,42.1131
FUND27,2024-07-29,42.2484
FUND27,2024-07-30,42.2412
FUND27,2024-07-31,42.3901
FUND27,2024-08-01,42.2832
FUND27,2024-08-02,42.1784
FUND27,2024-08-05,42.3837
FUND27,2024-08-06,42.2887
FUND27,2024-08-07,41.7729
FUND27,2024-08-08,41.8243
FUND27,2024-08-09,42.0896
FUND27,2024-08-12,41.7828
FUND27,2024-08-13,41.7874
FUND27,2024-08-14,41.4425
FUND27,2024-08-15,41.3143
FUND27,2024-08-16,41.3695
FUND27,2024-08-19,41.5394
FUND27,2024-08-20,41.5788
FUND27,2024-08-21,41.4312
FUND27,2024-08-22,41.6974
FUND27,2024-08-23,42.1244
FUND27,2024-08-26,42.0193
FUND27,2024-08-27,42.1253
FUND27,2024-08-28,42.1114
FUND27,2024-08-29,42.1382
FUND27,2024-08-30,41.9252
FUND27,2024-09-02,41.8845
FUND27,2024-09-03,41.8912
FUND27,2024-09-04,41.5928
FUND27,2024-09-05,41.528
FUND27,2024-09-06,41.4407
FUND27,2024-09-09,41.6685
FUND27,2024-09-10,41.2986
FUND27,2024-09-11,41.3134
FUND27,2024-09-12,41.2188
FUND27,2024-09-13,41.2937
FUND27,2024-09-16,41.2484
FUND27,2024-09-17,41.3388
FUND27,2024-09-18,40.9465
FUND27,2024-09-19,40.5413
FUND27,2024-09-20,40.8844
FUND27,2024-09-23,40.6393
FUND27,2024-09-24,40.4352
FUND27,2024-09-25,40.5636
FUND27,2024-09-26,40.5398
FUND27,2024-09-27,40.5657
FUND27,2024-09-30,40.8626
FUND27,2024-10-01,40.9652
FUND27,2024-10-02,41.2442
FUND27,2024-10-03,41.1711
FUND27,2024-10-04,41.4055
FUND27,2024-10-07,41.7075
FUND27,2024-10-08,42.1795
FUND27,2024-10-09,41.9397
FUND27,2024-10-10,42.1779
FUND27,2024-10-11,42.4335
FUND27,2024-10-14,42.1773
FUND27,2024-10-15,41.6935
FUND27,2024-10-16,41.489
FUND27,2024-10-17,41.1062
FUND27,2024-10-18,41.7214
FUND27,2024-10-21,41.8433
FUND27,2024-10-22,41.9335
FUND27,2024-10-23,41.8677
FUND27,2024-10-24,41.9418
FUND27,2024-10-25,41.9928
FUND27,2024-10-28,42.2917
FUND27,2024-10-29,42.3338
FUND27,2024-10-30,42.602
FUND27,2024-10-31,43.0859
FUND27,2024-11-01,42.9254
FUND27,2024-11-04,42.9051
FUND27,2024-11-05,43.1409
FUND27,2024-11-06,43.0025
FUND27,2024-11-07,42.7494
FUND27,2024-11-08,42.9324
FUND27,2024-11-11,42.8493
FUND27,2024-11-12,43.3077
FUND27,2024-11-13,43.6607
FUND27,2024-11-14,43.5087
FUND27,2024-11-15,43.0005
FUND27,2024-11-18,42.7634
FUND27,2024-11-19,42.9025
FUND27,2024-11-20,42.9222
FUND27,2024-11-21,42.8766
FUND27,2024-11-22,42.7543
FUND27,2024-11-25,42.703
FUND27,2024-11-26,42.7003
FUND27,2024-11-27,42.3988
FUND27,2024-11-28,42.352
FUND27,2024-11-29,42.8784
FUND27,2024-12-02,42.8705
FUND27,2024-12-03,43.0497
FUND27,2024-12-04,43.0375
FUND27,2024-12-05,42.962
FUND27,2024-12-06,42.7912
FUND27,2024-12-09,42.3312
FUND27,2024-12-10,42.2092
FUND27,2024-12-11,42.3975
FUND27,2024-12-12,42.3579
FUND27,2024-12-13,42.7721
FUND27,2024-12-16,43.0018
FUND27,2024-12-17,43.2767
FUND27,2024-12-18,43.4412
FUND27,2024-12-19,43.5724
FUND27,2024-12-20,43.7571
FUND27,2024-12-23,43.5054
FUND27,2024-12-24,42.9765
FUND27,2024-12-25,43.196
FUND27,2024-12-26,43.0722
FUND27,2024-12-27,43.1201
FUND27,2024-12-30,42.4529
FUND27,2024-12-31,42.6111
FUND27,2025-01-01,42.3293
FUND27,2025-01-02,42.6384
FUND27,2025-01-03,42.7457
FUND27,2025-01-06,42.6455
FUND27,2025-01-07,42.9257
FUND27,2025-01-08,43.1179
FUND27,2025-01-09,43.0802
FUND27,2025-01-10,42.9031
FUND27,2025-01-13,42.9837
FUND27,2025-01-14,42.781
FUND27,2025-01-15,43.2067
FUND27,2025-01-16,43.0301
FUND27,2025-01-17,42.6898
FUND27,2025-01-20,42.4784
FUND27,2025-01-21,42.7036
FUND27,2025-01-22,42.6753
FUND27,2025-01-23,42.4019
FUND27,2025-01-24,42.3369
FUND27,2025-01-27,42.0239
FUND27,2025-01-28,42.1861
FUND27,2025-01-29,42.2799
FUND27,2025-01-30,42.1456
FUND27,2025-01-31,42.2059
FUND27,2025-02-03,42.3978
FUND27,2025-02-04,42.5741
FUND27,2025-02-05,42.8857
FUND27,2025-02-06,42.6751
FUND27,2025-02-07,42.6032
FUND27,2025-02-10,42.3948
FUND27,2025-02-11,42.6821
FUND27,2025-02-12,42.9137
FUND27,2025-02-13,43.0096
FUND27,2025-02-14,42.9434
FUND27,2025-02-17,42.5851
FUND27,2025-02-18,42.7965
FUND27,2025-02-19,42.759
FUND27,2025-02-20,42.944
FUND27,2025-02-21,42.8027
FUND27,2025-02-24,42.3676
FUND27,2025-02-25,42.3714
FUND27,2025-02-26,42.3559
FUND27,2025-02-27,42.059
FUND27,2025-02-28,42.2229
FUND27,2025-03-03,41.9593
FUND27,2025-03-04,42.1902
FUND27,2025-03-05,42.1655
FUND27,2025-03-06,41.7649
FUND27,2025-03-07,41.9487
FUND27,2025-03-10,42.2547
FUND27,2025-03-11,42.6024
FUND27,2025-03-12,42.9176
FUND27,2025-03-13,42.9657
FUND27,2025-03-14,42.8727
FUND27,2025-03-17,42.9657
FUND27,2025-03-18,42.8447
FUND27,2025-03-19,42.7794
FUND27,2025-03-20,42.7322
FUND27,2025-03-21,42.9138
FUND27,2025-03-24,43.026
FUND27,2025-03-25,42.5239
FUND27,2025-03-26,42.529
FUND27,2025-03-27,42.4387
FUND27,2025-03-28,42.3195
FUND27,2025-03-31,42.254
FUND27,2025-04-01,42.3545
FUND27,2025-04-02,42.5037
FUND27,2025-04-03,42.2656
FUND27,2025-04-04,42.6216
FUND27,2025-04-07,42.4024
FUND27,2025-04-08,42.3666
FUND27,2025-04-09,42.5478
FUND27,2025-04-10,41.9923
FUND27,2025-04-11,41.6548
FUND27,2025-04-14,41.9021
FUND27,2025-04-15,42.1877
FUND27,2025-04-16,42.1819
FUND27,2025-04-17,42.0407
FUND27,2025-04-18,42.0013
FUND27,2025-04-21,42.0487
FUND27,2025-04-22,41.5441
FUND27,2025-04-23,41.4914
FUND27,2025-04-24,41.4186
FUND27,2025-04-25,41.8463
FUND27,2025-04-28,41.711
FUND27,2025-04-29,41.7296
FUND27,2025-04-30,41.9424
FUND27,2025-05-01,41.8792
FUND27,2025-05-02,42.2106
FUND27,2025-05-05,41.8543
FUND27,2025-05-06,41.6218
FUND27,2025-05-07,41.3485
FUND27,2025-05-08,41.1394
FUND27,2025-05-09,40.7863
FUND27,2025-05-12,41.0829
FUND27,2025-05-13,40.972
FUND27,2025-05-14,41.0309
FUND27,2025-05-15,40.89
FUND27,2025-05-16,41.0165
FUND27,2025-05-19,41.1391
FUND27,2025-05-20,40.9552
FUND27,2025-05-21,41.3024
FUND27,2025-05-22,40.778
FUND27,2025-05-23,40.6877
FUND27,2025-05-26,40.823
FUND27,2025-05-27,41.2602
FUND27,2025-05-28,41.4644
FUND27,2025-05-29,41.4484
FUND27,2025-05-30,41.423
FUND27,2025-06-02,41.4474
FUND27,2025-06-03,41.5577
FUND27,2025-06-04,41.5626
FUND27,2025-06-05,41.4716
FUND27,2025-06-06,41.53
FUND27,2025-06-09,41.7781
FUND27,2025-06-10,41.897
FUND27,2025-06-11,42.2421
FUND27,2025-06-12,42.3966
FUND27,2025-06-13,42.5697
FUND27,2025-06-16,42.4773
FUND27,2025-06-17,42.5153
FUND27,2025-06-18,42.3195
FUND27,2025-06-19,42.1971
FUND27,2025-06-20,42.2886
FUND27,2025-06-23,42.3048
FUND27,2025-06-24,42.8909
FUND27,2025-06-25,42.775
FUND27,2025-06-26,42.9716
FUND27,2025-06-27,43.2179
FUND27,2025-06-30,43.4859
FUND27,2025-07-01,43.5607
FUND27,2025-07-02,43.0958
FUND27,2025-07-03,43.4524
FUND27,2025-07-04,43.4611
FUND27,2025-07-07,42.9845
FUND27,2025-07-08,43.6579
FUND27,2025-07-09,43.9125
FUND27,2025-07-10,44.1059
FUND27,2025-07-11,43.9286
FUND27,2025-07-14,44.0058
FUND27,2025-07-15,44.3351
FUND27,2025-07-16,44.3846
FUND27,2025-07-17,44.3844
FUND27,2025-07-18,44.2267
FUND27,2025-07-21,44.1569
FUND27,2025-07-22,44.2682
FUND27,2025-07-23,44.4691
FUND27,2025-07-24,44.9033
FUND27,2025-07-25,45.1872
FUND27,2025-07-28,44.9128
FUND27,2025-07-29,44.4808
FUND27,2025-07-30,44.4112
FUND27,2025-07-31,44.2654
FUND27,2025-08-01,44.3978
FUND27,2025-08-04,44.2811
FUND27,2025-08-05,44.2597
FUND27,2025-08-06,44.296
FUND27,2025-08-07,44.6489
FUND27,2025-08-08,44.5199
FUND27,2025-08-11,44.5097
FUND27,2025-08-12,44.639
FUND27,2025-08-13,44.5198
FUND27,2025-08-14,44.5912
FUND27,2025-08-15,44.6429
FUND27,2025-08-18,44.7732
FUND27,2025-08-19,44.4524
FUND27,2025-08-20,44.9305
FUND27,2025-08-21,44.8044
FUND27,2025-08-22,45.3979
FUND27,2025-08-25,45.4684
FUND27,2025-08-26,45.644
FUND27,2025-08-27,45.0891
FUND27,2025-08-28,45.2111
FUND27,2025-08-29,44.9208
FUND27,2025-09-01,44.8903
FUND27,2025-09-02,44.3768
FUND27,2025-09-03,44.6767
FUND27,2025-09-04,45.2093
FUND27,2025-09-05,45.3293
FUND27,2025-09-08,45.3969
FUND27,2025-09-09,45.6109
FUND27,2025-09-10,45.525
FUND27,2025-09-11,45.9069
FUND27,2025-09-12,46.1342
FUND27,2025-09-15,46.2108
FUND27,2025-09-16,46.1309
FUND27,2025-09-17,46.191
FUND27,2025-09-18,46.0872
FUND27,2025-09-19,46.3239
FUND27,2025-09-22,46.0401
FUND27,2025-09-23,46.033
FUND27,2025-09-24,46.5713
FUND27,2025-09-25,46.5794
FUND27,2025-09-26,46.209
FUND27,2025-09-29,46.237
FUND27,2025-09-30,46.3393
FUND27,2025-10-01,46.571
FUND27,2025-10-02,46.8221
FUND27,2025-10-03,47.3655
FUND27,2025-10-06,47.3345
FUND27,2025-10-07,47.5434
FUND27,2025-10-08,47.3852
FUND27,2025-10-09,47.8558
FUND27,2025-10-10,48.1671
FUND27,2025-10-13,48.3408
FUND27,2025-10-14,48.4076
FUND27,2025-10-15,48.6845
FUND27,2025-10-16,48.8002
FUND27,2025-10-17,48.3045
FUND27,2025-10-20,48.033
FUND27,2025-10-21,48.0464
FUND27,2025-10-22,48.0487
FUND27,2025-10-23,48.4374
FUND27,2025-10-24,48.627
FUND27,2025-10-27,48.6396
FUND27,2025-10-28,49.0074
FUND27,2025-10-29,48.664
FUND27,2025-10-30,48.5372
FUND27,2025-10-31,48.7041
FUND27,2025-11-03,48.806
FUND27,2025-11-04,48.6887
FUND27,2025-11-05,48.6252
FUND27,2025-11-06,48.6097
FUND27,2025-11-07,48.5572
FUND27,2025-11-10,48.4068
FUND27,2025-11-11,47.953
FUND27,2025-11-12,47.9221
FUND27,2025-11-13,47.8948
FUND27,2025-11-14,48.3247
FUND27,2025-11-17,48.363
FUND27,2025-11-18,48.3753
FUND27,2025-11-19,48.2097
FUND27,2025-11-20,48.5134
FUND27,2025-11-21,48.2138
FUND27,2025-11-24,48.7419
FUND28,2023-01-02,25.6608
FUND28,2023-01-03,25.9314
FUND28,2023-01-04,25.8992
FUND28,2023-01-05,25.8837
FUND28,2023-01-06,26.0147
FUND28,2023-01-09,25.6486
FUND28,2023-01-10,25.7297
FUND28,2023-01-11,26.1045
FUND28,2023-01-12,26.0942
FUND28,2023-01-13,26.4257
FUND28,2023-01-16,26.2397
FUND28,2023-01-17,26.8068
FUND28,2023-01-18,26.4854
FUND28,2023-01-19,26.1229
FUND28,2023-01-20,26.0461
FUND28,2023-01-23,26.3797
FUND28,2023-01-24,26.7506
FUND28,2023-01-25,26.662
FUND28,2023-01-26,26.6207
FUND28,2023-01-27,26.9705
FUND28,2023-01-30,26.7438
FUND28,2023-01-31,26.9398
FUND28,2023-02-01,26.6239
FUND28,2023-02-02,26.5491
FUND28,2023-02-03,26.2126
FUND28,2023-02-06,25.7387
FUND28,2023-02-07,25.9176
FUND28,2023-02-08,25.7712
FUND28,2023-02-09,25.4972
FUND28,2023-02-10,25.6806
FUND28,2023-02-13,25.5675
FUND28,2023-02-14,25.3159
FUND28,2023-02-15,25.3666
FUND28,2023-02-16,25.7507
FUND28,2023-02-17,26.0438
FUND28,2023-02-20,25.3308
FUND28,2023-02-21,25.7363
FUND28,2023-02-22,25.9286
FUND28,2023-02-23,26.0366
FUND28,2023-02-24,25.9633
FUND28,2023-02-27,25.7236
FUND28,2023-02-28,25.9947
FUND28,2023-03-01,25.9471
FUND28,2023-03-02,25.9109
FUND28,2023-03-03,26.2306
FUND28,2023-03-06,26.3665
FUND28,2023-03-07,26.5442
FUND28,2023-03-08,26.4731
FUND28,2023-03-09,26.512
FUND28,2023-03-10,26.4874
FUND28,2023-03-13,26.2259
FUND28,2023-03-14,26.2101
FUND28,2023-03-15,26.0813
FUND28,2023-03-16,25.6809
FUND28,2023-03-17,25.8475
FUND28,2023-03-20,25.6093
FUND28,2023-03-21,25.5683
FUND28,2023-03-22,25.7919
FUND28,2023-03-23,25.2798
FUND28,2023-03-24,25.6111
FUND28,2023-03-27,26.2459
FUND28,2023-03-28,26.3945
FUND28,2023-03-29,26.4401
FUND28,2023-03-30,26.6826
FUND28,2023-03-31,26.6616
FUND28,2023-04-03,26.9981
FUND28,2023-04-04,26.7971
FUND28,2023-04-05,26.7985
FUND28,2023-04-06,26.4574
FUND28,2023-04-07,26.7381
FUND28,2023-04-10,26.7187
FUND28,2023-04-11,26.6758
FUND28,2023-04-12,26.2935
FUND28,2023-04-13,26.5739
FUND28,2023-04-14,26.7061
FUND28,2023-04-17,26.6184
FUND28,2023-04-18,26.8109
FUND28,2023-04-19,26.7441
FUND28,2023-04-20,26.8872
FUND28,2023-04-21,27.1933
FUND28,2023-04-24,27.6409
FUND28,2023-04-25,27.1059
FUND28,2023-04-26,26.7801
FUND28,2023-04-27,26.3755
FUND28,2023-04-28,25.9943
FUND28,2023-05-01,25.6676
FUND28,2023-05-02,25.2712
FUND28,2023-05-03,25.4093
FUND28,2023-05-04,25.2353
FUND28,2023-05-05,25.3344
FUND28,2023-05-08,25.3749
FUND28,2023-05-09,24.9477
FUND28,2023-05-10,24.9925
FUND28,2023-05-11,24.9219
FUND28,2023-05-12,24.7424
FUND28,2023-05-15,24.7907
FUND28,2023-05-16,24.5931
FUND28,2023-05-17,24.7297
FUND28,2023-05-18,24.9134
FUND28,2023-05-19,24.5155
FUND28,2023-05-22,24.3298
FUND28,2023-05-23,23.8102
FUND28,2023-05-24,23.5066
FUND28,2023-05-25,23.5114
FUND28,2023-05-26,23.1614
FUND28,2023-05-29,23.4332
FUND28,2023-05-30,23.0996
FUND28,2023-05-31,23.9001
FUND28,2023-06-01,23.8867
FUND28,2023-06-02,23.9513
FUND28,2023-06-05,23.8512
FUND28,2023-06-06,23.6575
FUND28,2023-06-07,24.0023
FUND28,2023-06-08,24.4125
FUND28,2023-06-09,24.3915
FUND28,2023-06-12,24.3118
FUND28,2023-06-13,24.1082
FUND28,2023-06-14,23.8336
FUND28,2023-06-15,23.8901
FUND28,2023-06-16,23.4339
FUND28,2023-06-19,23.182
FUND28,2023-06-20,23.118
FUND28,2023-06-21,23.1189
FUND28,2023-06-22,23.066
FUND28,2023-06-23,22.945
FUND28,2023-06-26,23.0651
FUND28,2023-06-27,23.1711
FUND28,2023-06-28,23.2213
FUND28,2023-06-29,23.262
FUND28,2023-06-30,22.9215
FUND28,2023-07-03,23.4824
FUND28,2023-07-04,23.3581
FUND28,2023-07-05,23.5458
FUND28,2023-07-06,23.5745
FUND28,2023-07-07,23.7183
FUND28,2023-07-10,23.3933
FUND28,2023-07-11,23.4392
FUND28,2023-07-12,23.1294
FUND28,2023-07-13,22.8423
FUND28,2023-07-14,22.5913
FUND28,2023-07-17,22.3066
FUND28,2023-07-18,22.1878
FUND28,2023-07-19,22.269
FUND28,2023-07-20,22.3904
FUND28,2023-07-21,22.6311
FUND28,2023-07-24,22.9786
FUND28,2023-07-25,23.4356
FUND28,2023-07-26,23.3485
FUND28,2023-07-27,23.3884
FUND28,2023-07-28,23.2051
FUND28,2023-07-31,23.5874
FUND28,2023-08-01,23.8399
FUND28,2023-08-02,24.1531
FUND28,2023-08-03,24.003
FUND28,2023-08-04,24.1201
FUND28,2023-08-07,23.9172
FUND28,2023-08-08,23.9076
FUND28,2023-08-09,24.2012
FUND28,2023-08-10,24.1955
FUND28,2023-08-11,24.275
FUND28,2023-08-14,24.2123
FUND28,2023-08-15,23.8573
FUND28,2023-08-16,23.7121
FUND28,2023-08-17,23.3498
FUND28,2023-08-18,23.4755
FUND28,2023-08-21,23.4676
FUND28,2023-08-22,23.5699
FUND28,2023-08-23,22.9019
FUND28,2023-08-24,22.6543
FUND28,2023-08-25,23.4156
FUND28,2023-08-28,23.3847
FUND28,2023-08-29,23.3649
FUND28,2023-08-30,23.2828
FUND28,2023-08-31,23.7509
FUND28,2023-09-01,23.5431
FUND28,2023-09-04,23.3736
FUND28,2023-09-05,23.6467
FUND28,2023-09-06,23.7037
FUND28,2023-09-07,23.8786
FUND28,2023-09-08,24.237
FUND28,2023-09-11,24.3771
FUND28,2023-09-12,24.1147
FUND28,2023-09-13,24.343
FUND28,2023-09-14,24.3582
FUND28,2023-09-15,24.2396
FUND28,2023-09-18,24.1478
FUND28,2023-09-19,24.3634
FUND28,2023-09-20,24.3751
FUND28,2023-09-21,24.7839
FUND28,2023-09-22,24.5496
FUND28,2023-09-25,24.4751
FUND28,2023-09-26,24.9778
FUND28,2023-09-27,25.1598
FUND28,2023-09-28,24.7558
FUND28,2023-09-29,24.8588
FUND28,2023-10-02,24.4383
FUND28,2023-10-03,24.4998
FUND28,2023-10-04,24.4115
FUND28,2023-10-05,24.4023
FUND28,2023-10-06,24.2791
FUND28,2023-10-09,23.7431
FUND28,2023-10-10,23.8525
FUND28,2023-10-11,24.2561
FUND28,2023-10-12,24.2825
FUND28,2023-10-13,24.5093
FUND28,2023-10-16,24.4574
FUND28,2023-10-17,24.4945
FUND28,2023-10-18,24.6444
FUND28,2023-10-19,24.9163
FUND28,2023-10-20,24.6922
FUND28,2023-10-23,25.0207
FUND28,2023-10-24,24.6646
FUND28,2023-10-25,24.7944
FUND28,2023-10-26,24.7436
FUND28,2023-10-27,24.6284
FUND28,2023-10-30,24.4646
FUND28,2023-10-31,24.5668
FUND28,2023-11-01,23.9449
FUND28,2023-11-02,23.6319
FUND28,2023-11-03,23.1506
FUND28,2023-11-06,23.0953
FUND28,2023-11-07,23.0098
FUND28,2023-11-08,23.6526
FUND28,2023-11-09,23.6708
FUND28,2023-11-10,23.7038
FUND28,2023-11-13,23.5824
FUND28,2023-11-14,23.9423
FUND28,2023-11-15,24.0802
FUND28,2023-11-16,24.3116
FUND28,2023-11-17,24.6543
FUND28,2023-11-20,25.2337
FUND28,2023-11-21,25.4055
FUND28,2023-11-22,25.52
FUND28,2023-11-23,25.8727
FUND28,2023-11-24,25.5354
FUND28,2023-11-27,25.461
FUND28,2023-11-28,26.0766
FUND28,2023-11-29,25.6313
FUND28,2023-11-30,25.8047
FUND28,2023-12-01,25.8885
FUND28,2023-12-04,26.0076
FUND28,2023-12-05,26.1677
FUND28,2023-12-06,26.5423
FUND28,2023-12-07,26.4263
FUND28,2023-12-08,26.1349
FUND28,2023-12-11,25.726
FUND28,2023-12-12,26.0243
FUND28,2023-12-13,25.5353
FUND28,2023-12-14,25.2186
FUND28,2023-12-15,25.8587
FUND28,2023-12-18,25.8405
FUND28,2023-12-19,25.8039
FUND28,2023-12-20,26.0311
FUND28,2023-12-21,26.3311
FUND28,2023-12-22,26.1012
FUND28,2023-12-25,25.983
FUND28,2023-12-26,25.6009
FUND28,2023-12-27,25.4456
FUND28,2023-12-28,25.2272
FUND28,2023-12-29,25.2886
FUND28,2024-01-01,25.6263
FUND28,2024-01-02,25.8079
FUND28,2024-01-03,25.4669
FUND28,2024-01-04,25.6638
FUND28,2024-01-05,25.983
FUND28,2024-01-08,26.2605
FUND28,2024-01-09,26.7476
FUND28,2024-01-10,26.384
FUND28,2024-01-11,26.5611
FUND28,2024-01-12,26.881
FUND28,2024-01-15,26.852
FUND28,2024-01-16,26.9004
FUND28,2024-01-17,27.0773
FUND28,2024-01-18,27.1259
FUND28,2024-01-19,27.5772
FUND28,2024-01-22,27.6384
FUND28,2024-01-23,27.215
FUND28,2024-01-24,27.3504
FUND28,2024-01-25,27.7059
FUND28,2024-01-26,26.7494
FUND28,2024-01-29,26.3559
FUND28,2024-01-30,26.5859
FUND28,2024-01-31,26.7842
FUND28,2024-02-01,26.6285
FUND28,2024-02-02,26.752
FUND28,2024-02-05,27.3131
FUND28,2024-02-06,26.9898
FUND28,2024-02-07,27.3109
FUND28,2024-02-08,27.1459
FUND28,2024-02-09,26.9394
FUND28,2024-02-12,26.38
FUND28,2024-02-13,26.3157
FUND28,2024-02-14,26.2964
FUND28,2024-02-15,26.3131
FUND28,2024-02-16,26.5421
FUND28,2024-02-19,27.0076
FUND28,2024-02-20,26.8924
FUND28,2024-02-21,27.3463
FUND28,2024-02-22,27.2145
FUND28,2024-02-23,27.0066
FUND28,2024-02-26,26.8546
FUND28,2024-02-27,26.6168
FUND28,2024-02-28,26.5806
FUND28,2024-02-29,26.6269
FUND28,2024-03-01,27.2345
FUND28,2024-03-04,27.6342
FUND28,2024-03-05,27.9899
FUND28,2024-03-06,27.9081
FUND28,2024-03-07,27.9242
FUND28,2024-03-08,28.1439
FUND28,2024-03-11,28.515
FUND28,2024-03-12,28.2987
FUND28,2024-03-13,27.8143
FUND28,2024-03-14,28.1616
FUND28,2024-03-15,28.1059
FUND28,2024-03-18,27.8838
FUND28,2024-03-19,27.5078
FUND28,2024-03-20,27.8988
FUND28,2024-03-21,28.636
FUND28,2024-03-22,28.6544
FUND28,2024-03-25,28.582
FUND28,2024-03-26,28.9057
FUND28,2024-03-27,29.3026
FUND28,2024-03-28,29.7457
FUND28,2024-03-29,29.7237
FUND28,2024-04-01,29.6454
FUND28,2024-04-02,29.3353
FUND28,2024-04-03,29.7662
FUND28,2024-04-04,29.4194
FUND28,2024-04-05,29.6172
FUND28,2024-04-08,30.0042
FUND28,2024-04-09,30.2241
FUND28,2024-04-10,29.9287
FUND28,2024-04-11,30.0669
FUND28,2024-04-12,30.5727
FUND28,2024-04-15,30.3969
FUND28,2024-04-16,31.1165
FUND28,2024-04-17,30.9993
FUND28,2024-04-18,31.1483
FUND28,2024-04-19,30.9101
FUND28,2024-04-22,31.2324
FUND28,2024-04-23,30.9473
FUND28,2024-04-24,31.1647
FUND28,2024-04-25,31.4489
FUND28,2024-04-26,31.3825
FUND28,2024-04-29,31.009
FUND28,2024-04-30,30.5914
FUND28,2024-05-01,30.6114
FUND28,2024-05-02,30.5346
FUND28,2024-05-03,31.1007
FUND28,2024-05-06,29.9764
FUND28,2024-05-07,30.6786
FUND28,2024-05-08,30.9439
FUND28,2024-05-09,30.8964
FUND28,2024-05-10,31.2653
FUND28,2024-05-13,31.3693
FUND28,2024-05-14,30.7741
FUND28,2024-05-15,30.9296
FUND28,2024-05-16,31.3056
FUND28,2024-05-17,31.2526
FUND28,2024-05-20,31.105
FUND28,2024-05-21,31.0242
FUND28,2024-05-22,30.6351
FUND28,2024-05-23,30.4261
FUND28,2024-05-24,29.6699
FUND28,2024-05-27,29.7582
FUND28,2024-05-28,30.3419
FUND28,2024-05-29,29.8624
FUND28,2024-05-30,29.9514
FUND28,2024-05-31,30.0505
FUND28,2024-06-03,30.0464
FUND28,2024-06-04,30.5355
FUND28,2024-06-05,30.3898
FUND28,2024-06-06,30.5436
FUND28,2024-06-07,30.1429
FUND28,2024-06-10,30.4166
FUND28,2024-06-11,30.7971
FUND28,2024-06-12,30.8388
FUND28,2024-06-13,31.207
FUND28,2024-06-14,31.3982
FUND28,2024-06-17,31.8515
FUND28,2024-06-18,31.664
FUND28,2024-06-19,32.0235
FUND28,2024-06-20,32.742
FUND28,2024-06-21,31.9708
FUND28,2024-06-24,32.738
FUND28,2024-06-25,33.5289
FUND28,2024-06-26,33.0338
FUND28,2024-06-27,32.9291
FUND28,2024-06-28,32.7617
FUND28,2024-07-01,33.2221
FUND28,2024-07-02,32.9725
FUND28,2024-07-03,33.4483
FUND28,2024-07-04,33.3187
FUND28,2024-07-05,33.4749
FUND28,2024-07-08,34.1236
FUND28,2024-07-09,34.0657
FUND28,2024-07-10,33.2974
FUND28,2024-07-11,32.9398
FUND28,2024-07-12,33.2268
FUND28,2024-07-15,33.1394
FUND28,2024-07-16,32.7495
FUND28,2024-07-17,33.0906
FUND28,2024-07-18,33.8956
FUND28,2024-07-19,33.6092
FUND28,2024-07-22,33.7596
FUND28,2024-07-23,33.7858
FUND28,2024-07-24,34.2805
FUND28,2024-07-25,35.2166
FUND28,2024-07-26,35.5339
FUND28,2024-07-29,35.861
FUND28,2024-07-30,35.0545
FUND28,2024-07-31,35.1428
FUND28,2024-08-01,34.9926
FUND28,2024-08-02,35.1636
FUND28,2024-08-05,35.6562
FUND28,2024-08-06,35.9346
FUND28,2024-08-07,36.6102
FUND28,2024-08-08,37.7508
FUND28,2024-08-09,38.4508
FUND28,2024-08-12,38.3818
FUND28,2024-08-13,38.4639
FUND28,2024-08-14,38.7772
FUND28,2024-08-15,38.573
FUND28,2024-08-16,39.7734
FUND28,2024-08-19,40.1866
FUND28,2024-08-20,39.8655
FUND28,2024-08-21,38.8773
FUND28,2024-08-22,39.2739
FUND28,2024-08-23,39.7961
FUND28,2024-08-26,39.8134
FUND28,2024-08-27,39.6618
FUND28,2024-08-28,39.881
FUND28,2024-08-29,39.1692
FUND28,2024-08-30,38.7199
FUND28,2024-09-02,37.9949
FUND28,2024-09-03,38.5049
FUND28,2024-09-04,38.0002
FUND28,2024-09-05,37.7361
FUND28,2024-09-06,37.6357
FUND28,2024-09-09,37.872
FUND28,2024-09-10,38.0918
FUND28,2024-09-11,38.306
FUND28,2024-09-12,37.8451
FUND28,2024-09-13,38.2232
FUND28,2024-09-16,38.7568
FUND28,2024-09-17,38.5465
FUND28,2024-09-18,38.5021
FUND28,2024-09-19,38.0555
FUND28,2024-09-20,37.7767
FUND28,2024-09-23,37.2868
FUND28,2024-09-24,36.6627
FUND28,2024-09-25,36.495
FUND28,2024-09-26,36.6801
FUND28,2024-09-27,36.9242
FUND28,2024-09-30,35.9554
FUND28,2024-10-01,36.5743
FUND28,2024-10-02,37.2895
FUND28,2024-10-03,36.762
FUND28,2024-10-04,37.7685
FUND28,2024-10-07,37.7003
FUND28,2024-10-08,37.6008
FUND28,2024-10-09,37.7822
FUND28,2024-10-10,38.1631
FUND28,2024-10-11,38.2471
FUND28,2024-10-14,38.8386
FUND28,2024-10-15,38.3866
FUND28,2024-10-16,38.452
FUND28,2024-10-17,37.8517
FUND28,2024-10-18,37.375
FUND28,2024-10-21,37.1524
FUND28,2024-10-22,36.9389
FUND28,2024-10-23,37.3169
FUND28,2024-10-24,37.0921
FUND28,2024-10-25,37.591
FUND28,2024-10-28,37.3243
FUND28,2024-10-29,38.0839
FUND28,2024-10-30,37.9925
FUND28,2024-10-31,39.0879
FUND28,2024-11-01,38.5105
FUND28,2024-11-04,39.8231
FUND28,2024-11-05,40.1332
FUND28,2024-11-06,39.7608
FUND28,2024-11-07,40.1958
FUND28,2024-11-08,40.3591
FUND28,2024-11-11,40.2443
FUND28,2024-11-12,40.0754
FUND28,2024-11-13,39.803
FUND28,2024-11-14,40.2852
FUND28,2024-11-15,40.1045
FUND28,2024-11-18,39.9459
FUND28,2024-11-19,40.0822
FUND28,2024-11-20,39.5066
FUND28,2024-11-21,39.4293
FUND28,2024-11-22,39.7101
FUND28,2024-11-25,39.6944
FUND28,2024-11-26,39.8076
FUND28,2024-11-27,38.8082
FUND28,2024-11-28,38.3436
FUND28,2024-11-29,37.7699
FUND28,2024-12-02,37.8192
FUND28,2024-12-03,37.7974
FUND28,2024-12-04,37.8305
FUND28,2024-12-05,38.8868
FUND28,2024-12-06,38.6791
FUND28,2024-12-09,38.7122
FUND28,2024-12-10,38.8981
FUND28,2024-12-11,39.1935
FUND28,2024-12-12,39.4814
FUND28,2024-12-13,39.634
FUND28,2024-12-16,39.4412
FUND28,2024-12-17,39.125
FUND28,2024-12-18,39.0853
FUND28,2024-12-19,39.1462
FUND28,2024-12-20,38.6361
FUND28,2024-12-23,38.6685
FUND28,2024-12-24,38.5791
FUND28,2024-12-25,38.4631
FUND28,2024-12-26,38.8952
FUND28,2024-12-27,38.8905
FUND28,2024-12-30,38.9395
FUND28,2024-12-31,39.1487
FUND28,2025-01-01,38.5742
FUND28,2025-01-02,38.2928
FUND28,2025-01-03,38.5565
FUND28,2025-01-06,38.523
FUND28,2025-01-07,38.2312
FUND28,2025-01-08,38.7851
FUND28,2025-01-09,39.1162
FUND28,2025-01-10,38.612
FUND28,2025-01-13,38.9
FUND28,2025-01-14,39.0492
FUND28,2025-01-15,38.7605
FUND28,2025-01-16,38.8108
FUND28,2025-01-17,39.1969
FUND28,2025-01-20,39.3128
FUND28,2025-01-21,39.4864
FUND28,2025-01-22,39.8556
FUND28,2025-01-23,40.2461
FUND28,2025-01-24,40.2582
FUND28,2025-01-27,39.7205
FUND28,2025-01-28,39.9255
FUND28,2025-01-29,40.3135
FUND28,2025-01-30,40.3345
FUND28,2025-01-31,39.8958
FUND28,2025-02-03,40.1258
FUND28,2025-02-04,40.6122
FUND28,2025-02-05,40.5082
FUND28,2025-02-06,40.7606
FUND28,2025-02-07,41.0256
FUND28,2025-02-10,42.1183
FUND28,2025-02-11,42.0461
FUND28,2025-02-12,42.6275
FUND28,2025-02-13,42.1482
FUND28,2025-02-14,41.7477
FUND28,2025-02-17,41.8478
FUND28,2025-02-18,41.9829
FUND28,2025-02-19,41.3489
FUND28,2025-02-20,41.5233
FUND28,2025-02-21,40.8846
FUND28,2025-02-24,41.6209
FUND28,2025-02-25,41.5385
FUND28,2025-02-26,42.3496
FUND28,2025-02-27,41.3107
FUND28,2025-02-28,41.9548
FUND28,2025-03-03,42.3768
FUND28,2025-03-04,42.6858
FUND28,2025-03-05,42.6355
FUND28,2025-03-06,42.2147
FUND28,2025-03-07,42.1292
FUND28,2025-03-10,42.0967
FUND28,2025-03-11,42.5947
FUND28,2025-03-12,42.75
FUND28,2025-03-13,42.7479
FUND28,2025-03-14,43.0173
FUND28,2025-03-17,42.4535
FUND28,2025-03-18,42.4592
FUND28,2025-03-19,42.5021
FUND28,2025-03-20,42.0632
FUND28,2025-03-21,42.7441
FUND28,2025-03-24,42.6474
FUND28,2025-03-25,41.7806
FUND28,2025-03-26,41.4061
FUND28,2025-03-27,42.2486
FUND28,2025-03-28,42.2187
FUND28,2025-03-31,43.0168
FUND28,2025-04-01,42.4963
FUND28,2025-04-02,42.0202
FUND28,2025-04-03,42.0469
FUND28,2025-04-04,42.7898
FUND28,2025-04-07,42.9473
FUND28,2025-04-08,42.8967
FUND28,2025-04-09,42.3576
FUND28,2025-04-10,42.4076
FUND28,2025-04-11,42.4998
FUND28,2025-04-14,42.5449
FUND28,2025-04-15,42.591
FUND28,2025-04-16,43.5391
FUND28,2025-04-17,43.9957
FUND28,2025-04-18,44.0531
FUND28,2025-04-21,44.2749
FUND28,2025-04-22,44.138
FUND28,2025-04-23,44.1445
FUND28,2025-04-24,44.2644
FUND28,2025-04-25,44.336
FUND28,2025-04-28,43.6617
FUND28,2025-04-29,43.8361
FUND28,2025-04-30,43.2395
FUND28,2025-05-01,43.6559
FUND28,2025-05-02,44.4999
FUND28,2025-05-05,44.8716
FUND28,2025-05-06,44.9484
FUND28,2025-05-07,44.3123
FUND28,2025-05-08,44.9256
FUND28,2025-05-09,45.0405
FUND28,2025-05-12,44.2148
FUND28,2025-05-13,44.833
FUND28,2025-05-14,45.0107
FUND28,2025-05-15,45.5967
FUND28,2025-05-16,45.2846
FUND28,2025-05-19,44.278
FUND28,2025-05-20,45.0389
FUND28,2025-05-21,44.5072
FUND28,2025-05-22,43.9582
FUND28,2025-05-23,44.5281
FUND28,2025-05-26,44.6248
FUND28,2025-05-27,44.3611
FUND28,2025-05-28,44.3099
FUND28,2025-05-29,44.027
FUND28,2025-05-30,44.6777
FUND28,2025-06-02,43.9789
FUND28,2025-06-03,45.1537
FUND28,2025-06-04,44.5848
FUND28,2025-06-05,45.1423
FUND28,2025-06-06,45.0756
FUND28,2025-06-09,44.7552
FUND28,2025-06-10,44.8875
FUND28,2025-06-11,45.2765
FUND28,2025-06-12,45.249
FUND28,2025-06-13,44.998
FUND28,2025-06-16,45.3389
FUND28,2025-06-17,45.4787
FUND28,2025-06-18,45.9449
FUND28,2025-06-19,45.9276
FUND28,2025-06-20,46.3209
FUND28,2025-06-23,45.8316
FUND28,2025-06-24,45.6796
FUND28,2025-06-25,45.6951
FUND28,2025-06-26,45.7843
FUND28,2025-06-27,45.248
FUND28,2025-06-30,46.0772
FUND28,2025-07-01,46.3259
FUND28,2025-07-02,45.8633
FUND28,2025-07-03,45.5127
FUND28,2025-07-04,46.2325
FUND28,2025-07-07,46.116
FUND28,2025-07-08,46.9185
FUND28,2025-07-09,47.1515
FUND28,2025-07-10,47.8018
FUND28,2025-07-11,48.4037
FUND28,2025-07-14,49.3234
FUND28,2025-07-15,49.9489
FUND28,2025-07-16,50.3322
FUND28,2025-07-17,49.6206
FUND28,2025-07-18,50.7872
FUND28,2025-07-21,50.659
FUND28,2025-07-22,51.0295
FUND28,2025-07-23,51.2432
FUND28,2025-07-24,51.4752
FUND28,2025-07-25,51.2394
FUND28,2025-07-28,51.0559
FUND28,2025-07-29,51.2557
FUND28,2025-07-30,51.0387
FUND28,2025-07-31,51.4731
FUND28,2025-08-01,51.4019
FUND28,2025-08-04,51.5853
FUND28,2025-08-05,51.9253
FUND28,2025-08-06,52.4705
FUND28,2025-08-07,52.6166
FUND28,2025-08-08,52.9266
FUND28,2025-08-11,52.4367
FUND28,2025-08-12,52.1201
FUND28,2025-08-13,51.9605
FUND28,2025-08-14,52.6232
FUND28,2025-08-15,51.919
FUND28,2025-08-18,50.314
FUND28,2025-08-19,50.6452
FUND28,2025-08-20,51.0765
FUND28,2025-08-21,50.565
FUND28,2025-08-22,50.201
FUND28,2025-08-25,50.8883
FUND28,2025-08-26,50.9441
FUND28,2025-08-27,50.8386
FUND28,2025-08-28,51.783
FUND28,2025-08-29,51.533
FUND28,2025-09-01,52.4798
FUND28,2025-09-02,52.7074
FUND28,2025-09-03,52.6809
FUND28,2025-09-04,51.4477
FUND28,2025-09-05,51.2247
FUND28,2025-09-08,51.4388
FUND28,2025-09-09,50.1451
FUND28,2025-09-10,50.3585
FUND28,2025-09-11,50.2391
FUND28,2025-09-12,50.2671
FUND28,2025-09-15,49.8121
FUND28,2025-09-16,49.8101
FUND28,2025-09-17,48.7632
FUND28,2025-09-18,47.9683
FUND28,2025-09-19,47.5991
FUND28,2025-09-22,47.1128
FUND28,2025-09-23,46.8731
FUND28,2025-09-24,47.1567
FUND28,2025-09-25,46.2307
FUND28,2025-09-26,46.5396
FUND28,2025-09-29,46.5596
FUND28,2025-09-30,46.2434
FUND28,2025-10-01,46.4893
FUND28,2025-10-02,46.3085
FUND28,2025-10-03,45.6601
FUND28,2025-10-06,46.128
FUND28,2025-10-07,45.9153
FUND28,2025-10-08,46.2253
FUND28,2025-10-09,46.2057
FUND28,2025-10-10,45.5733
FUND28,2025-10-13,46.172
FUND28,2025-10-14,46.1066
FUND28,2025-10-15,46.3973
FUND28,2025-10-16,45.7398
FUND28,2025-10-17,45.8219
FUND28,2025-10-20,45.4946
FUND28,2025-10-21,45.635
FUND28,2025-10-22,45.25
FUND28,2025-10-23,45.6159
FUND28,2025-10-24,45.1704
FUND28,2025-10-27,46.0304
FUND28,2025-10-28,45.9325
FUND28,2025-10-29,46.0523
FUND28,2025-10-30,45.6248
FUND28,2025-10-31,45.9914
FUND28,2025-11-03,46.1746
FUND28,2025-11-04,46.2068
FUND28,2025-11-05,46.0971
FUND28,2025-11-06,45.0142
FUND28,2025-11-07,45.6662
FUND28,2025-11-10,46.0819
FUND28,2025-11-11,46.0988
FUND28,2025-11-12,46.1899
FUND28,2025-11-13,45.9533
FUND28,2025-11-14,45.9017
FUND28,2025-11-17,46.3741
FUND28,2025-11-18,45.8469
FUND28,2025-11-19,44.5449
FUND28,2025-11-20,43.7233
FUND28,2025-11-21,44.5217
FUND28,2025-11-24,44.8499
FUND29,2023-01-02,22.0862
FUND29,2023-01-03,22.2589
FUND29,2023-01-04,22.2873
FUND29,2023-01-05,22.1637
FUND29,2023-01-06,22.0814
FUND29,2023-01-09,22.1948
FUND29,2023-01-10,22.1347
FUND29,2023-01-11,22.0966
FUND29,2023-01-12,22.2457
FUND29,2023-01-13,22.3754
FUND29,2023-01-16,22.4371
FUND29,2023-01-17,22.5656
FUND29,2023-01-18,22.7693
FUND29,2023-01-19,22.8448
FUND29,2023-01-20,22.7969
FUND29,2023-01-23,22.8393
FUND29,2023-01-24,22.9685
FUND29,2023-01-25,22.9579
FUND29,2023-01-26,23.0307
FUND29,2023-01-27,22.9071
FUND29,2023-01-30,22.8893
FUND29,2023-01-31,23.011
FUND29,2023-02-01,23.161
FUND29,2023-02-02,22.837
FUND29,2023-02-03,22.7925
FUND29,2023-02-06,22.7691
FUND29,2023-02-07,22.6943
FUND29,2023-02-08,22.8983
FUND29,2023-02-09,23.013
FUND29,2023-02-10,23.0026
FUND29,2023-02-13,22.9912
FUND29,2023-02-14,23.1168
FUND29,2023-02-15,23.0646
FUND29,2023-02-16,23.0727
FUND29,2023-02-17,23.2508
FUND29,2023-02-20,23.2817
FUND29,2023-02-21,23.2613
FUND29,2023-02-22,23.1043
FUND29,2023-02-23,23.0492
FUND29,2023-02-24,23.1606
FUND29,2023-02-27,23.2392
FUND29,2023-02-28,23.5154
FUND29,2023-03-01,23.6547
FUND29,2023-03-02,23.4843
FUND29,2023-03-03,23.3913
FUND29,2023-03-06,23.4848
FUND29,2023-03-07,23.6173
FUND29,2023-03-08,23.4998
FUND29,2023-03-09,23.4847
FUND29,2023-03-10,23.4303
FUND29,2023-03-13,23.2919
FUND29,2023-03-14,23.3123
FUND29,2023-03-15,23.2736
FUND29,2023-03-16,23.4094
FUND29,2023-03-17,23.7672
FUND29,2023-03-20,23.808
FUND29,2023-03-21,23.6192
FUND29,2023-03-22,23.7642
FUND29,2023-03-23,23.8398
FUND29,2023-03-24,23.7577
FUND29,2023-03-27,23.6442
FUND29,2023-03-28,23.7252
FUND29,2023-03-29,23.6637
FUND29,2023-03-30,23.9302
FUND29,2023-03-31,24.0236
FUND29,2023-04-03,24.1535
FUND29,2023-04-04,24.1894
FUND29,2023-04-05,24.1925
FUND29,2023-04-06,24.2864
FUND29,2023-04-07,24.5304
FUND29,2023-04-10,24.6945
FUND29,2023-04-11,24.7721
FUND29,2023-04-12,24.9188
FUND29,2023-04-13,24.9567
FUND29,2023-04-14,24.9758
FUND29,2023-04-17,25.0032
FUND29,2023-04-18,24.8222
FUND29,2023-04-19,24.9124
FUND29,2023-04-20,24.8875
FUND29,2023-04-21,24.8572
FUND29,2023-04-24,24.8107
FUND29,2023-04-25,24.8267
FUND29,2023-04-26,24.7285
FUND29,2023-04-27,24.8024
FUND29,2023-04-28,24.7714
FUND29,2023-05-01,24.8044
FUND29,2023-05-02,24.8926
FUND29,2023-05-03,24.9848
FUND29,2023-05-04,25.0929
FUND29,2023-05-05,25.1557
FUND29,2023-05-08,25.1008
FUND29,2023-05-09,25.25
FUND29,2023-05-10,25.2439
FUND29,2023-05-11,25.4793
FUND29,2023-05-12,25.7206
FUND29,2023-05-15,25.6906
FUND29,2023-05-16,25.6631
FUND29,2023-05-17,25.7269
FUND29,2023-05-18,25.8258
FUND29,2023-05-19,25.6361
FUND29,2023-05-22,25.8115
FUND29,2023-05-23,25.8143
FUND29,2023-05-24,26.047
FUND29,2023-05-25,26.1406
FUND29,2023-05-26,26.3991
FUND29,2023-05-29,26.6544
FUND29,2023-05-30,26.8573
FUND29,2023-05-31,26.9769
FUND29,2023-06-01,26.7986
FUND29,2023-06-02,26.7845
FUND29,2023-06-05,26.4917
FUND29,2023-06-06,26.736
FUND29,2023-06-07,27.0186
FUND29,2023-06-08,26.9217
FUND29,2023-06-09,26.8517
FUND29,2023-06-12,26.9266
FUND29,2023-06-13,26.7922
FUND29,2023-06-14,27.0805
FUND29,2023-06-15,27.003
FUND29,2023-06-16,26.9865
FUND29,2023-06-19,26.9125
FUND29,2023-06-20,27.113
FUND29,2023-06-21,27.1097
FUND29,2023-06-22,27.3504
FUND29,2023-06-23,27.181
FUND29,2023-06-26,27.2448
FUND29,2023-06-27,27.4923
FUND29,2023-06-28,27.5189
FUND29,2023-06-29,27.6292
FUND29,2023-06-30,27.6758
FUND29,2023-07-03,27.7039
FUND29,2023-07-04,27.9759
FUND29,2023-07-05,27.8177
FUND29,2023-07-06,27.8583
FUND29,2023-07-07,27.852
FUND29,2023-07-10,27.6761
FUND29,2023-07-11,27.6934
FUND29,2023-07-12,27.7269
FUND29,2023-07-13,27.619
FUND29,2023-07-14,27.481
FUND29,2023-07-17,27.6048
FUND29,2023-07-18,27.8008
FUND29,2023-07-19,27.7124
FUND29,2023-07-20,27.7764
FUND29,2023-07-21,27.8988
FUND29,2023-07-24,28.182
FUND29,2023-07-25,28.1205
FUND29,2023-07-26,27.939
FUND29,2023-07-27,27.6847
FUND29,2023-07-28,27.7369
FUND29,2023-07-31,27.8872
FUND29,2023-08-01,28.0531
FUND29,2023-08-02,28.1527
FUND29,2023-08-03,28.07
FUND29,2023-08-04,28.3923
FUND29,2023-08-07,28.4885
FUND29,2023-08-08,28.629
FUND29,2023-08-09,28.5796
FUND29,2023-08-10,28.6208
FUND29,2023-08-11,28.3458
FUND29,2023-08-14,28.671
FUND29,2023-08-15,28.5528
FUND29,2023-08-16,28.3563
FUND29,2023-08-17,28.4276
FUND29,2023-08-18,28.3599
FUND29,2023-08-21,28.3205
FUND29,2023-08-22,28.4282
FUND29,2023-08-23,28.6
FUND29,2023-08-24,28.648
FUND29,2023-08-25,29.0352
FUND29,2023-08-28,29.192
FUND29,2023-08-29,29.4286
FUND29,2023-08-30,29.6066
FUND29,2023-08-31,29.4471
FUND29,2023-09-01,29.5807
FUND29,2023-09-04,29.6337
FUND29,2023-09-05,29.7406
FUND29,2023-09-06,29.9562
FUND29,2023-09-07,29.9698
FUND29,2023-09-08,30.5041
FUND29,2023-09-11,30.7384
FUND29,2023-09-12,30.8515
FUND29,2023-09-13,30.9125
FUND29,2023-09-14,31.2365
FUND29,2023-09-15,31.111
FUND29,2023-09-18,31.115
FUND29,2023-09-19,31.1677
FUND29,2023-09-20,31.3282
FUND29,2023-09-21,31.2194
FUND29,2023-09-22,31.0382
FUND29,2023-09-25,30.6983
FUND29,2023-09-26,30.66
FUND29,2023-09-27,30.9334
FUND29,2023-09-28,30.9668
FUND29,2023-09-29,30.911
FUND29,2023-10-02,31.0619
FUND29,2023-10-03,31.3681
FUND29,2023-10-04,31.5566
FUND29,2023-10-05,31.5418
FUND29,2023-10-06,31.4757
FUND29,2023-10-09,31.1961
FUND29,2023-10-10,31.4627
FUND29,2023-10-11,31.306
FUND29,2023-10-12,31.3908
FUND29,2023-10-13,31.3194
FUND29,2023-10-16,31.1119
FUND29,2023-10-17,31.2617
FUND29,2023-10-18,31.7014
FUND29,2023-10-19,31.7314
FUND29,2023-10-20,31.7613
FUND29,2023-10-23,31.9348
FUND29,2023-10-24,31.6813
FUND29,2023-10-25,31.8221
FUND29,2023-10-26,31.8295
FUND29,2023-10-27,32.0209
FUND29,2023-10-30,32.2942
FUND29,2023-10-31,32.0837
FUND29,2023-11-01,32.2062
FUND29,2023-11-02,32.2977
FUND29,2023-11-03,31.9254
FUND29,2023-11-06,31.7451
FUND29,2023-11-07,31.7732
FUND29,2023-11-08,31.8751
FUND29,2023-11-09,32.3065
FUND29,2023-11-10,32.0773
FUND29,2023-11-13,32.2443
FUND29,2023-11-14,32.2491
FUND29,2023-11-15,32.2237
FUND29,2023-11-16,31.9117
FUND29,2023-11-17,32.1743
FUND29,2023-11-20,32.1883
FUND29,2023-11-21,32.1651
FUND29,2023-11-22,32.1892
FUND29,2023-11-23,32.1945
FUND29,2023-11-24,32.1589
FUND29,2023-11-27,32.1572
FUND29,2023-11-28,32.1422
FUND29,2023-11-29,32.1944
FUND29,2023-11-30,32.1314
FUND29,2023-12-01,32.0789
FUND29,2023-12-04,31.9459
FUND29,2023-12-05,31.9619
FUND29,2023-12-06,31.9298
FUND29,2023-12-07,31.8944
FUND29,2023-12-08,32.0277
FUND29,2023-12-11,31.8188
FUND29,2023-12-12,31.876
FUND29,2023-12-13,31.7508
FUND29,2023-12-14,32.1266
FUND29,2023-12-15,32.2724
FUND29,2023-12-18,32.2576
FUND29,2023-12-19,32.5445
FUND29,2023-12-20,32.7033
FUND29,2023-12-21,32.5713
FUND29,2023-12-22,32.6025
FUND29,2023-12-25,32.4065
FUND29,2023-12-26,32.2564
FUND29,2023-12-27,32.3578
FUND29,2023-12-28,32.0932
FUND29,2023-12-29,32.4079
FUND29,2024-01-01,32.5318
FUND29,2024-01-02,32.3903
FUND29,2024-01-03,32.5961
FUND29,2024-01-04,32.9106
FUND29,2024-01-05,32.9362
FUND29,2024-01-08,33.1429
FUND29,2024-01-09,33.2548
FUND29,2024-01-10,33.0177
FUND29,2024-01-11,32.8158
FUND29,2024-01-12,33.1131
FUND29,2024-01-15,33.2016
FUND29,2024-01-16,33.0465
FUND29,2024-01-17,33.2044
FUND29,2024-01-18,33.1842
FUND29,2024-01-19,33.1439
FUND29,2024-01-22,33.2012
FUND29,2024-01-23,33.0906
FUND29,2024-01-24,33.0455
FUND29,2024-01-25,32.846
FUND29,2024-01-26,32.7175
FUND29,2024-01-29,32.7939
FUND29,2024-01-30,33.0285
FUND29,2024-01-31,33.0979
FUND29,2024-02-01,33.3581
FUND29,2024-02-02,33.4134
FUND29,2024-02-05,33.1549
FUND29,2024-02-06,33.1716
FUND29,2024-02-07,32.8384
FUND29,2024-02-08,32.7666
FUND29,2024-02-09,32.4475
FUND29,2024-02-12,32.4078
FUND29,2024-02-13,32.3854
FUND29,2024-02-14,32.175
FUND29,2024-02-15,32.0312
FUND29,2024-02-16,31.8368
FUND29,2024-02-19,31.9604
FUND29,2024-02-20,31.8668
FUND29,2024-02-21,31.7801
FUND29,2024-02-22,31.6608
FUND29,2024-02-23,32.0063
FUND29,2024-02-26,31.7632
FUND29,2024-02-27,31.6
FUND29,2024-02-28,31.7055
FUND29,2024-02-29,32.0421
FUND29,2024-03-01,32.0914
FUND29,2024-03-04,31.9215
FUND29,2024-03-05,31.9605
FUND29,2024-03-06,32.0723
FUND29,2024-03-07,32.1327
FUND29,2024-03-08,32.3878
FUND29,2024-03-11,32.4727
FUND29,2024-03-12,32.4402
FUND29,2024-03-13,32.6917
FUND29,2024-03-14,32.8832
FUND29,2024-03-15,32.5356
FUND29,2024-03-18,32.3379
FUND29,2024-03-19,32.1017
FUND29,2024-03-20,32.0665
FUND29,2024-03-21,31.8766
FUND29,2024-03-22,31.5657
FUND29,2024-03-25,31.5151
FUND29,2024-03-26,31.6613
FUND29,2024-03-27,31.7961
FUND29,2024-03-28,31.763
FUND29,2024-03-29,32.0553
FUND29,2024-04-01,32.1029
FUND29,2024-04-02,32.2028
FUND29,2024-04-03,32.4011
FUND29,2024-04-04,32.3914
FUND29,2024-04-05,31.8762
FUND29,2024-04-08,31.964
FUND29,2024-04-09,31.915
FUND29,2024-04-10,32.0175
FUND29,2024-04-11,32.2604
FUND29,2024-04-12,31.8878
FUND29,2024-04-15,31.8304
FUND29,2024-04-16,31.9886
FUND29,2024-04-17,31.9515
FUND29,2024-04-18,32.1607
FUND29,2024-04-19,31.8145
FUND29,2024-04-22,31.9278
FUND29,2024-04-23,32.0993
FUND29,2024-04-24,31.913
FUND29,2024-04-25,31.9832
FUND29,2024-04-26,31.6573
FUND29,2024-04-29,31.6942
FUND29,2024-04-30,31.7462
FUND29,2024-05-01,31.5515
FUND29,2024-05-02,31.6481
FUND29,2024-05-03,31.617
FUND29,2024-05-06,31.3954
FUND29,2024-05-07,31.4915
FUND29,2024-05-08,31.4745
FUND29,2024-05-09,31.4447
FUND29,2024-05-10,31.2051
FUND29,2024-05-13,30.8344
FUND29,2024-05-14,30.8105
FUND29,2024-05-15,30.9938
FUND29,2024-05-16,31.2668
FUND29,2024-05-17,31.368
FUND29,2024-05-20,31.5033
FUND29,2024-05-21,31.513
FUND29,2024-05-22,31.4936
FUND29,2024-05-23,31.286
FUND29,2024-05-24,31.2027
FUND29,2024-05-27,31.3298
FUND29,2024-05-28,31.3452
FUND29,2024-05-29,31.1355
FUND29,2024-05-30,30.813
FUND29,2024-05-31,30.7527
FUND29,2024-06-03,30.7662
FUND29,2024-06-04,30.8226
FUND29,2024-06-05,30.7524
FUND29,2024-06-06,30.5846
FUND29,2024-06-07,30.5107
FUND29,2024-06-10,30.3099
FUND29,2024-06-11,30.0531
FUND29,2024-06-12,29.9484
FUND29,2024-06-13,30.0548
FUND29,2024-06-14,30.309
FUND29,2024-06-17,30.3281
FUND29,2024-06-18,30.3609
FUND29,2024-06-19,30.1045
FUND29,2024-06-20,29.8639
FUND29,2024-06-21,29.9764
FUND29,2024-06-24,30.1325
FUND29,2024-06-25,30.3857
FUND29,2024-06-26,30.6247
FUND29,2024-06-27,30.9705
FUND29,2024-06-28,31.1186
FUND29,2024-07-01,30.9892
FUND29,2024-07-02,31.0924
FUND29,2024-07-03,31.1644
FUND29,2024-07-04,31.2417
FUND29,2024-07-05,31.0955
FUND29,2024-07-08,31.4487
FUND29,2024-07-09,31.4383
FUND29,2024-07-10,31.1927
FUND29,2024-07-11,31.0948
FUND29,2024-07-12,31.1911
FUND29,2024-07-15,30.8123
FUND29,2024-07-16,30.8327
FUND29,2024-07-17,30.9946
FUND29,2024-07-18,30.9634
FUND29,2024-07-19,30.9837
FUND29,2024-07-22,30.8396
FUND29,2024-07-23,30.7793
FUND29,2024-07-24,30.8011
FUND29,2024-07-25,30.9483
FUND29,2024-07-26,30.9389
FUND29,2024-07-29,30.9407
FUND29,2024-07-30,30.9671
FUND29,2024-07-31,31.1847
FUND29,2024-08-01,31.2718
FUND29,2024-08-02,31.1304
FUND29,2024-08-05,31.4091
FUND29,2024-08-06,31.2427
FUND29,2024-08-07,31.3706
FUND29,2024-08-08,31.5676
FUND29,2024-08-09,31.7842
FUND29,2024-08-12,31.6888
FUND29,2024-08-13,31.8506
FUND29,2024-08-14,31.7749
FUND29,2024-08-15,31.9194
FUND29,2024-08-16,32.1516
FUND29,2024-08-19,32.482
FUND29,2024-08-20,32.5922
FUND29,2024-08-21,32.5041
FUND29,2024-08-22,32.5536
FUND29,2024-08-23,32.3332
FUND29,2024-08-26,32.2039
FUND29,2024-08-27,32.2493
FUND29,2024-08-28,32.4848
FUND29,2024-08-29,32.7803
FUND29,2024-08-30,32.867
FUND29,2024-09-02,33.1014
FUND29,2024-09-03,33.6777
FUND29,2024-09-04,33.3494
FUND29,2024-09-05,33.6889
FUND29,2024-09-06,33.7438
FUND29,2024-09-09,33.9443
FUND29,2024-09-10,33.6646
FUND29,2024-09-11,33.8889
FUND29,2024-09-12,33.6828
FUND29,2024-09-13,33.2506
FUND29,2024-09-16,33.4076
FUND29,2024-09-17,33.38
FUND29,2024-09-18,33.4311
FUND29,2024-09-19,33.2069
FUND29,2024-09-20,32.9927
FUND29,2024-09-23,32.9668
FUND29,2024-09-24,33.3934
FUND29,2024-09-25,33.2225
FUND29,2024-09-26,33.2273
FUND29,2024-09-27,33.4006
FUND29,2024-09-30,33.7154
FUND29,2024-10-01,33.7063
FUND29,2024-10-02,33.7779
FUND29,2024-10-03,33.6202
FUND29,2024-10-04,33.491
FUND29,2024-10-07,33.7622
FUND29,2024-10-08,33.8315
FUND29,2024-10-09,34.0695
FUND29,2024-10-10,33.8642
FUND29,2024-10-11,33.9499
FUND29,2024-10-14,34.2436
FUND29,2024-10-15,34.5905
FUND29,2024-10-16,34.6365
FUND29,2024-10-17,34.4245
FUND29,2024-10-18,34.1727
FUND29,2024-10-21,33.9765
FUND29,2024-10-22,34.0302
FUND29,2024-10-23,34.2478
FUND29,2024-10-24,33.975
FUND29,2024-10-25,33.801
FUND29,2024-10-28,33.7215
FUND29,2024-10-29,33.8337
FUND29,2024-10-30,33.7102
FUND29,2024-10-31,33.8156
FUND29,2024-11-01,33.9582
FUND29,2024-11-04,34.0256
FUND29,2024-11-05,34.2284
FUND29,2024-11-06,34.2451
FUND29,2024-11-07,34.2965
FUND29,2024-11-08,34.2939
FUND29,2024-11-11,34.3657
FUND29,2024-11-12,34.4765
FUND29,2024-11-13,34.8059
FUND29,2024-11-14,34.613
FUND29,2024-11-15,34.8395
FUND29,2024-11-18,34.79
FUND29,2024-11-19,35.0314
FUND29,2024-11-20,35.3059
FUND29,2024-11-21,35.3008
FUND29,2024-11-22,35.0411
FUND29,2024-11-25,35.0653
FUND29,2024-11-26,35.1117
FUND29,2024-11-27,35.2795
FUND29,2024-11-28,35.4777
FUND29,2024-11-29,35.5202
FUND29,2024-12-02,35.7
FUND29,2024-12-03,35.4247
FUND29,2024-12-04,35.7236
FUND29,2024-12-05,35.8267
FUND29,2024-12-06,35.7378
FUND29,2024-12-09,35.8093
FUND29,2024-12-10,35.7133
FUND29,2024-12-11,35.6288
FUND29,2024-12-12,35.4392
FUND29,2024-12-13,35.169
FUND29,2024-12-16,35.3275
FUND29,2024-12-17,35.3882
FUND29,2024-12-18,35.776
FUND29,2024-12-19,36.0328
FUND29,2024-12-20,35.7795
FUND29,2024-12-23,35.6014
FUND29,2024-12-24,35.5434
FUND29,2024-12-25,35.7045
FUND29,2024-12-26,35.7464
FUND29,2024-12-27,35.7364
FUND29,2024-12-30,35.8201
FUND29,2024-12-31,36.0028
FUND29,2025-01-01,36.1118
FUND29,2025-01-02,36.1565
FUND29,2025-01-03,36.1672
FUND29,2025-01-06,35.8911
FUND29,2025-01-07,35.67
FUND29,2025-01-08,35.7356
FUND29,2025-01-09,35.4923
FUND29,2025-01-10,35.5807
FUND29,2025-01-13,35.6958
FUND29,2025-01-14,35.6904
FUND29,2025-01-15,35.6257
FUND29,2025-01-16,35.8694
FUND29,2025-01-17,35.7503
FUND29,2025-01-20,35.8429
FUND29,2025-01-21,36.0688
FUND29,2025-01-22,35.9583
FUND29,2025-01-23,35.9892
FUND29,2025-01-24,36.0254
FUND29,2025-01-27,35.728
FUND29,2025-01-28,35.7055
FUND29,2025-01-29,35.8198
FUND29,2025-01-30,35.6927
FUND29,2025-01-31,35.4589
FUND29,2025-02-03,35.1682
FUND29,2025-02-04,35.0719
FUND29,2025-02-05,34.7589
FUND29,2025-02-06,34.7381
FUND29,2025-02-07,35.0073
FUND29,2025-02-10,35.1804
FUND29,2025-02-11,35.4396
FUND29,2025-02-12,35.5602
FUND29,2025-02-13,36.0997
FUND29,2025-02-14,35.8245
FUND29,2025-02-17,35.9861
FUND29,2025-02-18,35.8458
FUND29,2025-02-19,36.0609
FUND29,2025-02-20,36.0118
FUND29,2025-02-21,35.7035
FUND29,2025-02-24,35.8299
FUND29,2025-02-25,36.0313
FUND29,2025-02-26,35.5956
FUND29,2025-02-27,35.6725
FUND29,2025-02-28,35.7906
FUND29,2025-03-03,36.1879
FUND29,2025-03-04,35.9164
FUND29,2025-03-05,36.046
FUND29,2025-03-06,35.9728
FUND29,2025-03-07,36.079
FUND29,2025-03-10,35.8526
FUND29,2025-03-11,35.717
FUND29,2025-03-12,35.5498
FUND29,2025-03-13,35.3376
FUND29,2025-03-14,34.9735
FUND29,2025-03-17,35.3929
FUND29,2025-03-18,35.0039
FUND29,2025-03-19,34.9485
FUND29,2025-03-20,34.9893
FUND29,2025-03-21,34.7919
FUND29,2025-03-24,34.6507
FUND29,2025-03-25,34.6709
FUND29,2025-03-26,34.8062
FUND29,2025-03-27,34.9787
FUND29,2025-03-28,34.8849
FUND29,2025-03-31,35.0411
FUND29,2025-04-01,34.958
FUND29,2025-04-02,35.2304
FUND29,2025-04-03,35.2161
FUND29,2025-04-04,35.2136
FUND29,2025-04-07,35.1356
FUND29,2025-04-08,35.2108
FUND29,2025-04-09,35.4427
FUND29,2025-04-10,35.7001
FUND29,2025-04-11,35.7637
FUND29,2025-04-14,36.0071
FUND29,2025-04-15,35.8031
FUND29,2025-04-16,35.8971
FUND29,2025-04-17,35.4248
FUND29,2025-04-18,35.181
FUND29,2025-04-21,35.3074
FUND29,2025-04-22,35.2343
FUND29,2025-04-23,35.1453
FUND29,2025-04-24,34.9356
FUND29,2025-04-25,35.3039
FUND29,2025-04-28,35.4057
FUND29,2025-04-29,35.4439
FUND29,2025-04-30,35.257
FUND29,2025-05-01,35.457
FUND29,2025-05-02,35.1194
FUND29,2025-05-05,35.0796
FUND29,2025-05-06,34.8327
FUND29,2025-05-07,34.5794
FUND29,2025-05-08,34.6925
FUND29,2025-05-09,34.3797
FUND29,2025-05-12,34.2879
FUND29,2025-05-13,34.5594
FUND29,2025-05-14,34.5554
FUND29,2025-05-15,34.5548
FUND29,2025-05-16,34.5051
FUND29,2025-05-19,34.5771
FUND29,2025-05-20,34.4032
FUND29,2025-05-21,34.3734
FUND29,2025-05-22,34.5127
FUND29,2025-05-23,33.9637
FUND29,2025-05-26,33.896
FUND29,2025-05-27,34.0876
FUND29,2025-05-28,33.9434
FUND29,2025-05-29,33.9255
FUND29,2025-05-30,33.908
FUND29,2025-06-02,33.8043
FUND29,2025-06-03,33.8627
FUND29,2025-06-04,33.7078
FUND29,2025-06-05,33.7124
FUND29,2025-06-06,33.9341
FUND29,2025-06-09,34.042
FUND29,2025-06-10,34.2963
FUND29,2025-06-11,34.4069
FUND29,2025-06-12,34.0398
FUND29,2025-06-13,34.4709
FUND29,2025-06-16,34.5121
FUND29,2025-06-17,34.2635
FUND29,2025-06-18,34.461
FUND29,2025-06-19,34.7943
FUND29,2025-06-20,34.8528
FUND29,2025-06-23,35.021
FUND29,2025-06-24,34.8418
FUND29,2025-06-25,34.848
FUND29,2025-06-26,34.4877
FUND29,2025-06-27,34.4484
FUND29,2025-06-30,34.7517
FUND29,2025-07-01,34.6984
FUND29,2025-07-02,34.6304
FUND29,2025-07-03,34.7169
FUND29,2025-07-04,34.4944
FUND29,2025-07-07,34.3537
FUND29,2025-07-08,34.5643
FUND29,2025-07-09,34.9939
FUND29,2025-07-10,35.075
FUND29,2025-07-11,34.8374
FUND29,2025-07-14,34.7402
FUND29,2025-07-15,34.6324
FUND29,2025-07-16,34.9902
FUND29,2025-07-17,35.222
FUND29,2025-07-18,35.1342
FUND29,2025-07-21,35.1225
FUND29,2025-07-22,34.8284
FUND29,2025-07-23,34.7093
FUND29,2025-07-24,34.5407
FUND29,2025-07-25,34.5341
FUND29,2025-07-28,34.3726
FUND29,2025-07-29,34.1238
FUND29,2025-07-30,34.0426
FUND29,2025-07-31,34.0563
FUND29,2025-08-01,34.1753
FUND29,2025-08-04,33.9386
FUND29,2025-08-05,33.5397
FUND29,2025-08-06,33.59
FUND29,2025-08-07,33.3689
FUND29,2025-08-08,33.5924
FUND29,2025-08-11,33.6625
FUND29,2025-08-12,33.6718
FUND29,2025-08-13,33.8441
FUND29,2025-08-14,34.0052
FUND29,2025-08-15,34.1723
FUND29,2025-08-18,34.3537
FUND29,2025-08-19,34.5216
FUND29,2025-08-20,34.7374
FUND29,2025-08-21,34.557
FUND29,2025-08-22,34.7486
FUND29,2025-08-25,34.788
FUND29,2025-08-26,34.9633
FUND29,2025-08-27,34.9066
FUND29,2025-08-28,34.6514
FUND29,2025-08-29,34.8387
FUND29,2025-09-01,34.628
FUND29,2025-09-02,34.483
FUND29,2025-09-03,34.3716
FUND29,2025-09-04,34.6826
FUND29,2025-09-05,34.791
FUND29,2025-09-08,35.0286
FUND29,2025-09-09,35.1119
FUND29,2025-09-10,34.8714
FUND29,2025-09-11,34.9586
FUND29,2025-09-12,35.2005
FUND29,2025-09-15,34.9605
FUND29,2025-09-16,35.4155
FUND29,2025-09-17,34.9384
FUND29,2025-09-18,35.0254
FUND29,2025-09-19,35.2166
FUND29,2025-09-22,34.9055
FUND29,2025-09-23,35.0425
FUND29,2025-09-24,34.764
FUND29,2025-09-25,34.8977
FUND29,2025-09-26,34.9559
FUND29,2025-09-29,34.6059
FUND29,2025-09-30,34.4102
FUND29,2025-10-01,34.0999
FUND29,2025-10-02,34.2578
FUND29,2025-10-03,34.3788
FUND29,2025-10-06,34.204
FUND29,2025-10-07,34.0117
FUND29,2025-10-08,34.0548
FUND29,2025-10-09,33.8721
FUND29,2025-10-10,34.0394
FUND29,2025-10-13,33.9596
FUND29,2025-10-14,33.8371
FUND29,2025-10-15,33.6768
FUND29,2025-10-16,33.4892
FUND29,2025-10-17,33.3204
FUND29,2025-10-20,33.3252
FUND29,2025-10-21,33.1218
FUND29,2025-10-22,33.1053
FUND29,2025-10-23,32.9801
FUND29,2025-10-24,33.169
FUND29,2025-10-27,33.238
FUND29,2025-10-28,33.1313
FUND29,2025-10-29,33.144
FUND29,2025-10-30,33.321
FUND29,2025-10-31,33.3128
FUND29,2025-11-03,33.2561
FUND29,2025-11-04,33.4749
FUND29,2025-11-05,33.8924
FUND29,2025-11-06,34.0475
FUND29,2025-11-07,34.1553
FUND29,2025-11-10,34.2415
FUND29,2025-11-11,34.3021
FUND29,2025-11-12,34.5962
FUND29,2025-11-13,34.59
FUND29,2025-11-14,34.6657
FUND29,2025-11-17,34.2084
FUND29,2025-11-18,34.5691
FUND29,2025-11-19,34.7944
FUND29,2025-11-20,34.9942
FUND29,2025-11-21,34.658
FUND29,2025-11-24,34.9585
FUND30,2023-01-02,13.4334
FUND30,2023-01-03,13.3892
FUND30,2023-01-04,13.3753
FUND30,2023-01-05,13.39
FUND30,2023-01-06,13.4337
FUND30,2023-01-09,13.4078
FUND30,2023-01-10,13.5359
FUND30,2023-01-11,13.5228
FUND30,2023-01-12,13.4854
FUND30,2023-01-13,13.4466
FUND30,2023-01-16,13.4009
FUND30,2023-01-17,13.404
FUND30,2023-01-18,13.499
FUND30,2023-01-19,13.4931
FUND30,2023-01-20,13.4596
FUND30,2023-01-23,13.6125
FUND30,2023-01-24,13.7471
FUND30,2023-01-25,13.7462
FUND30,2023-01-26,13.6323
FUND30,2023-01-27,13.7027
FUND30,2023-01-30,13.8321
FUND30,2023-01-31,13.8028
FUND30,2023-02-01,13.8551
FUND30,2023-02-02,13.8826
FUND30,2023-02-03,13.9309
FUND30,2023-02-06,13.9848
FUND30,2023-02-07,14.0087
FUND30,2023-02-08,14.098
FUND30,2023-02-09,14.0301
FUND30,2023-02-10,13.916
FUND30,2023-02-13,13.8196
FUND30,2023-02-14,13.9601
FUND30,2023-02-15,13.8941
FUND30,2023-02-16,13.9837
FUND30,2023-02-17,14.0744
FUND30,2023-02-20,14.214
FUND30,2023-02-21,14.1703
FUND30,2023-02-22,14.0856
FUND30,2023-02-23,14.1021
FUND30,2023-02-24,14.1944
FUND30,2023-02-27,14.3224
FUND30,2023-02-28,14.3004
FUND30,2023-03-01,14.3134
FUND30,2023-03-02,14.3406
FUND30,2023-03-03,14.3197
FUND30,2023-03-06,14.3151
FUND30,2023-03-07,14.1705
FUND30,2023-03-08,14.1194
FUND30,2023-03-09,14.0732
FUND30,2023-03-10,13.9939
FUND30,2023-03-13,14.0523
FUND30,2023-03-14,14.0587
FUND30,2023-03-15,14.0804
FUND30,2023-03-16,14.1157
FUND30,2023-03-17,14.1945
FUND30,2023-03-20,14.1094
FUND30,2023-03-21,14.1769
FUND30,2023-03-22,14.2124
FUND30,2023-03-23,14.2139
FUND30,2023-03-24,14.1325
FUND30,2023-03-27,14.0295
FUND30,2023-03-28,13.9739
FUND30,2023-03-29,14.0598
FUND30,2023-03-30,14.0794
FUND30,2023-03-31,14.1028
FUND30,2023-04-03,14.1676
FUND30,2023-04-04,14.1148
FUND30,2023-04-05,14.1761
FUND30,2023-04-06,14.1825
FUND30,2023-04-07,14.2349
FUND30,2023-04-10,14.328
FUND30,2023-04-11,14.4189
FUND30,2023-04-12,14.3445
FUND30,2023-04-13,14.3123
FUND30,2023-04-14,14.2243
FUND30,2023-04-17,14.1005
FUND30,2023-04-18,13.9913
FUND30,2023-04-19,14.0083
FUND30,2023-04-20,14.1021
FUND30,2023-04-21,14.0645
FUND30,2023-04-24,14.0037
FUND30,2023-04-25,14.0462
FUND30,2023-04-26,13.9642
FUND30,2023-04-27,14.1189
FUND30,2023-04-28,14.1494
FUND30,2023-05-01,14.1399
FUND30,2023-05-02,14.1103
FUND30,2023-05-03,14.0555
FUND30,2023-05-04,13.9661
FUND30,2023-05-05,13.9412
FUND30,2023-05-08,14.0878
FUND30,2023-05-09,14.0427
FUND30,2023-05-10,14.152
FUND30,2023-05-11,14.2331
FUND30,2023-05-12,14.2231
FUND30,2023-05-15,14.2856
FUND30,2023-05-16,14.1823
FUND30,2023-05-17,14.2042
FUND30,2023-05-18,14.3016
FUND30,2023-05-19,14.3442
FUND30,2023-05-22,14.3721
FUND30,2023-05-23,14.3352
FUND30,2023-05-24,14.2639
FUND30,2023-05-25,14.2782
FUND30,2023-05-26,14.5241
FUND30,2023-05-29,14.5717
FUND30,2023-05-30,14.481
FUND30,2023-05-31,14.4254
FUND30,2023-06-01,14.4857
FUND30,2023-06-02,14.5465
FUND30,2023-06-05,14.4263
FUND30,2023-06-06,14.2209
FUND30,2023-06-07,14.3501
FUND30,2023-06-08,14.3354
FUND30,2023-06-09,14.3841
FUND30,2023-06-12,14.3994
FUND30,2023-06-13,14.5076
FUND30,2023-06-14,14.4907
FUND30,2023-06-15,14.6182
FUND30,2023-06-16,14.6025
FUND30,2023-06-19,14.5157
FUND30,2023-06-20,14.4754
FUND30,2023-06-21,14.382
FUND30,2023-06-22,14.4791
FUND30,2023-06-23,14.6016
FUND30,2023-06-26,14.7135
FUND30,2023-06-27,14.651
FUND30,2023-06-28,14.7001
FUND30,2023-06-29,14.7963
FUND30,2023-06-30,14.8909
FUND30,2023-07-03,14.9767
FUND30,2023-07-04,14.9799
FUND30,2023-07-05,14.992
FUND30,2023-07-06,14.999
FUND30,2023-07-07,15.1329
FUND30,2023-07-10,15.139
FUND30,2023-07-11,15.2005
FUND30,2023-07-12,15.1773
FUND30,2023-07-13,15.2506
FUND30,2023-07-14,15.0975
FUND30,2023-07-17,15.2044
FUND30,2023-07-18,15.3245
FUND30,2023-07-19,15.414
FUND30,2023-07-20,15.5072
FUND30,2023-07-21,15.5772
FUND30,2023-07-24,15.5774
FUND30,2023-07-25,15.5668
FUND30,2023-07-26,15.5634
FUND30,2023-07-27,15.6154
FUND30,2023-07-28,15.592
FUND30,2023-07-31,15.524
FUND30,2023-08-01,15.5639
FUND30,2023-08-02,15.5874
FUND30,2023-08-03,15.6769
FUND30,2023-08-04,15.6036
FUND30,2023-08-07,15.713
FUND30,2023-08-08,15.8536
FUND30,2023-08-09,15.9513
FUND30,2023-08-10,15.9059
FUND30,2023-08-11,15.8674
FUND30,2023-08-14,15.8335
FUND30,2023-08-15,15.7936
FUND30,2023-08-16,15.7496
FUND30,2023-08-17,15.7945
FUND30,2023-08-18,15.8503
FUND30,2023-08-21,15.867
FUND30,2023-08-22,15.8803
FUND30,2023-08-23,16.0477
FUND30,2023-08-24,16.1203
FUND30,2023-08-25,16.1557
FUND30,2023-08-28,16.1032
FUND30,2023-08-29,16.159
FUND30,2023-08-30,16.2009
FUND30,2023-08-31,16.1792
FUND30,2023-09-01,16.2424
FUND30,2023-09-04,16.1108
FUND30,2023-09-05,16.1814
FUND30,2023-09-06,16.2415
FUND30,2023-09-07,16.2074
FUND30,2023-09-08,16.219
FUND30,2023-09-11,16.2489
FUND30,2023-09-12,16.3621
FUND30,2023-09-13,16.3867
FUND30,2023-09-14,16.3193
FUND30,2023-09-15,16.395
FUND30,2023-09-18,16.358
FUND30,2023-09-19,16.31
FUND30,2023-09-20,16.2705
FUND30,2023-09-21,16.2375
FUND30,2023-09-22,16.2224
FUND30,2023-09-25,16.2824
FUND30,2023-09-26,16.4055
FUND30,2023-09-27,16.2929
FUND30,2023-09-28,16.4215
FUND30,2023-09-29,16.457
FUND30,2023-10-02,16.401
FUND30,2023-10-03,16.4656
FUND30,2023-10-04,16.4908
FUND30,2023-10-05,16.5929
FUND30,2023-10-06,16.4861
FUND30,2023-10-09,16.5241
FUND30,2023-10-10,16.4651
FUND30,2023-10-11,16.6094
FUND30,2023-10-12,16.5949
FUND30,2023-10-13,16.5885
FUND30,2023-10-16,16.6237
FUND30,2023-10-17,16.6227
FUND30,2023-10-18,16.5752
FUND30,2023-10-19,16.7876
FUND30,2023-10-20,16.7103
FUND30,2023-10-23,16.7549
FUND30,2023-10-24,16.5741
FUND30,2023-10-25,16.5793
FUND30,2023-10-26,16.6941
FUND30,2023-10-27,16.6503
FUND30,2023-10-30,16.6656
FUND30,2023-10-31,16.7261
FUND30,2023-11-01,16.7027
FUND30,2023-11-02,16.8069
FUND30,2023-11-03,16.8165
FUND30,2023-11-06,16.829
FUND30,2023-11-07,16.9002
FUND30,2023-11-08,16.908
FUND30,2023-11-09,16.9982
FUND30,2023-11-10,16.9059
FUND30,2023-11-13,17.0124
FUND30,2023-11-14,17.135
FUND30,2023-11-15,17.2106
FUND30,2023-11-16,17.1769
FUND30,2023-11-17,17.3439
FUND30,2023-11-20,17.3763
FUND30,2023-11-21,17.417
FUND30,2023-11-22,17.4161
FUND30,2023-11-23,17.579
FUND30,2023-11-24,17.4849
FUND30,2023-11-27,17.5223
FUND30,2023-11-28,17.4664
FUND30,2023-11-29,17.4347
FUND30,2023-11-30,17.6099
FUND30,2023-12-01,17.69
FUND30,2023-12-04,17.7146
FUND30,2023-12-05,17.725
FUND30,2023-12-06,17.7053
FUND30,2023-12-07,17.7751
FUND30,2023-12-08,17.6886
FUND30,2023-12-11,17.7009
FUND30,2023-12-12,17.7593
FUND30,2023-12-13,17.8021
FUND30,2023-12-14,17.7599
FUND30,2023-12-15,17.6157
FUND30,2023-12-18,17.594
FUND30,2023-12-19,17.6031
FUND30,2023-12-20,17.5941
FUND30,2023-12-21,17.4949
FUND30,2023-12-22,17.541
FUND30,2023-12-25,17.5424
FUND30,2023-12-26,17.5621
FUND30,2023-12-27,17.6075
FUND30,2023-12-28,17.6444
FUND30,2023-12-29,17.6719
FUND30,2024-01-01,17.6951
FUND30,2024-01-02,17.8064
FUND30,2024-01-03,17.7075
FUND30,2024-01-04,17.7832
FUND30,2024-01-05,17.8075
FUND30,2024-01-08,17.812
FUND30,2024-01-09,17.8325
FUND30,2024-01-10,17.8076
FUND30,2024-01-11,17.7909
FUND30,2024-01-12,17.808
FUND30,2024-01-15,17.7574
FUND30,2024-01-16,17.6553
FUND30,2024-01-17,17.6327
FUND30,2024-01-18,17.7106
FUND30,2024-01-19,17.6724
FUND30,2024-01-22,17.768
FUND30,2024-01-23,17.8995
FUND30,2024-01-24,17.9516
FUND30,2024-01-25,17.9578
FUND30,2024-01-26,17.9625
FUND30,2024-01-29,18.0829
FUND30,2024-01-30,17.9644
FUND30,2024-01-31,17.9364
FUND30,2024-02-01,17.8896
FUND30,2024-02-02,17.912
FUND30,2024-02-05,17.889
FUND30,2024-02-06,17.9519
FUND30,2024-02-07,17.9413
FUND30,2024-02-08,17.9504
FUND30,2024-02-09,17.946
FUND30,2024-02-12,18.0125
FUND30,2024-02-13,18.0343
FUND30,2024-02-14,18.2615
FUND30,2024-02-15,18.3494
FUND30,2024-02-16,18.2831
FUND30,2024-02-19,18.3278
FUND30,2024-02-20,18.2042
FUND30,2024-02-21,18.0385
FUND30,2024-02-22,18.0634
FUND30,2024-02-23,18.0636
FUND30,2024-02-26,17.9938
FUND30,2024-02-27,18.1558
FUND30,2024-02-28,18.2399
FUND30,2024-02-29,18.3819
FUND30,2024-03-01,18.527
FUND30,2024-03-04,18.6306
FUND30,2024-03-05,18.736
FUND30,2024-03-06,18.7628
FUND30,2024-03-07,18.8534
FUND30,2024-03-08,18.8826
FUND30,2024-03-11,18.8869
FUND30,2024-03-12,19.0535
FUND30,2024-03-13,19.0466
FUND30,2024-03-14,19.0493
FUND30,2024-03-15,19.1568
FUND30,2024-03-18,19.1568
FUND30,2024-03-19,19.2187
FUND30,2024-03-20,19.1879
FUND30,2024-03-21,19.1951
FUND30,2024-03-22,19.1521
FUND30,2024-03-25,19.1971
FUND30,2024-03-26,19.2472
FUND30,2024-03-27,19.5491
FUND30,2024-03-28,19.6305
FUND30,2024-03-29,19.6719
FUND30,2024-04-01,19.9547
FUND30,2024-04-02,20.0674
FUND30,2024-04-03,20.1881
FUND30,2024-04-04,20.2943
FUND30,2024-04-05,20.3345
FUND30,2024-04-08,20.3196
FUND30,2024-04-09,20.2926
FUND30,2024-04-10,20.2302
FUND30,2024-04-11,20.1204
FUND30,2024-04-12,20.17
FUND30,2024-04-15,20.1925
FUND30,2024-04-16,20.2076
FUND30,2024-04-17,20.14
FUND30,2024-04-18,20.1256
FUND30,2024-04-19,20.2045
FUND30,2024-04-22,20.2747
FUND30,2024-04-23,20.3294
FUND30,2024-04-24,20.3703
FUND30,2024-04-25,20.4394
FUND30,2024-04-26,20.2494
FUND30,2024-04-29,20.4502
FUND30,2024-04-30,20.4789
FUND30,2024-05-01,20.4318
FUND30,2024-05-02,20.4344
FUND30,2024-05-03,20.3668
FUND30,2024-05-06,20.4304
FUND30,2024-05-07,20.349
FUND30,2024-05-08,20.3489
FUND30,2024-05-09,20.4123
FUND30,2024-05-10,20.3827
FUND30,2024-05-13,20.5083
FUND30,2024-05-14,20.4634
FUND30,2024-05-15,20.6529
FUND30,2024-05-16,20.5787
FUND30,2024-05-17,20.52
FUND30,2024-05-20,20.6124
FUND30,2024-05-21,20.6261
FUND30,2024-05-22,20.5271
FUND30,2024-05-23,20.53
FUND30,2024-05-24,20.5222
FUND30,2024-05-27,20.704
FUND30,2024-05-28,20.6976
FUND30,2024-05-29,20.5714
FUND30,2024-05-30,20.5133
FUND30,2024-05-31,20.6117
FUND30,2024-06-03,20.4741
FUND30,2024-06-04,20.5294
FUND30,2024-06-05,20.3931
FUND30,2024-06-06,20.2575
FUND30,2024-06-07,20.2757
FUND30,2024-06-10,20.4376
FUND30,2024-06-11,20.311
FUND30,2024-06-12,20.2774
FUND30,2024-06-13,20.3395
FUND30,2024-06-14,20.455
FUND30,2024-06-17,20.478
FUND30,2024-06-18,20.594
FUND30,2024-06-19,20.6195
FUND30,2024-06-20,20.5377
FUND30,2024-06-21,20.5938
FUND30,2024-06-24,20.6971
FUND30,2024-06-25,20.8059
FUND30,2024-06-26,20.7919
FUND30,2024-06-27,20.7022
FUND30,2024-06-28,20.8898
FUND30,2024-07-01,20.8814
FUND30,2024-07-02,21.0712
FUND30,2024-07-03,21.0345
FUND30,2024-07-04,21.0857
FUND30,2024-07-05,21.1477
FUND30,2024-07-08,20.9481
FUND30,2024-07-09,20.8125
FUND30,2024-07-10,20.8138
FUND30,2024-07-11,20.7481
FUND30,2024-07-12,20.8038
FUND30,2024-07-15,20.7959
FUND30,2024-07-16,20.9901
FUND30,2024-07-17,20.9466
FUND30,2024-07-18,21.0167
FUND30,2024-07-19,21.124
FUND30,2024-07-22,21.0011
FUND30,2024-07-23,21.1302
FUND30,2024-07-24,21.3263
FUND30,2024-07-25,21.3831
FUND30,2024-07-26,21.1347
FUND30,2024-07-29,21.2412
FUND30,2024-07-30,21.2032
FUND30,2024-07-31,21.1846
FUND30,2024-08-01,21.04
FUND30,2024-08-02,20.9797
FUND30,2024-08-05,21.107
FUND30,2024-08-06,21.066
FUND30,2024-08-07,20.9206
FUND30,2024-08-08,20.782
FUND30,2024-08-09,20.8909
FUND30,2024-08-12,21.0037
FUND30,2024-08-13,20.9202
FUND30,2024-08-14,21.0657
FUND30,2024-08-15,20.9628
FUND30,2024-08-16,21.0147
FUND30,2024-08-19,21.085
FUND30,2024-08-20,21.248
FUND30,2024-08-21,21.1637
FUND30,2024-08-22,20.9897
FUND30,2024-08-23,21.1568
FUND30,2024-08-26,21.1975
FUND30,2024-08-27,21.2496
FUND30,2024-08-28,21.1992
FUND30,2024-08-29,21.2206
FUND30,2024-08-30,21.0831
FUND30,2024-09-02,21.1349
FUND30,2024-09-03,21.3867
FUND30,2024-09-04,21.2913
FUND30,2024-09-05,21.2985
FUND30,2024-09-06,21.1745
FUND30,2024-09-09,21.1996
FUND30,2024-09-10,21.2954
FUND30,2024-09-11,21.3894
FUND30,2024-09-12,21.3683
FUND30,2024-09-13,21.2585
FUND30,2024-09-16,21.232
FUND30,2024-09-17,21.0994
FUND30,2024-09-18,21.1792
FUND30,2024-09-19,21.376
FUND30,2024-09-20,21.4186
FUND30,2024-09-23,21.3247
FUND30,2024-09-24,21.4196
FUND30,2024-09-25,21.3964
FUND30,2024-09-26,21.5251
FUND30,2024-09-27,21.4399
FUND30,2024-09-30,21.3366
FUND30,2024-10-01,21.3506
FUND30,2024-10-02,21.18
FUND30,2024-10-03,21.2014
FUND30,2024-10-04,21.1712
FUND30,2024-10-07,21.3576
FUND30,2024-10-08,21.4911
FUND30,2024-10-09,21.4438
FUND30,2024-10-10,21.342
FUND30,2024-10-11,21.5386
FUND30,2024-10-14,21.6886
FUND30,2024-10-15,21.6281
FUND30,2024-10-16,21.6329
FUND30,2024-10-17,21.6188
FUND30,2024-10-18,21.6369
FUND30,2024-10-21,21.8449
FUND30,2024-10-22,21.8858
FUND30,2024-10-23,21.7909
FUND30,2024-10-24,21.8203
FUND30,2024-10-25,21.7667
FUND30,2024-10-28,21.7903
FUND30,2024-10-29,21.807
FUND30,2024-10-30,21.8101
FUND30,2024-10-31,21.9349
FUND30,2024-11-01,22.0245
FUND30,2024-11-04,21.9231
FUND30,2024-11-05,21.9938
FUND30,2024-11-06,21.8402
FUND30,2024-11-07,21.7942
FUND30,2024-11-08,21.7492
FUND30,2024-11-11,21.7402
FUND30,2024-11-12,21.7357
FUND30,2024-11-13,21.6048
FUND30,2024-11-14,21.8412
FUND30,2024-11-15,22.0605
FUND30,2024-11-18,22.1841
FUND30,2024-11-19,22.1813
FUND30,2024-11-20,22.2567
FUND30,2024-11-21,22.4505
FUND30,2024-11-22,22.488
FUND30,2024-11-25,22.38
FUND30,2024-11-26,22.4576
FUND30,2024-11-27,22.619
FUND30,2024-11-28,22.7315
FUND30,2024-11-29,22.5814
FUND30,2024-12-02,22.7552
FUND30,2024-12-03,22.7588
FUND30,2024-12-04,22.634
FUND30,2024-12-05,22.7612
FUND30,2024-12-06,22.7079
FUND30,2024-12-09,22.8174
FUND30,2024-12-10,22.895
FUND30,2024-12-11,22.8699
FUND30,2024-12-12,22.9314
FUND30,2024-12-13,22.9839
FUND30,2024-12-16,23.2058
FUND30,2024-12-17,23.1201
FUND30,2024-12-18,22.9199
FUND30,2024-12-19,22.801
FUND30,2024-12-20,22.9289
FUND30,2024-12-23,22.9496
FUND30,2024-12-24,22.8384
FUND30,2024-12-25,22.7903
FUND30,2024-12-26,22.6164
FUND30,2024-12-27,22.3163
FUND30,2024-12-30,22.4532
FUND30,2024-12-31,22.5691
FUND30,2025-01-01,22.5484
FUND30,2025-01-02,22.4534
FUND30,2025-01-03,22.4326
FUND30,2025-01-06,22.5664
FUND30,2025-01-07,22.4877
FUND30,2025-01-08,22.4143
FUND30,2025-01-09,22.3717
FUND30,2025-01-10,22.2809
FUND30,2025-01-13,22.3546
FUND30,2025-01-14,22.315
FUND30,2025-01-15,22.2546
FUND30,2025-01-16,22.4009
FUND30,2025-01-17,22.6903
FUND30,2025-01-20,22.7614
FUND30,2025-01-21,22.8573
FUND30,2025-01-22,22.9368
FUND30,2025-01-23,22.9532
FUND30,2025-01-24,22.9386
FUND30,2025-01-27,22.8006
FUND30,2025-01-28,22.9197
FUND30,2025-01-29,22.848
FUND30,2025-01-30,22.8224
FUND30,2025-01-31,22.6666
FUND30,2025-02-03,22.58
FUND30,2025-02-04,22.6636
FUND30,2025-02-05,22.7161
FUND30,2025-02-06,22.7158
FUND30,2025-02-07,22.8188
FUND30,2025-02-10,22.6621
FUND30,2025-02-11,22.6997
FUND30,2025-02-12,22.7959
FUND30,2025-02-13,22.6622
FUND30,2025-02-14,22.7231
FUND30,2025-02-17,22.9034
FUND30,2025-02-18,22.8637
FUND30,2025-02-19,22.8651
FUND30,2025-02-20,23.0204
FUND30,2025-02-21,23.0752
FUND30,2025-02-24,23.1145
FUND30,2025-02-25,23.0393
FUND30,2025-02-26,23.0125
FUND30,2025-02-27,22.7376
FUND30,2025-02-28,22.8387
FUND30,2025-03-03,22.75
FUND30,2025-03-04,22.7718
FUND30,2025-03-05,22.8284
FUND30,2025-03-06,22.8398
FUND30,2025-03-07,22.9971
FUND30,2025-03-10,23.023
FUND30,2025-03-11,23.0458
FUND30,2025-03-12,23.0234
FUND30,2025-03-13,23.2021
FUND30,2025-03-14,23.0698
FUND30,2025-03-17,22.9904
FUND30,2025-03-18,23.0078
FUND30,2025-03-19,22.9843
FUND30,2025-03-20,22.9029
FUND30,2025-03-21,23.1452
FUND30,2025-03-24,23.2939
FUND30,2025-03-25,23.5273
FUND30,2025-03-26,23.6295
FUND30,2025-03-27,23.7669
FUND30,2025-03-28,23.9533
FUND30,2025-03-31,23.8056
FUND30,2025-04-01,23.9281
FUND30,2025-04-02,23.8857
FUND30,2025-04-03,23.8686
FUND30,2025-04-04,23.873
FUND30,2025-04-07,24.1269
FUND30,2025-04-08,24.0853
FUND30,2025-04-09,24.025
FUND30,2025-04-10,23.9832
FUND30,2025-04-11,24.1823
FUND30,2025-04-14,24.4353
FUND30,2025-04-15,24.4604
FUND30,2025-04-16,24.3788
FUND30,2025-04-17,24.62
FUND30,2025-04-18,24.4556
FUND30,2025-04-21,24.4378
FUND30,2025-04-22,24.5421
FUND30,2025-04-23,24.5798
FUND30,2025-04-24,24.6294
FUND30,2025-04-25,24.6221
FUND30,2025-04-28,24.68
FUND30,2025-04-29,24.8254
FUND30,2025-04-30,24.8928
FUND30,2025-05-01,24.9627
FUND30,2025-05-02,24.9707
FUND30,2025-05-05,25.1355
FUND30,2025-05-06,24.9001
FUND30,2025-05-07,25.1435
FUND30,2025-05-08,25.3251
FUND30,2025-05-09,25.3003
FUND30,2025-05-12,25.3493
FUND30,2025-05-13,25.3766
FUND30,2025-05-14,25.3334
FUND30,2025-05-15,25.331
FUND30,2025-05-16,25.2927
FUND30,2025-05-19,25.2202
FUND30,2025-05-20,25.2364
FUND30,2025-05-21,25.3819
FUND30,2025-05-22,25.5465
FUND30,2025-05-23,25.4639
FUND30,2025-05-26,25.4225
FUND30,2025-05-27,25.4498
FUND30,2025-05-28,25.4445
FUND30,2025-05-29,25.6431
FUND30,2025-05-30,25.8692
FUND30,2025-06-02,25.8774
FUND30,2025-06-03,25.8808
FUND30,2025-06-04,26.051
FUND30,2025-06-05,26.0359
FUND30,2025-06-06,26.0685
FUND30,2025-06-09,26.0291
FUND30,2025-06-10,26.1021
FUND30,2025-06-11,26.1548
FUND30,2025-06-12,25.9164
FUND30,2025-06-13,25.8769
FUND30,2025-06-16,25.8694
FUND30,2025-06-17,25.9511
FUND30,2025-06-18,25.7632
FUND30,2025-06-19,25.7967
FUND30,2025-06-20,25.836
FUND30,2025-06-23,25.673
FUND30,2025-06-24,25.8321
FUND30,2025-06-25,25.818
FUND30,2025-06-26,25.6806
FUND30,2025-06-27,25.685
FUND30,2025-06-30,25.661
FUND30,2025-07-01,25.8069
FUND30,2025-07-02,25.7448
FUND30,2025-07-03,25.6997
FUND30,2025-07-04,25.7264
FUND30,2025-07-07,25.6889
FUND30,2025-07-08,25.8359
FUND30,2025-07-09,25.7742
FUND30,2025-07-10,25.7406
FUND30,2025-07-11,25.7129
FUND30,2025-07-14,25.793
FUND30,2025-07-15,25.8011
FUND30,2025-07-16,25.7204
FUND30,2025-07-17,25.6843
FUND30,2025-07-18,25.6985
FUND30,2025-07-21,25.7871
FUND30,2025-07-22,25.6463
FUND30,2025-07-23,25.8768
FUND30,2025-07-24,25.9765
FUND30,2025-07-25,26.0351
FUND30,2025-07-28,26.1302
FUND30,2025-07-29,26.0998
FUND30,2025-07-30,26.2828
FUND30,2025-07-31,26.354
FUND30,2025-08-01,26.1889
FUND30,2025-08-04,26.2825
FUND30,2025-08-05,26.1929
FUND30,2025-08-06,26.2944
FUND30,2025-08-07,26.3062
FUND30,2025-08-08,26.4428
FUND30,2025-08-11,26.5159
FUND30,2025-08-12,26.6332
FUND30,2025-08-13,26.6553
FUND30,2025-08-14,26.5119
FUND30,2025-08-15,26.5062
FUND30,2025-08-18,26.5696
FUND30,2025-08-19,26.6661
FUND30,2025-08-20,26.7789
FUND30,2025-08-21,26.5479
FUND30,2025-08-22,26.5829
FUND30,2025-08-25,26.7355
FUND30,2025-08-26,26.6891
FUND30,2025-08-27,26.5002
FUND30,2025-08-28,26.459
FUND30,2025-08-29,26.4469
FUND30,2025-09-01,26.6225
FUND30,2025-09-02,26.7567
FUND30,2025-09-03,26.6947
FUND30,2025-09-04,26.582
FUND30,2025-09-05,26.4989
FUND30,2025-09-08,26.6931
FUND30,2025-09-09,26.687
FUND30,2025-09-10,26.735
FUND30,2025-09-11,26.7455
FUND30,2025-09-12,27.0845
FUND30,2025-09-15,27.3573
FUND30,2025-09-16,27.3337
FUND30,2025-09-17,27.2283
FUND30,2025-09-18,26.9322
FUND30,2025-09-19,27.0438
FUND30,2025-09-22,27.1396
FUND30,2025-09-23,27.1076
FUND30,2025-09-24,27.0155
FUND30,2025-09-25,27.1524
FUND30,2025-09-26,27.3702
FUND30,2025-09-29,27.208
FUND30,2025-09-30,27.3016
FUND30,2025-10-01,27.4969
FUND30,2025-10-02,27.5812
FUND30,2025-10-03,27.6382
FUND30,2025-10-06,27.4584
FUND30,2025-10-07,27.6063
FUND30,2025-10-08,27.5351
FUND30,2025-10-09,27.6519
FUND30,2025-10-10,27.6508
FUND30,2025-10-13,27.9501
FUND30,2025-10-14,27.7589
FUND30,2025-10-15,27.8046
FUND30,2025-10-16,28.0612
FUND30,2025-10-17,28.2165
FUND30,2025-10-20,28.1669
FUND30,2025-10-21,28.0882
FUND30,2025-10-22,28.1111
FUND30,2025-10-23,28.1142
FUND30,2025-10-24,28.2002
FUND30,2025-10-27,28.0608
FUND30,2025-10-28,28.2188
FUND30,2025-10-29,28.1931
FUND30,2025-10-30,28.2259
FUND30,2025-10-31,28.2784
FUND30,2025-11-03,28.2462
FUND30,2025-11-04,28.1139
FUND30,2025-11-05,28.233
FUND30,2025-11-06,27.9752
FUND30,2025-11-07,28.1921
FUND30,2025-11-10,28.2119
FUND30,2025-11-11,28.2834
FUND30,2025-11-12,28.1632
FUND30,2025-11-13,28.006
FUND30,2025-11-14,27.8973
FUND30,2025-11-17,28.1667
FUND30,2025-11-18,28.163
FUND30,2025-11-19,28.2405
FUND30,2025-11-20,28.3013
FUND30,2025-11-21,28.4192
FUND30,2025-11-24,28.5603
FUND31,2023-01-02,20.0518
FUND31,2023-01-03,19.9639
FUND31,2023-01-04,19.9977
FUND31,2023-01-05,20.2123
FUND31,2023-01-06,20.3086
FUND31,2023-01-09,20.5096
FUND31,2023-01-10,20.4722
FUND31,2023-01-11,20.6841
FUND31,2023-01-12,20.354
FUND31,2023-01-13,20.4221
FUND31,2023-01-16,20.2724
FUND31,2023-01-17,20.2537
FUND31,2023-01-18,20.0836
FUND31,2023-01-19,19.9525
FUND31,2023-01-20,20.0883
FUND31,2023-01-23,20.1216
FUND31,2023-01-24,20.3976
FUND31,2023-01-25,20.4728
FUND31,2023-01-26,20.4538
FUND31,2023-01-27,20.6898
FUND31,2023-01-30,20.8202
FUND31,2023-01-31,20.9379
FUND31,2023-02-01,20.9986
FUND31,2023-02-02,20.7403
FUND31,2023-02-03,20.8929
FUND31,2023-02-06,20.8377
FUND31,2023-02-07,21.1761
FUND31,2023-02-08,21.2469
FUND31,2023-02-09,21.2718
FUND31,2023-02-10,21.1649
FUND31,2023-02-13,21.5827
FUND31,2023-02-14,21.5025
FUND31,2023-02-15,21.6056
FUND31,2023-02-16,21.566
FUND31,2023-02-17,21.425
FUND31,2023-02-20,21.2467
FUND31,2023-02-21,21.2733
FUND31,2023-02-22,21.2705
FUND31,2023-02-23,21.409
FUND31,2023-02-24,21.3537
FUND31,2023-02-27,21.0965
FUND31,2023-02-28,20.7895
FUND31,2023-03-01,20.6703
FUND31,2023-03-02,20.8305
FUND31,2023-03-03,21.0684
FUND31,2023-03-06,21.047
FUND31,2023-03-07,20.9285
FUND31,2023-03-08,20.9641
FUND31,2023-03-09,21.1215
FUND31,2023-03-10,21.2851
FUND31,2023-03-13,21.3153
FUND31,2023-03-14,21.2916
FUND31,2023-03-15,21.223
FUND31,2023-03-16,21.4628
FUND31,2023-03-17,21.7065
FUND31,2023-03-20,21.5623
FUND31,2023-03-21,21.4975
FUND31,2023-03-22,21.6369
FUND31,2023-03-23,21.3701
FUND31,2023-03-24,21.1438
FUND31,2023-03-27,21.3587
FUND31,2023-03-28,21.5791
FUND31,2023-03-29,21.592
FUND31,2023-03-30,21.5196
FUND31,2023-03-31,21.4453
FUND31,2023-04-03,21.3314
FUND31,2023-04-04,21.0418
FUND31,2023-04-05,20.9422
FUND31,2023-04-06,20.8648
FUND31,2023-04-07,21.2195
FUND31,2023-04-10,21.2597
FUND31,2023-04-11,21.3016
FUND31,2023-04-12,21.4898
FUND31,2023-04-13,21.6051
FUND31,2023-04-14,21.3823
FUND31,2023-04-17,21.3068
FUND31,2023-04-18,21.4376
FUND31,2023-04-19,21.4626
FUND31,2023-04-20,21.1904
FUND31,2023-04-21,21.6074
FUND31,2023-04-24,21.353
FUND31,2023-04-25,21.2594
FUND31,2023-04-26,21.8356
FUND31,2023-04-27,21.9354
FUND31,2023-04-28,21.7085
FUND31,2023-05-01,21.7683
FUND31,2023-05-02,21.8513
FUND31,2023-05-03,21.9261
FUND31,2023-05-04,21.9803
FUND31,2023-05-05,22.2507
FUND31,2023-05-08,22.2132
FUND31,2023-05-09,21.932
FUND31,2023-05-10,21.9381
FUND31,2023-05-11,22.3506
FUND31,2023-05-12,22.3776
FUND31,2023-05-15,22.6798
FUND31,2023-05-16,22.662
FUND31,2023-05-17,22.652
FUND31,2023-05-18,22.7531
FUND31,2023-05-19,22.5417
FUND31,2023-05-22,22.9485
FUND31,2023-05-23,22.8461
FUND31,2023-05-24,22.9079
FUND31,2023-05-25,22.6681
FUND31,2023-05-26,22.5654
FUND31,2023-05-29,22.8723
FUND31,2023-05-30,22.7335
FUND31,2023-05-31,22.6992
FUND31,2023-06-01,22.4349
FUND31,2023-06-02,22.3036
FUND31,2023-06-05,22.4375
FUND31,2023-06-06,22.2277
FUND31,2023-06-07,21.9986
FUND31,2023-06-08,22.1165
FUND31,2023-06-09,22.0601
FUND31,2023-06-12,21.908
FUND31,2023-06-13,22.0569
FUND31,2023-06-14,22.2691
FUND31,2023-06-15,22.2462
FUND31,2023-06-16,22.2453
FUND31,2023-06-19,22.3058
FUND31,2023-06-20,22.3371
FUND31,2023-06-21,22.2444
FUND31,2023-06-22,22.4297
FUND31,2023-06-23,22.4695
FUND31,2023-06-26,22.7874
FUND31,2023-06-27,22.5201
FUND31,2023-06-28,22.8128
FUND31,2023-06-29,22.9637
FUND31,2023-06-30,23.0543
FUND31,2023-07-03,22.9831
FUND31,2023-07-04,23.0198
FUND31,2023-07-05,23.0757
FUND31,2023-07-06,23.361
FUND31,2023-07-07,23.6021
FUND31,2023-07-10,23.7194
FUND31,2023-07-11,23.6255
FUND31,2023-07-12,23.5993
FUND31,2023-07-13,23.6148
FUND31,2023-07-14,23.6619
FUND31,2023-07-17,23.6277
FUND31,2023-07-18,23.8547
FUND31,2023-07-19,23.6445
FUND31,2023-07-20,23.813
FUND31,2023-07-21,23.5777
FUND31,2023-07-24,23.2938
FUND31,2023-07-25,23.2555
FUND31,2023-07-26,23.4195
FUND31,2023-07-27,23.4615
FUND31,2023-07-28,23.2443
FUND31,2023-07-31,23.3951
FUND31,2023-08-01,23.3111
FUND31,2023-08-02,23.3377
FUND31,2023-08-03,23.3274
FUND31,2023-08-04,23.3109
FUND31,2023-08-07,23.4393
FUND31,2023-08-08,23.4315
FUND31,2023-08-09,23.0235
FUND31,2023-08-10,23.1054
FUND31,2023-08-11,23.2569
FUND31,2023-08-14,23.3138
FUND31,2023-08-15,23.3233
FUND31,2023-08-16,23.5967
FUND31,2023-08-17,23.7525
FUND31,2023-08-18,23.6494
FUND31,2023-08-21,23.9489
FUND31,2023-08-22,23.6989
FUND31,2023-08-23,24.0986
FUND31,2023-08-24,24.0305
FUND31,2023-08-25,24.0953
FUND31,2023-08-28,23.9344
FUND31,2023-08-29,23.9055
FUND31,2023-08-30,23.8155
FUND31,2023-08-31,24.3069
FUND31,2023-09-01,24.4931
FUND31,2023-09-04,24.4146
FUND31,2023-09-05,24.5538
FUND31,2023-09-06,24.3368
FUND31,2023-09-07,24.2586
FUND31,2023-09-08,24.3491
FUND31,2023-09-11,24.4704
FUND31,2023-09-12,24.6693
FUND31,2023-09-13,24.7013
FUND31,2023-09-14,25.0552
FUND31,2023-09-15,25.0843
FUND31,2023-09-18,25.2068
FUND31,2023-09-19,25.3022
FUND31,2023-09-20,25.0096
FUND31,2023-09-21,24.9848
FUND31,2023-09-22,25.1196
FUND31,2023-09-25,25.1431
FUND31,2023-09-26,25.2367
FUND31,2023-09-27,24.9455
FUND31,2023-09-28,24.5957
FUND31,2023-09-29,24.7329
FUND31,2023-10-02,24.8965
FUND31,2023-10-03,24.9449
FUND31,2023-10-04,24.9654
FUND31,2023-10-05,25.1065
FUND31,2023-10-06,24.8657
FUND31,2023-10-09,24.5269
FUND31,2023-10-10,24.8105
FUND31,2023-10-11,24.7171
FUND31,2023-10-12,24.4684
FUND31,2023-10-13,24.3903
FUND31,2023-10-16,24.4312
FUND31,2023-10-17,24.4063
FUND31,2023-10-18,24.5277
FUND31,2023-10-19,24.6052
FUND31,2023-10-20,24.6961
FUND31,2023-10-23,24.6375
FUND31,2023-10-24,24.8431
FUND31,2023-10-25,24.5122
FUND31,2023-10-26,24.431
FUND31,2023-10-27,24.597
FUND31,2023-10-30,24.4978
FUND31,2023-10-31,24.5136
FUND31,2023-11-01,24.6478
FUND31,2023-11-02,24.4259
FUND31,2023-11-03,24.587
FUND31,2023-11-06,23.9832
FUND31,2023-11-07,24.0866
FUND31,2023-11-08,24.2356
FUND31,2023-11-09,24.2483
FUND31,2023-11-10,24.3882
FUND31,2023-11-13,24.531
FUND31,2023-11-14,24.6775
FUND31,2023-11-15,24.7153
FUND31,2023-11-16,24.8677
FUND31,2023-11-17,24.6448
FUND31,2023-11-20,24.4806
FUND31,2023-11-21,24.4888
FUND31,2023-11-22,24.5681
FUND31,2023-11-23,24.2066
FUND31,2023-11-24,24.3293
FUND31,2023-11-27,24.3431
FUND31,2023-11-28,24.0904
FUND31,2023-11-29,24.245
FUND31,2023-11-30,24.5036
FUND31,2023-12-01,24.592
FUND31,2023-12-04,24.5132
FUND31,2023-12-05,24.4123
FUND31,2023-12-06,24.2492
FUND31,2023-12-07,24.0996
FUND31,2023-12-08,23.8378
FUND31,2023-12-11,23.8675
FUND31,2023-12-12,24.1599
FUND31,2023-12-13,24.1719
FUND31,2023-12-14,24.2867
FUND31,2023-12-15,24.5374
FUND31,2023-12-18,24.4953
FUND31,2023-12-19,24.5814
FUND31,2023-12-20,24.8264
FUND31,2023-12-21,25.1479
FUND31,2023-12-22,24.9205
FUND31,2023-12-25,25.1583
FUND31,2023-12-26,25.1205
FUND31,2023-12-27,25.3662
FUND31,2023-12-28,25.1747
FUND31,2023-12-29,25.1657
FUND31,2024-01-01,25.3499
FUND31,2024-01-02,25.3247
FUND31,2024-01-03,25.2938
FUND31,2024-01-04,25.0304
FUND31,2024-01-05,24.7196
FUND31,2024-01-08,24.4258
FUND31,2024-01-09,24.4581
FUND31,2024-01-10,24.6305
FUND31,2024-01-11,24.6996
FUND31,2024-01-12,24.385
FUND31,2024-01-15,24.5015
FUND31,2024-01-16,24.4943
FUND31,2024-01-17,24.5537
FUND31,2024-01-18,25.0791
FUND31,2024-01-19,24.9518
FUND31,2024-01-22,24.772
FUND31,2024-01-23,24.9992
FUND31,2024-01-24,24.8792
FUND31,2024-01-25,25.0518
FUND31,2024-01-26,25.1452
FUND31,2024-01-29,25.0705
FUND31,2024-01-30,25.4058
FUND31,2024-01-31,25.5337
FUND31,2024-02-01,25.3479
FUND31,2024-02-02,25.3778
FUND31,2024-02-05,25.2835
FUND31,2024-02-06,25.1926
FUND31,2024-02-07,25.537
FUND31,2024-02-08,25.643
FUND31,2024-02-09,25.9274
FUND31,2024-02-12,26.3466
FUND31,2024-02-13,26.0999
FUND31,2024-02-14,25.8284
FUND31,2024-02-15,25.3319
FUND31,2024-02-16,25.1439
FUND31,2024-02-19,25.2475
FUND31,2024-02-20,25.1911
FUND31,2024-02-21,25.2313
FUND31,2024-02-22,25.3443
FUND31,2024-02-23,25.5647
FUND31,2024-02-26,25.7482
FUND31,2024-02-27,25.6229
FUND31,2024-02-28,25.8936
FUND31,2024-02-29,26.1672
FUND31,2024-03-01,26.2254
FUND31,2024-03-04,26.3122
FUND31,2024-03-05,26.2625
FUND31,2024-03-06,26.0897
FUND31,2024-03-07,25.8881
FUND31,2024-03-08,25.8328
FUND31,2024-03-11,26.1464
FUND31,2024-03-12,26.3106
FUND31,2024-03-13,26.4272
FUND31,2024-03-14,26.4789
FUND31,2024-03-15,26.5855
FUND31,2024-03-18,26.6402
FUND31,2024-03-19,26.3748
FUND31,2024-03-20,26.4209
FUND31,2024-03-21,26.4731
FUND31,2024-03-22,26.461
FUND31,2024-03-25,26.2985
FUND31,2024-03-26,26.1279
FUND31,2024-03-27,25.9616
FUND31,2024-03-28,26.0557
FUND31,2024-03-29,26.1589
FUND31,2024-04-01,26.276
FUND31,2024-04-02,26.0158
FUND31,2024-04-03,26.0477
FUND31,2024-04-04,25.9855
FUND31,2024-04-05,25.9519
FUND31,2024-04-08,26.2171
FUND31,2024-04-09,26.5313
FUND31,2024-04-10,26.3621
FUND31,2024-04-11,26.3523
FUND31,2024-04-12,26.137
FUND31,2024-04-15,26.1282
FUND31,2024-04-16,26.2139
FUND31,2024-04-17,26.1751
FUND31,2024-04-18,26.1562
FUND31,2024-04-19,26.2861
FUND31,2024-04-22,26.278
FUND31,2024-04-23,26.329
FUND31,2024-04-24,26.6925
FUND31,2024-04-25,26.7676
FUND31,2024-04-26,26.5849
FUND31,2024-04-29,26.6513
FUND31,2024-04-30,26.9002
FUND31,2024-05-01,26.7522
FUND31,2024-05-02,26.2924
FUND31,2024-05-03,26.1896
FUND31,2024-05-06,26.2947
FUND31,2024-05-07,26.434
FUND31,2024-05-08,26.3947
FUND31,2024-05-09,26.2633
FUND31,2024-05-10,26.2602
FUND31,2024-05-13,26.4682
FUND31,2024-05-14,26.3371
FUND31,2024-05-15,26.1303
FUND31,2024-05-16,25.9224
FUND31,2024-05-17,26.133
FUND31,2024-05-20,26.3143
FUND31,2024-05-21,26.5007
FUND31,2024-05-22,26.8474
FUND31,2024-05-23,26.7789
FUND31,2024-05-24,27.0467
FUND31,2024-05-27,27.2541
FUND31,2024-05-28,27.3654
FUND31,2024-05-29,27.7018
FUND31,2024-05-30,27.4575
FUND31,2024-05-31,27.6205
FUND31,2024-06-03,27.784
FUND31,2024-06-04,27.6524
FUND31,2024-06-05,27.7305
FUND31,2024-06-06,28.0104
FUND31,2024-06-07,28.1218
FUND31,2024-06-10,28.1586
FUND31,2024-06-11,28.0952
FUND31,2024-06-12,28.5687
FUND31,2024-06-13,28.7465
FUND31,2024-06-14,28.3625
FUND31,2024-06-17,28.5
FUND31,2024-06-18,28.7229
FUND31,2024-06-19,28.6658
FUND31,2024-06-20,28.918
FUND31,2024-06-21,29.2531
FUND31,2024-06-24,28.8938
FUND31,2024-06-25,29.062
FUND31,2024-06-26,28.9056
FUND31,2024-06-27,29.0098
FUND31,2024-06-28,28.7592
FUND31,2024-07-01,28.9759
FUND31,2024-07-02,28.9772
FUND31,2024-07-03,28.6414
FUND31,2024-07-04,29.1512
FUND31,2024-07-05,29.3965
FUND31,2024-07-08,29.2551
FUND31,2024-07-09,29.4479
FUND31,2024-07-10,29.1444
FUND31,2024-07-11,28.9971
FUND31,2024-07-12,29.3748
FUND31,2024-07-15,28.8798
FUND31,2024-07-16,28.4596
FUND31,2024-07-17,28.4531
FUND31,2024-07-18,28.716
FUND31,2024-07-19,28.6584
FUND31,2024-07-22,28.9083
FUND31,2024-07-23,29.142
FUND31,2024-07-24,29.5317
FUND31,2024-07-25,29.2037
FUND31,2024-07-26,29.036
FUND31,2024-07-29,29.0703
FUND31,2024-07-30,29.0363
FUND31,2024-07-31,28.9372
FUND31,2024-08-01,29.0192
FUND31,2024-08-02,29.2765
FUND31,2024-08-05,29.2957
FUND31,2024-08-06,29.5208
FUND31,2024-08-07,29.7605
FUND31,2024-08-08,29.6295
FUND31,2024-08-09,29.9073
FUND31,2024-08-12,29.8577
FUND31,2024-08-13,29.9708
FUND31,2024-08-14,30.0155
FUND31,2024-08-15,29.9505
FUND31,2024-08-16,29.8474
FUND31,2024-08-19,29.9182
FUND31,2024-08-20,29.6853
FUND31,2024-08-21,29.7784
FUND31,2024-08-22,29.4572
FUND31,2024-08-23,29.4834
FUND31,2024-08-26,29.5184
FUND31,2024-08-27,29.7411
FUND31,2024-08-28,30.0137
FUND31,2024-08-29,30.0605
FUND31,2024-08-30,30.1039
FUND31,2024-09-02,29.9252
FUND31,2024-09-03,30.2914
FUND31,2024-09-04,29.9519
FUND31,2024-09-05,30.2527
FUND31,2024-09-06,30.4078
FUND31,2024-09-09,30.2583
FUND31,2024-09-10,30.7465
FUND31,2024-09-11,30.455
FUND31,2024-09-12,30.0145
FUND31,2024-09-13,30.1955
FUND31,2024-09-16,30.6098
FUND31,2024-09-17,30.5421
FUND31,2024-09-18,30.8363
FUND31,2024-09-19,30.3692
FUND31,2024-09-20,30.2263
FUND31,2024-09-23,30.5919
FUND31,2024-09-24,30.4466
FUND31,2024-09-25,30.4535
FUND31,2024-09-26,30.4359
FUND31,2024-09-27,31.017
FUND31,2024-09-30,30.6622
FUND31,2024-10-01,30.625
FUND31,2024-10-02,30.3572
FUND31,2024-10-03,30.5415
FUND31,2024-10-04,30.3818
FUND31,2024-10-07,30.529
FUND31,2024-10-08,30.3816
FUND31,2024-10-09,30.2363
FUND31,2024-10-10,30.0172
FUND31,2024-10-11,30.1307
FUND31,2024-10-14,30.4864
FUND31,2024-10-15,30.3871
FUND31,2024-10-16,30.3769
FUND31,2024-10-17,30.0247
FUND31,2024-10-18,30.1446
FUND31,2024-10-21,30.837
FUND31,2024-10-22,30.6054
FUND31,2024-10-23,30.7324
FUND31,2024-10-24,30.8919
FUND31,2024-10-25,30.5136
FUND31,2024-10-28,30.6631
FUND31,2024-10-29,30.7216
FUND31,2024-10-30,30.8037
FUND31,2024-10-31,30.4527
FUND31,2024-11-01,30.302
FUND31,2024-11-04,30.1505
FUND31,2024-11-05,30.5228
FUND31,2024-11-06,30.3321
FUND31,2024-11-07,30.4981
FUND31,2024-11-08,30.5037
FUND31,2024-11-11,30.4757
FUND31,2024-11-12,30.6019
FUND31,2024-11-13,30.9495
FUND31,2024-11-14,30.7232
FUND31,2024-11-15,30.3001
FUND31,2024-11-18,30.4064
FUND31,2024-11-19,29.9707
FUND31,2024-11-20,29.9603
FUND31,2024-11-21,29.9809
FUND31,2024-11-22,30.1144
FUND31,2024-11-25,30.1805
FUND31,2024-11-26,30.2297
FUND31,2024-11-27,30.1022
FUND31,2024-11-28,30.3202
FUND31,2024-11-29,29.8982
FUND31,2024-12-02,30.2142
FUND31,2024-12-03,29.9733
FUND31,2024-12-04,29.6924
FUND31,2024-12-05,29.6699
FUND31,2024-12-06,29.652
FUND31,2024-12-09,29.9032
FUND31,2024-12-10,29.9009
FUND31,2024-12-11,30.5498
FUND31,2024-12-12,30.3957
FUND31,2024-12-13,30.3606
FUND31,2024-12-16,30.3756
FUND31,2024-12-17,30.1229
FUND31,2024-12-18,29.8222
FUND31,2024-12-19,29.9296
FUND31,2024-12-20,30.3721
FUND31,2024-12-23,30.4462
FUND31,2024-12-24,30.8038
FUND31,2024-12-25,31.4201
FUND31,2024-12-26,31.1746
FUND31,2024-12-27,31.1196
FUND31,2024-12-30,31.0701
FUND31,2024-12-31,30.7198
FUND31,2025-01-01,30.6495
FUND31,2025-01-02,30.4254
FUND31,2025-01-03,30.6503
FUND31,2025-01-06,30.3704
FUND31,2025-01-07,30.3696
FUND31,2025-01-08,30.9401
FUND31,2025-01-09,31.355
FUND31,2025-01-10,31.0296
FUND31,2025-01-13,30.9944
FUND31,2025-01-14,30.972
FUND31,2025-01-15,31.5514
FUND31,2025-01-16,31.5088
FUND31,2025-01-17,31.4425
FUND31,2025-01-20,31.8577
FUND31,2025-01-21,32.3693
FUND31,2025-01-22,32.5528
FUND31,2025-01-23,32.7927
FUND31,2025-01-24,33.1032
FUND31,2025-01-27,33.1249
FUND31,2025-01-28,33.0154
FUND31,2025-01-29,32.852
FUND31,2025-01-30,32.7894
FUND31,2025-01-31,33.1756
FUND31,2025-02-03,33.31
FUND31,2025-02-04,33.3305
FUND31,2025-02-05,33.3344
FUND31,2025-02-06,33.538
FUND31,2025-02-07,33.706
FUND31,2025-02-10,33.472
FUND31,2025-02-11,33.6814
FUND31,2025-02-12,33.7719
FUND31,2025-02-13,33.4496
FUND31,2025-02-14,33.3037
FUND31,2025-02-17,32.9126
FUND31,2025-02-18,33.4422
FUND31,2025-02-19,33.6622
FUND31,2025-02-20,33.744
FUND31,2025-02-21,34.0878
FUND31,2025-02-24,33.6983
FUND31,2025-02-25,33.6859
FUND31,2025-02-26,33.6873
FUND31,2025-02-27,33.6244
FUND31,2025-02-28,33.6325
FUND31,2025-03-03,33.7484
FUND31,2025-03-04,33.7158
FUND31,2025-03-05,33.9448
FUND31,2025-03-06,34.2198
FUND31,2025-03-07,34.3442
FUND31,2025-03-10,34.5589
FUND31,2025-03-11,34.4095
FUND31,2025-03-12,34.214
FUND31,2025-03-13,33.7316
FUND31,2025-03-14,33.8866
FUND31,2025-03-17,34.2682
FUND31,2025-03-18,34.5516
FUND31,2025-03-19,34.7706
FUND31,2025-03-20,34.8331
FUND31,2025-03-21,35.0878
FUND31,2025-03-24,34.9539
FUND31,2025-03-25,35.2763
FUND31,2025-03-26,35.4215
FUND31,2025-03-27,35.8208
FUND31,2025-03-28,36.4999
FUND31,2025-03-31,36.5638
FUND31,2025-04-01,36.3136
FUND31,2025-04-02,36.2992
FUND31,2025-04-03,36.2828
FUND31,2025-04-04,36.4371
FUND31,2025-04-07,36.6275
FUND31,2025-04-08,36.3613
FUND31,2025-04-09,36.3636
FUND31,2025-04-10,36.5071
FUND31,2025-04-11,36.5941
FUND31,2025-04-14,36.5698
FUND31,2025-04-15,36.9908
FUND31,2025-04-16,36.6554
FUND31,2025-04-17,36.4979
FUND31,2025-04-18,36.2542
FUND31,2025-04-21,35.9048
FUND31,2025-04-22,35.6344
FUND31,2025-04-23,35.5255
FUND31,2025-04-24,35.3803
FUND31,2025-04-25,35.299
FUND31,2025-04-28,35.0132
FUND31,2025-04-29,35.2983
FUND31,2025-04-30,35.5286
FUND31,2025-05-01,34.9067
FUND31,2025-05-02,35.4389
FUND31,2025-05-05,35.1462
FUND31,2025-05-06,35.1251
FUND31,2025-05-07,35.462
FUND31,2025-05-08,35.6686
FUND31,2025-05-09,35.8154
FUND31,2025-05-12,35.5689
FUND31,2025-05-13,35.2843
FUND31,2025-05-14,35.6699
FUND31,2025-05-15,35.2508
FUND31,2025-05-16,35.2054
FUND31,2025-05-19,35.2751
FUND31,2025-05-20,35.3778
FUND31,2025-05-21,35.7084
FUND31,2025-05-22,35.3774
FUND31,2025-05-23,35.5632
FUND31,2025-05-26,35.3769
FUND31,2025-05-27,35.5866
FUND31,2025-05-28,35.5724
FUND31,2025-05-29,35.6869
FUND31,2025-05-30,35.9562
FUND31,2025-06-02,35.5848
FUND31,2025-06-03,35.5018
FUND31,2025-06-04,35.2354
FUND31,2025-06-05,35.395
FUND31,2025-06-06,35.5723
FUND31,2025-06-09,35.8128
FUND31,2025-06-10,35.6806
FUND31,2025-06-11,35.8567
FUND31,2025-06-12,35.8758
FUND31,2025-06-13,36.3211
FUND31,2025-06-16,36.3795
FUND31,2025-06-17,36.0364
FUND31,2025-06-18,35.9893
FUND31,2025-06-19,36.2902
FUND31,2025-06-20,36.2307
FUND31,2025-06-23,36.1309
FUND31,2025-06-24,36.5273
FUND31,2025-06-25,36.2775
FUND31,2025-06-26,36.2444
FUND31,2025-06-27,36.3335
FUND31,2025-06-30,36.1896
FUND31,2025-07-01,35.8639
FUND31,2025-07-02,35.8416
FUND31,2025-07-03,36.1636
FUND31,2025-07-04,35.7874
FUND31,2025-07-07,35.6798
FUND31,2025-07-08,35.8332
FUND31,2025-07-09,36.3703
FUND31,2025-07-10,36.3884
FUND31,2025-07-11,36.3671
FUND31,2025-07-14,36.4456
FUND31,2025-07-15,36.1913
FUND31,2025-07-16,36.5102
FUND31,2025-07-17,36.9942
FUND31,2025-07-18,37.2283
FUND31,2025-07-21,37.7054
FUND31,2025-07-22,37.3571
FUND31,2025-07-23,37.5383
FUND31,2025-07-24,37.4081
FUND31,2025-07-25,37.2314
FUND31,2025-07-28,37.5124
FUND31,2025-07-29,37.6517
FUND31,2025-07-30,37.6568
FUND31,2025-07-31,37.5594
FUND31,2025-08-01,37.3031
FUND31,2025-08-04,37.8845
FUND31,2025-08-05,37.7158
FUND31,2025-08-06,37.9198
FUND31,2025-08-07,38.1142
FUND31,2025-08-08,38.2715
FUND31,2025-08-11,38.4022
FUND31,2025-08-12,38.0795
FUND31,2025-08-13,38.3481
FUND31,2025-08-14,39.0164
FUND31,2025-08-15,38.6244
FUND31,2025-08-18,38.5475
FUND31,2025-08-19,37.9073
FUND31,2025-08-20,38.0349
FUND31,2025-08-21,38.2939
FUND31,2025-08-22,37.9294
FUND31,2025-08-25,37.9641
FUND31,2025-08-26,37.755
FUND31,2025-08-27,38.166
FUND31,2025-08-28,37.7228
FUND31,2025-08-29,38.2622
FUND31,2025-09-01,38.1023
FUND31,2025-09-02,37.4214
FUND31,2025-09-03,37.568
FUND31,2025-09-04,37.7275
FUND31,2025-09-05,37.6927
FUND31,2025-09-08,37.9715
FUND31,2025-09-09,37.7292
FUND31,2025-09-10,37.8461
FUND31,2025-09-11,37.9854
FUND31,2025-09-12,37.9483
FUND31,2025-09-15,37.5083
FUND31,2025-09-16,37.7027
FUND31,2025-09-17,37.6176
FUND31,2025-09-18,37.6514
FUND31,2025-09-19,37.5555
FUND31,2025-09-22,37.4475
FUND31,2025-09-23,37.5058
FUND31,2025-09-24,38.039
FUND31,2025-09-25,38.3134
FUND31,2025-09-26,38.2728
FUND31,2025-09-29,38.0361
FUND31,2025-09-30,38.213
FUND31,2025-10-01,38.6699
FUND31,2025-10-02,38.0158
FUND31,2025-10-03,38.0748
FUND31,2025-10-06,38.3719
FUND31,2025-10-07,38.3197
FUND31,2025-10-08,37.9988
FUND31,2025-10-09,37.4994
FUND31,2025-10-10,37.3916
FUND31,2025-10-13,37.0904
FUND31,2025-10-14,36.5967
FUND31,2025-10-15,36.7057
FUND31,2025-10-16,36.9862
FUND31,2025-10-17,36.5373
FUND31,2025-10-20,37.1287
FUND31,2025-10-21,36.7323
FUND31,2025-10-22,36.5693
FUND31,2025-10-23,36.2228
FUND31,2025-10-24,35.9481
FUND31,2025-10-27,36.0061
FUND31,2025-10-28,35.939
FUND31,2025-10-29,35.6443
FUND31,2025-10-30,35.6975
FUND31,2025-10-31,35.4132
FUND31,2025-11-03,35.1899
FUND31,2025-11-04,35.2695
FUND31,2025-11-05,34.9166
FUND31,2025-11-06,34.6399
FUND31,2025-11-07,34.2478
FUND31,2025-11-10,34.646
FUND31,2025-11-11,34.827
FUND31,2025-11-12,35.309
FUND31,2025-11-13,35.7221
FUND31,2025-11-14,35.7755
FUND31,2025-11-17,35.6704
FUND31,2025-11-18,35.8126
FUND31,2025-11-19,35.9329
FUND31,2025-11-20,35.7295
FUND31,2025-11-21,36.027
FUND31,2025-11-24,36.3801
FUND32,2023-01-02,80.635
FUND32,2023-01-03,80.587
FUND32,2023-01-04,81.0395
FUND32,2023-01-05,80.433
FUND32,2023-01-06,80.5112
FUND32,2023-01-09,80.127
FUND32,2023-01-10,80.1095
FUND32,2023-01-11,80.0931
FUND32,2023-01-12,81.026
FUND32,2023-01-13,81.1966
FUND32,2023-01-16,80.813
FUND32,2023-01-17,80.923
FUND32,2023-01-18,81.2475
FUND32,2023-01-19,81.3877
FUND32,2023-01-20,80.5973
FUND32,2023-01-23,80.6852
FUND32,2023-01-24,81.6955
FUND32,2023-01-25,82.5957
FUND32,2023-01-26,82.1782
FUND32,2023-01-27,83.0947
FUND32,2023-01-30,83.334
FUND32,2023-01-31,83.5159
FUND32,2023-02-01,83.2294
FUND32,2023-02-02,82.0055
FUND32,2023-02-03,81.9273
FUND32,2023-02-06,82.0506
FUND32,2023-02-07,82.6905
FUND32,2023-02-08,82.8658
FUND32,2023-02-09,82.0322
FUND32,2023-02-10,81.7332
FUND32,2023-02-13,81.2309
FUND32,2023-02-14,80.2899
FUND32,2023-02-15,81.0013
FUND32,2023-02-16,80.627
FUND32,2023-02-17,81.532
FUND32,2023-02-20,80.5842
FUND32,2023-02-21,80.7822
FUND32,2023-02-22,81.3228
FUND32,2023-02-23,80.4442
FUND32,2023-02-24,80.4506
FUND32,2023-02-27,79.7253
FUND32,2023-02-28,80.7264
FUND32,2023-03-01,80.5514
FUND32,2023-03-02,80.438
FUND32,2023-03-03,79.894
FUND32,2023-03-06,79.6641
FUND32,2023-03-07,80.083
FUND32,2023-03-08,80.3727
FUND32,2023-03-09,80.4815
FUND32,2023-03-10,81.7697
FUND32,2023-03-13,81.2105
FUND32,2023-03-14,81.2408
FUND32,2023-03-15,80.5228
FUND32,2023-03-16,79.7242
FUND32,2023-03-17,79.5891
FUND32,2023-03-20,79.2543
FUND32,2023-03-21,79.9583
FUND32,2023-03-22,80.9901
FUND32,2023-03-23,82.638
FUND32,2023-03-24,83.7474
FUND32,2023-03-27,83.4688
FUND32,2023-03-28,83.5317
FUND32,2023-03-29,83.2355
FUND32,2023-03-30,82.7597
FUND32,2023-03-31,83.2506
FUND32,2023-04-03,83.8814
FUND32,2023-04-04,83.6543
FUND32,2023-04-05,84.4058
FUND32,2023-04-06,84.3472
FUND32,2023-04-07,85.6744
FUND32,2023-04-10,87.2375
FUND32,2023-04-11,86.1993
FUND32,2023-04-12,85.9261
FUND32,2023-04-13,85.9838
FUND32,2023-04-14,87.1725
FUND32,2023-04-17,87.2459
FUND32,2023-04-18,86.9173
FUND32,2023-04-19,86.0212
FUND32,2023-04-20,86.0052
FUND32,2023-04-21,85.9522
FUND32,2023-04-24,85.8522
FUND32,2023-04-25,86.0311
FUND32,2023-04-26,85.7407
FUND32,2023-04-27,86.7626
FUND32,2023-04-28,86.9535
FUND32,2023-05-01,86.4731
FUND32,2023-05-02,85.8488
FUND32,2023-05-03,85.4796
FUND32,2023-05-04,85.3112
FUND32,2023-05-05,85.7237
FUND32,2023-05-08,86.5671
FUND32,2023-05-09,87.6263
FUND32,2023-05-10,86.9341
FUND32,2023-05-11,87.5223
FUND32,2023-05-12,87.4109
FUND32,2023-05-15,86.1763
FUND32,2023-05-16,86.0925
FUND32,2023-05-17,85.756
FUND32,2023-05-18,85.9389
FUND32,2023-05-19,87.3163
FUND32,2023-05-22,88.1494
FUND32,2023-05-23,87.0483
FUND32,2023-05-24,86.3718
FUND32,2023-05-25,87.095
FUND32,2023-05-26,87.3587
FUND32,2023-05-29,87.046
FUND32,2023-05-30,88.4686
FUND32,2023-05-31,88.6365
FUND32,2023-06-01,88.8585
FUND32,2023-06-02,88.9764
FUND32,2023-06-05,90.1613
FUND32,2023-06-06,90.6088
FUND32,2023-06-07,90.4599
FUND32,2023-06-08,90.3887
FUND32,2023-06-09,90.1437
FUND32,2023-06-12,90.3118
FUND32,2023-06-13,91.9199
FUND32,2023-06-14,92.0126
FUND32,2023-06-15,92.567
FUND32,2023-06-16,91.9687
FUND32,2023-06-19,92.8079
FUND32,2023-06-20,93.0943
FUND32,2023-06-21,93.6372
FUND32,2023-06-22,93.6416
FUND32,2023-06-23,93.5277
FUND32,2023-06-26,93.0672
FUND32,2023-06-27,92.4178
FUND32,2023-06-28,93.6619
FUND32,2023-06-29,93.3756
FUND32,2023-06-30,93.1838
FUND32,2023-07-03,92.8577
FUND32,2023-07-04,92.0611
FUND32,2023-07-05,92.3068
FUND32,2023-07-06,93.8666
FUND32,2023-07-07,93.6644
FUND32,2023-07-10,92.7991
FUND32,2023-07-11,92.6063
FUND32,2023-07-12,92.8077
FUND32,2023-07-13,92.9512
FUND32,2023-07-14,92.3419
FUND32,2023-07-17,91.4628
FUND32,2023-07-18,91.32
FUND32,2023-07-19,90.175
FUND32,2023-07-20,90.1428
FUND32,2023-07-21,90.4244
FUND32,2023-07-24,90.7551
FUND32,2023-07-25,90.2866
FUND32,2023-07-26,89.7489
FUND32,2023-07-27,88.7179
FUND32,2023-07-28,90.2763
FUND32,2023-07-31,90.3712
FUND32,2023-08-01,89.8735
FUND32,2023-08-02,88.9578
FUND32,2023-08-03,89.2677
FUND32,2023-08-04,89.2946
FUND32,2023-08-07,90.0648
FUND32,2023-08-08,90.723
FUND32,2023-08-09,90.794
FUND32,2023-08-10,90.7991
FUND32,2023-08-11,90.6042
FUND32,2023-08-14,91.7455
FUND32,2023-08-15,89.7507
FUND32,2023-08-16,90.3926
FUND32,2023-08-17,90.5862
FUND32,2023-08-18,90.2112
FUND32,2023-08-21,90.1325
FUND32,2023-08-22,90.2796
FUND32,2023-08-23,89.8555
FUND32,2023-08-24,90.3595
FUND32,2023-08-25,89.8854
FUND32,2023-08-28,90.7429
FUND32,2023-08-29,90.4181
FUND32,2023-08-30,90.0769
FUND32,2023-08-31,89.7671
FUND32,2023-09-01,90.3539
FUND32,2023-09-04,91.052
FUND32,2023-09-05,92.1975
FUND32,2023-09-06,92.168
FUND32,2023-09-07,92.671
FUND32,2023-09-08,93.2697
FUND32,2023-09-11,93.5936
FUND32,2023-09-12,96.1057
FUND32,2023-09-13,96.0981
FUND32,2023-09-14,95.5096
FUND32,2023-09-15,96.6667
FUND32,2023-09-18,96.9302
FUND32,2023-09-19,96.3204
FUND32,2023-09-20,96.8301
FUND32,2023-09-21,95.4965
FUND32,2023-09-22,95.7393
FUND32,2023-09-25,95.0099
FUND32,2023-09-26,95.0245
FUND32,2023-09-27,95.3269
FUND32,2023-09-28,95.126
FUND32,2023-09-29,93.9538
FUND32,2023-10-02,93.7743
FUND32,2023-10-03,94.1548
FUND32,2023-10-04,95.7374
FUND32,2023-10-05,95.0262
FUND32,2023-10-06,95.4315
FUND32,2023-10-09,95.1599
FUND32,2023-10-10,94.6624
FUND32,2023-10-11,95.5722
FUND32,2023-10-12,96.1603
FUND32,2023-10-13,97.1012
FUND32,2023-10-16,96.3172
FUND32,2023-10-17,97.2133
FUND32,2023-10-18,98.631
FUND32,2023-10-19,98.8905
FUND32,2023-10-20,99.3235
FUND32,2023-10-23,98.7013
FUND32,2023-10-24,99.1089
FUND32,2023-10-25,98.0765
FUND32,2023-10-26,98.0374
FUND32,2023-10-27,99.1953
FUND32,2023-10-30,99.3355
FUND32,2023-10-31,99.749
FUND32,2023-11-01,100.7859
FUND32,2023-11-02,101.4768
FUND32,2023-11-03,101.9174
FUND32,2023-11-06,102.1645
FUND32,2023-11-07,101.818
FUND32,2023-11-08,100.8798
FUND32,2023-11-09,100.6183
FUND32,2023-11-10,100.1646
FUND32,2023-11-13,99.2023
FUND32,2023-11-14,99.2902
FUND32,2023-11-15,99.3469
FUND32,2023-11-16,99.1641
FUND32,2023-11-17,100.1438
FUND32,2023-11-20,100.5422
FUND32,2023-11-21,99.7284
FUND32,2023-11-22,100.2918
FUND32,2023-11-23,100.7513
FUND32,2023-11-24,100.2154
FUND32,2023-11-27,99.701
FUND32,2023-11-28,100.1301
FUND32,2023-11-29,100.7154
FUND32,2023-11-30,100.0987
FUND32,2023-12-01,99.6491
FUND32,2023-12-04,99.45
FUND32,2023-12-05,100.3818
FUND32,2023-12-06,100.7967
FUND32,2023-12-07,101.7205
FUND32,2023-12-08,102.662
FUND32,2023-12-11,102.4963
FUND32,2023-12-12,101.8711
FUND32,2023-12-13,103.4625
FUND32,2023-12-14,105.0801
FUND32,2023-12-15,104.2587
FUND32,2023-12-18,103.9936
FUND32,2023-12-19,105.3119
FUND32,2023-12-20,106.8063
FUND32,2023-12-21,108.0618
FUND32,2023-12-22,107.4466
FUND32,2023-12-25,108.0934
FUND32,2023-12-26,107.2772
FUND32,2023-12-27,106.8424
FUND32,2023-12-28,107.3142
FUND32,2023-12-29,107.2586
FUND32,2024-01-01,108.8172
FUND32,2024-01-02,108.4689
FUND32,2024-01-03,109.0274
FUND32,2024-01-04,108.5529
FUND32,2024-01-05,109.4295
FUND32,2024-01-08,110.0357
FUND32,2024-01-09,110.4476
FUND32,2024-01-10,110.7068
FUND32,2024-01-11,111.7438
FUND32,2024-01-12,111.6715
FUND32,2024-01-15,113.3326
FUND32,2024-01-16,113.8113
FUND32,2024-01-17,113.7246
FUND32,2024-01-18,113.9839
FUND32,2024-01-19,113.9515
FUND32,2024-01-22,113.508
FUND32,2024-01-23,113.4202
FUND32,2024-01-24,114.7615
FUND32,2024-01-25,115.6816
FUND32,2024-01-26,117.5996
FUND32,2024-01-29,116.0196
FUND32,2024-01-30,115.4322
FUND32,2024-01-31,114.959
FUND32,2024-02-01,115.7826
FUND32,2024-02-02,116.4353
FUND32,2024-02-05,116.6969
FUND32,2024-02-06,117.2333
FUND32,2024-02-07,117.3555
FUND32,2024-02-08,117.5735
FUND32,2024-02-09,118.0589
FUND32,2024-02-12,118.075
FUND32,2024-02-13,117.6654
FUND32,2024-02-14,117.5326
FUND32,2024-02-15,117.3762
FUND32,2024-02-16,115.8377
FUND32,2024-02-19,115.8384
FUND32,2024-02-20,116.5659
FUND32,2024-02-21,116.7911
FUND32,2024-02-22,114.8585
FUND32,2024-02-23,113.9776
FUND32,2024-02-26,113.0847
FUND32,2024-02-27,113.8367
FUND32,2024-02-28,112.3926
FUND32,2024-02-29,114.6753
FUND32,2024-03-01,115.5967
FUND32,2024-03-04,117.0578
FUND32,2024-03-05,116.6428
FUND32,2024-03-06,117.0327
FUND32,2024-03-07,117.9019
FUND32,2024-03-08,118.7199
FUND32,2024-03-11,117.4546
FUND32,2024-03-12,118.7047
FUND32,2024-03-13,120.8889
FUND32,2024-03-14,121.1491
FUND32,2024-03-15,121.1122
FUND32,2024-03-18,121.0536
FUND32,2024-03-19,121.5768
FUND32,2024-03-20,122.1698
FUND32,2024-03-21,122.6526
FUND32,2024-03-22,123.503
FUND32,2024-03-25,123.4605
FUND32,2024-03-26,123.0642
FUND32,2024-03-27,122.7938
FUND32,2024-03-28,121.7627
FUND32,2024-03-29,121.19
FUND32,2024-04-01,122.0125
FUND32,2024-04-02,122.4203
FUND32,2024-04-03,121.2842
FUND32,2024-04-04,122.7154
FUND32,2024-04-05,122.7417
FUND32,2024-04-08,121.9647
FUND32,2024-04-09,123.6645
FUND32,2024-04-10,123.1483
FUND32,2024-04-11,121.722
FUND32,2024-04-12,121.8577
FUND32,2024-04-15,121.1842
FUND32,2024-04-16,123.3661
FUND32,2024-04-17,122.687
FUND32,2024-04-18,122.1522
FUND32,2024-04-19,122.8979
FUND32,2024-04-22,123.1503
FUND32,2024-04-23,122.1993
FUND32,2024-04-24,123.0988
FUND32,2024-04-25,123.4435
FUND32,2024-04-26,124.8135
FUND32,2024-04-29,123.9816
FUND32,2024-04-30,123.5655
FUND32,2024-05-01,124.2233
FUND32,2024-05-02,124.8878
FUND32,2024-05-03,124.7312
FUND32,2024-05-06,124.6485
FUND32,2024-05-07,125.0172
FUND32,2024-05-08,124.3939
FUND32,2024-05-09,125.1203
FUND32,2024-05-10,124.1289
FUND32,2024-05-13,123.8693
FUND32,2024-05-14,124.3162
FUND32,2024-05-15,123.6396
FUND32,2024-05-16,124.1351
FUND32,2024-05-17,123.7875
FUND32,2024-05-20,123.8539
FUND32,2024-05-21,123.2243
FUND32,2024-05-22,123.54
FUND32,2024-05-23,124.3278
FUND32,2024-05-24,124.3705
FUND32,2024-05-27,123.801
FUND32,2024-05-28,124.6552
FUND32,2024-05-29,124.4222
FUND32,2024-05-30,123.5885
FUND32,2024-05-31,123.3901
FUND32,2024-06-03,123.9636
FUND32,2024-06-04,124.8271
FUND32,2024-06-05,123.942
FUND32,2024-06-06,124.0524
FUND32,2024-06-07,123.5413
FUND32,2024-06-10,124.0934
FUND32,2024-06-11,123.9701
FUND32,2024-06-12,124.5263
FUND32,2024-06-13,125.6584
FUND32,2024-06-14,124.4621
FUND32,2024-06-17,123.4581
FUND32,2024-06-18,123.7208
FUND32,2024-06-19,124.8635
FUND32,2024-06-20,124.9724
FUND32,2024-06-21,124.5271
FUND32,2024-06-24,124.1792
FUND32,2024-06-25,124.4455
FUND32,2024-06-26,123.2319
FUND32,2024-06-27,123.4733
FUND32,2024-06-28,122.3358
FUND32,2024-07-01,122.7399
FUND32,2024-07-02,124.453
FUND32,2024-07-03,124.5231
FUND32,2024-07-04,125.2744
FUND32,2024-07-05,126.3031
FUND32,2024-07-08,126.2328
FUND32,2024-07-09,125.6328
FUND32,2024-07-10,125.2392
FUND32,2024-07-11,124.4887
FUND32,2024-07-12,124.3792
FUND32,2024-07-15,124.5883
FUND32,2024-07-16,123.0783
FUND32,2024-07-17,123.0239
FUND32,2024-07-18,123.3838
FUND32,2024-07-19,123.688
FUND32,2024-07-22,123.7575
FUND32,2024-07-23,124.1573
FUND32,2024-07-24,124.8683
FUND32,2024-07-25,123.5173
FUND32,2024-07-26,123.9247
FUND32,2024-07-29,124.9929
FUND32,2024-07-30,125.1225
FUND32,2024-07-31,124.817
FUND32,2024-08-01,126.8767
FUND32,2024-08-02,127.0353
FUND32,2024-08-05,125.5676
FUND32,2024-08-06,124.3656
FUND32,2024-08-07,123.8741
FUND32,2024-08-08,122.0733
FUND32,2024-08-09,122.792
FUND32,2024-08-12,122.3783
FUND32,2024-08-13,122.4855
FUND32,2024-08-14,123.3206
FUND32,2024-08-15,123.2625
FUND32,2024-08-16,122.0067
FUND32,2024-08-19,120.5878
FUND32,2024-08-20,119.5145
FUND32,2024-08-21,117.6091
FUND32,2024-08-22,118.7757
FUND32,2024-08-23,118.8831
FUND32,2024-08-26,119.843
FUND32,2024-08-27,120.08
FUND32,2024-08-28,118.7647
FUND32,2024-08-29,121.1614
FUND32,2024-08-30,121.4264
FUND32,2024-09-02,121.659
FUND32,2024-09-03,122.6496
FUND32,2024-09-04,123.7416
FUND32,2024-09-05,126.6162
FUND32,2024-09-06,126.7829
FUND32,2024-09-09,127.4426
FUND32,2024-09-10,127.6078
FUND32,2024-09-11,126.9501
FUND32,2024-09-12,126.7266
FUND32,2024-09-13,125.7504
FUND32,2024-09-16,127.4035
FUND32,2024-09-17,128.1428
FUND32,2024-09-18,129.0176
FUND32,2024-09-19,128.9665
FUND32,2024-09-20,130.4567
FUND32,2024-09-23,130.2163
FUND32,2024-09-24,129.6924
FUND32,2024-09-25,129.9523
FUND32,2024-09-26,131.112
FUND32,2024-09-27,132.2012
FUND32,2024-09-30,131.032
FUND32,2024-10-01,131.7563
FUND32,2024-10-02,133.4148
FUND32,2024-10-03,133.4284
FUND32,2024-10-04,133.0729
FUND32,2024-10-07,134.0382
FUND32,2024-10-08,135.2273
FUND32,2024-10-09,134.6157
FUND32,2024-10-10,134.3406
FUND32,2024-10-11,135.0934
FUND32,2024-10-14,134.452
FUND32,2024-10-15,134.9675
FUND32,2024-10-16,136.0468
FUND32,2024-10-17,136.0208
FUND32,2024-10-18,137.3468
FUND32,2024-10-21,137.956
FUND32,2024-10-22,137.2195
FUND32,2024-10-23,137.9061
FUND32,2024-10-24,139.3448
FUND32,2024-10-25,139.6822
FUND32,2024-10-28,139.9797
FUND32,2024-10-29,139.5962
FUND32,2024-10-30,140.2267
FUND32,2024-10-31,140.883
FUND32,2024-11-01,142.4812
FUND32,2024-11-04,142.0658
FUND32,2024-11-05,142.8461
FUND32,2024-11-06,143.704
FUND32,2024-11-07,143.5669
FUND32,2024-11-08,143.7747
FUND32,2024-11-11,141.0136
FUND32,2024-11-12,141.6685
FUND32,2024-11-13,139.9343
FUND32,2024-11-14,139.0778
FUND32,2024-11-15,138.217
FUND32,2024-11-18,138.1218
FUND32,2024-11-19,138.5689
FUND32,2024-11-20,137.5064
FUND32,2024-11-21,135.6487
FUND32,2024-11-22,135.2195
FUND32,2024-11-25,136.0681
FUND32,2024-11-26,136.1785
FUND32,2024-11-27,135.5698
FUND32,2024-11-28,135.4178
FUND32,2024-11-29,135.5732
FUND32,2024-12-02,135.7073
FUND32,2024-12-03,135.2643
FUND32,2024-12-04,136.0834
FUND32,2024-12-05,137.9205
FUND32,2024-12-06,137.4318
FUND32,2024-12-09,137.853
FUND32,2024-12-10,137.0195
FUND32,2024-12-11,137.4521
FUND32,2024-12-12,138.0849
FUND32,2024-12-13,138.1633
FUND32,2024-12-16,138.9963
FUND32,2024-12-17,139.5394
FUND32,2024-12-18,137.0615
FUND32,2024-12-19,137.5361
FUND32,2024-12-20,137.297
FUND32,2024-12-23,135.7303
FUND32,2024-12-24,135.7856
FUND32,2024-12-25,134.2087
FUND32,2024-12-26,134.2719
FUND32,2024-12-27,134.8048
FUND32,2024-12-30,134.8939
FUND32,2024-12-31,134.7426
FUND32,2025-01-01,134.8036
FUND32,2025-01-02,135.3772
FUND32,2025-01-03,136.874
FUND32,2025-01-06,136.7399
FUND32,2025-01-07,136.6954
FUND32,2025-01-08,136.8853
FUND32,2025-01-09,136.7208
FUND32,2025-01-10,136.5675
FUND32,2025-01-13,136.2799
FUND32,2025-01-14,136.1871
FUND32,2025-01-15,136.6333
FUND32,2025-01-16,136.0813
FUND32,2025-01-17,136.346
FUND32,2025-01-20,135.7323
FUND32,2025-01-21,135.1636
FUND32,2025-01-22,134.6486
FUND32,2025-01-23,136.1726
FUND32,2025-01-24,136.9854
FUND32,2025-01-27,137.868
FUND32,2025-01-28,137.6426
FUND32,2025-01-29,138.6011
FUND32,2025-01-30,138.8696
FUND32,2025-01-31,137.953
FUND32,2025-02-03,137.1543
FUND32,2025-02-04,138.3875
FUND32,2025-02-05,139.9255
FUND32,2025-02-06,141.3691
FUND32,2025-02-07,140.64
FUND32,2025-02-10,140.0899
FUND32,2025-02-11,140.5333
FUND32,2025-02-12,141.4404
FUND32,2025-02-13,139.1845
FUND32,2025-02-14,139.9414
FUND32,2025-02-17,139.8206
FUND32,2025-02-18,140.2827
FUND32,2025-02-19,138.5045
FUND32,2025-02-20,137.3384
FUND32,2025-02-21,137.1791
FUND32,2025-02-24,138.0868
FUND32,2025-02-25,137.9455
FUND32,2025-02-26,136.7278
FUND32,2025-02-27,138.7369
FUND32,2025-02-28,138.0255
FUND32,2025-03-03,136.9019
FUND32,2025-03-04,137.8776
FUND32,2025-03-05,138.3005
FUND32,2025-03-06,138.7944
FUND32,2025-03-07,137.951
FUND32,2025-03-10,136.7191
FUND32,2025-03-11,138.2628
FUND32,2025-03-12,138.7311
FUND32,2025-03-13,139.3101
FUND32,2025-03-14,139.3143
FUND32,2025-03-17,138.929
FUND32,2025-03-18,138.9777
FUND32,2025-03-19,140.1992
FUND32,2025-03-20,140.4043
FUND32,2025-03-21,139.402
FUND32,2025-03-24,138.1424
FUND32,2025-03-25,138.5134
FUND32,2025-03-26,140.0681
FUND32,2025-03-27,140.7862
FUND32,2025-03-28,140.8143
FUND32,2025-03-31,141.12
FUND32,2025-04-01,141.0348
FUND32,2025-04-02,141.8932
FUND32,2025-04-03,142.9679
FUND32,2025-04-04,142.2897
FUND32,2025-04-07,141.9845
FUND32,2025-04-08,140.6443
FUND32,2025-04-09,140.7491
FUND32,2025-04-10,142.9459
FUND32,2025-04-11,141.4359
FUND32,2025-04-14,143.157
FUND32,2025-04-15,143.4955
FUND32,2025-04-16,143.7319
FUND32,2025-04-17,143.4747
FUND32,2025-04-18,143.067
FUND32,2025-04-21,144.3385
FUND32,2025-04-22,144.2881
FUND32,2025-04-23,145.478
FUND32,2025-04-24,146.5932
FUND32,2025-04-25,146.2183
FUND32,2025-04-28,147.2877
FUND32,2025-04-29,147.1658
FUND32,2025-04-30,146.7778
FUND32,2025-05-01,146.3159
FUND32,2025-05-02,145.3547
FUND32,2025-05-05,147.0372
FUND32,2025-05-06,148.77
FUND32,2025-05-07,150.7593
FUND32,2025-05-08,150.3594
FUND32,2025-05-09,151.0894
FUND32,2025-05-12,150.7766
FUND32,2025-05-13,151.1503
FUND32,2025-05-14,151.6968
FUND32,2025-05-15,150.2938
FUND32,2025-05-16,151.1164
FUND32,2025-05-19,151.5249
FUND32,2025-05-20,151.8016
FUND32,2025-05-21,151.1056
FUND32,2025-05-22,151.1831
FUND32,2025-05-23,150.8082
FUND32,2025-05-26,150.4706
FUND32,2025-05-27,149.8842
FUND32,2025-05-28,149.5252
FUND32,2025-05-29,149.2277
FUND32,2025-05-30,149.1456
FUND32,2025-06-02,148.9072
FUND32,2025-06-03,149.6789
FUND32,2025-06-04,147.9513
FUND32,2025-06-05,148.4999
FUND32,2025-06-06,148.7821
FUND32,2025-06-09,149.04
FUND32,2025-06-10,149.9778
FUND32,2025-06-11,151.0592
FUND32,2025-06-12,151.1076
FUND32,2025-06-13,151.2166
FUND32,2025-06-16,150.6854
FUND32,2025-06-17,149.9914
FUND32,2025-06-18,148.8382
FUND32,2025-06-19,148.0919
FUND32,2025-06-20,148.0482
FUND32,2025-06-23,147.1147
FUND32,2025-06-24,147.4756
FUND32,2025-06-25,148.3393
FUND32,2025-06-26,148.3681
FUND32,2025-06-27,148.6018
FUND32,2025-06-30,148.8111
FUND32,2025-07-01,148.8955
FUND32,2025-07-02,149.1598
FUND32,2025-07-03,148.217
FUND32,2025-07-04,148.5904
FUND32,2025-07-07,147.9301
FUND32,2025-07-08,146.5491
FUND32,2025-07-09,146.6924
FUND32,2025-07-10,148.1145
FUND32,2025-07-11,147.0533
FUND32,2025-07-14,146.7861
FUND32,2025-07-15,147.7888
FUND32,2025-07-16,149.2317
FUND32,2025-07-17,149.8188
FUND32,2025-07-18,148.7229
FUND32,2025-07-21,148.7936
FUND32,2025-07-22,148.2551
FUND32,2025-07-23,148.8258
FUND32,2025-07-24,149.075
FUND32,2025-07-25,148.3229
FUND32,2025-07-28,147.0623
FUND32,2025-07-29,146.1191
FUND32,2025-07-30,146.5078
FUND32,2025-07-31,147.643
FUND32,2025-08-01,147.1401
FUND32,2025-08-04,145.7401
FUND32,2025-08-05,145.714
FUND32,2025-08-06,146.1854
FUND32,2025-08-07,146.1325
FUND32,2025-08-08,145.6473
FUND32,2025-08-11,146.0561
FUND32,2025-08-12,144.8666
FUND32,2025-08-13,145.2988
FUND32,2025-08-14,145.6265
FUND32,2025-08-15,145.7711
FUND32,2025-08-18,147.1928
FUND32,2025-08-19,147.7268
FUND32,2025-08-20,148.3047
FUND32,2025-08-21,150.1024
FUND32,2025-08-22,150.7387
FUND32,2025-08-25,151.4933
FUND32,2025-08-26,152.0709
FUND32,2025-08-27,151.8072
FUND32,2025-08-28,152.259
FUND32,2025-08-29,152.1221
FUND32,2025-09-01,152.7974
FUND32,2025-09-02,154.0076
FUND32,2025-09-03,154.9044
FUND32,2025-09-04,153.9853
FUND32,2025-09-05,153.775
FUND32,2025-09-08,153.8958
FUND32,2025-09-09,154.2727
FUND32,2025-09-10,153.6664
FUND32,2025-09-11,153.5341
FUND32,2025-09-12,153.3598
FUND32,2025-09-15,151.1804
FUND32,2025-09-16,150.6495
FUND32,2025-09-17,149.5734
FUND32,2025-09-18,149.4131
FUND32,2025-09-19,147.9884
FUND32,2025-09-22,148.437
FUND32,2025-09-23,150.5582
FUND32,2025-09-24,150.7621
FUND32,2025-09-25,152.2599
FUND32,2025-09-26,152.1239
FUND32,2025-09-29,151.8136
FUND32,2025-09-30,153.0697
FUND32,2025-10-01,152.6883
FUND32,2025-10-02,152.8141
FUND32,2025-10-03,153.9907
FUND32,2025-10-06,155.9336
FUND32,2025-10-07,156.1798
FUND32,2025-10-08,155.47
FUND32,2025-10-09,155.0391
FUND32,2025-10-10,153.8542
FUND32,2025-10-13,154.0619
FUND32,2025-10-14,154.3892
FUND32,2025-10-15,154.5549
FUND32,2025-10-16,155.2438
FUND32,2025-10-17,155.9696
FUND32,2025-10-20,155.6658
FUND32,2025-10-21,153.8433
FUND32,2025-10-22,156.3465
FUND32,2025-10-23,155.922
FUND32,2025-10-24,154.8608
FUND32,2025-10-27,155.2782
FUND32,2025-10-28,155.2478
FUND32,2025-10-29,156.4079
FUND32,2025-10-30,157.0584
FUND32,2025-10-31,155.2133
FUND32,2025-11-03,154.2936
FUND32,2025-11-04,152.5158
FUND32,2025-11-05,152.3124
FUND32,2025-11-06,153.0351
FUND32,2025-11-07,151.8175
FUND32,2025-11-10,152.2576
FUND32,2025-11-11,152.8175
FUND32,2025-11-12,153.1731
FUND32,2025-11-13,153.6286
FUND32,2025-11-14,151.9002
FUND32,2025-11-17,150.5802
FUND32,2025-11-18,149.3198
FUND32,2025-11-19,149.1348
FUND32,2025-11-20,150.0168
FUND32,2025-11-21,149.1432
FUND32,2025-11-24,150.3502
FUND33,2023-01-02,40.2035
FUND33,2023-01-03,40.0227
FUND33,2023-01-04,39.8164
FUND33,2023-01-05,39.8315
FUND33,2023-01-06,39.4186
FUND33,2023-01-09,39.5799
FUND33,2023-01-10,39.962
FUND33,2023-01-11,40.3092
FUND33,2023-01-12,40.0107
FUND33,2023-01-13,40.0218
FUND33,2023-01-16,40.2334
FUND33,2023-01-17,40.4921
FUND33,2023-01-18,40.2417
FUND33,2023-01-19,40.1007
FUND33,2023-01-20,40.3153
FUND33,2023-01-23,40.5567
FUND33,2023-01-24,40.8977
FUND33,2023-01-25,40.3025
FUND33,2023-01-26,40.1189
FUND33,2023-01-27,40.2087
FUND33,2023-01-30,40.5036
FUND33,2023-01-31,40.5624
FUND33,2023-02-01,40.6121
FUND33,2023-02-02,40.7585
FUND33,2023-02-03,40.2001
FUND33,2023-02-06,40.0514
FUND33,2023-02-07,39.8213
FUND33,2023-02-08,39.8682
FUND33,2023-02-09,40.0604
FUND33,2023-02-10,40.0653
FUND33,2023-02-13,40.3697
FUND33,2023-02-14,40.7367
FUND33,2023-02-15,41.2126
FUND33,2023-02-16,40.9973
FUND33,2023-02-17,40.9387
FUND33,2023-02-20,41.2425
FUND33,2023-02-21,41.4908
FUND33,2023-02-22,41.6134
FUND33,2023-02-23,41.3913
FUND33,2023-02-24,41.5965
FUND33,2023-02-27,41.4
FUND33,2023-02-28,41.4212
FUND33,2023-03-01,41.4859
FUND33,2023-03-02,41.7544
FUND33,2023-03-03,41.7169
FUND33,2023-03-06,41.6219
FUND33,2023-03-07,41.1151
FUND33,2023-03-08,41.2707
FUND33,2023-03-09,41.2076
FUND33,2023-03-10,41.0469
FUND33,2023-03-13,40.9189
FUND33,2023-03-14,40.6721
FUND33,2023-03-15,40.624
FUND33,2023-03-16,40.846
FUND33,2023-03-17,40.1111
FUND33,2023-03-20,39.5835
FUND33,2023-03-21,39.5802
FUND33,2023-03-22,39.3925
FUND33,2023-03-23,39.6084
FUND33,2023-03-24,39.5143
FUND33,2023-03-27,39.7479
FUND33,2023-03-28,39.7992
FUND33,2023-03-29,39.6694
FUND33,2023-03-30,40.0221
FUND33,2023-03-31,39.6678
FUND33,2023-04-03,39.5223
FUND33,2023-04-04,40.0872
FUND33,2023-04-05,39.7063
FUND33,2023-04-06,39.7979
FUND33,2023-04-07,40.1787
FUND33,2023-04-10,40.2318
FUND33,2023-04-11,40.0309
FUND33,2023-04-12,40.4112
FUND33,2023-04-13,40.4911
FUND33,2023-04-14,40.0948
FUND33,2023-04-17,40.1426
FUND33,2023-04-18,39.9632
FUND33,2023-04-19,39.7426
FUND33,2023-04-20,39.8378
FUND33,2023-04-21,40.4171
FUND33,2023-04-24,40.4689
FUND33,2023-04-25,40.0879
FUND33,2023-04-26,40.4104
FUND33,2023-04-27,41.0988
FUND33,2023-04-28,41.2008
FUND33,2023-05-01,40.7406
FUND33,2023-05-02,40.8955
FUND33,2023-05-03,40.8608
FUND33,2023-05-04,40.6576
FUND33,2023-05-05,40.3972
FUND33,2023-05-08,40.6627
FUND33,2023-05-09,40.7723
FUND33,2023-05-10,40.8044
FUND33,2023-05-11,40.9274
FUND33,2023-05-12,41.0226
FUND33,2023-05-15,40.9824
FUND33,2023-05-16,40.9749
FUND33,2023-05-17,40.5235
FUND33,2023-05-18,40.4267
FUND33,2023-05-19,40.3806
FUND33,2023-05-22,40.2431
FUND33,2023-05-23,40.3033
FUND33,2023-05-24,40.5065
FUND33,2023-05-25,40.8081
FUND33,2023-05-26,40.76
FUND33,2023-05-29,40.7661
FUND33,2023-05-30,40.4572
FUND33,2023-05-31,40.3959
FUND33,2023-06-01,39.6257
FUND33,2023-06-02,39.1946
FUND33,2023-06-05,39.1288
FUND33,2023-06-06,39.1983
FUND33,2023-06-07,39.3346
FUND33,2023-06-08,39.1132
FUND33,2023-06-09,38.7448
FUND33,2023-06-12,38.885
FUND33,2023-06-13,39.0142
FUND33,2023-06-14,38.5724
FUND33,2023-06-15,38.2823
FUND33,2023-06-16,37.8457
FUND33,2023-06-19,37.6291
FUND33,2023-06-20,37.6745
FUND33,2023-06-21,37.3905
FUND33,2023-06-22,37.1457
FUND33,2023-06-23,37.312
FUND33,2023-06-26,37.382
FUND33,2023-06-27,37.4838
FUND33,2023-06-28,37.3984
FUND33,2023-06-29,37.5711
FUND33,2023-06-30,37.7432
FUND33,2023-07-03,38.0576
FUND33,2023-07-04,37.6706
FUND33,2023-07-05,37.946
FUND33,2023-07-06,37.9381
FUND33,2023-07-07,37.923
FUND33,2023-07-10,37.5772
FUND33,2023-07-11,37.4625
FUND33,2023-07-12,37.4468
FUND33,2023-07-13,38.1416
FUND33,2023-07-14,37.8814
FUND33,2023-07-17,37.5934
FUND33,2023-07-18,37.74
FUND33,2023-07-19,37.4629
FUND33,2023-07-20,37.1621
FUND33,2023-07-21,37.5934
FUND33,2023-07-24,37.4899
FUND33,2023-07-25,37.3284
FUND33,2023-07-26,37.4561
FUND33,2023-07-27,37.655
FUND33,2023-07-28,37.6593
FUND33,2023-07-31,37.9861
FUND33,2023-08-01,38.2115
FUND33,2023-08-02,38.4947
FUND33,2023-08-03,38.4747
FUND33,2023-08-04,38.1693
FUND33,2023-08-07,38.6026
FUND33,2023-08-08,38.5997
FUND33,2023-08-09,38.1305
FUND33,2023-08-10,38.4485
FUND33,2023-08-11,38.695
FUND33,2023-08-14,38.5507
FUND33,2023-08-15,38.4359
FUND33,2023-08-16,38.741
FUND33,2023-08-17,38.5765
FUND33,2023-08-18,39.0565
FUND33,2023-08-21,39.364
FUND33,2023-08-22,39.5156
FUND33,2023-08-23,40.0892
FUND33,2023-08-24,39.9962
FUND33,2023-08-25,39.5908
FUND33,2023-08-28,39.6782
FUND33,2023-08-29,39.6272
FUND33,2023-08-30,38.9344
FUND33,2023-08-31,38.8131
FUND33,2023-09-01,38.7799
FUND33,2023-09-04,38.6579
FUND33,2023-09-05,38.8134
FUND33,2023-09-06,39.3462
FUND33,2023-09-07,39.0496
FUND33,2023-09-08,39.0632
FUND33,2023-09-11,38.8876
FUND33,2023-09-12,38.9077
FUND33,2023-09-13,38.8479
FUND33,2023-09-14,38.698
FUND33,2023-09-15,38.3119
FUND33,2023-09-18,38.6552
FUND33,2023-09-19,38.5586
FUND33,2023-09-20,38.2904
FUND33,2023-09-21,38.6991
FUND33,2023-09-22,39.0902
FUND33,2023-09-25,39.4596
FUND33,2023-09-26,39.6613
FUND33,2023-09-27,39.4439
FUND33,2023-09-28,39.4177
FUND33,2023-09-29,39.9867
FUND33,2023-10-02,40.132
FUND33,2023-10-03,39.9943
FUND33,2023-10-04,40.3838
FUND33,2023-10-05,40.7187
FUND33,2023-10-06,40.8518
FUND33,2023-10-09,41.0137
FUND33,2023-10-10,41.2735
FUND33,2023-10-11,41.1815
FUND33,2023-10-12,41.5501
FUND33,2023-10-13,41.4535
FUND33,2023-10-16,41.6587
FUND33,2023-10-17,41.4438
FUND33,2023-10-18,40.8277
FUND33,2023-10-19,40.9363
FUND33,2023-10-20,40.7478
FUND33,2023-10-23,40.4309
FUND33,2023-10-24,40.2133
FUND33,2023-10-25,40.2347
FUND33,2023-10-26,40.0938
FUND33,2023-10-27,39.8667
FUND33,2023-10-30,39.9071
FUND33,2023-10-31,39.8758
FUND33,2023-11-01,39.4862
FUND33,2023-11-02,39.8664
FUND33,2023-11-03,40.4186
FUND33,2023-11-06,40.5401
FUND33,2023-11-07,39.9242
FUND33,2023-11-08,40.3639
FUND33,2023-11-09,40.7154
FUND33,2023-11-10,41.1014
FUND33,2023-11-13,41.2912
FUND33,2023-11-14,41.2873
FUND33,2023-11-15,41.0293
FUND33,2023-11-16,41.126
FUND33,2023-11-17,41.0617
FUND33,2023-11-20,41.0157
FUND33,2023-11-21,40.1664
FUND33,2023-11-22,40.3973
FUND33,2023-11-23,40.3374
FUND33,2023-11-24,40.0361
FUND33,2023-11-27,40.0619
FUND33,2023-11-28,40.3748
FUND33,2023-11-29,41.0249
FUND33,2023-11-30,41.435
FUND33,2023-12-01,40.5819
FUND33,2023-12-04,40.5121
FUND33,2023-12-05,40.2281
FUND33,2023-12-06,40.6922
FUND33,2023-12-07,40.8145
FUND33,2023-12-08,40.5142
FUND33,2023-12-11,40.7685
FUND33,2023-12-12,40.7655
FUND33,2023-12-13,41.0135
FUND33,2023-12-14,41.2493
FUND33,2023-12-15,40.8227
FUND33,2023-12-18,40.585
FUND33,2023-12-19,40.5086
FUND33,2023-12-20,40.7717
FUND33,2023-12-21,40.9532
FUND33,2023-12-22,41.0342
FUND33,2023-12-25,40.6367
FUND33,2023-12-26,41.1708
FUND33,2023-12-27,41.2131
FUND33,2023-12-28,40.9211
FUND33,2023-12-29,40.9918
FUND33,2024-01-01,40.8585
FUND33,2024-01-02,40.6368
FUND33,2024-01-03,40.7401
FUND33,2024-01-04,40.7291
FUND33,2024-01-05,40.3419
FUND33,2024-01-08,40.1133
FUND33,2024-01-09,39.9136
FUND33,2024-01-10,40.5051
FUND33,2024-01-11,40.2214
FUND33,2024-01-12,40.0741
FUND33,2024-01-15,39.6318
FUND33,2024-01-16,39.1673
FUND33,2024-01-17,40.0122
FUND33,2024-01-18,40.1992
FUND33,2024-01-19,39.7516
FUND33,2024-01-22,39.3815
FUND33,2024-01-23,39.2986
FUND33,2024-01-24,38.9997
FUND33,2024-01-25,38.6092
FUND33,2024-01-26,38.1631
FUND33,2024-01-29,37.8495
FUND33,2024-01-30,38.4624
FUND33,2024-01-31,38.7421
FUND33,2024-02-01,38.6193
FUND33,2024-02-02,38.5251
FUND33,2024-02-05,38.5322
FUND33,2024-02-06,38.7456
FUND33,2024-02-07,39.4731
FUND33,2024-02-08,38.8102
FUND33,2024-02-09,38.9476
FUND33,2024-02-12,38.6432
FUND33,2024-02-13,38.752
FUND33,2024-02-14,38.9815
FUND33,2024-02-15,39.245
FUND33,2024-02-16,39.294
FUND33,2024-02-19,39.5488
FUND33,2024-02-20,40.2236
FUND33,2024-02-21,40.2842
FUND33,2024-02-22,40.1481
FUND33,2024-02-23,40.5696
FUND33,2024-02-26,40.2837
FUND33,2024-02-27,39.9071
FUND33,2024-02-28,40.0448
FUND33,2024-02-29,40.013
FUND33,2024-03-01,39.5695
FUND33,2024-03-04,39.1756
FUND33,2024-03-05,39.3011
FUND33,2024-03-06,39.1347
FUND33,2024-03-07,39.2572
FUND33,2024-03-08,38.9889
FUND33,2024-03-11,39.1603
FUND33,2024-03-12,39.0754
FUND33,2024-03-13,39.1124
FUND33,2024-03-14,39.377
FUND33,2024-03-15,39.4965
FUND33,2024-03-18,39.4336
FUND33,2024-03-19,39.037
FUND33,2024-03-20,38.934
FUND33,2024-03-21,38.8622
FUND33,2024-03-22,39.0882
FUND33,2024-03-25,38.8761
FUND33,2024-03-26,39.6321
FUND33,2024-03-27,39.8089
FUND33,2024-03-28,39.6524
FUND33,2024-03-29,39.4522
FUND33,2024-04-01,39.0825
FUND33,2024-04-02,39.2253
FUND33,2024-04-03,39.4362
FUND33,2024-04-04,39.6263
FUND33,2024-04-05,39.177
FUND33,2024-04-08,39.5859
FUND33,2024-04-09,39.6173
FUND33,2024-04-10,39.375
FUND33,2024-04-11,39.4898
FUND33,2024-04-12,39.6042
FUND33,2024-04-15,39.5377
FUND33,2024-04-16,39.3764
FUND33,2024-04-17,39.0813
FUND33,2024-04-18,38.6459
FUND33,2024-04-19,37.9849
FUND33,2024-04-22,37.801
FUND33,2024-04-23,37.9264
FUND33,2024-04-24,37.6571
FUND33,2024-04-25,37.43
FUND33,2024-04-26,37.7028
FUND33,2024-04-29,37.9136
FUND33,2024-04-30,38.0508
FUND33,2024-05-01,38.394
FUND33,2024-05-02,38.2422
FUND33,2024-05-03,37.6681
FUND33,2024-05-06,37.4386
FUND33,2024-05-07,37.5007
FUND33,2024-05-08,37.5861
FUND33,2024-05-09,37.4668
FUND33,2024-05-10,37.929
FUND33,2024-05-13,37.2114
FUND33,2024-05-14,37.0679
FUND33,2024-05-15,36.7257
FUND33,2024-05-16,36.2268
FUND33,2024-05-17,36.2115
FUND33,2024-05-20,36.1425
FUND33,2024-05-21,36.2251
FUND33,2024-05-22,36.6208
FUND33,2024-05-23,36.3576
FUND33,2024-05-24,36.548
FUND33,2024-05-27,36.5909
FUND33,2024-05-28,36.3219
FUND33,2024-05-29,36.585
FUND33,2024-05-30,36.7472
FUND33,2024-05-31,37.0865
FUND33,2024-06-03,37.1727
FUND33,2024-06-04,37.1802
FUND33,2024-06-05,37.3914
FUND33,2024-06-06,37.348
FUND33,2024-06-07,37.1584
FUND33,2024-06-10,37.3539
FUND33,2024-06-11,36.7985
FUND33,2024-06-12,36.4889
FUND33,2024-06-13,36.3519
FUND33,2024-06-14,36.4413
FUND33,2024-06-17,36.5772
FUND33,2024-06-18,36.8084
FUND33,2024-06-19,36.8515
FUND33,2024-06-20,37.1325
FUND33,2024-06-21,37.0335
FUND33,2024-06-24,36.9946
FUND33,2024-06-25,37.4777
FUND33,2024-06-26,37.6979
FUND33,2024-06-27,37.7475
FUND33,2024-06-28,37.5797
FUND33,2024-07-01,37.3554
FUND33,2024-07-02,36.8926
FUND33,2024-07-03,37.0334
FUND33,2024-07-04,36.5795
FUND33,2024-07-05,36.5158
FUND33,2024-07-08,36.7356
FUND33,2024-07-09,36.6417
FUND33,2024-07-10,36.5399
FUND33,2024-07-11,36.8387
FUND33,2024-07-12,36.8548
FUND33,2024-07-15,37.0664
FUND33,2024-07-16,37.4895
FUND33,2024-07-17,37.4787
FUND33,2024-07-18,37.6719
FUND33,2024-07-19,37.8294
FUND33,2024-07-22,37.4445
FUND33,2024-07-23,37.2606
FUND33,2024-07-24,37.2243
FUND33,2024-07-25,37.2506
FUND33,2024-07-26,37.4526
FUND33,2024-07-29,37.0093
FUND33,2024-07-30,37.4953
FUND33,2024-07-31,37.4862
FUND33,2024-08-01,37.2251
FUND33,2024-08-02,37.4116
FUND33,2024-08-05,37.3008
FUND33,2024-08-06,37.6023
FUND33,2024-08-07,37.6843
FUND33,2024-08-08,37.881
FUND33,2024-08-09,37.4109
FUND33,2024-08-12,37.5182
FUND33,2024-08-13,37.7199
FUND33,2024-08-14,37.476
FUND33,2024-08-15,37.3837
FUND33,2024-08-16,37.2871
FUND33,2024-08-19,37.1972
FUND33,2024-08-20,37.182
FUND33,2024-08-21,37.2441
FUND33,2024-08-22,37.2262
FUND33,2024-08-23,37.49
FUND33,2024-08-26,37.685
FUND33,2024-08-27,37.377
FUND33,2024-08-28,36.9559
FUND33,2024-08-29,37.5785
FUND33,2024-08-30,37.8296
FUND33,2024-09-02,37.5221
FUND33,2024-09-03,38.0019
FUND33,2024-09-04,37.8128
FUND33,2024-09-05,38.211
FUND33,2024-09-06,38.1958
FUND33,2024-09-09,38.6745
FUND33,2024-09-10,38.2391
FUND33,2024-09-11,38.5687
FUND33,2024-09-12,38.1012
FUND33,2024-09-13,38.1161
FUND33,2024-09-16,38.4289
FUND33,2024-09-17,38.9227
FUND33,2024-09-18,38.6011
FUND33,2024-09-19,38.3876
FUND33,2024-09-20,38.5203
FUND33,2024-09-23,38.4759
FUND33,2024-09-24,38.6044
FUND33,2024-09-25,38.8069
FUND33,2024-09-26,38.5944
FUND33,2024-09-27,38.9134
FUND33,2024-09-30,39.0155
FUND33,2024-10-01,39.1432
FUND33,2024-10-02,38.8197
FUND33,2024-10-03,39.3233
FUND33,2024-10-04,39.3504
FUND33,2024-10-07,39.4431
FUND33,2024-10-08,39.1997
FUND33,2024-10-09,39.441
FUND33,2024-10-10,39.7193
FUND33,2024-10-11,39.0669
FUND33,2024-10-14,39.2684
FUND33,2024-10-15,39.7603
FUND33,2024-10-16,39.7304
FUND33,2024-10-17,39.5124
FUND33,2024-10-18,39.3339
FUND33,2024-10-21,38.8063
FUND33,2024-10-22,39.3371
FUND33,2024-10-23,38.996
FUND33,2024-10-24,39.1747
FUND33,2024-10-25,39.0146
FUND33,2024-10-28,38.8825
FUND33,2024-10-29,39.3438
FUND33,2024-10-30,39.4036
FUND33,2024-10-31,38.8605
FUND33,2024-11-01,39.023
FUND33,2024-11-04,38.6662
FUND33,2024-11-05,38.222
FUND33,2024-11-06,38.4378
FUND33,2024-11-07,38.223
FUND33,2024-11-08,38.7591
FUND33,2024-11-11,38.9499
FUND33,2024-11-12,38.5028
FUND33,2024-11-13,38.0819
FUND33,2024-11-14,38.7333
FUND33,2024-11-15,39.1075
FUND33,2024-11-18,39.1982
FUND33,2024-11-19,39.5587
FUND33,2024-11-20,39.779
FUND33,2024-11-21,39.0929
FUND33,2024-11-22,39.3956
FUND33,2024-11-25,39.2763
FUND33,2024-11-26,39.1152
FUND33,2024-11-27,39.4138
FUND33,2024-11-28,39.2295
FUND33,2024-11-29,39.4843
FUND33,2024-12-02,39.3007
FUND33,2024-12-03,39.6928
FUND33,2024-12-04,40.1297
FUND33,2024-12-05,40.3666
FUND33,2024-12-06,40.3263
FUND33,2024-12-09,40.3679
FUND33,2024-12-10,40.6699
FUND33,2024-12-11,40.8833
FUND33,2024-12-12,40.7931
FUND33,2024-12-13,41.1844
FUND33,2024-12-16,41.1654
FUND33,2024-12-17,40.9876
FUND33,2024-12-18,40.9567
FUND33,2024-12-19,41.1739
FUND33,2024-12-20,41.5997
FUND33,2024-12-23,41.5218
FUND33,2024-12-24,41.3237
FUND33,2024-12-25,41.0837
FUND33,2024-12-26,41.038
FUND33,2024-12-27,41.0451
FUND33,2024-12-30,41.7508
FUND33,2024-12-31,41.6593
FUND33,2025-01-01,41.3666
FUND33,2025-01-02,41.9847
FUND33,2025-01-03,41.6653
FUND33,2025-01-06,41.2488
FUND33,2025-01-07,40.8571
FUND33,2025-01-08,41.1304
FUND33,2025-01-09,41.2004
FUND33,2025-01-10,40.9992
FUND33,2025-01-13,40.961
FUND33,2025-01-14,41.0523
FUND33,2025-01-15,41.2967
FUND33,2025-01-16,40.853
FUND33,2025-01-17,40.8493
FUND33,2025-01-20,41.0528
FUND33,2025-01-21,40.9563
FUND33,2025-01-22,40.9255
FUND33,2025-01-23,41.1246
FUND33,2025-01-24,40.8059
FUND33,2025-01-27,40.9541
FUND33,2025-01-28,41.206
FUND33,2025-01-29,40.9744
FUND33,2025-01-30,41.0744
FUND33,2025-01-31,41.2462
FUND33,2025-02-03,41.2935
FUND33,2025-02-04,41.8836
FUND33,2025-02-05,42.1108
FUND33,2025-02-06,42.3725
FUND33,2025-02-07,42.082
FUND33,2025-02-10,42.9016
FUND33,2025-02-11,42.055
FUND33,2025-02-12,41.8951
FUND33,2025-02-13,41.9932
FUND33,2025-02-14,41.5853
FUND33,2025-02-17,42.0092
FUND33,2025-02-18,41.4715
FUND33,2025-02-19,41.4365
FUND33,2025-02-20,41.0901
FUND33,2025-02-21,40.7272
FUND33,2025-02-24,40.7423
FUND33,2025-02-25,41.1945
FUND33,2025-02-26,40.743
FUND33,2025-02-27,40.5293
FUND33,2025-02-28,40.2193
FUND33,2025-03-03,40.4441
FUND33,2025-03-04,40.7396
FUND33,2025-03-05,40.8489
FUND33,2025-03-06,40.7367
FUND33,2025-03-07,41.0034
FUND33,2025-03-10,41.5987
FUND33,2025-03-11,41.6829
FUND33,2025-03-12,41.8221
FUND33,2025-03-13,41.8531
FUND33,2025-03-14,41.8966
FUND33,2025-03-17,41.5752
FUND33,2025-03-18,41.2177
FUND33,2025-03-19,41.0346
FUND33,2025-03-20,41.5277
FUND33,2025-03-21,41.8245
FUND33,2025-03-24,41.8279
FUND33,2025-03-25,41.8277
FUND33,2025-03-26,41.6498
FUND33,2025-03-27,42.3369
FUND33,2025-03-28,42.4643
FUND33,2025-03-31,42.34
FUND33,2025-04-01,42.6894
FUND33,2025-04-02,42.335
FUND33,2025-04-03,41.976
FUND33,2025-04-04,42.0855
FUND33,2025-04-07,42.1049
FUND33,2025-04-08,42.0195
FUND33,2025-04-09,42.0921
FUND33,2025-04-10,42.3796
FUND33,2025-04-11,42.8547
FUND33,2025-04-14,43.4833
FUND33,2025-04-15,43.4938
FUND33,2025-04-16,43.2818
FUND33,2025-04-17,43.2085
FUND33,2025-04-18,43.4698
FUND33,2025-04-21,43.3111
FUND33,2025-04-22,43.1444
FUND33,2025-04-23,42.7245
FUND33,2025-04-24,42.715
FUND33,2025-04-25,42.7201
FUND33,2025-04-28,42.2262
FUND33,2025-04-29,42.2827
FUND33,2025-04-30,42.6861
FUND33,2025-05-01,42.6167
FUND33,2025-05-02,42.4692
FUND33,2025-05-05,42.5421
FUND33,2025-05-06,42.8928
FUND33,2025-05-07,42.5856
FUND33,2025-05-08,42.7706
FUND33,2025-05-09,43.1615
FUND33,2025-05-12,42.5943
FUND33,2025-05-13,42.3958
FUND33,2025-05-14,42.4807
FUND33,2025-05-15,42.74
FUND33,2025-05-16,42.9979
FUND33,2025-05-19,42.9556
FUND33,2025-05-20,43.2659
FUND33,2025-05-21,42.9486
FUND33,2025-05-22,43.0437
FUND33,2025-05-23,42.752
FUND33,2025-05-26,42.1678
FUND33,2025-05-27,41.6064
FUND33,2025-05-28,42.101
FUND33,2025-05-29,41.8588
FUND33,2025-05-30,41.9651
FUND33,2025-06-02,42.3969
FUND33,2025-06-03,42.5225
FUND33,2025-06-04,43.1301
FUND33,2025-06-05,42.7594
FUND33,2025-06-06,42.312
FUND33,2025-06-09,41.9696
FUND33,2025-06-10,41.949
FUND33,2025-06-11,42.3276
FUND33,2025-06-12,42.3863
FUND33,2025-06-13,42.097
FUND33,2025-06-16,42.0743
FUND33,2025-06-17,42.3437
FUND33,2025-06-18,42.3748
FUND33,2025-06-19,42.6474
FUND33,2025-06-20,42.3742
FUND33,2025-06-23,42.3838
FUND33,2025-06-24,41.8734
FUND33,2025-06-25,41.5701
FUND33,2025-06-26,41.2589
FUND33,2025-06-27,41.3859
FUND33,2025-06-30,41.3859
FUND33,2025-07-01,41.977
FUND33,2025-07-02,42.5072
FUND33,2025-07-03,42.6124
FUND33,2025-07-04,42.6462
FUND33,2025-07-07,42.9757
FUND33,2025-07-08,42.6706
FUND33,2025-07-09,42.8591
FUND33,2025-07-10,43.5141
FUND33,2025-07-11,43.6315
FUND33,2025-07-14,44.2931
FUND33,2025-07-15,44.4013
FUND33,2025-07-16,44.1428
FUND33,2025-07-17,44.3037
FUND33,2025-07-18,44.19
FUND33,2025-07-21,44.539
FUND33,2025-07-22,44.598
FUND33,2025-07-23,44.7487
FUND33,2025-07-24,44.6091
FUND33,2025-07-25,44.9667
FUND33,2025-07-28,45.1342
FUND33,2025-07-29,45.7123
FUND33,2025-07-30,46.1507
FUND33,2025-07-31,46.3332
FUND33,2025-08-01,46.4682
FUND33,2025-08-04,45.9999
FUND33,2025-08-05,46.6569
FUND33,2025-08-06,46.868
FUND33,2025-08-07,46.8382
FUND33,2025-08-08,46.2314
FUND33,2025-08-11,46.0207
FUND33,2025-08-12,46.2675
FUND33,2025-08-13,46.0257
FUND33,2025-08-14,46.0307
FUND33,2025-08-15,45.9782
FUND33,2025-08-18,46.253
FUND33,2025-08-19,46.3044
FUND33,2025-08-20,47.3071
FUND33,2025-08-21,47.4833
FUND33,2025-08-22,47.0077
FUND33,2025-08-25,46.7899
FUND33,2025-08-26,46.9278
FUND33,2025-08-27,47.6865
FUND33,2025-08-28,47.4767
FUND33,2025-08-29,47.6159
FUND33,2025-09-01,47.4907
FUND33,2025-09-02,46.6408
FUND33,2025-09-03,47.1835
FUND33,2025-09-04,46.6677
FUND33,2025-09-05,46.1142
FUND33,2025-09-08,46.1023
FUND33,2025-09-09,46.0675
FUND33,2025-09-10,46.3404
FUND33,2025-09-11,46.2855
FUND33,2025-09-12,47.6331
FUND33,2025-09-15,47.9005
FUND33,2025-09-16,47.9049
FUND33,2025-09-17,47.7847
FUND33,2025-09-18,47.7412
FUND33,2025-09-19,47.1048
FUND33,2025-09-22,46.6136
FUND33,2025-09-23,46.3327
FUND33,2025-09-24,46.1143
FUND33,2025-09-25,46.4045
FUND33,2025-09-26,46.8861
FUND33,2025-09-29,47.1554
FUND33,2025-09-30,46.7985
FUND33,2025-10-01,46.5528
FUND33,2025-10-02,46.5086
FUND33,2025-10-03,45.869
FUND33,2025-10-06,46.0299
FUND33,2025-10-07,46.0391
FUND33,2025-10-08,46.6297
FUND33,2025-10-09,47.0787
FUND33,2025-10-10,46.5099
FUND33,2025-10-13,46.5165
FUND33,2025-10-14,45.7753
FUND33,2025-10-15,46.0435
FUND33,2025-10-16,45.9467
FUND33,2025-10-17,46.041
FUND33,2025-10-20,46.0079
FUND33,2025-10-21,45.6388
FUND33,2025-10-22,45.5196
FUND33,2025-10-23,45.6026
FUND33,2025-10-24,45.3108
FUND33,2025-10-27,44.9436
FUND33,2025-10-28,44.4606
FUND33,2025-10-29,44.4408
FUND33,2025-10-30,44.3846
FUND33,2025-10-31,44.7611
FUND33,2025-11-03,44.4835
FUND33,2025-11-04,44.3299
FUND33,2025-11-05,44.0076
FUND33,2025-11-06,43.5562
FUND33,2025-11-07,43.0672
FUND33,2025-11-10,43.529
FUND33,2025-11-11,43.5282
FUND33,2025-11-12,43.4864
FUND33,2025-11-13,43.3796
FUND33,2025-11-14,43.5179
FUND33,2025-11-17,42.7928
FUND33,2025-11-18,43.3069
FUND33,2025-11-19,43.2701
FUND33,2025-11-20,43.2537
FUND33,2025-11-21,43.1919
FUND33,2025-11-24,43.112
FUND34,2023-01-02,72.7613
FUND34,2023-01-03,73.8129
FUND34,2023-01-04,72.2862
FUND34,2023-01-05,72.3679
FUND34,2023-01-06,72.7926
FUND34,2023-01-09,72.3516
FUND34,2023-01-10,72.9595
FUND34,2023-01-11,72.0918
FUND34,2023-01-12,71.611
FUND34,2023-01-13,71.1455
FUND34,2023-01-16,71.4139
FUND34,2023-01-17,71.3272
FUND34,2023-01-18,71.6177
FUND34,2023-01-19,71.7519
FUND34,2023-01-20,72.411
FUND34,2023-01-23,71.8445
FUND34,2023-01-24,71.4622
FUND34,2023-01-25,71.9288
FUND34,2023-01-26,71.4759
FUND34,2023-01-27,72.8343
FUND34,2023-01-30,73.099
FUND34,2023-01-31,74.0746
FUND34,2023-02-01,74.7929
FUND34,2023-02-02,75.2726
FUND34,2023-02-03,75.2818
FUND34,2023-02-06,74.6622
FUND34,2023-02-07,74.6674
FUND34,2023-02-08,75.3286
FUND34,2023-02-09,75.2526
FUND34,2023-02-10,75.6652
FUND34,2023-02-13,76.0968
FUND34,2023-02-14,77.0832
FUND34,2023-02-15,77.1053
FUND34,2023-02-16,77.2903
FUND34,2023-02-17,78.5658
FUND34,2023-02-20,77.6773
FUND34,2023-02-21,78.3352
FUND34,2023-02-22,79.4445
FUND34,2023-02-23,79.679
FUND34,2023-02-24,78.8591
FUND34,2023-02-27,79.0202
FUND34,2023-02-28,79.788
FUND34,2023-03-01,81.3465
FUND34,2023-03-02,82.2701
FUND34,2023-03-03,81.765
FUND34,2023-03-06,80.6001
FUND34,2023-03-07,80.0884
FUND34,2023-03-08,80.5141
FUND34,2023-03-09,81.1841
FUND34,2023-03-10,80.5478
FUND34,2023-03-13,80.428
FUND34,2023-03-14,80.9813
FUND34,2023-03-15,82.7716
FUND34,2023-03-16,82.4789
FUND34,2023-03-17,83.6018
FUND34,2023-03-20,84.2199
FUND34,2023-03-21,85.0433
FUND34,2023-03-22,85.1405
FUND34,2023-03-23,84.735
FUND34,2023-03-24,85.2543
FUND34,2023-03-27,86.1239
FUND34,2023-03-28,85.8813
FUND34,2023-03-29,85.2964
FUND34,2023-03-30,86.7416
FUND34,2023-03-31,85.5837
FUND34,2023-04-03,87.3035
FUND34,2023-04-04,88.7147
FUND34,2023-04-05,88.1829
FUND34,2023-04-06,87.8956
FUND34,2023-04-07,88.3431
FUND34,2023-04-10,89.1998
FUND34,2023-04-11,90.0055
FUND34,2023-04-12,89.2186
FUND34,2023-04-13,90.8492
FUND34,2023-04-14,91.0147
FUND34,2023-04-17,90.7859
FUND34,2023-04-18,90.1779
FUND34,2023-04-19,89.8864
FUND34,2023-04-20,91.1213
FUND34,2023-04-21,90.144
FUND34,2023-04-24,90.6805
FUND34,2023-04-25,90.9879
FUND34,2023-04-26,93.5181
FUND34,2023-04-27,93.5458
FUND34,2023-04-28,92.8048
FUND34,2023-05-01,94.3045
FUND34,2023-05-02,95.6844
FUND34,2023-05-03,93.6226
FUND34,2023-05-04,94.463
FUND34,2023-05-05,95.18
FUND34,2023-05-08,95.2703
FUND34,2023-05-09,94.7506
FUND34,2023-05-10,92.6645
FUND34,2023-05-11,92.2126
FUND34,2023-05-12,92.7926
FUND34,2023-05-15,93.2185
FUND34,2023-05-16,91.063
FUND34,2023-05-17,90.6737
FUND34,2023-05-18,92.2964
FUND34,2023-05-19,93.3904
FUND34,2023-05-22,93.5939
FUND34,2023-05-23,92.178
FUND34,2023-05-24,94.5225
FUND34,2023-05-25,94.4767
FUND34,2023-05-26,95.1917
FUND34,2023-05-29,95.5384
FUND34,2023-05-30,95.0577
FUND34,2023-05-31,95.5937
FUND34,2023-06-01,94.8946
FUND34,2023-06-02,92.4408
FUND34,2023-06-05,93.4312
FUND34,2023-06-06,95.283
FUND34,2023-06-07,96.3613
FUND34,2023-06-08,97.1985
FUND34,2023-06-09,96.5367
FUND34,2023-06-12,97.3654
FUND34,2023-06-13,98.8522
FUND34,2023-06-14,96.6749
FUND34,2023-06-15,97.772
FUND34,2023-06-16,96.336
FUND34,2023-06-19,96.3585
FUND34,2023-06-20,95.9871
FUND34,2023-06-21,96.7995
FUND34,2023-06-22,97.1799
FUND34,2023-06-23,96.6306
FUND34,2023-06-26,96.8004
FUND34,2023-06-27,97.2026
FUND34,2023-06-28,97.4838
FUND34,2023-06-29,97.4796
FUND34,2023-06-30,97.1393
FUND34,2023-07-03,97.2049
FUND34,2023-07-04,98.1204
FUND34,2023-07-05,97.6094
FUND34,2023-07-06,96.9719
FUND34,2023-07-07,98.3945
FUND34,2023-07-10,96.5326
FUND34,2023-07-11,96.4806
FUND34,2023-07-12,96.7826
FUND34,2023-07-13,97.5998
FUND34,2023-07-14,97.9579
FUND34,2023-07-17,99.0501
FUND34,2023-07-18,99.1812
FUND34,2023-07-19,100.5456
FUND34,2023-07-20,101.4235
FUND34,2023-07-21,102.5652
FUND34,2023-07-24,101.7728
FUND34,2023-07-25,102.6131
FUND34,2023-07-26,102.0165
FUND34,2023-07-27,101.4437
FUND34,2023-07-28,100.9571
FUND34,2023-07-31,101.1201
FUND34,2023-08-01,100.3245
FUND34,2023-08-02,98.8286
FUND34,2023-08-03,99.9122
FUND34,2023-08-04,98.4997
FUND34,2023-08-07,99.2244
FUND34,2023-08-08,98.3059
FUND34,2023-08-09,101.0506
FUND34,2023-08-10,100.5462
FUND34,2023-08-11,102.2305
FUND34,2023-08-14,102.2644
FUND34,2023-08-15,101.6951
FUND34,2023-08-16,101.2999
FUND34,2023-08-17,101.0698
FUND34,2023-08-18,102.9406
FUND34,2023-08-21,102.2622
FUND34,2023-08-22,101.5836
FUND34,2023-08-23,101.1261
FUND34,2023-08-24,101.9862
FUND34,2023-08-25,102.341
FUND34,2023-08-28,103.613
FUND34,2023-08-29,104.3715
FUND34,2023-08-30,104.3904
FUND34,2023-08-31,103.9852
FUND34,2023-09-01,103.6351
FUND34,2023-09-04,103.9327
FUND34,2023-09-05,103.6611
FUND34,2023-09-06,102.7938
FUND34,2023-09-07,101.8866
FUND34,2023-09-08,100.7752
FUND34,2023-09-11,101.1257
FUND34,2023-09-12,101.3811
FUND34,2023-09-13,101.4912
FUND34,2023-09-14,99.6601
FUND34,2023-09-15,99.3734
FUND34,2023-09-18,98.3044
FUND34,2023-09-19,99.3223
FUND34,2023-09-20,100.4451
FUND34,2023-09-21,101.5817
FUND34,2023-09-22,102.8612
FUND34,2023-09-25,102.4701
FUND34,2023-09-26,102.848
FUND34,2023-09-27,103.9419
FUND34,2023-09-28,101.9462
FUND34,2023-09-29,102.2524
FUND34,2023-10-02,102.6589
FUND34,2023-10-03,103.0741
FUND34,2023-10-04,102.2646
FUND34,2023-10-05,101.9357
FUND34,2023-10-06,101.5376
FUND34,2023-10-09,101.9811
FUND34,2023-10-10,100.1938
FUND34,2023-10-11,99.3872
FUND34,2023-10-12,99.0547
FUND34,2023-10-13,99.8398
FUND34,2023-10-16,100.8538
FUND34,2023-10-17,100.137
FUND34,2023-10-18,99.3599
FUND34,2023-10-19,99.8911
FUND34,2023-10-20,98.4987
FUND34,2023-10-23,98.5584
FUND34,2023-10-24,98.4781
FUND34,2023-10-25,98.0637
FUND34,2023-10-26,97.9078
FUND34,2023-10-27,98.3865
FUND34,2023-10-30,97.1553
FUND34,2023-10-31,98.4576
FUND34,2023-11-01,97.996
FUND34,2023-11-02,96.445
FUND34,2023-11-03,96.5844
FUND34,2023-11-06,95.6602
FUND34,2023-11-07,95.3958
FUND34,2023-11-08,95.3
FUND34,2023-11-09,94.8393
FUND34,2023-11-10,97.2076
FUND34,2023-11-13,97.7291
FUND34,2023-11-14,96.6743
FUND34,2023-11-15,94.9696
FUND34,2023-11-16,94.9391
FUND34,2023-11-17,95.8394
FUND34,2023-11-20,95.4104
FUND34,2023-11-21,95.4924
FUND34,2023-11-22,95.957
FUND34,2023-11-23,94.8954
FUND34,2023-11-24,95.4373
FUND34,2023-11-27,95.3049
FUND34,2023-11-28,94.9104
FUND34,2023-11-29,95.5996
FUND34,2023-11-30,96.2394
FUND34,2023-12-01,97.6763
FUND34,2023-12-04,99.1162
FUND34,2023-12-05,99.5832
FUND34,2023-12-06,97.4383
FUND34,2023-12-07,97.3417
FUND34,2023-12-08,96.4745
FUND34,2023-12-11,95.3859
FUND34,2023-12-12,96.2381
FUND34,2023-12-13,97.3616
FUND34,2023-12-14,97.2549
FUND34,2023-12-15,97.3006
FUND34,2023-12-18,96.7923
FUND34,2023-12-19,97.3875
FUND34,2023-12-20,99.1057
FUND34,2023-12-21,99.4765
FUND34,2023-12-22,99.9127
FUND34,2023-12-25,99.3149
FUND34,2023-12-26,98.5826
FUND34,2023-12-27,99.0905
FUND34,2023-12-28,98.8112
FUND34,2023-12-29,99.9185
FUND34,2024-01-01,98.3029
FUND34,2024-01-02,98.8901
FUND34,2024-01-03,98.4883
FUND34,2024-01-04,97.3226
FUND34,2024-01-05,96.567
FUND34,2024-01-08,97.8901
FUND34,2024-01-09,99.8649
FUND34,2024-01-10,100.2168
FUND34,2024-01-11,98.5458
FUND34,2024-01-12,96.6842
FUND34,2024-01-15,96.0174
FUND34,2024-01-16,95.6546
FUND34,2024-01-17,94.6066
FUND34,2024-01-18,95.551
FUND34,2024-01-19,95.73
FUND34,2024-01-22,96.1894
FUND34,2024-01-23,95.2412
FUND34,2024-01-24,96.1415
FUND34,2024-01-25,95.1681
FUND34,2024-01-26,96.5609
FUND34,2024-01-29,96.8449
FUND34,2024-01-30,98.0961
FUND34,2024-01-31,96.0112
FUND34,2024-02-01,95.6605
FUND34,2024-02-02,93.9222
FUND34,2024-02-05,94.6468
FUND34,2024-02-06,93.886
FUND34,2024-02-07,95.1051
FUND34,2024-02-08,96.2526
FUND34,2024-02-09,95.6298
FUND34,2024-02-12,95.8671
FUND34,2024-02-13,95.6068
FUND34,2024-02-14,93.8574
FUND34,2024-02-15,95.401
FUND34,2024-02-16,95.0405
FUND34,2024-02-19,95.3444
FUND34,2024-02-20,97.015
FUND34,2024-02-21,96.2752
FUND34,2024-02-22,96.7369
FUND34,2024-02-23,96.8578
FUND34,2024-02-26,98.1654
FUND34,2024-02-27,99.1179
FUND34,2024-02-28,99.5117
FUND34,2024-02-29,100.4697
FUND34,2024-03-01,101.5272
FUND34,2024-03-04,101.0584
FUND34,2024-03-05,99.8869
FUND34,2024-03-06,99.185
FUND34,2024-03-07,97.3559
FUND34,2024-03-08,98.0586
FUND34,2024-03-11,98.1523
FUND34,2024-03-12,96.8916
FUND34,2024-03-13,96.9927
FUND34,2024-03-14,97.2245
FUND34,2024-03-15,96.5214
FUND34,2024-03-18,97.9818
FUND34,2024-03-19,97.8119
FUND34,2024-03-20,96.0071
FUND34,2024-03-21,94.4086
FUND34,2024-03-22,94.2522
FUND34,2024-03-25,94.4558
FUND34,2024-03-26,93.0321
FUND34,2024-03-27,91.021
FUND34,2024-03-28,90.2757
FUND34,2024-03-29,89.6488
FUND34,2024-04-01,89.3889
FUND34,2024-04-02,88.2095
FUND34,2024-04-03,87.5011
FUND34,2024-04-04,87.4637
FUND34,2024-04-05,89.0704
FUND34,2024-04-08,88.8691
FUND34,2024-04-09,86.7656
FUND34,2024-04-10,86.9168
FUND34,2024-04-11,87.8821
FUND34,2024-04-12,86.8781
FUND34,2024-04-15,86.5129
FUND34,2024-04-16,88.1391
FUND34,2024-04-17,86.7439
FUND34,2024-04-18,86.3047
FUND34,2024-04-19,86.6781
FUND34,2024-04-22,87.7572
FUND34,2024-04-23,88.1963
FUND34,2024-04-24,88.1936
FUND34,2024-04-25,87.8075
FUND34,2024-04-26,87.7399
FUND34,2024-04-29,86.8055
FUND34,2024-04-30,87.0929
FUND34,2024-05-01,86.5383
FUND34,2024-05-02,85.5772
FUND34,2024-05-03,85.5658
FUND34,2024-05-06,86.026
FUND34,2024-05-07,85.1355
FUND34,2024-05-08,85.3902
FUND34,2024-05-09,83.8767
FUND34,2024-05-10,83.3163
FUND34,2024-05-13,84.4523
FUND34,2024-05-14,85.5333
FUND34,2024-05-15,87.0053
FUND34,2024-05-16,86.2176
FUND34,2024-05-17,87.1915
FUND34,2024-05-20,86.591
FUND34,2024-05-21,85.5835
FUND34,2024-05-22,85.9809
FUND34,2024-05-23,85.6822
FUND34,2024-05-24,86.8421
FUND34,2024-05-27,86.1499
FUND34,2024-05-28,87.3605
FUND34,2024-05-29,86.5778
FUND34,2024-05-30,87.0888
FUND34,2024-05-31,87.5276
FUND34,2024-06-03,87.6007
FUND34,2024-06-04,88.2435
FUND34,2024-06-05,87.3518
FUND34,2024-06-06,87.8021
FUND34,2024-06-07,87.2744
FUND34,2024-06-10,88.2107
FUND34,2024-06-11,87.6568
FUND34,2024-06-12,89.6634
FUND34,2024-06-13,88.0374
FUND34,2024-06-14,88.9709
FUND34,2024-06-17,88.37
FUND34,2024-06-18,87.6454
FUND34,2024-06-19,87.0393
FUND34,2024-06-20,86.5455
FUND34,2024-06-21,86.1219
FUND34,2024-06-24,87.1293
FUND34,2024-06-25,86.5181
FUND34,2024-06-26,86.6592
FUND34,2024-06-27,86.5711
FUND34,2024-06-28,87.3628
FUND34,2024-07-01,86.7328
FUND34,2024-07-02,86.4425
FUND34,2024-07-03,87.1952
FUND34,2024-07-04,87.6341
FUND34,2024-07-05,88.3053
FUND34,2024-07-08,90.2958
FUND34,2024-07-09,89.9982
FUND34,2024-07-10,90.7817
FUND34,2024-07-11,91.0243
FUND34,2024-07-12,90.31
FUND34,2024-07-15,88.9856
FUND34,2024-07-16,87.6192
FUND34,2024-07-17,87.3698
FUND34,2024-07-18,86.4869
FUND34,2024-07-19,85.6351
FUND34,2024-07-22,85.4749
FUND34,2024-07-23,85.1698
FUND34,2024-07-24,87.3659
FUND34,2024-07-25,88.5369
FUND34,2024-07-26,89.0775
FUND34,2024-07-29,89.9789
FUND34,2024-07-30,89.8784
FUND34,2024-07-31,91.4673
FUND34,2024-08-01,90.1927
FUND34,2024-08-02,89.55
FUND34,2024-08-05,89.943
FUND34,2024-08-06,91.062
FUND34,2024-08-07,92.1332
FUND34,2024-08-08,93.1126
FUND34,2024-08-09,94.022
FUND34,2024-08-12,93.3757
FUND34,2024-08-13,93.4668
FUND34,2024-08-14,93.7314
FUND34,2024-08-15,95.0359
FUND34,2024-08-16,94.5971
FUND34,2024-08-19,95.2949
FUND34,2024-08-20,95.5337
FUND34,2024-08-21,93.9858
FUND34,2024-08-22,92.2854
FUND34,2024-08-23,93.0825
FUND34,2024-08-26,92.3934
FUND34,2024-08-27,91.827
FUND34,2024-08-28,91.3494
FUND34,2024-08-29,91.0261
FUND34,2024-08-30,90.7484
FUND34,2024-09-02,88.8761
FUND34,2024-09-03,90.9918
FUND34,2024-09-04,91.7327
FUND34,2024-09-05,91.1632
FUND34,2024-09-06,92.071
FUND34,2024-09-09,92.8209
FUND34,2024-09-10,94.4537
FUND34,2024-09-11,94.0371
FUND34,2024-09-12,94.4617
FUND34,2024-09-13,96.0339
FUND34,2024-09-16,96.4661
FUND34,2024-09-17,96.0292
FUND34,2024-09-18,97.0327
FUND34,2024-09-19,96.7218
FUND34,2024-09-20,96.3381
FUND34,2024-09-23,96.3063
FUND34,2024-09-24,96.8477
FUND34,2024-09-25,96.6834
FUND34,2024-09-26,97.9023
FUND34,2024-09-27,97.9404
FUND34,2024-09-30,97.188
FUND34,2024-10-01,96.9516
FUND34,2024-10-02,96.5252
FUND34,2024-10-03,95.7075
FUND34,2024-10-04,96.5725
FUND34,2024-10-07,95.5948
FUND34,2024-10-08,95.1899
FUND34,2024-10-09,95.2169
FUND34,2024-10-10,96.6335
FUND34,2024-10-11,97.0694
FUND34,2024-10-14,97.2521
FUND34,2024-10-15,96.5627
FUND34,2024-10-16,95.7909
FUND34,2024-10-17,95.9693
FUND34,2024-10-18,96.0563
FUND34,2024-10-21,96.7049
FUND34,2024-10-22,98.7526
FUND34,2024-10-23,98.4646
FUND34,2024-10-24,98.4055
FUND34,2024-10-25,99.6527
FUND34,2024-10-28,98.1581
FUND34,2024-10-29,97.5606
FUND34,2024-10-30,97.8901
FUND34,2024-10-31,98.2763
FUND34,2024-11-01,97.2117
FUND34,2024-11-04,96.0006
FUND34,2024-11-05,96.9735
FUND34,2024-11-06,97.7274
FUND34,2024-11-07,98.3262
FUND34,2024-11-08,98.3195
FUND34,2024-11-11,99.3771
FUND34,2024-11-12,100.1649
FUND34,2024-11-13,100.302
FUND34,2024-11-14,100.9204
FUND34,2024-11-15,101.7968
FUND34,2024-11-18,101.0633
FUND34,2024-11-19,100.4286
FUND34,2024-11-20,101.893
FUND34,2024-11-21,100.1467
FUND34,2024-11-22,100.6603
FUND34,2024-11-25,99.8353
FUND34,2024-11-26,99.5509
FUND34,2024-11-27,98.5326
FUND34,2024-11-28,99.4221
FUND34,2024-11-29,99.7459
FUND34,2024-12-02,100.4125
FUND34,2024-12-03,102.6251
FUND34,2024-12-04,103.1984
FUND34,2024-12-05,102.5864
FUND34,2024-12-06,102.2258
FUND34,2024-12-09,102.0804
FUND34,2024-12-10,101.5767
FUND34,2024-12-11,100.1875
FUND34,2024-12-12,100.6431
FUND34,2024-12-13,99.8869
FUND34,2024-12-16,98.6655
FUND34,2024-12-17,99.1914
FUND34,2024-12-18,98.5403
FUND34,2024-12-19,97.0224
FUND34,2024-12-20,96.901
FUND34,2024-12-23,97.1734
FUND34,2024-12-24,99.1735
FUND34,2024-12-25,99.0017
FUND34,2024-12-26,101.4939
FUND34,2024-12-27,100.7375
FUND34,2024-12-30,100.4752
FUND34,2024-12-31,98.6586
FUND34,2025-01-01,97.8878
FUND34,2025-01-02,96.8264
FUND34,2025-01-03,95.1312
FUND34,2025-01-06,94.5452
FUND34,2025-01-07,94.1372
FUND34,2025-01-08,93.3015
FUND34,2025-01-09,94.173
FUND34,2025-01-10,93.4123
FUND34,2025-01-13,93.9263
FUND34,2025-01-14,94.2738
FUND34,2025-01-15,94.6288
FUND34,2025-01-16,95.3426
FUND34,2025-01-17,96.2418
FUND34,2025-01-20,95.9837
FUND34,2025-01-21,94.9344
FUND34,2025-01-22,95.1507
FUND34,2025-01-23,94.9885
FUND34,2025-01-24,95.9527
FUND34,2025-01-27,94.804
FUND34,2025-01-28,95.2889
FUND34,2025-01-29,96.2167
FUND34,2025-01-30,94.7384
FUND34,2025-01-31,94.9843
FUND34,2025-02-03,94.7092
FUND34,2025-02-04,95.0024
FUND34,2025-02-05,93.8942
FUND34,2025-02-06,93.5735
FUND34,2025-02-07,93.4565
FUND34,2025-02-10,92.5106
FUND34,2025-02-11,92.5397
FUND34,2025-02-12,92.3593
FUND34,2025-02-13,92.6596
FUND34,2025-02-14,91.4801
FUND34,2025-02-17,90.9389
FUND34,2025-02-18,90.5205
FUND34,2025-02-19,92.0745
FUND34,2025-02-20,91.7051
FUND34,2025-02-21,91.4372
FUND34,2025-02-24,91.6082
FUND34,2025-02-25,92.0628
FUND34,2025-02-26,93.2085
FUND34,2025-02-27,92.6427
FUND34,2025-02-28,93.3709
FUND34,2025-03-03,94.8139
FUND34,2025-03-04,94.9449
FUND34,2025-03-05,93.8898
FUND34,2025-03-06,93.1159
FUND34,2025-03-07,92.1215
FUND34,2025-03-10,91.2239
FUND34,2025-03-11,91.4275
FUND34,2025-03-12,90.6881
FUND34,2025-03-13,91.093
FUND34,2025-03-14,90.3513
FUND34,2025-03-17,92.118
FUND34,2025-03-18,91.3313
FUND34,2025-03-19,91.4887
FUND34,2025-03-20,91.1457
FUND34,2025-03-21,92.3626
FUND34,2025-03-24,91.5806
FUND34,2025-03-25,90.5115
FUND34,2025-03-26,90.0837
FUND34,2025-03-27,89.5669
FUND34,2025-03-28,90.5497
FUND34,2025-03-31,90.5137
FUND34,2025-04-01,89.5603
FUND34,2025-04-02,89.8042
FUND34,2025-04-03,89.3971
FUND34,2025-04-04,90.2232
FUND34,2025-04-07,88.2912
FUND34,2025-04-08,87.5244
FUND34,2025-04-09,87.3385
FUND34,2025-04-10,85.8082
FUND34,2025-04-11,85.7505
FUND34,2025-04-14,86.9527
FUND34,2025-04-15,87.7932
FUND34,2025-04-16,87.2559
FUND34,2025-04-17,88.5497
FUND34,2025-04-18,88.169
FUND34,2025-04-21,88.0998
FUND34,2025-04-22,88.5575
FUND34,2025-04-23,88.8995
FUND34,2025-04-24,90.0859
FUND34,2025-04-25,87.3881
FUND34,2025-04-28,88.0135
FUND34,2025-04-29,87.8571
FUND34,2025-04-30,87.5592
FUND34,2025-05-01,88.7823
FUND34,2025-05-02,88.4531
FUND34,2025-05-05,86.8495
FUND34,2025-05-06,87.2987
FUND34,2025-05-07,87.4768
FUND34,2025-05-08,86.3605
FUND34,2025-05-09,86.3161
FUND34,2025-05-12,87.6107
FUND34,2025-05-13,88.1918
FUND34,2025-05-14,87.1013
FUND34,2025-05-15,86.8219
FUND34,2025-05-16,85.9626
FUND34,2025-05-19,86.9516
FUND34,2025-05-20,88.8034
FUND34,2025-05-21,87.8596
FUND34,2025-05-22,88.1162
FUND34,2025-05-23,87.8453
FUND34,2025-05-26,88.1354
FUND34,2025-05-27,87.5089
FUND34,2025-05-28,88.5967
FUND34,2025-05-29,88.5361
FUND34,2025-05-30,87.6006
FUND34,2025-06-02,88.5301
FUND34,2025-06-03,89.1887
FUND34,2025-06-04,89.8441
FUND34,2025-06-05,89.3038
FUND34,2025-06-06,89.6506
FUND34,2025-06-09,90.9699
FUND34,2025-06-10,92.05
FUND34,2025-06-11,93.5634
FUND34,2025-06-12,91.3032
FUND34,2025-06-13,90.8349
FUND34,2025-06-16,90.7956
FUND34,2025-06-17,90.9898
FUND34,2025-06-18,91.282
FUND34,2025-06-19,89.8763
FUND34,2025-06-20,90.3063
FUND34,2025-06-23,88.7287
FUND34,2025-06-24,87.6216
FUND34,2025-06-25,87.7797
FUND34,2025-06-26,88.2405
FUND34,2025-06-27,87.5889
FUND34,2025-06-30,86.4006
FUND34,2025-07-01,86.4441
FUND34,2025-07-02,86.0987
FUND34,2025-07-03,86.4352
FUND34,2025-07-04,87.3227
FUND34,2025-07-07,86.7517
FUND34,2025-07-08,87.8094
FUND34,2025-07-09,87.2143
FUND34,2025-07-10,87.6833
FUND34,2025-07-11,88.1176
FUND34,2025-07-14,88.4693
FUND34,2025-07-15,89.0463
FUND34,2025-07-16,88.97
FUND34,2025-07-17,87.5059
FUND34,2025-07-18,86.9639
FUND34,2025-07-21,86.3184
FUND34,2025-07-22,86.0796
FUND34,2025-07-23,87.0278
FUND34,2025-07-24,87.0682
FUND34,2025-07-25,88.6654
FUND34,2025-07-28,89.661
FUND34,2025-07-29,89.7015
FUND34,2025-07-30,89.6184
FUND34,2025-07-31,89.0208
FUND34,2025-08-01,90.3599
FUND34,2025-08-04,90.2461
FUND34,2025-08-05,88.7044
FUND34,2025-08-06,88.8691
FUND34,2025-08-07,89.2056
FUND34,2025-08-08,88.6726
FUND34,2025-08-11,88.4499
FUND34,2025-08-12,89.571
FUND34,2025-08-13,89.3709
FUND34,2025-08-14,88.3218
FUND34,2025-08-15,89.42
FUND34,2025-08-18,89.4425
FUND34,2025-08-19,89.9282
FUND34,2025-08-20,92.016
FUND34,2025-08-21,91.0067
FUND34,2025-08-22,92.1511
FUND34,2025-08-25,93.1842
FUND34,2025-08-26,93.4779
FUND34,2025-08-27,94.1554
FUND34,2025-08-28,95.8143
FUND34,2025-08-29,96.1796
FUND34,2025-09-01,96.4652
FUND34,2025-09-02,95.7095
FUND34,2025-09-03,96.9193
FUND34,2025-09-04,96.8369
FUND34,2025-09-05,96.6742
FUND34,2025-09-08,97.9784
FUND34,2025-09-09,99.016
FUND34,2025-09-10,100.0777
FUND34,2025-09-11,99.7438
FUND34,2025-09-12,100.0028
FUND34,2025-09-15,99.3185
FUND34,2025-09-16,100.569
FUND34,2025-09-17,100.8901
FUND34,2025-09-18,100.7673
FUND34,2025-09-19,100.2456
FUND34,2025-09-22,99.4752
FUND34,2025-09-23,99.3866
FUND34,2025-09-24,101.1656
FUND34,2025-09-25,102.4637
FUND34,2025-09-26,103.4553
FUND34,2025-09-29,104.9177
FUND34,2025-09-30,103.7488
FUND34,2025-10-01,105.1998
FUND34,2025-10-02,105.3787
FUND34,2025-10-03,106.7411
FUND34,2025-10-06,107.1661
FUND34,2025-10-07,105.8941
FUND34,2025-10-08,104.5001
FUND34,2025-10-09,105.0853
FUND34,2025-10-10,104.7426
FUND34,2025-10-13,105.352
FUND34,2025-10-14,101.523
FUND34,2025-10-15,103.4009
FUND34,2025-10-16,102.4473
FUND34,2025-10-17,103.6172
FUND34,2025-10-20,102.9189
FUND34,2025-10-21,103.9518
FUND34,2025-10-22,103.0361
FUND34,2025-10-23,103.7423
FUND34,2025-10-24,103.2905
FUND34,2025-10-27,103.5091
FUND34,2025-10-28,102.7974
FUND34,2025-10-29,102.6738
FUND34,2025-10-30,103.3372
FUND34,2025-10-31,103.7612
FUND34,2025-11-03,104.4174
FUND34,2025-11-04,102.6921
FUND34,2025-11-05,102.7868
FUND34,2025-11-06,101.4727
FUND34,2025-11-07,102.1114
FUND34,2025-11-10,102.4685
FUND34,2025-11-11,100.7855
FUND34,2025-11-12,99.5401
FUND34,2025-11-13,99.1885
FUND34,2025-11-14,100.3011
FUND34,2025-11-17,99.8702
FUND34,2025-11-18,101.1867
FUND34,2025-11-19,99.4968
FUND34,2025-11-20,100.344
FUND34,2025-11-21,101.1606
FUND34,2025-11-24,100.8269
FUND35,2023-01-02,48.1576
FUND35,2023-01-03,47.4077
FUND35,2023-01-04,47.301
FUND35,2023-01-05,48.5339
FUND35,2023-01-06,48.8396
FUND35,2023-01-09,49.6542
FUND35,2023-01-10,50.4094
FUND35,2023-01-11,50.3178
FUND35,2023-01-12,49.7803
FUND35,2023-01-13,48.8699
FUND35,2023-01-16,48.7395
FUND35,2023-01-17,48.461
FUND35,2023-01-18,48.0455
FUND35,2023-01-19,48.5836
FUND35,2023-01-20,48.9585
FUND35,2023-01-23,48.4696
FUND35,2023-01-24,49.0141
FUND35,2023-01-25,49.7929
FUND35,2023-01-26,48.4885
FUND35,2023-01-27,48.4076
FUND35,2023-01-30,47.7929
FUND35,2023-01-31,48.7915
FUND35,2023-02-01,48.6494
FUND35,2023-02-02,48.3689
FUND35,2023-02-03,48.2871
FUND35,2023-02-06,47.4497
FUND35,2023-02-07,48.1785
FUND35,2023-02-08,47.9591
FUND35,2023-02-09,48.0712
FUND35,2023-02-10,47.8506
FUND35,2023-02-13,47.0731
FUND35,2023-02-14,47.0704
FUND35,2023-02-15,46.2454
FUND35,2023-02-16,46.9672
FUND35,2023-02-17,47.6751
FUND35,2023-02-20,48.2303
FUND35,2023-02-21,47.696
FUND35,2023-02-22,46.6754
FUND35,2023-02-23,46.7865
FUND35,2023-02-24,46.5477
FUND35,2023-02-27,46.5186
FUND35,2023-02-28,47.2239
FUND35,2023-03-01,47.1328
FUND35,2023-03-02,47.4113
FUND35,2023-03-03,46.6732
FUND35,2023-03-06,47.4352
FUND35,2023-03-07,46.7495
FUND35,2023-03-08,46.3586
FUND35,2023-03-09,45.5882
FUND35,2023-03-10,45.3804
FUND35,2023-03-13,45.6553
FUND35,2023-03-14,46.0105
FUND35,2023-03-15,45.7524
FUND35,2023-03-16,45.5176
FUND35,2023-03-17,46.3028
FUND35,2023-03-20,46.2193
FUND35,2023-03-21,45.9053
FUND35,2023-03-22,46.0421
FUND35,2023-03-23,45.7643
FUND35,2023-03-24,45.4721
FUND35,2023-03-27,45.2825
FUND35,2023-03-28,45.5369
FUND35,2023-03-29,44.9744
FUND35,2023-03-30,45.5893
FUND35,2023-03-31,45.4242
FUND35,2023-04-03,46.4628
FUND35,2023-04-04,46.6546
FUND35,2023-04-05,46.818
FUND35,2023-04-06,46.9289
FUND35,2023-04-07,46.3888
FUND35,2023-04-10,47.0076
FUND35,2023-04-11,46.2163
FUND35,2023-04-12,46.0706
FUND35,2023-04-13,46.3659
FUND35,2023-04-14,46.6576
FUND35,2023-04-17,46.5455
FUND35,2023-04-18,47.266
FUND35,2023-04-19,47.1459
FUND35,2023-04-20,47.3726
FUND35,2023-04-21,47.6553
FUND35,2023-04-24,47.9972
FUND35,2023-04-25,47.4177
FUND35,2023-04-26,47.9596
FUND35,2023-04-27,48.3675
FUND35,2023-04-28,47.2863
FUND35,2023-05-01,47.7115
FUND35,2023-05-02,47.3798
FUND35,2023-05-03,47.5828
FUND35,2023-05-04,48.2796
FUND35,2023-05-05,48.7999
FUND35,2023-05-08,48.7264
FUND35,2023-05-09,49.3163
FUND35,2023-05-10,49.7696
FUND35,2023-05-11,50.0364
FUND35,2023-05-12,50.1471
FUND35,2023-05-15,50.2681
FUND35,2023-05-16,50.958
FUND35,2023-05-17,51.3277
FUND35,2023-05-18,51.3754
FUND35,2023-05-19,51.7896
FUND35,2023-05-22,51.8036
FUND35,2023-05-23,52.0167
FUND35,2023-05-24,52.3208
FUND35,2023-05-25,52.5456
FUND35,2023-05-26,52.7529
FUND35,2023-05-29,53.0991
FUND35,2023-05-30,52.8657
FUND35,2023-05-31,53.1223
FUND35,2023-06-01,52.0722
FUND35,2023-06-02,52.0511
FUND35,2023-06-05,51.7451
FUND35,2023-06-06,52.0404
FUND35,2023-06-07,52.2073
FUND35,2023-06-08,52.1534
FUND35,2023-06-09,50.7516
FUND35,2023-06-12,50.0943
FUND35,2023-06-13,49.8238
FUND35,2023-06-14,49.372
FUND35,2023-06-15,49.8818
FUND35,2023-06-16,50.3053
FUND35,2023-06-19,50.4153
FUND35,2023-06-20,49.9655
FUND35,2023-06-21,49.9688
FUND35,2023-06-22,49.521
FUND35,2023-06-23,48.8384
FUND35,2023-06-26,48.9444
FUND35,2023-06-27,48.9087
FUND35,2023-06-28,48.7737
FUND35,2023-06-29,47.7469
FUND35,2023-06-30,48.3811
FUND35,2023-07-03,48.2714
FUND35,2023-07-04,48.3033
FUND35,2023-07-05,47.4428
FUND35,2023-07-06,47.2153
FUND35,2023-07-07,47.1276
FUND35,2023-07-10,47.2495
FUND35,2023-07-11,47.1091
FUND35,2023-07-12,47.6654
FUND35,2023-07-13,47.8275
FUND35,2023-07-14,47.5475
FUND35,2023-07-17,47.7101
FUND35,2023-07-18,48.6206
FUND35,2023-07-19,49.1433
FUND35,2023-07-20,49.9781
FUND35,2023-07-21,49.5087
FUND35,2023-07-24,48.8159
FUND35,2023-07-25,48.8256
FUND35,2023-07-26,49.3713
FUND35,2023-07-27,49.2064
FUND35,2023-07-28,49.8608
FUND35,2023-07-31,50.0109
FUND35,2023-08-01,50.1113
FUND35,2023-08-02,49.9918
FUND35,2023-08-03,49.2831
FUND35,2023-08-04,49.4046
FUND35,2023-08-07,50.175
FUND35,2023-08-08,49.3731
FUND35,2023-08-09,50.1111
FUND35,2023-08-10,50.3281
FUND35,2023-08-11,49.7373
FUND35,2023-08-14,50.5397
FUND35,2023-08-15,50.3985
FUND35,2023-08-16,50.434
FUND35,2023-08-17,49.7437
FUND35,2023-08-18,49.8093
FUND35,2023-08-21,50.1015
FUND35,2023-08-22,50.8267
FUND35,2023-08-23,49.2162
FUND35,2023-08-24,49.0644
FUND35,2023-08-25,48.4641
FUND35,2023-08-28,48.3936
FUND35,2023-08-29,48.1992
FUND35,2023-08-30,49.0985
FUND35,2023-08-31,49.5405
FUND35,2023-09-01,49.3613
FUND35,2023-09-04,49.3118
FUND35,2023-09-05,48.8519
FUND35,2023-09-06,49.2507
FUND35,2023-09-07,48.8015
FUND35,2023-09-08,48.5725
FUND35,2023-09-11,48.9924
FUND35,2023-09-12,49.0504
FUND35,2023-09-13,49.4057
FUND35,2023-09-14,49.7355
FUND35,2023-09-15,49.7817
FUND35,2023-09-18,50.4828
FUND35,2023-09-19,50.1867
FUND35,2023-09-20,49.836
FUND35,2023-09-21,50.5194
FUND35,2023-09-22,51.3355
FUND35,2023-09-25,51.8634
FUND35,2023-09-26,51.7432
FUND35,2023-09-27,52.095
FUND35,2023-09-28,52.1354
FUND35,2023-09-29,51.4191
FUND35,2023-10-02,51.838
FUND35,2023-10-03,51.8989
FUND35,2023-10-04,51.2796
FUND35,2023-10-05,50.8254
FUND35,2023-10-06,50.8275
FUND35,2023-10-09,50.8481
FUND35,2023-10-10,50.9531
FUND35,2023-10-11,51.7544
FUND35,2023-10-12,50.9003
FUND35,2023-10-13,51.0319
FUND35,2023-10-16,51.9334
FUND35,2023-10-17,51.7137
FUND35,2023-10-18,52.0218
FUND35,2023-10-19,51.6197
FUND35,2023-10-20,51.6433
FUND35,2023-10-23,51.3814
FUND35,2023-10-24,50.7646
FUND35,2023-10-25,51.2465
FUND35,2023-10-26,51.5388
FUND35,2023-10-27,50.5592
FUND35,2023-10-30,50.9239
FUND35,2023-10-31,50.8584
FUND35,2023-11-01,51.0798
FUND35,2023-11-02,50.6837
FUND35,2023-11-03,51.7621
FUND35,2023-11-06,51.5362
FUND35,2023-11-07,51.8196
FUND35,2023-11-08,51.6789
FUND35,2023-11-09,51.2717
FUND35,2023-11-10,51.6049
FUND35,2023-11-13,51.6878
FUND35,2023-11-14,51.8603
FUND35,2023-11-15,51.9721
FUND35,2023-11-16,52.0846
FUND35,2023-11-17,51.9095
FUND35,2023-11-20,52.2706
FUND35,2023-11-21,52.0972
FUND35,2023-11-22,52.5278
FUND35,2023-11-23,52.8043
FUND35,2023-11-24,52.0948
FUND35,2023-11-27,52.0671
FUND35,2023-11-28,51.9199
FUND35,2023-11-29,51.31
FUND35,2023-11-30,51.7024
FUND35,2023-12-01,51.7628
FUND35,2023-12-04,52.1619
FUND35,2023-12-05,51.2293
FUND35,2023-12-06,50.6929
FUND35,2023-12-07,50.8938
FUND35,2023-12-08,49.9282
FUND35,2023-12-11,50.0037
FUND35,2023-12-12,49.9339
FUND35,2023-12-13,49.6575
FUND35,2023-12-14,49.3609
FUND35,2023-12-15,49.8704
FUND35,2023-12-18,50.7803
FUND35,2023-12-19,50.2261
FUND35,2023-12-20,50.1716
FUND35,2023-12-21,50.4521
FUND35,2023-12-22,51.1415
FUND35,2023-12-25,50.7521
FUND35,2023-12-26,51.0081
FUND35,2023-12-27,51.0476
FUND35,2023-12-28,50.5864
FUND35,2023-12-29,51.0127
FUND35,2024-01-01,51.1274
FUND35,2024-01-02,51.8777
FUND35,2024-01-03,51.4839
FUND35,2024-01-04,51.3636
FUND35,2024-01-05,51.4311
FUND35,2024-01-08,51.9679
FUND35,2024-01-09,51.9528
FUND35,2024-01-10,52.8535
FUND35,2024-01-11,51.9346
FUND35,2024-01-12,52.2492
FUND35,2024-01-15,51.2776
FUND35,2024-01-16,51.5803
FUND35,2024-01-17,51.4465
FUND35,2024-01-18,51.5509
FUND35,2024-01-19,51.3053
FUND35,2024-01-22,51.5742
FUND35,2024-01-23,51.0315
FUND35,2024-01-24,52.1895
FUND35,2024-01-25,52.8848
FUND35,2024-01-26,51.9019
FUND35,2024-01-29,52.1079
FUND35,2024-01-30,51.5967
FUND35,2024-01-31,50.9774
FUND35,2024-02-01,50.2788
FUND35,2024-02-02,50.7043
FUND35,2024-02-05,50.1353
FUND35,2024-02-06,49.8065
FUND35,2024-02-07,49.9012
FUND35,2024-02-08,49.9767
FUND35,2024-02-09,50.3162
FUND35,2024-02-12,49.8905
FUND35,2024-02-13,49.6723
FUND35,2024-02-14,50.0815
FUND35,2024-02-15,49.4083
FUND35,2024-02-16,49.0276
FUND35,2024-02-19,49.7679
FUND35,2024-02-20,48.4139
FUND35,2024-02-21,48.4461
FUND35,2024-02-22,48.9167
FUND35,2024-02-23,48.9329
FUND35,2024-02-26,49.0404
FUND35,2024-02-27,48.6649
FUND35,2024-02-28,48.5807
FUND35,2024-02-29,49.1977
FUND35,2024-03-01,49.6305
FUND35,2024-03-04,49.775
FUND35,2024-03-05,50.1793
FUND35,2024-03-06,49.8277
FUND35,2024-03-07,50.1663
FUND35,2024-03-08,49.2873
FUND35,2024-03-11,47.8667
FUND35,2024-03-12,47.5221
FUND35,2024-03-13,46.8457
FUND35,2024-03-14,47.4746
FUND35,2024-03-15,47.6632
FUND35,2024-03-18,47.4605
FUND35,2024-03-19,48.0927
FUND35,2024-03-20,48.3279
FUND35,2024-03-21,48.9475
FUND35,2024-03-22,48.1442
FUND35,2024-03-25,47.7733
FUND35,2024-03-26,48.2867
FUND35,2024-03-27,48.9841
FUND35,2024-03-28,48.4546
FUND35,2024-03-29,48.2794
FUND35,2024-04-01,48.4345
FUND35,2024-04-02,48.8985
FUND35,2024-04-03,49.28
FUND35,2024-04-04,49.866
FUND35,2024-04-05,49.8741
FUND35,2024-04-08,49.717
FUND35,2024-04-09,50.2558
FUND35,2024-04-10,50.0833
FUND35,2024-04-11,50.9117
FUND35,2024-04-12,50.4533
FUND35,2024-04-15,50.7599
FUND35,2024-04-16,49.9019
FUND35,2024-04-17,49.8692
FUND35,2024-04-18,50.1858
FUND35,2024-04-19,50.6212
FUND35,2024-04-22,50.2795
FUND35,2024-04-23,50.1176
FUND35,2024-04-24,49.5231
FUND35,2024-04-25,50.5604
FUND35,2024-04-26,50.2332
FUND35,2024-04-29,49.5024
FUND35,2024-04-30,48.9425
FUND35,2024-05-01,48.6524
FUND35,2024-05-02,48.6475
FUND35,2024-05-03,49.4141
FUND35,2024-05-06,48.9974
FUND35,2024-05-07,48.9486
FUND35,2024-05-08,48.1677
FUND35,2024-05-09,48.6588
FUND35,2024-05-10,48.2214
FUND35,2024-05-13,48.6942
FUND35,2024-05-14,47.8292
FUND35,2024-05-15,47.2415
FUND35,2024-05-16,47.9887
FUND35,2024-05-17,47.8022
FUND35,2024-05-20,47.5534
FUND35,2024-05-21,47.766
FUND35,2024-05-22,48.1259
FUND35,2024-05-23,48.52
FUND35,2024-05-24,48.4302
FUND35,2024-05-27,48.4239
FUND35,2024-05-28,48.5123
FUND35,2024-05-29,48.0243
FUND35,2024-05-30,47.5636
FUND35,2024-05-31,47.7844
FUND35,2024-06-03,47.375
FUND35,2024-06-04,47.1043
FUND35,2024-06-05,47.1482
FUND35,2024-06-06,46.8608
FUND35,2024-06-07,46.0911
FUND35,2024-06-10,45.7802
FUND35,2024-06-11,46.009
FUND35,2024-06-12,46.2946
FUND35,2024-06-13,46.0364
FUND35,2024-06-14,46.1235
FUND35,2024-06-17,46.1309
FUND35,2024-06-18,45.3864
FUND35,2024-06-19,44.7839
FUND35,2024-06-20,45.0413
FUND35,2024-06-21,46.0022
FUND35,2024-06-24,46.5979
FUND35,2024-06-25,46.7086
FUND35,2024-06-26,45.3534
FUND35,2024-06-27,45.7927
FUND35,2024-06-28,46.227
FUND35,2024-07-01,45.9973
FUND35,2024-07-02,46.1699
FUND35,2024-07-03,46.3248
FUND35,2024-07-04,45.9003
FUND35,2024-07-05,46.5803
FUND35,2024-07-08,46.4706
FUND35,2024-07-09,46.6535
FUND35,2024-07-10,46.9546
FUND35,2024-07-11,47.0656
FUND35,2024-07-12,47.8027
FUND35,2024-07-15,47.859
FUND35,2024-07-16,47.7363
FUND35,2024-07-17,48.1765
FUND35,2024-07-18,48.7273
FUND35,2024-07-19,49.0922
FUND35,2024-07-22,48.9632
FUND35,2024-07-23,48.3727
FUND35,2024-07-24,48.9874
FUND35,2024-07-25,49.4218
FUND35,2024-07-26,48.5041
FUND35,2024-07-29,49.1377
FUND35,2024-07-30,48.1301
FUND35,2024-07-31,47.1625
FUND35,2024-08-01,48.1368
FUND35,2024-08-02,48.1492
FUND35,2024-08-05,48.5231
FUND35,2024-08-06,48.977
FUND35,2024-08-07,48.7637
FUND35,2024-08-08,48.6523
FUND35,2024-08-09,48.8965
FUND35,2024-08-12,48.6006
FUND35,2024-08-13,49.1371
FUND35,2024-08-14,48.5083
FUND35,2024-08-15,49.0665
FUND35,2024-08-16,48.9251
FUND35,2024-08-19,48.8332
FUND35,2024-08-20,48.5026
FUND35,2024-08-21,48.5205
FUND35,2024-08-22,48.5188
FUND35,2024-08-23,48.4011
FUND35,2024-08-26,48.6439
FUND35,2024-08-27,47.7362
FUND35,2024-08-28,47.7121
FUND35,2024-08-29,48.3247
FUND35,2024-08-30,48.5608
FUND35,2024-09-02,48.2058
FUND35,2024-09-03,47.4184
FUND35,2024-09-04,47.2863
FUND35,2024-09-05,47.1961
FUND35,2024-09-06,47.4143
FUND35,2024-09-09,48.0928
FUND35,2024-09-10,47.963
FUND35,2024-09-11,48.047
FUND35,2024-09-12,47.5006
FUND35,2024-09-13,47.8161
FUND35,2024-09-16,47.8645
FUND35,2024-09-17,47.6534
FUND35,2024-09-18,48.0151
FUND35,2024-09-19,48.581
FUND35,2024-09-20,49.2938
FUND35,2024-09-23,48.7299
FUND35,2024-09-24,49.9352
FUND35,2024-09-25,48.6372
FUND35,2024-09-26,49.4883
FUND35,2024-09-27,49.9817
FUND35,2024-09-30,49.9267
FUND35,2024-10-01,50.1367
FUND35,2024-10-02,49.6271
FUND35,2024-10-03,50.4307
FUND35,2024-10-04,49.5107
FUND35,2024-10-07,48.8757
FUND35,2024-10-08,48.6902
FUND35,2024-10-09,48.2612
FUND35,2024-10-10,48.4511
FUND35,2024-10-11,48.421
FUND35,2024-10-14,48.3247
FUND35,2024-10-15,48.1498
FUND35,2024-10-16,47.0218
FUND35,2024-10-17,47.225
FUND35,2024-10-18,47.5658
FUND35,2024-10-21,48.0789
FUND35,2024-10-22,48.3589
FUND35,2024-10-23,48.5636
FUND35,2024-10-24,48.4713
FUND35,2024-10-25,49.526
FUND35,2024-10-28,49.3504
FUND35,2024-10-29,48.2027
FUND35,2024-10-30,47.776
FUND35,2024-10-31,48.8403
FUND35,2024-11-01,48.3122
FUND35,2024-11-04,48.457
FUND35,2024-11-05,47.7871
FUND35,2024-11-06,47.297
FUND35,2024-11-07,47.1952
FUND35,2024-11-08,46.6914
FUND35,2024-11-11,46.6395
FUND35,2024-11-12,47.1613
FUND35,2024-11-13,46.9169
FUND35,2024-11-14,47.19
FUND35,2024-11-15,48.0235
FUND35,2024-11-18,48.817
FUND35,2024-11-19,49.2513
FUND35,2024-11-20,49.5
FUND35,2024-11-21,48.9324
FUND35,2024-11-22,49.0517
FUND35,2024-11-25,48.7948
FUND35,2024-11-26,49.0524
FUND35,2024-11-27,48.5794
FUND35,2024-11-28,48.369
FUND35,2024-11-29,47.9841
FUND35,2024-12-02,47.8578
FUND35,2024-12-03,48.3663
FUND35,2024-12-04,48.4767
FUND35,2024-12-05,49.3194
FUND35,2024-12-06,48.7877
FUND35,2024-12-09,48.6688
FUND35,2024-12-10,48.6057
FUND35,2024-12-11,48.6543
FUND35,2024-12-12,48.8094
FUND35,2024-12-13,48.9076
FUND35,2024-12-16,48.5239
FUND35,2024-12-17,48.4843
FUND35,2024-12-18,48.4057
FUND35,2024-12-19,48.1848
FUND35,2024-12-20,48.9344
FUND35,2024-12-23,49.0637
FUND35,2024-12-24,49.0085
FUND35,2024-12-25,48.3325
FUND35,2024-12-26,49.1343
FUND35,2024-12-27,49.1837
FUND35,2024-12-30,48.8048
FUND35,2024-12-31,48.864
FUND35,2025-01-01,49.0664
FUND35,2025-01-02,49.0386
FUND35,2025-01-03,48.9789
FUND35,2025-01-06,49.5757
FUND35,2025-01-07,50.2488
FUND35,2025-01-08,51.0419
FUND35,2025-01-09,52.0056
FUND35,2025-01-10,52.4719
FUND35,2025-01-13,52.441
FUND35,2025-01-14,53.0113
FUND35,2025-01-15,53.3716
FUND35,2025-01-16,53.0751
FUND35,2025-01-17,53.0498
FUND35,2025-01-20,52.167
FUND35,2025-01-21,51.8744
FUND35,2025-01-22,52.3229
FUND35,2025-01-23,52.1168
FUND35,2025-01-24,51.6382
FUND35,2025-01-27,51.5165
FUND35,2025-01-28,52.4949
FUND35,2025-01-29,52.6342
FUND35,2025-01-30,53.4988
FUND35,2025-01-31,54.1522
FUND35,2025-02-03,54.4143
FUND35,2025-02-04,54.4973
FUND35,2025-02-05,54.0837
FUND35,2025-02-06,52.8916
FUND35,2025-02-07,52.5944
FUND35,2025-02-10,52.6605
FUND35,2025-02-11,52.7741
FUND35,2025-02-12,53.4204
FUND35,2025-02-13,53.3267
FUND35,2025-02-14,52.2176
FUND35,2025-02-17,52.2975
FUND35,2025-02-18,52.1947
FUND35,2025-02-19,51.8921
FUND35,2025-02-20,51.2006
FUND35,2025-02-21,51.074
FUND35,2025-02-24,50.2964
FUND35,2025-02-25,50.7275
FUND35,2025-02-26,51.0607
FUND35,2025-02-27,50.7477
FUND35,2025-02-28,51.069
FUND35,2025-03-03,51.0611
FUND35,2025-03-04,51.4824
FUND35,2025-03-05,51.9576
FUND35,2025-03-06,51.9053
FUND35,2025-03-07,52.6965
FUND35,2025-03-10,52.2822
FUND35,2025-03-11,52.9949
FUND35,2025-03-12,52.6043
FUND35,2025-03-13,52.2374
FUND35,2025-03-14,52.4
FUND35,2025-03-17,52.5224
FUND35,2025-03-18,52.9917
FUND35,2025-03-19,53.3748
FUND35,2025-03-20,52.613
FUND35,2025-03-21,52.0033
FUND35,2025-03-24,51.7625
FUND35,2025-03-25,51.8243
FUND35,2025-03-26,51.503
FUND35,2025-03-27,51.2157
FUND35,2025-03-28,51.1073
FUND35,2025-03-31,51.0722
FUND35,2025-04-01,51.2758
FUND35,2025-04-02,51.0675
FUND35,2025-04-03,51.0226
FUND35,2025-04-04,50.588
FUND35,2025-04-07,50.6784
FUND35,2025-04-08,51.497
FUND35,2025-04-09,52.0803
FUND35,2025-04-10,52.0059
FUND35,2025-04-11,52.4486
FUND35,2025-04-14,52.492
FUND35,2025-04-15,52.3174
FUND35,2025-04-16,52.0746
FUND35,2025-04-17,51.6402
FUND35,2025-04-18,51.742
FUND35,2025-04-21,52.3709
FUND35,2025-04-22,53.3751
FUND35,2025-04-23,52.6467
FUND35,2025-04-24,53.8075
FUND35,2025-04-25,53.4923
FUND35,2025-04-28,53.1487
FUND35,2025-04-29,53.0622
FUND35,2025-04-30,53.3411
FUND35,2025-05-01,53.0452
FUND35,2025-05-02,53.2354
FUND35,2025-05-05,52.8147
FUND35,2025-05-06,52.5015
FUND35,2025-05-07,52.4718
FUND35,2025-05-08,52.8125
FUND35,2025-05-09,53.7648
FUND35,2025-05-12,53.9138
FUND35,2025-05-13,53.3124
FUND35,2025-05-14,54.4216
FUND35,2025-05-15,54.1078
FUND35,2025-05-16,55.151
FUND35,2025-05-19,56.5964
FUND35,2025-05-20,56.5865
FUND35,2025-05-21,57.0311
FUND35,2025-05-22,56.8234
FUND35,2025-05-23,57.2541
FUND35,2025-05-26,56.3004
FUND35,2025-05-27,56.051
FUND35,2025-05-28,55.924
FUND35,2025-05-29,56.4756
FUND35,2025-05-30,57.0685
FUND35,2025-06-02,56.396
FUND35,2025-06-03,56.3565
FUND35,2025-06-04,56.2698
FUND35,2025-06-05,55.9776
FUND35,2025-06-06,55.2272
FUND35,2025-06-09,54.1493
FUND35,2025-06-10,55.3563
FUND35,2025-06-11,55.1464
FUND35,2025-06-12,55.1254
FUND35,2025-06-13,54.7625
FUND35,2025-06-16,55.3144
FUND35,2025-06-17,55.0798
FUND35,2025-06-18,55.2688
FUND35,2025-06-19,54.6943
FUND35,2025-06-20,55.0393
FUND35,2025-06-23,54.7886
FUND35,2025-06-24,54.9918
FUND35,2025-06-25,55.4632
FUND35,2025-06-26,55.1519
FUND35,2025-06-27,54.8214
FUND35,2025-06-30,54.4675
FUND35,2025-07-01,55.5912
FUND35,2025-07-02,55.2971
FUND35,2025-07-03,55.2935
FUND35,2025-07-04,55.857
FUND35,2025-07-07,55.8066
FUND35,2025-07-08,55.3438
FUND35,2025-07-09,55.4527
FUND35,2025-07-10,54.7656
FUND35,2025-07-11,55.2786
FUND35,2025-07-14,54.9025
FUND35,2025-07-15,56.0218
FUND35,2025-07-16,56.5963
FUND35,2025-07-17,56.0275
FUND35,2025-07-18,56.4545
FUND35,2025-07-21,55.8237
FUND35,2025-07-22,55.01
FUND35,2025-07-23,54.6426
FUND35,2025-07-24,54.8621
FUND35,2025-07-25,56.1365
FUND35,2025-07-28,55.6916
FUND35,2025-07-29,55.0937
FUND35,2025-07-30,55.5656
FUND35,2025-07-31,56.0436
FUND35,2025-08-01,57.0136
FUND35,2025-08-04,55.9606
FUND35,2025-08-05,55.3731
FUND35,2025-08-06,54.7801
FUND35,2025-08-07,54.7467
FUND35,2025-08-08,54.7508
FUND35,2025-08-11,55.5593
FUND35,2025-08-12,55.9393
FUND35,2025-08-13,55.3441
FUND35,2025-08-14,55.4468
FUND35,2025-08-15,56.272
FUND35,2025-08-18,57.1345
FUND35,2025-08-19,56.4452
FUND35,2025-08-20,56.9654
FUND35,2025-08-21,58.055
FUND35,2025-08-22,57.8806
FUND35,2025-08-25,58.2333
FUND35,2025-08-26,58.5917
FUND35,2025-08-27,58.7153
FUND35,2025-08-28,58.8776
FUND35,2025-08-29,58.2391
FUND35,2025-09-01,58.6859
FUND35,2025-09-02,59.6568
FUND35,2025-09-03,60.0236
FUND35,2025-09-04,59.9672
FUND35,2025-09-05,59.5434
FUND35,2025-09-08,60.3569
FUND35,2025-09-09,58.97
FUND35,2025-09-10,59.7618
FUND35,2025-09-11,59.3311
FUND35,2025-09-12,59.6312
FUND35,2025-09-15,60.0239
FUND35,2025-09-16,60.338
FUND35,2025-09-17,60.2755
FUND35,2025-09-18,59.2385
FUND35,2025-09-19,59.5471
FUND35,2025-09-22,58.5491
FUND35,2025-09-23,59.3668
FUND35,2025-09-24,59.3236
FUND35,2025-09-25,60.8578
FUND35,2025-09-26,60.5244
FUND35,2025-09-29,61.2548
FUND35,2025-09-30,61.59
FUND35,2025-10-01,60.4057
FUND35,2025-10-02,59.9586
FUND35,2025-10-03,59.456
FUND35,2025-10-06,60.0655
FUND35,2025-10-07,60.6877
FUND35,2025-10-08,61.0123
FUND35,2025-10-09,62.7138
FUND35,2025-10-10,61.3654
FUND35,2025-10-13,60.2689
FUND35,2025-10-14,60.153
FUND35,2025-10-15,61.2566
FUND35,2025-10-16,61.7082
FUND35,2025-10-17,62.436
FUND35,2025-10-20,61.7103
FUND35,2025-10-21,60.8652
FUND35,2025-10-22,61.7553
FUND35,2025-10-23,61.5895
FUND35,2025-10-24,61.3468
FUND35,2025-10-27,61.9551
FUND35,2025-10-28,61.1772
FUND35,2025-10-29,61.6909
FUND35,2025-10-30,61.9867
FUND35,2025-10-31,60.9547
FUND35,2025-11-03,61.4857
FUND35,2025-11-04,61.8078
FUND35,2025-11-05,61.9279
FUND35,2025-11-06,61.874
FUND35,2025-11-07,62.2332
FUND35,2025-11-10,62.8475
FUND35,2025-11-11,63.7664
FUND35,2025-11-12,63.2632
FUND35,2025-11-13,62.2354
FUND35,2025-11-14,62.5104
FUND35,2025-11-17,62.4762
FUND35,2025-11-18,62.5684
FUND35,2025-11-19,62.543
FUND35,2025-11-20,62.2432
FUND35,2025-11-21,61.5353
FUND35,2025-11-24,61.267
FUND36,2023-01-02,48.1852
FUND36,2023-01-03,48.7107
FUND36,2023-01-04,48.5073
FUND36,2023-01-05,48.2375
FUND36,2023-01-06,47.7739
FUND36,2023-01-09,47.9579
FUND36,2023-01-10,48.3685
FUND36,2023-01-11,47.812
FUND36,2023-01-12,47.5728
FUND36,2023-01-13,48.1914
FUND36,2023-01-16,49.1747
FUND36,2023-01-17,49.5388
FUND36,2023-01-18,49.726
FUND36,2023-01-19,50.0692
FUND36,2023-01-20,49.6625
FUND36,2023-01-23,50.0079
FUND36,2023-01-24,50.4889
FUND36,2023-01-25,51.0953
FUND36,2023-01-26,51.5956
FUND36,2023-01-27,51.8195
FUND36,2023-01-30,52.6877
FUND36,2023-01-31,52.4475
FUND36,2023-02-01,52.4109
FUND36,2023-02-02,53.0725
FUND36,2023-02-03,52.8034
FUND36,2023-02-06,52.547
FUND36,2023-02-07,52.6555
FUND36,2023-02-08,53.3228
FUND36,2023-02-09,53.0171
FUND36,2023-02-10,52.844
FUND36,2023-02-13,53.3647
FUND36,2023-02-14,52.7535
FUND36,2023-02-15,52.3256
FUND36,2023-02-16,51.5025
FUND36,2023-02-17,51.722
FUND36,2023-02-20,51.0466
FUND36,2023-02-21,51.3222
FUND36,2023-02-22,51.831
FUND36,2023-02-23,51.7144
FUND36,2023-02-24,51.3413
FUND36,2023-02-27,51.6596
FUND36,2023-02-28,52.5427
FUND36,2023-03-01,52.6782
FUND36,2023-03-02,52.5141
FUND36,2023-03-03,52.5649
FUND36,2023-03-06,52.694
FUND36,2023-03-07,52.3366
FUND36,2023-03-08,52.4155
FUND36,2023-03-09,52.4583
FUND36,2023-03-10,53.5312
FUND36,2023-03-13,53.4966
FUND36,2023-03-14,53.3866
FUND36,2023-03-15,53.9376
FUND36,2023-03-16,53.9251
FUND36,2023-03-17,54.2115
FUND36,2023-03-20,54.4338
FUND36,2023-03-21,54.315
FUND36,2023-03-22,54.9009
FUND36,2023-03-23,54.92
FUND36,2023-03-24,55.6763
FUND36,2023-03-27,55.3856
FUND36,2023-03-28,55.3404
FUND36,2023-03-29,55.5016
FUND36,2023-03-30,55.2637
FUND36,2023-03-31,55.3235
FUND36,2023-04-03,55.8314
FUND36,2023-04-04,55.7766
FUND36,2023-04-05,55.9915
FUND36,2023-04-06,56.4018
FUND36,2023-04-07,56.5556
FUND36,2023-04-10,56.7504
FUND36,2023-04-11,56.9608
FUND36,2023-04-12,57.8134
FUND36,2023-04-13,57.9993
FUND36,2023-04-14,57.7008
FUND36,2023-04-17,58.113
FUND36,2023-04-18,57.5316
FUND36,2023-04-19,57.4341
FUND36,2023-04-20,57.9134
FUND36,2023-04-21,56.6846
FUND36,2023-04-24,56.5282
FUND36,2023-04-25,58.3787
FUND36,2023-04-26,58.7099
FUND36,2023-04-27,58.8482
FUND36,2023-04-28,59.6826
FUND36,2023-05-01,59.0966
FUND36,2023-05-02,58.5334
FUND36,2023-05-03,57.401
FUND36,2023-05-04,57.2773
FUND36,2023-05-05,57.4406
FUND36,2023-05-08,57.219
FUND36,2023-05-09,57.0836
FUND36,2023-05-10,57.5217
FUND36,2023-05-11,56.5899
FUND36,2023-05-12,56.8844
FUND36,2023-05-15,57.203
FUND36,2023-05-16,57.2842
FUND36,2023-05-17,57.1849
FUND36,2023-05-18,56.5842
FUND36,2023-05-19,56.6746
FUND36,2023-05-22,55.8427
FUND36,2023-05-23,55.3623
FUND36,2023-05-24,55.7635
FUND36,2023-05-25,55.0443
FUND36,2023-05-26,55.9112
FUND36,2023-05-29,55.2105
FUND36,2023-05-30,54.7528
FUND36,2023-05-31,55.4667
FUND36,2023-06-01,55.4444
FUND36,2023-06-02,55.0406
FUND36,2023-06-05,56.2222
FUND36,2023-06-06,55.9651
FUND36,2023-06-07,56.7096
FUND36,2023-06-08,56.6278
FUND36,2023-06-09,56.8426
FUND36,2023-06-12,56.6982
FUND36,2023-06-13,56.364
FUND36,2023-06-14,55.4346
FUND36,2023-06-15,55.2342
FUND36,2023-06-16,55.8211
FUND36,2023-06-19,56.7243
FUND36,2023-06-20,57.6019
FUND36,2023-06-21,57.2864
FUND36,2023-06-22,57.4817
FUND36,2023-06-23,58.2465
FUND36,2023-06-26,58.0882
FUND36,2023-06-27,58.4196
FUND36,2023-06-28,58.778
FUND36,2023-06-29,58.8414
FUND36,2023-06-30,59.9227
FUND36,2023-07-03,59.1285
FUND36,2023-07-04,59.549
FUND36,2023-07-05,60.3051
FUND36,2023-07-06,61.1594
FUND36,2023-07-07,60.6524
FUND36,2023-07-10,59.6861
FUND36,2023-07-11,59.0812
FUND36,2023-07-12,58.1548
FUND36,2023-07-13,58.108
FUND36,2023-07-14,57.7572
FUND36,2023-07-17,58.533
FUND36,2023-07-18,59.3822
FUND36,2023-07-19,60.009
FUND36,2023-07-20,60.0501
FUND36,2023-07-21,60.2337
FUND36,2023-07-24,60.3442
FUND36,2023-07-25,60.6588
FUND36,2023-07-26,61.0995
FUND36,2023-07-27,60.6219
FUND36,2023-07-28,60.4486
FUND36,2023-07-31,60.7869
FUND36,2023-08-01,60.0453
FUND36,2023-08-02,59.5538
FUND36,2023-08-03,59.8805
FUND36,2023-08-04,60.2589
FUND36,2023-08-07,59.9644
FUND36,2023-08-08,59.6676
FUND36,2023-08-09,58.9238
FUND36,2023-08-10,57.8948
FUND36,2023-08-11,58.4869
FUND36,2023-08-14,57.628
FUND36,2023-08-15,57.6359
FUND36,2023-08-16,57.458
FUND36,2023-08-17,57.3534
FUND36,2023-08-18,57.773
FUND36,2023-08-21,58.0176
FUND36,2023-08-22,58.0783
FUND36,2023-08-23,57.2408
FUND36,2023-08-24,57.7821
FUND36,2023-08-25,57.1136
FUND36,2023-08-28,56.6558
FUND36,2023-08-29,56.3362
FUND36,2023-08-30,55.7585
FUND36,2023-08-31,55.7426
FUND36,2023-09-01,56.3441
FUND36,2023-09-04,56.7856
FUND36,2023-09-05,57.7381
FUND36,2023-09-06,58.0032
FUND36,2023-09-07,58.6638
FUND36,2023-09-08,58.2172
FUND36,2023-09-11,57.9506
FUND36,2023-09-12,58.251
FUND36,2023-09-13,57.7412
FUND36,2023-09-14,57.6991
FUND36,2023-09-15,56.8979
FUND36,2023-09-18,56.8912
FUND36,2023-09-19,56.9045
FUND36,2023-09-20,56.7146
FUND36,2023-09-21,56.9522
FUND36,2023-09-22,56.5389
FUND36,2023-09-25,55.9556
FUND36,2023-09-26,56.3259
FUND36,2023-09-27,57.0951
FUND36,2023-09-28,57.0988
FUND36,2023-09-29,56.8593
FUND36,2023-10-02,56.4575
FUND36,2023-10-03,57.3754
FUND36,2023-10-04,57.3739
FUND36,2023-10-05,57.1042
FUND36,2023-10-06,57.0697
FUND36,2023-10-09,56.4672
FUND36,2023-10-10,56.5885
FUND36,2023-10-11,57.9019
FUND36,2023-10-12,58.0377
FUND36,2023-10-13,58.0053
FUND36,2023-10-16,57.7361
FUND36,2023-10-17,58.5363
FUND36,2023-10-18,58.5822
FUND36,2023-10-19,57.8534
FUND36,2023-10-20,57.6234
FUND36,2023-10-23,58.0751
FUND36,2023-10-24,57.9574
FUND36,2023-10-25,58.1934
FUND36,2023-10-26,58.522
FUND36,2023-10-27,58.6974
FUND36,2023-10-30,59.2856
FUND36,2023-10-31,59.9812
FUND36,2023-11-01,60.0939
FUND36,2023-11-02,60.0064
FUND36,2023-11-03,59.176
FUND36,2023-11-06,59.8801
FUND36,2023-11-07,60.0415
FUND36,2023-11-08,60.6154
FUND36,2023-11-09,60.8287
FUND36,2023-11-10,59.7693
FUND36,2023-11-13,60.2078
FUND36,2023-11-14,60.2936
FUND36,2023-11-15,59.5932
FUND36,2023-11-16,60.162
FUND36,2023-11-17,60.162
FUND36,2023-11-20,59.8761
FUND36,2023-11-21,59.5165
FUND36,2023-11-22,59.4066
FUND36,2023-11-23,60.1232
FUND36,2023-11-24,59.1627
FUND36,2023-11-27,59.8099
FUND36,2023-11-28,59.8072
FUND36,2023-11-29,60.4789
FUND36,2023-11-30,59.2802
FUND36,2023-12-01,58.7995
FUND36,2023-12-04,58.3619
FUND36,2023-12-05,58.8479
FUND36,2023-12-06,58.4272
FUND36,2023-12-07,58.7225
FUND36,2023-12-08,59.0946
FUND36,2023-12-11,58.7663
FUND36,2023-12-12,58.5527
FUND36,2023-12-13,58.6034
FUND36,2023-12-14,58.188
FUND36,2023-12-15,58.4541
FUND36,2023-12-18,59.2644
FUND36,2023-12-19,59.5322
FUND36,2023-12-20,59.8595
FUND36,2023-12-21,58.9101
FUND36,2023-12-22,59.071
FUND36,2023-12-25,59.5579
FUND36,2023-12-26,59.8095
FUND36,2023-12-27,59.7401
FUND36,2023-12-28,60.5185
FUND36,2023-12-29,60.7946
FUND36,2024-01-01,60.1368
FUND36,2024-01-02,60.4534
FUND36,2024-01-03,61.0329
FUND36,2024-01-04,61.7903
FUND36,2024-01-05,62.2957
FUND36,2024-01-08,62.8663
FUND36,2024-01-09,63.5048
FUND36,2024-01-10,63.3953
FUND36,2024-01-11,63.4573
FUND36,2024-01-12,63.09
FUND36,2024-01-15,63.2475
FUND36,2024-01-16,62.3811
FUND36,2024-01-17,61.993
FUND36,2024-01-18,62.0805
FUND36,2024-01-19,62.0034
FUND36,2024-01-22,61.807
FUND36,2024-01-23,61.1153
FUND36,2024-01-24,61.1763
FUND36,2024-01-25,61.9858
FUND36,2024-01-26,62.6569
FUND36,2024-01-29,62.8449
FUND36,2024-01-30,62.6497
FUND36,2024-01-31,62.552
FUND36,2024-02-01,63.2412
FUND36,2024-02-02,63.9335
FUND36,2024-02-05,64.9274
FUND36,2024-02-06,65.5204
FUND36,2024-02-07,66.2669
FUND36,2024-02-08,66.693
FUND36,2024-02-09,67.1937
FUND36,2024-02-12,67.4708
FUND36,2024-02-13,66.9977
FUND36,2024-02-14,67.2523
FUND36,2024-02-15,67.3272
FUND36,2024-02-16,66.9142
FUND36,2024-02-19,67.6502
FUND36,2024-02-20,69.6461
FUND36,2024-02-21,70.0917
FUND36,2024-02-22,69.9556
FUND36,2024-02-23,69.057
FUND36,2024-02-26,68.407
FUND36,2024-02-27,68.0373
FUND36,2024-02-28,68.3934
FUND36,2024-02-29,69.6239
FUND36,2024-03-01,69.0862
FUND36,2024-03-04,69.5417
FUND36,2024-03-05,68.8566
FUND36,2024-03-06,68.8072
FUND36,2024-03-07,68.7449
FUND36,2024-03-08,69.0571
FUND36,2024-03-11,69.1961
FUND36,2024-03-12,69.6607
FUND36,2024-03-13,69.8472
FUND36,2024-03-14,69.3841
FUND36,2024-03-15,68.3363
FUND36,2024-03-18,68.2015
FUND36,2024-03-19,68.39
FUND36,2024-03-20,68.4905
FUND36,2024-03-21,68.9306
FUND36,2024-03-22,69.192
FUND36,2024-03-25,69.5382
FUND36,2024-03-26,70.0439
FUND36,2024-03-27,71.8372
FUND36,2024-03-28,71.1313
FUND36,2024-03-29,69.4005
FUND36,2024-04-01,69.535
FUND36,2024-04-02,69.4583
FUND36,2024-04-03,70.1828
FUND36,2024-04-04,68.715
FUND36,2024-04-05,68.083
FUND36,2024-04-08,66.4846
FUND36,2024-04-09,67.5055
FUND36,2024-04-10,67.0185
FUND36,2024-04-11,67.3799
FUND36,2024-04-12,66.6931
FUND36,2024-04-15,66.6811
FUND36,2024-04-16,66.8201
FUND36,2024-04-17,67.1297
FUND36,2024-04-18,66.695
FUND36,2024-04-19,66.3665
FUND36,2024-04-22,66.6273
FUND36,2024-04-23,66.9536
FUND36,2024-04-24,67.1498
FUND36,2024-04-25,66.326
FUND36,2024-04-26,66.7162
FUND36,2024-04-29,66.8865
FUND36,2024-04-30,66.9294
FUND36,2024-05-01,67.299
FUND36,2024-05-02,67.7506
FUND36,2024-05-03,67.4813
FUND36,2024-05-06,66.807
FUND36,2024-05-07,67.5844
FUND36,2024-05-08,66.4669
FUND36,2024-05-09,66.8674
FUND36,2024-05-10,67.289
FUND36,2024-05-13,67.217
FUND36,2024-05-14,67.786
FUND36,2024-05-15,68.1157
FUND36,2024-05-16,67.9857
FUND36,2024-05-17,67.9556
FUND36,2024-05-20,67.8879
FUND36,2024-05-21,69.3521
FUND36,2024-05-22,69.6257
FUND36,2024-05-23,69.3566
FUND36,2024-05-24,70.2622
FUND36,2024-05-27,69.2793
FUND36,2024-05-28,69.5664
FUND36,2024-05-29,69.6291
FUND36,2024-05-30,69.516
FUND36,2024-05-31,69.6707
FUND36,2024-06-03,69.4073
FUND36,2024-06-04,69.3681
FUND36,2024-06-05,69.774
FUND36,2024-06-06,70.5878
FUND36,2024-06-07,69.8043
FUND36,2024-06-10,69.9117
FUND36,2024-06-11,70.0561
FUND36,2024-06-12,69.3582
FUND36,2024-06-13,68.761
FUND36,2024-06-14,68.2498
FUND36,2024-06-17,67.9877
FUND36,2024-06-18,68.311
FUND36,2024-06-19,68.6569
FUND36,2024-06-20,68.8749
FUND36,2024-06-21,68.4822
FUND36,2024-06-24,68.8807
FUND36,2024-06-25,67.818
FUND36,2024-06-26,67.4946
FUND36,2024-06-27,67.8705
FUND36,2024-06-28,67.4973
FUND36,2024-07-01,67.7364
FUND36,2024-07-02,68.0704
FUND36,2024-07-03,68.2627
FUND36,2024-07-04,67.8389
FUND36,2024-07-05,67.4324
FUND36,2024-07-08,67.3134
FUND36,2024-07-09,66.7567
FUND36,2024-07-10,66.6296
FUND36,2024-07-11,66.5974
FUND36,2024-07-12,66.1837
FUND36,2024-07-15,65.5625
FUND36,2024-07-16,65.7664
FUND36,2024-07-17,65.7532
FUND36,2024-07-18,65.9639
FUND36,2024-07-19,67.098
FUND36,2024-07-22,66.7251
FUND36,2024-07-23,67.7136
FUND36,2024-07-24,66.7534
FUND36,2024-07-25,67.1449
FUND36,2024-07-26,67.2582
FUND36,2024-07-29,66.9212
FUND36,2024-07-30,66.1731
FUND36,2024-07-31,66.7404
FUND36,2024-08-01,65.4967
FUND36,2024-08-02,65.7338
FUND36,2024-08-05,64.9694
FUND36,2024-08-06,65.018
FUND36,2024-08-07,65.8466
FUND36,2024-08-08,66.146
FUND36,2024-08-09,66.1986
FUND36,2024-08-12,66.1188
FUND36,2024-08-13,67.572
FUND36,2024-08-14,67.9159
FUND36,2024-08-15,66.7153
FUND36,2024-08-16,65.8277
FUND36,2024-08-19,65.4527
FUND36,2024-08-20,66.0361
FUND36,2024-08-21,65.096
FUND36,2024-08-22,65.4164
FUND36,2024-08-23,64.6676
FUND36,2024-08-26,64.5895
FUND36,2024-08-27,63.4764
FUND36,2024-08-28,62.8947
FUND36,2024-08-29,63.5257
FUND36,2024-08-30,62.5649
FUND36,2024-09-02,61.8954
FUND36,2024-09-03,61.8474
FUND36,2024-09-04,61.305
FUND36,2024-09-05,60.4118
FUND36,2024-09-06,60.1376
FUND36,2024-09-09,59.8155
FUND36,2024-09-10,61.2695
FUND36,2024-09-11,61.3509
FUND36,2024-09-12,61.616
FUND36,2024-09-13,62.4543
FUND36,2024-09-16,63.0315
FUND36,2024-09-17,62.7897
FUND36,2024-09-18,62.8019
FUND36,2024-09-19,63.5592
FUND36,2024-09-20,62.6978
FUND36,2024-09-23,62.4016
FUND36,2024-09-24,62.0692
FUND36,2024-09-25,62.608
FUND36,2024-09-26,62.48
FUND36,2024-09-27,63.2949
FUND36,2024-09-30,63.8058
FUND36,2024-10-01,64.3124
FUND36,2024-10-02,65.0593
FUND36,2024-10-03,64.3458
FUND36,2024-10-04,64.6559
FUND36,2024-10-07,65.2153
FUND36,2024-10-08,65.2641
FUND36,2024-10-09,65.8618
FUND36,2024-10-10,66.0424
FUND36,2024-10-11,67.0964
FUND36,2024-10-14,67.1479
FUND36,2024-10-15,67.4877
FUND36,2024-10-16,66.4363
FUND36,2024-10-17,67.0329
FUND36,2024-10-18,66.6838
FUND36,2024-10-21,66.4018
FUND36,2024-10-22,67.5327
FUND36,2024-10-23,67.1572
FUND36,2024-10-24,67.3102
FUND36,2024-10-25,67.6436
FUND36,2024-10-28,67.7269
FUND36,2024-10-29,67.9837
FUND36,2024-10-30,67.4785
FUND36,2024-10-31,67.9429
FUND36,2024-11-01,67.7185
FUND36,2024-11-04,66.2634
FUND36,2024-11-05,66.5492
FUND36,2024-11-06,66.908
FUND36,2024-11-07,67.4032
FUND36,2024-11-08,68.2826
FUND36,2024-11-11,68.2012
FUND36,2024-11-12,68.4203
FUND36,2024-11-13,67.7875
FUND36,2024-11-14,67.7811
FUND36,2024-11-15,68.2673
FUND36,2024-11-18,69.2448
FUND36,2024-11-19,68.1117
FUND36,2024-11-20,68.0697
FUND36,2024-11-21,68.9847
FUND36,2024-11-22,67.7682
FUND36,2024-11-25,67.1243
FUND36,2024-11-26,67.1141
FUND36,2024-11-27,67.1484
FUND36,2024-11-28,67.6298
FUND36,2024-11-29,67.5061
FUND36,2024-12-02,67.9028
FUND36,2024-12-03,68.2276
FUND36,2024-12-04,68.2388
FUND36,2024-12-05,65.9505
FUND36,2024-12-06,65.8975
FUND36,2024-12-09,66.3196
FUND36,2024-12-10,65.2794
FUND36,2024-12-11,64.1854
FUND36,2024-12-12,65.2433
FUND36,2024-12-13,65.7778
FUND36,2024-12-16,66.1872
FUND36,2024-12-17,66.2688
FUND36,2024-12-18,66.3494
FUND36,2024-12-19,65.7191
FUND36,2024-12-20,65.7838
FUND36,2024-12-23,66.0488
FUND36,2024-12-24,65.9772
FUND36,2024-12-25,65.8711
FUND36,2024-12-26,64.4319
FUND36,2024-12-27,64.574
FUND36,2024-12-30,64.6641
FUND36,2024-12-31,65.6158
FUND36,2025-01-01,65.7956
FUND36,2025-01-02,65.8695
FUND36,2025-01-03,65.3021
FUND36,2025-01-06,65.2134
FUND36,2025-01-07,64.9494
FUND36,2025-01-08,65.5259
FUND36,2025-01-09,66.0114
FUND36,2025-01-10,66.3557
FUND36,2025-01-13,65.9131
FUND36,2025-01-14,66.323
FUND36,2025-01-15,66.3126
FUND36,2025-01-16,66.5674
FUND36,2025-01-17,65.1996
FUND36,2025-01-20,65.7799
FUND36,2025-01-21,65.1543
FUND36,2025-01-22,65.6761
FUND36,2025-01-23,66.1426
FUND36,2025-01-24,65.7666
FUND36,2025-01-27,65.2767
FUND36,2025-01-28,64.7152
FUND36,2025-01-29,64.2821
FUND36,2025-01-30,64.267
FUND36,2025-01-31,64.3047
FUND36,2025-02-03,64.5716
FUND36,2025-02-04,65.4772
FUND36,2025-02-05,65.5858
FUND36,2025-02-06,65.3886
FUND36,2025-02-07,65.5915
FUND36,2025-02-10,67.0009
FUND36,2025-02-11,66.94
FUND36,2025-02-12,66.3113
FUND36,2025-02-13,66.5423
FUND36,2025-02-14,66.5993
FUND36,2025-02-17,65.9723
FUND36,2025-02-18,67.004
FUND36,2025-02-19,66.7179
FUND36,2025-02-20,66.8846
FUND36,2025-02-21,67.6258
FUND36,2025-02-24,67.1863
FUND36,2025-02-25,66.9882
FUND36,2025-02-26,67.1665
FUND36,2025-02-27,67.6049
FUND36,2025-02-28,67.8196
FUND36,2025-03-03,67.8522
FUND36,2025-03-04,67.5954
FUND36,2025-03-05,67.5857
FUND36,2025-03-06,68.1366
FUND36,2025-03-07,67.7284
FUND36,2025-03-10,66.8241
FUND36,2025-03-11,66.3996
FUND36,2025-03-12,67.3949
FUND36,2025-03-13,65.7332
FUND36,2025-03-14,65.7517
FUND36,2025-03-17,65.9248
FUND36,2025-03-18,66.3927
FUND36,2025-03-19,66.2058
FUND36,2025-03-20,65.8472
FUND36,2025-03-21,67.3034
FUND36,2025-03-24,67.554
FUND36,2025-03-25,67.072
FUND36,2025-03-26,66.547
FUND36,2025-03-27,66.2223
FUND36,2025-03-28,66.3276
FUND36,2025-03-31,66.8136
FUND36,2025-04-01,66.5797
FUND36,2025-04-02,66.1757
FUND36,2025-04-03,65.6416
FUND36,2025-04-04,65.4375
FUND36,2025-04-07,65.3119
FUND36,2025-04-08,64.8248
FUND36,2025-04-09,65.269
FUND36,2025-04-10,65.1503
FUND36,2025-04-11,65.8797
FUND36,2025-04-14,65.8587
FUND36,2025-04-15,65.4185
FUND36,2025-04-16,64.4471
FUND36,2025-04-17,64.4064
FUND36,2025-04-18,63.8891
FUND36,2025-04-21,64.9395
FUND36,2025-04-22,64.3009
FUND36,2025-04-23,64.3648
FUND36,2025-04-24,63.8912
FUND36,2025-04-25,63.6642
FUND36,2025-04-28,62.968
FUND36,2025-04-29,63.3564
FUND36,2025-04-30,64.143
FUND36,2025-05-01,64.5937
FUND36,2025-05-02,64.5825
FUND36,2025-05-05,64.404
FUND36,2025-05-06,64.6359
FUND36,2025-05-07,64.6329
FUND36,2025-05-08,63.9926
FUND36,2025-05-09,64.2462
FUND36,2025-05-12,63.9067
FUND36,2025-05-13,64.361
FUND36,2025-05-14,64.3874
FUND36,2025-05-15,63.9663
FUND36,2025-05-16,63.7983
FUND36,2025-05-19,62.6647
FUND36,2025-05-20,63.269
FUND36,2025-05-21,63.2103
FUND36,2025-05-22,63.9287
FUND36,2025-05-23,63.7373
FUND36,2025-05-26,62.4382
FUND36,2025-05-27,62.7966
FUND36,2025-05-28,63.746
FUND36,2025-05-29,63.2777
FUND36,2025-05-30,63.1174
FUND36,2025-06-02,62.0172
FUND36,2025-06-03,61.8716
FUND36,2025-06-04,62.3319
FUND36,2025-06-05,62.29
FUND36,2025-06-06,61.4947
FUND36,2025-06-09,60.7427
FUND36,2025-06-10,60.4789
FUND36,2025-06-11,60.0504
FUND36,2025-06-12,59.8539
FUND36,2025-06-13,59.9628
FUND36,2025-06-16,59.4867
FUND36,2025-06-17,57.9098
FUND36,2025-06-18,58.3617
FUND36,2025-06-19,58.2885
FUND36,2025-06-20,58.4105
FUND36,2025-06-23,58.7135
FUND36,2025-06-24,58.8661
FUND36,2025-06-25,57.6902
FUND36,2025-06-26,56.7547
FUND36,2025-06-27,57.5769
FUND36,2025-06-30,57.1524
FUND36,2025-07-01,57.4027
FUND36,2025-07-02,57.2102
FUND36,2025-07-03,57.1575
FUND36,2025-07-04,57.8831
FUND36,2025-07-07,57.2017
FUND36,2025-07-08,56.9712
FUND36,2025-07-09,57.0713
FUND36,2025-07-10,57.3049
FUND36,2025-07-11,57.1574
FUND36,2025-07-14,57.2711
FUND36,2025-07-15,57.3969
FUND36,2025-07-16,57.204
FUND36,2025-07-17,56.5728
FUND36,2025-07-18,55.677
FUND36,2025-07-21,54.9306
FUND36,2025-07-22,54.6914
FUND36,2025-07-23,55.0133
FUND36,2025-07-24,54.9358
FUND36,2025-07-25,55.3006
FUND36,2025-07-28,54.6765
FUND36,2025-07-29,54.2829
FUND36,2025-07-30,54.0968
FUND36,2025-07-31,54.206
FUND36,2025-08-01,53.8469
FUND36,2025-08-04,55.197
FUND36,2025-08-05,54.9376
FUND36,2025-08-06,54.5903
FUND36,2025-08-07,55.6546
FUND36,2025-08-08,55.7224
FUND36,2025-08-11,55.4493
FUND36,2025-08-12,55.2635
FUND36,2025-08-13,54.9912
FUND36,2025-08-14,54.5345
FUND36,2025-08-15,54.6929
FUND36,2025-08-18,54.5321
FUND36,2025-08-19,54.0766
FUND36,2025-08-20,53.9829
FUND36,2025-08-21,54.6517
FUND36,2025-08-22,54.4945
FUND36,2025-08-25,54.789
FUND36,2025-08-26,55.1878
FUND36,2025-08-27,54.4297
FUND36,2025-08-28,53.8628
FUND36,2025-08-29,54.0004
FUND36,2025-09-01,54.0719
FUND36,2025-09-02,54.5485
FUND36,2025-09-03,54.3521
FUND36,2025-09-04,54.5357
FUND36,2025-09-05,54.6228
FUND36,2025-09-08,55.776
FUND36,2025-09-09,56.4412
FUND36,2025-09-10,56.8033
FUND36,2025-09-11,56.1306
FUND36,2025-09-12,56.1661
FUND36,2025-09-15,55.9849
FUND36,2025-09-16,55.9263
FUND36,2025-09-17,56.1418
FUND36,2025-09-18,56.8018
FUND36,2025-09-19,57.1372
FUND36,2025-09-22,57.3181
FUND36,2025-09-23,57.7386
FUND36,2025-09-24,57.7616
FUND36,2025-09-25,58.7182
FUND36,2025-09-26,58.2886
FUND36,2025-09-29,57.8709
FUND36,2025-09-30,58.055
FUND36,2025-10-01,58.2691
FUND36,2025-10-02,58.3261
FUND36,2025-10-03,58.5297
FUND36,2025-10-06,58.5256
FUND36,2025-10-07,57.9142
FUND36,2025-10-08,57.7536
FUND36,2025-10-09,57.5
FUND36,2025-10-10,58.0153
FUND36,2025-10-13,57.4189
FUND36,2025-10-14,56.963
FUND36,2025-10-15,57.4849
FUND36,2025-10-16,58.2852
FUND36,2025-10-17,58.5805
FUND36,2025-10-20,59.7601
FUND36,2025-10-21,59.4204
FUND36,2025-10-22,59.9168
FUND36,2025-10-23,58.971
FUND36,2025-10-24,58.6502
FUND36,2025-10-27,58.737
FUND36,2025-10-28,58.9682
FUND36,2025-10-29,58.9174
FUND36,2025-10-30,58.9183
FUND36,2025-10-31,59.3804
FUND36,2025-11-03,60.0034
FUND36,2025-11-04,60.6319
FUND36,2025-11-05,61.2617
FUND36,2025-11-06,61.0811
FUND36,2025-11-07,60.5678
FUND36,2025-11-10,60.0371
FUND36,2025-11-11,59.0538
FUND36,2025-11-12,59.7055
FUND36,2025-11-13,59.4289
FUND36,2025-11-14,59.832
FUND36,2025-11-17,59.2091
FUND36,2025-11-18,59.6118
FUND36,2025-11-19,59.7993
FUND36,2025-11-20,59.9901
FUND36,2025-11-21,60.7271
FUND36,2025-11-24,60.7271
FUND37,2023-01-02,29.201
FUND37,2023-01-03,29.0868
FUND37,2023-01-04,29.072
FUND37,2023-01-05,29.2441
FUND37,2023-01-06,29.4426
FUND37,2023-01-09,29.5389
FUND37,2023-01-10,29.6571
FUND37,2023-01-11,29.6634
FUND37,2023-01-12,29.7732
FUND37,2023-01-13,29.8114
FUND37,2023-01-16,29.8281
FUND37,2023-01-17,29.9189
FUND37,2023-01-18,29.8084
FUND37,2023-01-19,29.6937
FUND37,2023-01-20,29.636
FUND37,2023-01-23,29.6991
FUND37,2023-01-24,29.8829
FUND37,2023-01-25,29.8057
FUND37,2023-01-26,30.0739
FUND37,2023-01-27,30.2056
FUND37,2023-01-30,30.2054
FUND37,2023-01-31,30.2373
FUND37,2023-02-01,30.2634
FUND37,2023-02-02,30.3862
FUND37,2023-02-03,30.3617
FUND37,2023-02-06,30.3592
FUND37,2023-02-07,30.2898
FUND37,2023-02-08,30.2679
FUND37,2023-02-09,30.3454
FUND37,2023-02-10,30.4848
FUND37,2023-02-13,30.549
FUND37,2023-02-14,30.4008
FUND37,2023-02-15,30.5743
FUND37,2023-02-16,30.4635
FUND37,2023-02-17,30.3582
FUND37,2023-02-20,30.4701
FUND37,2023-02-21,30.6039
FUND37,2023-02-22,30.7095
FUND37,2023-02-23,30.6049
FUND37,2023-02-24,30.5322
FUND37,2023-02-27,30.5372
FUND37,2023-02-28,30.8341
FUND37,2023-03-01,30.6038
FUND37,2023-03-02,30.5125
FUND37,2023-03-03,30.5812
FUND37,2023-03-06,30.6825
FUND37,2023-03-07,30.7834
FUND37,2023-03-08,30.9878
FUND37,2023-03-09,31.0186
FUND37,2023-03-10,30.93
FUND37,2023-03-13,30.9057
FUND37,2023-03-14,30.822
FUND37,2023-03-15,31.0952
FUND37,2023-03-16,31.0555
FUND37,2023-03-17,31.0754
FUND37,2023-03-20,30.9449
FUND37,2023-03-21,30.9157
FUND37,2023-03-22,30.766
FUND37,2023-03-23,30.4983
FUND37,2023-03-24,30.5074
FUND37,2023-03-27,30.5714
FUND37,2023-03-28,30.5565
FUND37,2023-03-29,30.5998
FUND37,2023-03-30,30.5233
FUND37,2023-03-31,30.6508
FUND37,2023-04-03,30.7049
FUND37,2023-04-04,30.5905
FUND37,2023-04-05,30.5072
FUND37,2023-04-06,30.4579
FUND37,2023-04-07,30.6311
FUND37,2023-04-10,30.7642
FUND37,2023-04-11,30.8526
FUND37,2023-04-12,30.8185
FUND37,2023-04-13,30.657
FUND37,2023-04-14,30.5616
FUND37,2023-04-17,30.399
FUND37,2023-04-18,30.462
FUND37,2023-04-19,30.1758
FUND37,2023-04-20,30.171
FUND37,2023-04-21,30.1126
FUND37,2023-04-24,29.9756
FUND37,2023-04-25,30.0161
FUND37,2023-04-26,29.9719
FUND37,2023-04-27,29.9394
FUND37,2023-04-28,29.9221
FUND37,2023-05-01,29.9937
FUND37,2023-05-02,30.1433
FUND37,2023-05-03,30.3465
FUND37,2023-05-04,30.3543
FUND37,2023-05-05,30.5164
FUND37,2023-05-08,30.5467
FUND37,2023-05-09,30.6551
FUND37,2023-05-10,30.4238
FUND37,2023-05-11,30.6005
FUND37,2023-05-12,30.7628
FUND37,2023-05-15,30.7554
FUND37,2023-05-16,30.8576
FUND37,2023-05-17,30.8916
FUND37,2023-05-18,30.8601
FUND37,2023-05-19,30.9905
FUND37,2023-05-22,30.9969
FUND37,2023-05-23,31.016
FUND37,2023-05-24,30.9433
FUND37,2023-05-25,30.8738
FUND37,2023-05-26,30.7601
FUND37,2023-05-29,30.6563
FUND37,2023-05-30,30.4346
FUND37,2023-05-31,30.4727
FUND37,2023-06-01,30.428
FUND37,2023-06-02,30.0807
FUND37,2023-06-05,30.1295
FUND37,2023-06-06,30.0629
FUND37,2023-06-07,30.2712
FUND37,2023-06-08,29.9552
FUND37,2023-06-09,30.0503
FUND37,2023-06-12,29.9749
FUND37,2023-06-13,29.8946
FUND37,2023-06-14,30.0641
FUND37,2023-06-15,30.0374
FUND37,2023-06-16,29.9978
FUND37,2023-06-19,29.9989
FUND37,2023-06-20,29.9122
FUND37,2023-06-21,29.9778
FUND37,2023-06-22,30.0258
FUND37,2023-06-23,29.8606
FUND37,2023-06-26,29.5147
FUND37,2023-06-27,29.684
FUND37,2023-06-28,29.6708
FUND37,2023-06-29,29.7259
FUND37,2023-06-30,29.9139
FUND37,2023-07-03,30.0136
FUND37,2023-07-04,30.1408
FUND37,2023-07-05,30.314
FUND37,2023-07-06,30.295
FUND37,2023-07-07,30.2574
FUND37,2023-07-10,30.3072
FUND37,2023-07-11,30.2107
FUND37,2023-07-12,30.3675
FUND37,2023-07-13,30.3794
FUND37,2023-07-14,30.3187
FUND37,2023-07-17,30.4066
FUND37,2023-07-18,30.6729
FUND37,2023-07-19,30.565
FUND37,2023-07-20,30.5514
FUND37,2023-07-21,30.6087
FUND37,2023-07-24,30.6213
FUND37,2023-07-25,30.8531
FUND37,2023-07-26,30.8038
FUND37,2023-07-27,30.7501
FUND37,2023-07-28,30.732
FUND37,2023-07-31,30.7511
FUND37,2023-08-01,30.9776
FUND37,2023-08-02,31.1039
FUND37,2023-08-03,31.2514
FUND37,2023-08-04,31.5442
FUND37,2023-08-07,31.5002
FUND37,2023-08-08,31.557
FUND37,2023-08-09,31.6428
FUND37,2023-08-10,31.8363
FUND37,2023-08-11,31.7142
FUND37,2023-08-14,31.639
FUND37,2023-08-15,31.6487
FUND37,2023-08-16,31.747
FUND37,2023-08-17,31.9109
FUND37,2023-08-18,31.8459
FUND37,2023-08-21,31.4594
FUND37,2023-08-22,31.492
FUND37,2023-08-23,31.394
FUND37,2023-08-24,31.3627
FUND37,2023-08-25,31.4614
FUND37,2023-08-28,31.4679
FUND37,2023-08-29,31.4939
FUND37,2023-08-30,31.3072
FUND37,2023-08-31,31.1411
FUND37,2023-09-01,31.0889
FUND37,2023-09-04,31.0871
FUND37,2023-09-05,30.8424
FUND37,2023-09-06,30.9157
FUND37,2023-09-07,31.1359
FUND37,2023-09-08,31.2514
FUND37,2023-09-11,31.3816
FUND37,2023-09-12,31.5748
FUND37,2023-09-13,31.3196
FUND37,2023-09-14,31.4727
FUND37,2023-09-15,31.4062
FUND37,2023-09-18,31.3349
FUND37,2023-09-19,31.4884
FUND37,2023-09-20,31.7098
FUND37,2023-09-21,31.6712
FUND37,2023-09-22,31.8116
FUND37,2023-09-25,31.8232
FUND37,2023-09-26,31.8196
FUND37,2023-09-27,32.1399
FUND37,2023-09-28,32.0804
FUND37,2023-09-29,32.1762
FUND37,2023-10-02,32.2148
FUND37,2023-10-03,32.1768
FUND37,2023-10-04,32.3761
FUND37,2023-10-05,32.3969
FUND37,2023-10-06,32.4999
FUND37,2023-10-09,32.4395
FUND37,2023-10-10,32.5033
FUND37,2023-10-11,32.5182
FUND37,2023-10-12,32.5194
FUND37,2023-10-13,32.1044
FUND37,2023-10-16,32.372
FUND37,2023-10-17,32.4699
FUND37,2023-10-18,32.5778
FUND37,2023-10-19,32.8455
FUND37,2023-10-20,32.93
FUND37,2023-10-23,32.9428
FUND37,2023-10-24,32.9648
FUND37,2023-10-25,33.1775
FUND37,2023-10-26,33.0719
FUND37,2023-10-27,32.9669
FUND37,2023-10-30,32.7042
FUND37,2023-10-31,32.6637
FUND37,2023-11-01,32.61
FUND37,2023-11-02,32.3685
FUND37,2023-11-03,32.4654
FUND37,2023-11-06,32.11
FUND37,2023-11-07,31.9445
FUND37,2023-11-08,31.977
FUND37,2023-11-09,31.9187
FUND37,2023-11-10,31.9775
FUND37,2023-11-13,31.991
FUND37,2023-11-14,31.7775
FUND37,2023-11-15,31.6154
FUND37,2023-11-16,31.6124
FUND37,2023-11-17,31.5348
FUND37,2023-11-20,31.28
FUND37,2023-11-21,31.45
FUND37,2023-11-22,31.3437
FUND37,2023-11-23,31.4311
FUND37,2023-11-24,31.2338
FUND37,2023-11-27,31.173
FUND37,2023-11-28,31.1583
FUND37,2023-11-29,31.2843
FUND37,2023-11-30,31.3774
FUND37,2023-12-01,31.3133
FUND37,2023-12-04,31.3165
FUND37,2023-12-05,31.449
FUND37,2023-12-06,31.6083
FUND37,2023-12-07,31.5801
FUND37,2023-12-08,31.4973
FUND37,2023-12-11,31.5654
FUND37,2023-12-12,31.5528
FUND37,2023-12-13,31.5841
FUND37,2023-12-14,31.4907
FUND37,2023-12-15,31.4787
FUND37,2023-12-18,31.4836
FUND37,2023-12-19,31.3217
FUND37,2023-12-20,31.5354
FUND37,2023-12-21,31.6979
FUND37,2023-12-22,31.846
FUND37,2023-12-25,31.9546
FUND37,2023-12-26,32.2021
FUND37,2023-12-27,32.5082
FUND37,2023-12-28,32.5766
FUND37,2023-12-29,32.5194
FUND37,2024-01-01,32.623
FUND37,2024-01-02,32.6488
FUND37,2024-01-03,32.7908
FUND37,2024-01-04,32.8964
FUND37,2024-01-05,32.9084
FUND37,2024-01-08,32.9593
FUND37,2024-01-09,32.769
FUND37,2024-01-10,32.6171
FUND37,2024-01-11,32.3262
FUND37,2024-01-12,32.0739
FUND37,2024-01-15,31.8886
FUND37,2024-01-16,32.0335
FUND37,2024-01-17,32.0679
FUND37,2024-01-18,32.016
FUND37,2024-01-19,32.1605
FUND37,2024-01-22,31.9828
FUND37,2024-01-23,31.8458
FUND37,2024-01-24,32.034
FUND37,2024-01-25,32.0311
FUND37,2024-01-26,31.9793
FUND37,2024-01-29,32.0534
FUND37,2024-01-30,31.8945
FUND37,2024-01-31,32.0857
FUND37,2024-02-01,32.1617
FUND37,2024-02-02,31.7738
FUND37,2024-02-05,31.67
FUND37,2024-02-06,31.5678
FUND37,2024-02-07,31.4234
FUND37,2024-02-08,31.4775
FUND37,2024-02-09,31.8296
FUND37,2024-02-12,31.8302
FUND37,2024-02-13,31.4855
FUND37,2024-02-14,31.5828
FUND37,2024-02-15,31.5046
FUND37,2024-02-16,31.6185
FUND37,2024-02-19,31.6389
FUND37,2024-02-20,31.5027
FUND37,2024-02-21,31.7764
FUND37,2024-02-22,31.8445
FUND37,2024-02-23,32.0016
FUND37,2024-02-26,32.0337
FUND37,2024-02-27,31.9941
FUND37,2024-02-28,32.2392
FUND37,2024-02-29,32.1301
FUND37,2024-03-01,32.2074
FUND37,2024-03-04,32.1109
FUND37,2024-03-05,32.0231
FUND37,2024-03-06,31.7862
FUND37,2024-03-07,31.5847
FUND37,2024-03-08,31.6608
FUND37,2024-03-11,31.5968
FUND37,2024-03-12,31.5904
FUND37,2024-03-13,31.6726
FUND37,2024-03-14,31.7112
FUND37,2024-03-15,31.5633
FUND37,2024-03-18,31.6476
FUND37,2024-03-19,31.7787
FUND37,2024-03-20,31.8148
FUND37,2024-03-21,31.8268
FUND37,2024-03-22,32.2319
FUND37,2024-03-25,32.3155
FUND37,2024-03-26,32.1632
FUND37,2024-03-27,32.192
FUND37,2024-03-28,32.1987
FUND37,2024-03-29,32.2321
FUND37,2024-04-01,32.0866
FUND37,2024-04-02,32.1925
FUND37,2024-04-03,32.0798
FUND37,2024-04-04,32.192
FUND37,2024-04-05,31.9376
FUND37,2024-04-08,31.8442
FUND37,2024-04-09,32.1646
FUND37,2024-04-10,32.3905
FUND37,2024-04-11,32.8341
FUND37,2024-04-12,32.9297
FUND37,2024-04-15,33.3323
FUND37,2024-04-16,33.2439
FUND37,2024-04-17,33.4777
FUND37,2024-04-18,33.4317
FUND37,2024-04-19,33.6985
FUND37,2024-04-22,33.6416
FUND37,2024-04-23,33.6099
FUND37,2024-04-24,33.5068
FUND37,2024-04-25,33.7776
FUND37,2024-04-26,33.6456
FUND37,2024-04-29,33.6044
FUND37,2024-04-30,33.4298
FUND37,2024-05-01,33.5258
FUND37,2024-05-02,33.6171
FUND37,2024-05-03,33.6344
FUND37,2024-05-06,33.543
FUND37,2024-05-07,33.3192
FUND37,2024-05-08,33.6204
FUND37,2024-05-09,33.6265
FUND37,2024-05-10,33.6919
FUND37,2024-05-13,33.9596
FUND37,2024-05-14,33.9941
FUND37,2024-05-15,33.8415
FUND37,2024-05-16,34.0339
FUND37,2024-05-17,34.0284
FUND37,2024-05-20,34.0532
FUND37,2024-05-21,34.3489
FUND37,2024-05-22,34.346
FUND37,2024-05-23,34.3086
FUND37,2024-05-24,34.1791
FUND37,2024-05-27,34.3332
FUND37,2024-05-28,34.6665
FUND37,2024-05-29,34.6505
FUND37,2024-05-30,34.8814
FUND37,2024-05-31,34.8648
FUND37,2024-06-03,34.9293
FUND37,2024-06-04,34.9307
FUND37,2024-06-05,34.97
FUND37,2024-06-06,34.6617
FUND37,2024-06-07,34.4623
FUND37,2024-06-10,34.1387
FUND37,2024-06-11,34.2785
FUND37,2024-06-12,34.5549
FUND37,2024-06-13,34.6563
FUND37,2024-06-14,34.9237
FUND37,2024-06-17,34.8187
FUND37,2024-06-18,34.7556
FUND37,2024-06-19,34.9754
FUND37,2024-06-20,35.0105
FUND37,2024-06-21,35.012
FUND37,2024-06-24,35.2096
FUND37,2024-06-25,35.2345
FUND37,2024-06-26,35.1737
FUND37,2024-06-27,34.9847
FUND37,2024-06-28,35.0001
FUND37,2024-07-01,34.801
FUND37,2024-07-02,34.8037
FUND37,2024-07-03,34.8643
FUND37,2024-07-04,35.1348
FUND37,2024-07-05,35.2773
FUND37,2024-07-08,35.2394
FUND37,2024-07-09,35.4858
FUND37,2024-07-10,35.3557
FUND37,2024-07-11,35.3778
FUND37,2024-07-12,35.1369
FUND37,2024-07-15,34.916
FUND37,2024-07-16,34.822
FUND37,2024-07-17,34.5139
FUND37,2024-07-18,34.5827
FUND37,2024-07-19,34.6555
FUND37,2024-07-22,34.6116
FUND37,2024-07-23,34.914
FUND37,2024-07-24,35.1568
FUND37,2024-07-25,35.1051
FUND37,2024-07-26,35.275
FUND37,2024-07-29,35.5748
FUND37,2024-07-30,35.6881
FUND37,2024-07-31,35.781
FUND37,2024-08-01,35.7139
FUND37,2024-08-02,35.6174
FUND37,2024-08-05,35.3967
FUND37,2024-08-06,35.6053
FUND37,2024-08-07,35.463
FUND37,2024-08-08,35.5575
FUND37,2024-08-09,35.5211
FUND37,2024-08-12,35.3896
FUND37,2024-08-13,35.5925
FUND37,2024-08-14,35.9272
FUND37,2024-08-15,35.8378
FUND37,2024-08-16,35.6646
FUND37,2024-08-19,35.6756
FUND37,2024-08-20,35.9279
FUND37,2024-08-21,36.1308
FUND37,2024-08-22,36.1509
FUND37,2024-08-23,36.3004
FUND37,2024-08-26,36.176
FUND37,2024-08-27,36.1254
FUND37,2024-08-28,36.164
FUND37,2024-08-29,36.4559
FUND37,2024-08-30,36.5004
FUND37,2024-09-02,36.5137
FUND37,2024-09-03,36.6655
FUND37,2024-09-04,36.6956
FUND37,2024-09-05,36.521
FUND37,2024-09-06,36.425
FUND37,2024-09-09,36.7795
FUND37,2024-09-10,36.7651
FUND37,2024-09-11,37.0253
FUND37,2024-09-12,36.9639
FUND37,2024-09-13,36.9506
FUND37,2024-09-16,37.1101
FUND37,2024-09-17,36.7761
FUND37,2024-09-18,36.8889
FUND37,2024-09-19,36.7292
FUND37,2024-09-20,36.4652
FUND37,2024-09-23,36.4619
FUND37,2024-09-24,36.565
FUND37,2024-09-25,36.7736
FUND37,2024-09-26,36.7573
FUND37,2024-09-27,36.5041
FUND37,2024-09-30,36.3744
FUND37,2024-10-01,36.3975
FUND37,2024-10-02,36.3328
FUND37,2024-10-03,36.1136
FUND37,2024-10-04,35.8438
FUND37,2024-10-07,35.8438
FUND37,2024-10-08,35.9885
FUND37,2024-10-09,36.0517
FUND37,2024-10-10,35.764
FUND37,2024-10-11,35.8703
FUND37,2024-10-14,35.8933
FUND37,2024-10-15,35.6155
FUND37,2024-10-16,35.8881
FUND37,2024-10-17,35.9014
FUND37,2024-10-18,35.8017
FUND37,2024-10-21,35.4996
FUND37,2024-10-22,35.3473
FUND37,2024-10-23,35.4305
FUND37,2024-10-24,35.6759
FUND37,2024-10-25,35.5905
FUND37,2024-10-28,35.8209
FUND37,2024-10-29,35.7943
FUND37,2024-10-30,35.6112
FUND37,2024-10-31,35.9233
FUND37,2024-11-01,36.0519
FUND37,2024-11-04,36.016
FUND37,2024-11-05,35.8328
FUND37,2024-11-06,35.6801
FUND37,2024-11-07,35.7913
FUND37,2024-11-08,35.7396
FUND37,2024-11-11,35.948
FUND37,2024-11-12,36.0166
FUND37,2024-11-13,36.2899
FUND37,2024-11-14,36.1961
FUND37,2024-11-15,36.4415
FUND37,2024-11-18,36.4875
FUND37,2024-11-19,36.4514
FUND37,2024-11-20,36.3336
FUND37,2024-11-21,36.3812
FUND37,2024-11-22,36.6405
FUND37,2024-11-25,36.199
FUND37,2024-11-26,36.1393
FUND37,2024-11-27,35.9909
FUND37,2024-11-28,36.128
FUND37,2024-11-29,36.1224
FUND37,2024-12-02,36.3933
FUND37,2024-12-03,36.4139
FUND37,2024-12-04,36.6517
FUND37,2024-12-05,36.8286
FUND37,2024-12-06,36.4346
FUND37,2024-12-09,36.5518
FUND37,2024-12-10,36.8974
FUND37,2024-12-11,37.1401
FUND37,2024-12-12,37.0933
FUND37,2024-12-13,37.0347
FUND37,2024-12-16,36.9263
FUND37,2024-12-17,36.7472
FUND37,2024-12-18,36.978
FUND37,2024-12-19,37.0085
FUND37,2024-12-20,37.0813
FUND37,2024-12-23,37.3326
FUND37,2024-12-24,37.4285
FUND37,2024-12-25,37.5489
FUND37,2024-12-26,37.5396
FUND37,2024-12-27,37.4176
FUND37,2024-12-30,37.8211
FUND37,2024-12-31,37.8815
FUND37,2025-01-01,37.7119
FUND37,2025-01-02,37.8664
FUND37,2025-01-03,37.6595
FUND37,2025-01-06,38.0545
FUND37,2025-01-07,37.9319
FUND37,2025-01-08,38.2207
FUND37,2025-01-09,38.2312
FUND37,2025-01-10,38.1336
FUND37,2025-01-13,38.2043
FUND37,2025-01-14,37.7792
FUND37,2025-01-15,38.0482
FUND37,2025-01-16,37.9612
FUND37,2025-01-17,37.8979
FUND37,2025-01-20,37.9985
FUND37,2025-01-21,37.878
FUND37,2025-01-22,37.9451
FUND37,2025-01-23,37.8975
FUND37,2025-01-24,37.7861
FUND37,2025-01-27,37.9942
FUND37,2025-01-28,38.19
FUND37,2025-01-29,38.3512
FUND37,2025-01-30,38.5785
FUND37,2025-01-31,38.6998
FUND37,2025-02-03,38.7609
FUND37,2025-02-04,38.8882
FUND37,2025-02-05,39.0197
FUND37,2025-02-06,38.8978
FUND37,2025-02-07,38.9383
FUND37,2025-02-10,39.0094
FUND37,2025-02-11,38.8811
FUND37,2025-02-12,39.0418
FUND37,2025-02-13,39.0987
FUND37,2025-02-14,39.0188
FUND37,2025-02-17,39.1837
FUND37,2025-02-18,39.0303
FUND37,2025-02-19,38.5563
FUND37,2025-02-20,39.0759
FUND37,2025-02-21,39.2388
FUND37,2025-02-24,39.4506
FUND37,2025-02-25,39.5228
FUND37,2025-02-26,39.4811
FUND37,2025-02-27,39.5234
FUND37,2025-02-28,39.4146
FUND37,2025-03-03,39.5212
FUND37,2025-03-04,39.8516
FUND37,2025-03-05,39.7538
FUND37,2025-03-06,39.4773
FUND37,2025-03-07,39.378
FUND37,2025-03-10,39.434
FUND37,2025-03-11,39.378
FUND37,2025-03-12,39.5311
FUND37,2025-03-13,39.7569
FUND37,2025-03-14,39.7873
FUND37,2025-03-17,40.0896
FUND37,2025-03-18,40.3399
FUND37,2025-03-19,40.5169
FUND37,2025-03-20,40.2433
FUND37,2025-03-21,40.3154
FUND37,2025-03-24,40.4253
FUND37,2025-03-25,40.1019
FUND37,2025-03-26,40.0404
FUND37,2025-03-27,40.2481
FUND37,2025-03-28,39.94
FUND37,2025-03-31,40.1963
FUND37,2025-04-01,40.2778
FUND37,2025-04-02,40.4005
FUND37,2025-04-03,40.6999
FUND37,2025-04-04,40.6927
FUND37,2025-04-07,40.5735
FUND37,2025-04-08,40.381
FUND37,2025-04-09,40.3067
FUND37,2025-04-10,40.4544
FUND37,2025-04-11,40.2303
FUND37,2025-04-14,40.4001
FUND37,2025-04-15,40.4299
FUND37,2025-04-16,40.4772
FUND37,2025-04-17,40.4993
FUND37,2025-04-18,40.7101
FUND37,2025-04-21,40.8049
FUND37,2025-04-22,40.6742
FUND37,2025-04-23,40.655
FUND37,2025-04-24,40.7701
FUND37,2025-04-25,40.5514
FUND37,2025-04-28,40.7427
FUND37,2025-04-29,40.5713
FUND37,2025-04-30,40.6973
FUND37,2025-05-01,40.4921
FUND37,2025-05-02,40.5405
FUND37,2025-05-05,40.6226
FUND37,2025-05-06,40.4975
FUND37,2025-05-07,40.5643
FUND37,2025-05-08,40.4619
FUND37,2025-05-09,40.6178
FUND37,2025-05-12,40.7949
FUND37,2025-05-13,41.0729
FUND37,2025-05-14,41.0813
FUND37,2025-05-15,40.9909
FUND37,2025-05-16,40.9328
FUND37,2025-05-19,40.9856
FUND37,2025-05-20,40.9698
FUND37,2025-05-21,40.7083
FUND37,2025-05-22,40.7024
FUND37,2025-05-23,40.8191
FUND37,2025-05-26,40.6776
FUND37,2025-05-27,40.508
FUND37,2025-05-28,40.7313
FUND37,2025-05-29,40.8057
FUND37,2025-05-30,40.7403
FUND37,2025-06-02,41.1561
FUND37,2025-06-03,41.0859
FUND37,2025-06-04,41.0034
FUND37,2025-06-05,40.9867
FUND37,2025-06-06,40.974
FUND37,2025-06-09,40.9042
FUND37,2025-06-10,40.7644
FUND37,2025-06-11,40.7221
FUND37,2025-06-12,40.7305
FUND37,2025-06-13,40.7956
FUND37,2025-06-16,41.0851
FUND37,2025-06-17,41.316
FUND37,2025-06-18,41.6151
FUND37,2025-06-19,41.71
FUND37,2025-06-20,41.7773
FUND37,2025-06-23,41.7865
FUND37,2025-06-24,41.7298
FUND37,2025-06-25,41.2822
FUND37,2025-06-26,41.2609
FUND37,2025-06-27,41.1847
FUND37,2025-06-30,41.4535
FUND37,2025-07-01,41.5717
FUND37,2025-07-02,41.6449
FUND37,2025-07-03,41.8367
FUND37,2025-07-04,42.0716
FUND37,2025-07-07,42.1458
FUND37,2025-07-08,42.0608
FUND37,2025-07-09,42.1095
FUND37,2025-07-10,42.234
FUND37,2025-07-11,42.3472
FUND37,2025-07-14,42.6334
FUND37,2025-07-15,42.7934
FUND37,2025-07-16,42.6937
FUND37,2025-07-17,42.4182
FUND37,2025-07-18,42.5582
FUND37,2025-07-21,42.3491
FUND37,2025-07-22,42.1312
FUND37,2025-07-23,41.8804
FUND37,2025-07-24,41.9044
FUND37,2025-07-25,41.821
FUND37,2025-07-28,42.15
FUND37,2025-07-29,42.0153
FUND37,2025-07-30,41.9722
FUND37,2025-07-31,41.9424
FUND37,2025-08-01,42.0551
FUND37,2025-08-04,41.973
FUND37,2025-08-05,41.8894
FUND37,2025-08-06,41.9343
FUND37,2025-08-07,42.0152
FUND37,2025-08-08,42.0182
FUND37,2025-08-11,42.2844
FUND37,2025-08-12,42.4017
FUND37,2025-08-13,42.6095
FUND37,2025-08-14,42.4832
FUND37,2025-08-15,42.3908
FUND37,2025-08-18,42.2469
FUND37,2025-08-19,42.2376
FUND37,2025-08-20,42.4813
FUND37,2025-08-21,42.6655
FUND37,2025-08-22,42.7513
FUND37,2025-08-25,42.5673
FUND37,2025-08-26,42.5141
FUND37,2025-08-27,42.144
FUND37,2025-08-28,42.0689
FUND37,2025-08-29,42.2005
FUND37,2025-09-01,41.8304
FUND37,2025-09-02,41.9249
FUND37,2025-09-03,41.9273
FUND37,2025-09-04,41.9979
FUND37,2025-09-05,42.1366
FUND37,2025-09-08,41.9698
FUND37,2025-09-09,41.6892
FUND37,2025-09-10,41.7191
FUND37,2025-09-11,41.7052
FUND37,2025-09-12,42.3149
FUND37,2025-09-15,42.6649
FUND37,2025-09-16,42.4667
FUND37,2025-09-17,42.6208
FUND37,2025-09-18,42.8077
FUND37,2025-09-19,42.8932
FUND37,2025-09-22,42.7448
FUND37,2025-09-23,42.8807
FUND37,2025-09-24,42.7354
FUND37,2025-09-25,42.7631
FUND37,2025-09-26,42.7852
FUND37,2025-09-29,42.6585
FUND37,2025-09-30,42.3682
FUND37,2025-10-01,42.6066
FUND37,2025-10-02,42.3736
FUND37,2025-10-03,42.5558
FUND37,2025-10-06,42.7945
FUND37,2025-10-07,42.8515
FUND37,2025-10-08,42.9587
FUND37,2025-10-09,42.8527
FUND37,2025-10-10,43.0409
FUND37,2025-10-13,43.3061
FUND37,2025-10-14,44.0056
FUND37,2025-10-15,43.647
FUND37,2025-10-16,43.7792
FUND37,2025-10-17,44.0145
FUND37,2025-10-20,43.8271
FUND37,2025-10-21,43.9257
FUND37,2025-10-22,43.957
FUND37,2025-10-23,44.2285
FUND37,2025-10-24,44.3941
FUND37,2025-10-27,44.3372
FUND37,2025-10-28,44.0182
FUND37,2025-10-29,44.1848
FUND37,2025-10-30,44.1656
FUND37,2025-10-31,44.0422
FUND37,2025-11-03,43.9789
FUND37,2025-11-04,44.2206
FUND37,2025-11-05,44.2638
FUND37,2025-11-06,44.2292
FUND37,2025-11-07,44.1572
FUND37,2025-11-10,44.2355
FUND37,2025-11-11,44.0857
FUND37,2025-11-12,43.9584
FUND37,2025-11-13,43.5483
FUND37,2025-11-14,43.7113
FUND37,2025-11-17,43.63
FUND37,2025-11-18,43.6286
FUND37,2025-11-19,43.3021
FUND37,2025-11-20,43.2833
FUND37,2025-11-21,43.5507
FUND37,2025-11-24,43.8562
FUND38,2023-01-02,74.8005
FUND38,2023-01-03,74.3925
FUND38,2023-01-04,74.3907
FUND38,2023-01-05,74.4262
FUND38,2023-01-06,74.668
FUND38,2023-01-09,75.3084
FUND38,2023-01-10,74.5107
FUND38,2023-01-11,73.4797
FUND38,2023-01-12,74.038
FUND38,2023-01-13,74.1767
FUND38,2023-01-16,74.0588
FUND38,2023-01-17,73.4024
FUND38,2023-01-18,73.7953
FUND38,2023-01-19,73.8444
FUND38,2023-01-20,73.343
FUND38,2023-01-23,72.0489
FUND38,2023-01-24,71.6965
FUND38,2023-01-25,71.9871
FUND38,2023-01-26,70.9362
FUND38,2023-01-27,71.1482
FUND38,2023-01-30,71.571
FUND38,2023-01-31,70.9449
FUND38,2023-02-01,71.4022
FUND38,2023-02-02,71.984
FUND38,2023-02-03,72.1084
FUND38,2023-02-06,72.3909
FUND38,2023-02-07,72.8369
FUND38,2023-02-08,73.6841
FUND38,2023-02-09,73.6531
FUND38,2023-02-10,74.3806
FUND38,2023-02-13,73.3817
FUND38,2023-02-14,74.6116
FUND38,2023-02-15,74.4276
FUND38,2023-02-16,74.0607
FUND38,2023-02-17,74.605
FUND38,2023-02-20,73.7867
FUND38,2023-02-21,74.4607
FUND38,2023-02-22,74.8715
FUND38,2023-02-23,75.6056
FUND38,2023-02-24,75.5268
FUND38,2023-02-27,75.5435
FUND38,2023-02-28,75.6813
FUND38,2023-03-01,74.4848
FUND38,2023-03-02,74.9855
FUND38,2023-03-03,75.0304
FUND38,2023-03-06,75.0737
FUND38,2023-03-07,74.1979
FUND38,2023-03-08,74.1415
FUND38,2023-03-09,73.2509
FUND38,2023-03-10,73.9286
FUND38,2023-03-13,74.2242
FUND38,2023-03-14,74.4538
FUND38,2023-03-15,73.6764
FUND38,2023-03-16,73.8033
FUND38,2023-03-17,73.7981
FUND38,2023-03-20,73.6388
FUND38,2023-03-21,73.7523
FUND38,2023-03-22,73.6069
FUND38,2023-03-23,73.7182
FUND38,2023-03-24,74.3179
FUND38,2023-03-27,73.8277
FUND38,2023-03-28,73.6931
FUND38,2023-03-29,73.2118
FUND38,2023-03-30,73.4254
FUND38,2023-03-31,73.2005
FUND38,2023-04-03,72.4703
FUND38,2023-04-04,72.4327
FUND38,2023-04-05,72.6749
FUND38,2023-04-06,74.0933
FUND38,2023-04-07,74.6166
FUND38,2023-04-10,75.7147
FUND38,2023-04-11,76.4465
FUND38,2023-04-12,76.4553
FUND38,2023-04-13,76.4727
FUND38,2023-04-14,76.415
FUND38,2023-04-17,76.2742
FUND38,2023-04-18,76.8723
FUND38,2023-04-19,77.3521
FUND38,2023-04-20,76.7721
FUND38,2023-04-21,77.5046
FUND38,2023-04-24,77.7124
FUND38,2023-04-25,77.7517
FUND38,2023-04-26,77.4989
FUND38,2023-04-27,77.9168
FUND38,2023-04-28,77.0643
FUND38,2023-05-01,77.2355
FUND38,2023-05-02,77.6404
FUND38,2023-05-03,77.4875
FUND38,2023-05-04,77.3647
FUND38,2023-05-05,77.0611
FUND38,2023-05-08,78.611
FUND38,2023-05-09,79.5163
FUND38,2023-05-10,80.1462
FUND38,2023-05-11,81.3156
FUND38,2023-05-12,80.0418
FUND38,2023-05-15,80.307
FUND38,2023-05-16,80.5056
FUND38,2023-05-17,79.8699
FUND38,2023-05-18,79.361
FUND38,2023-05-19,78.6704
FUND38,2023-05-22,78.0315
FUND38,2023-05-23,77.1006
FUND38,2023-05-24,76.9159
FUND38,2023-05-25,77.3024
FUND38,2023-05-26,76.9129
FUND38,2023-05-29,76.6418
FUND38,2023-05-30,77.8129
FUND38,2023-05-31,76.5532
FUND38,2023-06-01,76.5734
FUND38,2023-06-02,76.1582
FUND38,2023-06-05,76.2168
FUND38,2023-06-06,75.7152
FUND38,2023-06-07,75.1032
FUND38,2023-06-08,75.6952
FUND38,2023-06-09,75.0206
FUND38,2023-06-12,74.43
FUND38,2023-06-13,74.2906
FUND38,2023-06-14,74.0219
FUND38,2023-06-15,73.9359
FUND38,2023-06-16,74.5146
FUND38,2023-06-19,75.276
FUND38,2023-06-20,75.9406
FUND38,2023-06-21,76.08
FUND38,2023-06-22,76.5656
FUND38,2023-06-23,77.5334
FUND38,2023-06-26,77.1891
FUND38,2023-06-27,77.3661
FUND38,2023-06-28,77.1849
FUND38,2023-06-29,77.51
FUND38,2023-06-30,77.3115
FUND38,2023-07-03,76.3595
FUND38,2023-07-04,76.6418
FUND38,2023-07-05,76.3512
FUND38,2023-07-06,76.1072
FUND38,2023-07-07,75.569
FUND38,2023-07-10,75.7988
FUND38,2023-07-11,75.8332
FUND38,2023-07-12,74.9217
FUND38,2023-07-13,75.0616
FUND38,2023-07-14,74.2356
FUND38,2023-07-17,73.6092
FUND38,2023-07-18,73.8555
FUND38,2023-07-19,73.8316
FUND38,2023-07-20,72.6661
FUND38,2023-07-21,72.6959
FUND38,2023-07-24,72.6667
FUND38,2023-07-25,72.1992
FUND38,2023-07-26,72.1293
FUND38,2023-07-27,72.257
FUND38,2023-07-28,71.3003
FUND38,2023-07-31,70.6257
FUND38,2023-08-01,70.8368
FUND38,2023-08-02,71.3442
FUND38,2023-08-03,71.5141
FUND38,2023-08-04,71.2805
FUND38,2023-08-07,72.1232
FUND38,2023-08-08,71.9287
FUND38,2023-08-09,71.9302
FUND38,2023-08-10,71.8475
FUND38,2023-08-11,72.6062
FUND38,2023-08-14,72.2563
FUND38,2023-08-15,72.2438
FUND38,2023-08-16,72.4758
FUND38,2023-08-17,72.0523
FUND38,2023-08-18,71.7177
FUND38,2023-08-21,71.998
FUND38,2023-08-22,72.5083
FUND38,2023-08-23,72.675
FUND38,2023-08-24,72.6822
FUND38,2023-08-25,73.1949
FUND38,2023-08-28,72.5569
FUND38,2023-08-29,72.2971
FUND38,2023-08-30,72.0032
FUND38,2023-08-31,72.1599
FUND38,2023-09-01,71.8996
FUND38,2023-09-04,72.2105
FUND38,2023-09-05,72.5919
FUND38,2023-09-06,73.0815
FUND38,2023-09-07,72.8971
FUND38,2023-09-08,72.7871
FUND38,2023-09-11,73.4344
FUND38,2023-09-12,74.024
FUND38,2023-09-13,74.8579
FUND38,2023-09-14,75.1876
FUND38,2023-09-15,74.6109
FUND38,2023-09-18,75.2559
FUND38,2023-09-19,75.9112
FUND38,2023-09-20,76.2395
FUND38,2023-09-21,75.7562
FUND38,2023-09-22,76.1003
FUND38,2023-09-25,75.4015
FUND38,2023-09-26,75.3737
FUND38,2023-09-27,75.8968
FUND38,2023-09-28,75.9076
FUND38,2023-09-29,75.992
FUND38,2023-10-02,76.3557
FUND38,2023-10-03,76.4297
FUND38,2023-10-04,77.5284
FUND38,2023-10-05,76.9706
FUND38,2023-10-06,77.3532
FUND38,2023-10-09,77.648
FUND38,2023-10-10,78.7167
FUND38,2023-10-11,77.8705
FUND38,2023-10-12,78.153
FUND38,2023-10-13,77.6525
FUND38,2023-10-16,76.9504
FUND38,2023-10-17,77.0203
FUND38,2023-10-18,76.9857
FUND38,2023-10-19,77.0818
FUND38,2023-10-20,75.9063
FUND38,2023-10-23,76.6063
FUND38,2023-10-24,77.5424
FUND38,2023-10-25,77.5185
FUND38,2023-10-26,78.0784
FUND38,2023-10-27,78.7758
FUND38,2023-10-30,78.6629
FUND38,2023-10-31,78.7598
FUND38,2023-11-01,78.7537
FUND38,2023-11-02,79.0752
FUND38,2023-11-03,78.7014
FUND38,2023-11-06,79.2339
FUND38,2023-11-07,78.2782
FUND38,2023-11-08,77.0903
FUND38,2023-11-09,76.9873
FUND38,2023-11-10,75.994
FUND38,2023-11-13,76.1188
FUND38,2023-11-14,76.7432
FUND38,2023-11-15,76.0786
FUND38,2023-11-16,76.2356
FUND38,2023-11-17,76.4222
FUND38,2023-11-20,76.473
FUND38,2023-11-21,76.0317
FUND38,2023-11-22,76.4883
FUND38,2023-11-23,76.4357
FUND38,2023-11-24,76.3994
FUND38,2023-11-27,75.9637
FUND38,2023-11-28,75.9697
FUND38,2023-11-29,76.0481
FUND38,2023-11-30,76.2701
FUND38,2023-12-01,76.6798
FUND38,2023-12-04,76.4462
FUND38,2023-12-05,76.5453
FUND38,2023-12-06,76.3377
FUND38,2023-12-07,75.0996
FUND38,2023-12-08,74.4397
FUND38,2023-12-11,72.9688
FUND38,2023-12-12,73.1562
FUND38,2023-12-13,73.0259
FUND38,2023-12-14,72.5013
FUND38,2023-12-15,72.7825
FUND38,2023-12-18,72.1301
FUND38,2023-12-19,72.158
FUND38,2023-12-20,72.3611
FUND38,2023-12-21,71.9196
FUND38,2023-12-22,72.5734
FUND38,2023-12-25,73.4071
FUND38,2023-12-26,73.6832
FUND38,2023-12-27,74.2531
FUND38,2023-12-28,74.8291
FUND38,2023-12-29,74.6448
FUND38,2024-01-01,75.2621
FUND38,2024-01-02,74.956
FUND38,2024-01-03,74.4289
FUND38,2024-01-04,73.9475
FUND38,2024-01-05,73.3758
FUND38,2024-01-08,73.2412
FUND38,2024-01-09,72.8151
FUND38,2024-01-10,72.9227
FUND38,2024-01-11,72.7445
FUND38,2024-01-12,73.139
FUND38,2024-01-15,72.725
FUND38,2024-01-16,72.8848
FUND38,2024-01-17,73.3091
FUND38,2024-01-18,73.5205
FUND38,2024-01-19,74.1116
FUND38,2024-01-22,74.6433
FUND38,2024-01-23,75.5643
FUND38,2024-01-24,75.5614
FUND38,2024-01-25,74.8268
FUND38,2024-01-26,74.4304
FUND38,2024-01-29,74.8716
FUND38,2024-01-30,76.6679
FUND38,2024-01-31,77.4583
FUND38,2024-02-01,77.0394
FUND38,2024-02-02,77.6659
FUND38,2024-02-05,77.5464
FUND38,2024-02-06,77.3958
FUND38,2024-02-07,76.929
FUND38,2024-02-08,78.6675
FUND38,2024-02-09,78.5948
FUND38,2024-02-12,78.2295
FUND38,2024-02-13,78.0366
FUND38,2024-02-14,78.6223
FUND38,2024-02-15,78.2154
FUND38,2024-02-16,78.5749
FUND38,2024-02-19,78.6588
FUND38,2024-02-20,78.3921
FUND38,2024-02-21,80.0124
FUND38,2024-02-22,79.9253
FUND38,2024-02-23,80.44
FUND38,2024-02-26,79.9647
FUND38,2024-02-27,79.6089
FUND38,2024-02-28,79.7674
FUND38,2024-02-29,79.2544
FUND38,2024-03-01,80.1928
FUND38,2024-03-04,81.0734
FUND38,2024-03-05,81.7207
FUND38,2024-03-06,81.6734
FUND38,2024-03-07,81.8095
FUND38,2024-03-08,81.5228
FUND38,2024-03-11,82.4804
FUND38,2024-03-12,83.5401
FUND38,2024-03-13,83.7192
FUND38,2024-03-14,83.5807
FUND38,2024-03-15,84.2643
FUND38,2024-03-18,84.0394
FUND38,2024-03-19,83.7533
FUND38,2024-03-20,83.3065
FUND38,2024-03-21,83.3318
FUND38,2024-03-22,83.5144
FUND38,2024-03-25,83.3583
FUND38,2024-03-26,83.802
FUND38,2024-03-27,83.5881
FUND38,2024-03-28,83.8456
FUND38,2024-03-29,84.4835
FUND38,2024-04-01,85.1705
FUND38,2024-04-02,85.0509
FUND38,2024-04-03,85.5381
FUND38,2024-04-04,85.7249
FUND38,2024-04-05,86.4279
FUND38,2024-04-08,85.9221
FUND38,2024-04-09,84.905
FUND38,2024-04-10,85.7984
FUND38,2024-04-11,85.2991
FUND38,2024-04-12,85.5281
FUND38,2024-04-15,85.4258
FUND38,2024-04-16,84.659
FUND38,2024-04-17,85.1606
FUND38,2024-04-18,85.0379
FUND38,2024-04-19,85.7549
FUND38,2024-04-22,86.2552
FUND38,2024-04-23,85.805
FUND38,2024-04-24,86.5787
FUND38,2024-04-25,85.7164
FUND38,2024-04-26,86.457
FUND38,2024-04-29,87.0439
FUND38,2024-04-30,87.3261
FUND38,2024-05-01,88.338
FUND38,2024-05-02,87.0829
FUND38,2024-05-03,87.179
FUND38,2024-05-06,86.4993
FUND38,2024-05-07,86.2617
FUND38,2024-05-08,86.3007
FUND38,2024-05-09,86.1274
FUND38,2024-05-10,85.9505
FUND38,2024-05-13,86.1377
FUND38,2024-05-14,85.9879
FUND38,2024-05-15,85.5023
FUND38,2024-05-16,84.9797
FUND38,2024-05-17,84.4767
FUND38,2024-05-20,83.8902
FUND38,2024-05-21,83.8657
FUND38,2024-05-22,83.5543
FUND38,2024-05-23,84.0252
FUND38,2024-05-24,84.1818
FUND38,2024-05-27,83.9863
FUND38,2024-05-28,84.3571
FUND38,2024-05-29,84.2231
FUND38,2024-05-30,84.8342
FUND38,2024-05-31,84.1001
FUND38,2024-06-03,84.283
FUND38,2024-06-04,84.621
FUND38,2024-06-05,85.954
FUND38,2024-06-06,85.4396
FUND38,2024-06-07,84.6767
FUND38,2024-06-10,84.589
FUND38,2024-06-11,84.4483
FUND38,2024-06-12,84.5519
FUND38,2024-06-13,85.6532
FUND38,2024-06-14,85.1303
FUND38,2024-06-17,84.6776
FUND38,2024-06-18,84.2921
FUND38,2024-06-19,85.0826
FUND38,2024-06-20,84.7022
FUND38,2024-06-21,84.7579
FUND38,2024-06-24,84.3915
FUND38,2024-06-25,84.05
FUND38,2024-06-26,84.0743
FUND38,2024-06-27,83.8277
FUND38,2024-06-28,83.129
FUND38,2024-07-01,82.8619
FUND38,2024-07-02,84.1452
FUND38,2024-07-03,84.083
FUND38,2024-07-04,84.2786
FUND38,2024-07-05,84.6985
FUND38,2024-07-08,84.9408
FUND38,2024-07-09,84.4342
FUND38,2024-07-10,83.427
FUND38,2024-07-11,82.2366
FUND38,2024-07-12,81.9523
FUND38,2024-07-15,80.9218
FUND38,2024-07-16,81.2148
FUND38,2024-07-17,81.2524
FUND38,2024-07-18,80.9099
FUND38,2024-07-19,80.9008
FUND38,2024-07-22,79.5697
FUND38,2024-07-23,79.7619
FUND38,2024-07-24,80.4037
FUND38,2024-07-25,79.9545
FUND38,2024-07-26,80.4162
FUND38,2024-07-29,80.1592
FUND38,2024-07-30,81.2068
FUND38,2024-07-31,82.1494
FUND38,2024-08-01,81.7369
FUND38,2024-08-02,81.4451
FUND38,2024-08-05,81.3794
FUND38,2024-08-06,82.3009
FUND38,2024-08-07,82.0007
FUND38,2024-08-08,82.0965
FUND38,2024-08-09,81.734
FUND38,2024-08-12,82.1836
FUND38,2024-08-13,82.7517
FUND38,2024-08-14,82.6699
FUND38,2024-08-15,82.8013
FUND38,2024-08-16,82.8317
FUND38,2024-08-19,82.9289
FUND38,2024-08-20,83.6711
FUND38,2024-08-21,83.6713
FUND38,2024-08-22,82.6001
FUND38,2024-08-23,82.1898
FUND38,2024-08-26,81.9841
FUND38,2024-08-27,82.1072
FUND38,2024-08-28,82.1081
FUND38,2024-08-29,81.5059
FUND38,2024-08-30,81.311
FUND38,2024-09-02,80.9591
FUND38,2024-09-03,81.1382
FUND38,2024-09-04,82.0196
FUND38,2024-09-05,81.3348
FUND38,2024-09-06,82.3735
FUND38,2024-09-09,82.4662
FUND38,2024-09-10,80.9476
FUND38,2024-09-11,80.7771
FUND38,2024-09-12,80.1384
FUND38,2024-09-13,79.8185
FUND38,2024-09-16,80.3729
FUND38,2024-09-17,80.7068
FUND38,2024-09-18,81.5559
FUND38,2024-09-19,82.3379
FUND38,2024-09-20,81.4292
FUND38,2024-09-23,80.6153
FUND38,2024-09-24,80.8956
FUND38,2024-09-25,80.9445
FUND38,2024-09-26,80.7662
FUND38,2024-09-27,80.525
FUND38,2024-09-30,81.0333
FUND38,2024-10-01,80.5604
FUND38,2024-10-02,81.2155
FUND38,2024-10-03,81.5297
FUND38,2024-10-04,82.9864
FUND38,2024-10-07,83.0853
FUND38,2024-10-08,82.6781
FUND38,2024-10-09,81.9448
FUND38,2024-10-10,81.1055
FUND38,2024-10-11,81.4012
FUND38,2024-10-14,81.9206
FUND38,2024-10-15,82.5442
FUND38,2024-10-16,82.2627
FUND38,2024-10-17,82.7439
FUND38,2024-10-18,82.4879
FUND38,2024-10-21,82.7614
FUND38,2024-10-22,83.196
FUND38,2024-10-23,83.3622
FUND38,2024-10-24,81.7305
FUND38,2024-10-25,81.4858
FUND38,2024-10-28,81.9977
FUND38,2024-10-29,82.6512
FUND38,2024-10-30,82.268
FUND38,2024-10-31,82.1538
FUND38,2024-11-01,81.2338
FUND38,2024-11-04,81.3964
FUND38,2024-11-05,82.2154
FUND38,2024-11-06,80.9379
FUND38,2024-11-07,81.3832
FUND38,2024-11-08,81.2444
FUND38,2024-11-11,81.3158
FUND38,2024-11-12,81.8444
FUND38,2024-11-13,82.2595
FUND38,2024-11-14,83.041
FUND38,2024-11-15,82.9284
FUND38,2024-11-18,83.5197
FUND38,2024-11-19,83.3798
FUND38,2024-11-20,82.6362
FUND38,2024-11-21,82.2193
FUND38,2024-11-22,82.6567
FUND38,2024-11-25,82.2117
FUND38,2024-11-26,81.9633
FUND38,2024-11-27,81.6365
FUND38,2024-11-28,80.829
FUND38,2024-11-29,81.5307
FUND38,2024-12-02,81.9777
FUND38,2024-12-03,81.5758
FUND38,2024-12-04,83.1782
FUND38,2024-12-05,83.3084
FUND38,2024-12-06,83.1696
FUND38,2024-12-09,84.1135
FUND38,2024-12-10,84.9786
FUND38,2024-12-11,84.3739
FUND38,2024-12-12,83.4492
FUND38,2024-12-13,83.9112
FUND38,2024-12-16,84.2028
FUND38,2024-12-17,85.1919
FUND38,2024-12-18,85.0455
FUND38,2024-12-19,84.9025
FUND38,2024-12-20,84.7383
FUND38,2024-12-23,84.2836
FUND38,2024-12-24,83.8395
FUND38,2024-12-25,83.5156
FUND38,2024-12-26,82.607
FUND38,2024-12-27,82.8398
FUND38,2024-12-30,83.7647
FUND38,2024-12-31,83.9597
FUND38,2025-01-01,83.6558
FUND38,2025-01-02,83.8564
FUND38,2025-01-03,83.6681
FUND38,2025-01-06,83.2564
FUND38,2025-01-07,82.8237
FUND38,2025-01-08,83.9507
FUND38,2025-01-09,83.7541
FUND38,2025-01-10,83.3251
FUND38,2025-01-13,83.6221
FUND38,2025-01-14,84.0739
FUND38,2025-01-15,83.9629
FUND38,2025-01-16,84.0009
FUND38,2025-01-17,83.5048
FUND38,2025-01-20,83.3443
FUND38,2025-01-21,83.6779
FUND38,2025-01-22,83.8254
FUND38,2025-01-23,83.7644
FUND38,2025-01-24,83.3515
FUND38,2025-01-27,84.1665
FUND38,2025-01-28,83.9645
FUND38,2025-01-29,84.302
FUND38,2025-01-30,84.3871
FUND38,2025-01-31,84.2805
FUND38,2025-02-03,83.5705
FUND38,2025-02-04,84.4881
FUND38,2025-02-05,85.096
FUND38,2025-02-06,85.4056
FUND38,2025-02-07,85.7924
FUND38,2025-02-10,85.3186
FUND38,2025-02-11,85.9835
FUND38,2025-02-12,87.2958
FUND38,2025-02-13,87.7786
FUND38,2025-02-14,85.5697
FUND38,2025-02-17,84.9176
FUND38,2025-02-18,85.8725
FUND38,2025-02-19,86.1302
FUND38,2025-02-20,86.7416
FUND38,2025-02-21,86.5657
FUND38,2025-02-24,86.7358
FUND38,2025-02-25,87.4701
FUND38,2025-02-26,87.7272
FUND38,2025-02-27,87.3838
FUND38,2025-02-28,87.301
FUND38,2025-03-03,87.407
FUND38,2025-03-04,86.9645
FUND38,2025-03-05,86.4552
FUND38,2025-03-06,87.0435
FUND38,2025-03-07,88.0348
FUND38,2025-03-10,88.5866
FUND38,2025-03-11,88.8669
FUND38,2025-03-12,88.2267
FUND38,2025-03-13,88.8725
FUND38,2025-03-14,88.5595
FUND38,2025-03-17,88.0508
FUND38,2025-03-18,87.7939
FUND38,2025-03-19,87.0012
FUND38,2025-03-20,87.5189
FUND38,2025-03-21,87.1808
FUND38,2025-03-24,86.3617
FUND38,2025-03-25,86.4185
FUND38,2025-03-26,85.9699
FUND38,2025-03-27,85.5974
FUND38,2025-03-28,84.7129
FUND38,2025-03-31,85.7294
FUND38,2025-04-01,85.3393
FUND38,2025-04-02,86.1952
FUND38,2025-04-03,85.9819
FUND38,2025-04-04,85.4192
FUND38,2025-04-07,84.6116
FUND38,2025-04-08,84.2927
FUND38,2025-04-09,83.8195
FUND38,2025-04-10,84.0333
FUND38,2025-04-11,83.1871
FUND38,2025-04-14,84.2016
FUND38,2025-04-15,84.9514
FUND38,2025-04-16,83.8292
FUND38,2025-04-17,83.0364
FUND38,2025-04-18,82.7471
FUND38,2025-04-21,83.6625
FUND38,2025-04-22,83.3481
FUND38,2025-04-23,84.2093
FUND38,2025-04-24,85.1452
FUND38,2025-04-25,85.457
FUND38,2025-04-28,85.2698
FUND38,2025-04-29,86.6942
FUND38,2025-04-30,86.0876
FUND38,2025-05-01,86.993
FUND38,2025-05-02,86.3274
FUND38,2025-05-05,85.8887
FUND38,2025-05-06,85.3159
FUND38,2025-05-07,85.3833
FUND38,2025-05-08,85.1627
FUND38,2025-05-09,85.0219
FUND38,2025-05-12,84.8175
FUND38,2025-05-13,85.6639
FUND38,2025-05-14,86.063
FUND38,2025-05-15,86.308
FUND38,2025-05-16,86.8381
FUND38,2025-05-19,87.501
FUND38,2025-05-20,87.1112
FUND38,2025-05-21,86.9991
FUND38,2025-05-22,86.4721
FUND38,2025-05-23,86.909
FUND38,2025-05-26,87.1003
FUND38,2025-05-27,87.3666
FUND38,2025-05-28,86.4553
FUND38,2025-05-29,85.8519
FUND38,2025-05-30,85.9855
FUND38,2025-06-02,85.6535
FUND38,2025-06-03,85.3318
FUND38,2025-06-04,85.5861
FUND38,2025-06-05,86.351
FUND38,2025-06-06,86.4347
FUND38,2025-06-09,86.1091
FUND38,2025-06-10,86.5359
FUND38,2025-06-11,86.4374
FUND38,2025-06-12,86.3352
FUND38,2025-06-13,85.3896
FUND38,2025-06-16,85.4697
FUND38,2025-06-17,86.5256
FUND38,2025-06-18,86.8853
FUND38,2025-06-19,87.1297
FUND38,2025-06-20,88.4988
FUND38,2025-06-23,88.4597
FUND38,2025-06-24,88.2474
FUND38,2025-06-25,89.3319
FUND38,2025-06-26,89.5703
FUND38,2025-06-27,89.9978
FUND38,2025-06-30,90.0982
FUND38,2025-07-01,89.6397
FUND38,2025-07-02,88.9298
FUND38,2025-07-03,88.0256
FUND38,2025-07-04,88.5518
FUND38,2025-07-07,88.6508
FUND38,2025-07-08,89.1539
FUND38,2025-07-09,90.1335
FUND38,2025-07-10,90.8058
FUND38,2025-07-11,89.5196
FUND38,2025-07-14,88.7317
FUND38,2025-07-15,89.7195
FUND38,2025-07-16,90.1412
FUND38,2025-07-17,90.8349
FUND38,2025-07-18,90.5038
FUND38,2025-07-21,91.3375
FUND38,2025-07-22,91.2199
FUND38,2025-07-23,90.7121
FUND38,2025-07-24,91.1245
FUND38,2025-07-25,90.301
FUND38,2025-07-28,90.3243
FUND38,2025-07-29,90.7212
FUND38,2025-07-30,91.1753
FUND38,2025-07-31,90.9383
FUND38,2025-08-01,91.2975
FUND38,2025-08-04,91.8066
FUND38,2025-08-05,92.7113
FUND38,2025-08-06,92.7873
FUND38,2025-08-07,91.38
FUND38,2025-08-08,90.4563
FUND38,2025-08-11,90.5771
FUND38,2025-08-12,90.1568
FUND38,2025-08-13,89.622
FUND38,2025-08-14,91.2875
FUND38,2025-08-15,91.8465
FUND38,2025-08-18,91.8008
FUND38,2025-08-19,91.1722
FUND38,2025-08-20,91.1927
FUND38,2025-08-21,91.6549
FUND38,2025-08-22,91.885
FUND38,2025-08-25,92.019
FUND38,2025-08-26,91.0895
FUND38,2025-08-27,90.604
FUND38,2025-08-28,89.292
FUND38,2025-08-29,88.6971
FUND38,2025-09-01,89.0302
FUND38,2025-09-02,89.2541
FUND38,2025-09-03,89.7392
FUND38,2025-09-04,89.9101
FUND38,2025-09-05,89.636
FUND38,2025-09-08,89.7804
FUND38,2025-09-09,89.9133
FUND38,2025-09-10,90.0884
FUND38,2025-09-11,90.3659
FUND38,2025-09-12,90.2428
FUND38,2025-09-15,89.8415
FUND38,2025-09-16,90.2866
FUND38,2025-09-17,90.5584
FUND38,2025-09-18,91.35
FUND38,2025-09-19,91.8834
FUND38,2025-09-22,91.8516
FUND38,2025-09-23,92.0534
FUND38,2025-09-24,90.8334
FUND38,2025-09-25,89.7326
FUND38,2025-09-26,90.5652
FUND38,2025-09-29,90.8626
FUND38,2025-09-30,90.6364
FUND38,2025-10-01,90.6204
FUND38,2025-10-02,90.1396
FUND38,2025-10-03,90.6475
FUND38,2025-10-06,90.8233
FUND38,2025-10-07,90.4813
FUND38,2025-10-08,91.1679
FUND38,2025-10-09,91.7964
FUND38,2025-10-10,91.2047
FUND38,2025-10-13,90.0007
FUND38,2025-10-14,90.4113
FUND38,2025-10-15,90.5295
FUND38,2025-10-16,90.3473
FUND38,2025-10-17,89.9878
FUND38,2025-10-20,89.3403
FUND38,2025-10-21,89.9082
FUND38,2025-10-22,90.1248
FUND38,2025-10-23,89.7336
FUND38,2025-10-24,89.4021
FUND38,2025-10-27,89.5683
FUND38,2025-10-28,89.6883
FUND38,2025-10-29,88.3315
FUND38,2025-10-30,87.8208
FUND38,2025-10-31,87.306
FUND38,2025-11-03,89.1016
FUND38,2025-11-04,89.0369
FUND38,2025-11-05,88.8195
FUND38,2025-11-06,87.85
FUND38,2025-11-07,88.5674
FUND38,2025-11-10,88.9191
FUND38,2025-11-11,89.9202
FUND38,2025-11-12,90.0201
FUND38,2025-11-13,89.5204
FUND38,2025-11-14,88.2007
FUND38,2025-11-17,88.504
FUND38,2025-11-18,88.7132
FUND38,2025-11-19,87.6137
FUND38,2025-11-20,87.5993
FUND38,2025-11-21,87.4824
FUND38,2025-11-24,88.0706
NIFTY50,2023-01-02,100.2635
NIFTY50,2023-01-03,100.0446
NIFTY50,2023-01-04,99.8671
NIFTY50,2023-01-05,98.701
NIFTY50,2023-01-06,100.1644
NIFTY50,2023-01-09,100.4098
NIFTY50,2023-01-10,100.4557
NIFTY50,2023-01-11,102.2278
NIFTY50,2023-01-12,102.2055
NIFTY50,2023-01-13,102.9241
NIFTY50,2023-01-16,103.7872
NIFTY50,2023-01-17,103.9707
NIFTY50,2023-01-18,103.9734
NIFTY50,2023-01-19,104.89
NIFTY50,2023-01-20,105.0111
NIFTY50,2023-01-23,104.377
NIFTY50,2023-01-24,104.8084
NIFTY50,2023-01-25,104.0833
NIFTY50,2023-01-26,103.471
NIFTY50,2023-01-27,104.4341
NIFTY50,2023-01-30,103.5605
NIFTY50,2023-01-31,104.7145
NIFTY50,2023-02-01,104.2435
NIFTY50,2023-02-02,104.4124
NIFTY50,2023-02-03,105.0097
NIFTY50,2023-02-06,103.9483
NIFTY50,2023-02-07,104.1705
NIFTY50,2023-02-08,104.9131
NIFTY50,2023-02-09,105.502
NIFTY50,2023-02-10,104.6033
NIFTY50,2023-02-13,105.4791
NIFTY50,2023-02-14,105.297
NIFTY50,2023-02-15,106.2828
NIFTY50,2023-02-16,106.822
NIFTY50,2023-02-17,107.6027
NIFTY50,2023-02-20,106.6468
NIFTY50,2023-02-21,106.7622
NIFTY50,2023-02-22,106.1536
NIFTY50,2023-02-23,107.1452
NIFTY50,2023-02-24,106.3736
NIFTY50,2023-02-27,108.3712
NIFTY50,2023-02-28,108.1128
NIFTY50,2023-03-01,109.3758
NIFTY50,2023-03-02,109.0464
NIFTY50,2023-03-03,108.417
NIFTY50,2023-03-06,108.1255
NIFTY50,2023-03-07,108.1994
NIFTY50,2023-03-08,107.9722
NIFTY50,2023-03-09,107.3329
NIFTY50,2023-03-10,107.8664
NIFTY50,2023-03-13,108.914
NIFTY50,2023-03-14,109.0399
NIFTY50,2023-03-15,108.7514
NIFTY50,2023-03-16,110.444
NIFTY50,2023-03-17,111.8007
NIFTY50,2023-03-20,110.2809
NIFTY50,2023-03-21,109.4797
NIFTY50,2023-03-22,110.1463
NIFTY50,2023-03-23,110.4542
NIFTY50,2023-03-24,110.1718
NIFTY50,2023-03-27,110.2642
NIFTY50,2023-03-28,109.7639
NIFTY50,2023-03-29,109.6205
NIFTY50,2023-03-30,109.704
NIFTY50,2023-03-31,110.6459
NIFTY50,2023-04-03,111.4203
NIFTY50,2023-04-04,111.3561
NIFTY50,2023-04-05,111.3801
NIFTY50,2023-04-06,112.3185
NIFTY50,2023-04-07,112.5098
NIFTY50,2023-04-10,113.0882
NIFTY50,2023-04-11,112.7985
NIFTY50,2023-04-12,113.6251
NIFTY50,2023-04-13,113.9146
NIFTY50,2023-04-14,113.9557
NIFTY50,2023-04-17,114.5523
NIFTY50,2023-04-18,114.6355
NIFTY50,2023-04-19,114.871
NIFTY50,2023-04-20,114.9233
NIFTY50,2023-04-21,114.2334
NIFTY50,2023-04-24,113.366
NIFTY50,2023-04-25,113.2072
NIFTY50,2023-04-26,112.9778
NIFTY50,2023-04-27,114.2076
NIFTY50,2023-04-28,113.8953
NIFTY50,2023-05-01,112.9878
NIFTY50,2023-05-02,112.2059
NIFTY50,2023-05-03,111.4491
NIFTY50,2023-05-04,111.5173
NIFTY50,2023-05-05,112.2609
NIFTY50,2023-05-08,112.1322
NIFTY50,2023-05-09,110.6763
NIFTY50,2023-05-10,110.2864
NIFTY50,2023-05-11,110.3441
NIFTY50,2023-05-12,110.7885
NIFTY50,2023-05-15,110.2733
NIFTY50,2023-05-16,109.167
NIFTY50,2023-05-17,108.901
NIFTY50,2023-05-18,108.5613
NIFTY50,2023-05-19,107.7153
NIFTY50,2023-05-22,107.4369
NIFTY50,2023-05-23,107.9878
NIFTY50,2023-05-24,107.4068
NIFTY50,2023-05-25,108.8337
NIFTY50,2023-05-26,109.1838
NIFTY50,2023-05-29,110.493
NIFTY50,2023-05-30,112.0465
NIFTY50,2023-05-31,110.8812
NIFTY50,2023-06-01,111.3161
NIFTY50,2023-06-02,109.3868
NIFTY50,2023-06-05,110.2355
NIFTY50,2023-06-06,109.8207
NIFTY50,2023-06-07,110.511
NIFTY50,2023-06-08,111.6603
NIFTY50,2023-06-09,110.8191
NIFTY50,2023-06-12,111.28
NIFTY50,2023-06-13,112.1439
NIFTY50,2023-06-14,111.6473
NIFTY50,2023-06-15,110.9029
NIFTY50,2023-06-16,110.9954
NIFTY50,2023-06-19,110.0155
NIFTY50,2023-06-20,109.6351
NIFTY50,2023-06-21,110.0213
NIFTY50,2023-06-22,110.512
NIFTY50,2023-06-23,111.1451
NIFTY50,2023-06-26,111.248
NIFTY50,2023-06-27,111.3418
NIFTY50,2023-06-28,111.9767
NIFTY50,2023-06-29,111.5712
NIFTY50,2023-06-30,112.1187
NIFTY50,2023-07-03,110.9202
NIFTY50,2023-07-04,111.6213
NIFTY50,2023-07-05,110.389
NIFTY50,2023-07-06,110.2907
NIFTY50,2023-07-07,110.8986
NIFTY50,2023-07-10,110.7261
NIFTY50,2023-07-11,110.0604
NIFTY50,2023-07-12,110.6571
NIFTY50,2023-07-13,110.8805
NIFTY50,2023-07-14,111.0341
NIFTY50,2023-07-17,111.1914
NIFTY50,2023-07-18,112.0828
NIFTY50,2023-07-19,111.8534
NIFTY50,2023-07-20,112.2858
NIFTY50,2023-07-21,111.5828
NIFTY50,2023-07-24,111.9019
NIFTY50,2023-07-25,112.4731
NIFTY50,2023-07-26,113.0264
NIFTY50,2023-07-27,112.7619
NIFTY50,2023-07-28,113.6981
NIFTY50,2023-07-31,114.7941
NIFTY50,2023-08-01,115.7267
NIFTY50,2023-08-02,115.7609
NIFTY50,2023-08-03,116.1311
NIFTY50,2023-08-04,115.2259
NIFTY50,2023-08-07,115.6418
NIFTY50,2023-08-08,115.3396
NIFTY50,2023-08-09,114.154
NIFTY50,2023-08-10,113.7041
NIFTY50,2023-08-11,112.1385
NIFTY50,2023-08-14,113.0545
NIFTY50,2023-08-15,113.5284
NIFTY50,2023-08-16,114.0692
NIFTY50,2023-08-17,114.5717
NIFTY50,2023-08-18,115.9923
NIFTY50,2023-08-21,115.2349
NIFTY50,2023-08-22,115.5057
NIFTY50,2023-08-23,115.3222
NIFTY50,2023-08-24,114.8781
NIFTY50,2023-08-25,114.8684
NIFTY50,2023-08-28,114.907
NIFTY50,2023-08-29,114.7771
NIFTY50,2023-08-30,114.4531
NIFTY50,2023-08-31,115.1265
NIFTY50,2023-09-01,114.6304
NIFTY50,2023-09-04,114.0974
NIFTY50,2023-09-05,113.7726
NIFTY50,2023-09-06,114.3089
NIFTY50,2023-09-07,114.2987
NIFTY50,2023-09-08,113.3969
NIFTY50,2023-09-11,113.4556
NIFTY50,2023-09-12,114.4391
NIFTY50,2023-09-13,114.4254
NIFTY50,2023-09-14,116.0228
NIFTY50,2023-09-15,116.3464
NIFTY50,2023-09-18,114.8386
NIFTY50,2023-09-19,114.9812
NIFTY50,2023-09-20,115.8983
NIFTY50,2023-09-21,117.4066
NIFTY50,2023-09-22,117.3414
NIFTY50,2023-09-25,117.9184
NIFTY50,2023-09-26,119.5624
NIFTY50,2023-09-27,119.0781
NIFTY50,2023-09-28,118.0642
NIFTY50,2023-09-29,117.0907
NIFTY50,2023-10-02,119.4671
NIFTY50,2023-10-03,119.959
NIFTY50,2023-10-04,119.3588
NIFTY50,2023-10-05,118.6588
NIFTY50,2023-10-06,119.1666
NIFTY50,2023-10-09,121.8129
NIFTY50,2023-10-10,122.004
NIFTY50,2023-10-11,122.2705
NIFTY50,2023-10-12,122.0095
NIFTY50,2023-10-13,123.2308
NIFTY50,2023-10-16,122.9304
NIFTY50,2023-10-17,123.6273
NIFTY50,2023-10-18,124.4422
NIFTY50,2023-10-19,124.8477
NIFTY50,2023-10-20,125.3902
NIFTY50,2023-10-23,123.8756
NIFTY50,2023-10-24,123.6982
NIFTY50,2023-10-25,123.0698
NIFTY50,2023-10-26,123.2335
NIFTY50,2023-10-27,123.5539
NIFTY50,2023-10-30,123.8776
NIFTY50,2023-10-31,125.3275
NIFTY50,2023-11-01,123.5893
NIFTY50,2023-11-02,121.9811
NIFTY50,2023-11-03,122.6103
NIFTY50,2023-11-06,123.0567
NIFTY50,2023-11-07,124.5859
NIFTY50,2023-11-08,124.725
NIFTY50,2023-11-09,125.5991
NIFTY50,2023-11-10,125.7098
NIFTY50,2023-11-13,125.4644
NIFTY50,2023-11-14,124.0453
NIFTY50,2023-11-15,123.2825
NIFTY50,2023-11-16,123.2034
NIFTY50,2023-11-17,123.1147
NIFTY50,2023-11-20,123.2984
NIFTY50,2023-11-21,122.7931
NIFTY50,2023-11-22,124.177
NIFTY50,2023-11-23,124.4736
NIFTY50,2023-11-24,123.7207
NIFTY50,2023-11-27,123.3695
NIFTY50,2023-11-28,124.1253
NIFTY50,2023-11-29,123.7671
NIFTY50,2023-11-30,123.4935
NIFTY50,2023-12-01,123.4479
NIFTY50,2023-12-04,122.3613
NIFTY50,2023-12-05,123.0965
NIFTY50,2023-12-06,123.0299
NIFTY50,2023-12-07,124.885
NIFTY50,2023-12-08,124.9543
NIFTY50,2023-12-11,124.8274
NIFTY50,2023-12-12,124.703
NIFTY50,2023-12-13,125.8026
NIFTY50,2023-12-14,125.8383
NIFTY50,2023-12-15,126.5842
NIFTY50,2023-12-18,128.1914
NIFTY50,2023-12-19,126.5846
NIFTY50,2023-12-20,126.7186
NIFTY50,2023-12-21,126.5479
NIFTY50,2023-12-22,126.3946
NIFTY50,2023-12-25,125.931
NIFTY50,2023-12-26,124.8329
NIFTY50,2023-12-27,124.9692
NIFTY50,2023-12-28,124.7455
NIFTY50,2023-12-29,123.6762
NIFTY50,2024-01-01,124.0372
NIFTY50,2024-01-02,123.767
NIFTY50,2024-01-03,124.2474
NIFTY50,2024-01-04,123.2087
NIFTY50,2024-01-05,122.8174
NIFTY50,2024-01-08,123.4158
NIFTY50,2024-01-09,123.4524
NIFTY50,2024-01-10,122.5826
NIFTY50,2024-01-11,122.4018
NIFTY50,2024-01-12,122.8551
NIFTY50,2024-01-15,124.1185
NIFTY50,2024-01-16,124.8863
NIFTY50,2024-01-17,124.3775
NIFTY50,2024-01-18,122.8399
NIFTY50,2024-01-19,122.6258
NIFTY50,2024-01-22,121.9088
NIFTY50,2024-01-23,121.0626
NIFTY50,2024-01-24,121.4861
NIFTY50,2024-01-25,121.5806
NIFTY50,2024-01-26,121.7157
NIFTY50,2024-01-29,122.638
NIFTY50,2024-01-30,122.7477
NIFTY50,2024-01-31,124.4219
NIFTY50,2024-02-01,123.6901
NIFTY50,2024-02-02,124.7841
NIFTY50,2024-02-05,123.9275
NIFTY50,2024-02-06,126.4599
NIFTY50,2024-02-07,127.6383
NIFTY50,2024-02-08,127.8975
NIFTY50,2024-02-09,128.6767
NIFTY50,2024-02-12,127.3414
NIFTY50,2024-02-13,126.6355
NIFTY50,2024-02-14,126.4264
NIFTY50,2024-02-15,125.7375
NIFTY50,2024-02-16,126.0882
NIFTY50,2024-02-19,126.8326
NIFTY50,2024-02-20,127.5507
NIFTY50,2024-02-21,128.2121
NIFTY50,2024-02-22,128.4062
NIFTY50,2024-02-23,129.0802
NIFTY50,2024-02-26,129.5076
NIFTY50,2024-02-27,130.177
NIFTY50,2024-02-28,130.0844
NIFTY50,2024-02-29,128.8947
NIFTY50,2024-03-01,128.6689
NIFTY50,2024-03-04,127.3684
NIFTY50,2024-03-05,127.3017
NIFTY50,2024-03-06,127.0958
NIFTY50,2024-03-07,127.2604
NIFTY50,2024-03-08,127.3818
NIFTY50,2024-03-11,125.4053
NIFTY50,2024-03-12,124.716
NIFTY50,2024-03-13,125.7311
NIFTY50,2024-03-14,126.7599
NIFTY50,2024-03-15,126.5305
NIFTY50,2024-03-18,127.8397
NIFTY50,2024-03-19,125.7934
NIFTY50,2024-03-20,126.5279
NIFTY50,2024-03-21,126.5215
NIFTY50,2024-03-22,125.9125
NIFTY50,2024-03-25,127.0688
NIFTY50,2024-03-26,125.6929
NIFTY50,2024-03-27,126.1045
NIFTY50,2024-03-28,124.088
NIFTY50,2024-03-29,123.9057
NIFTY50,2024-04-01,124.6178
NIFTY50,2024-04-02,124.1217
NIFTY50,2024-04-03,122.5503
NIFTY50,2024-04-04,123.2118
NIFTY50,2024-04-05,124.4518
NIFTY50,2024-04-08,123.3042
NIFTY50,2024-04-09,121.9726
NIFTY50,2024-04-10,122.0558
NIFTY50,2024-04-11,123.4491
NIFTY50,2024-04-12,123.7194
NIFTY50,2024-04-15,122.2564
NIFTY50,2024-04-16,123.6682
NIFTY50,2024-04-17,122.5211
NIFTY50,2024-04-18,122.7405
NIFTY50,2024-04-19,123.3517
NIFTY50,2024-04-22,123.9155
NIFTY50,2024-04-23,124.8961
NIFTY50,2024-04-24,124.1278
NIFTY50,2024-04-25,124.3154
NIFTY50,2024-04-26,123.5199
NIFTY50,2024-04-29,124.1267
NIFTY50,2024-04-30,124.6182
NIFTY50,2024-05-01,124.6436
NIFTY50,2024-05-02,125.1952
NIFTY50,2024-05-03,127.133
NIFTY50,2024-05-06,126.4985
NIFTY50,2024-05-07,126.9449
NIFTY50,2024-05-08,126.8424
NIFTY50,2024-05-09,127.856
NIFTY50,2024-05-10,127.8032
NIFTY50,2024-05-13,127.4584
NIFTY50,2024-05-14,128.4379
NIFTY50,2024-05-15,129.0224
NIFTY50,2024-05-16,130.067
NIFTY50,2024-05-17,131.184
NIFTY50,2024-05-20,132.9673
NIFTY50,2024-05-21,132.8429
NIFTY50,2024-05-22,134.4539
NIFTY50,2024-05-23,132.7118
NIFTY50,2024-05-24,134.107
NIFTY50,2024-05-27,133.8021
NIFTY50,2024-05-28,132.6021
NIFTY50,2024-05-29,132.4787
NIFTY50,2024-05-30,133.8548
NIFTY50,2024-05-31,134.5648
NIFTY50,2024-06-03,136.1312
NIFTY50,2024-06-04,136.1985
NIFTY50,2024-06-05,138.32
NIFTY50,2024-06-06,140.3668
NIFTY50,2024-06-07,141.0244
NIFTY50,2024-06-10,141.6425
NIFTY50,2024-06-11,141.0735
NIFTY50,2024-06-12,141.5627
NIFTY50,2024-06-13,141.5168
NIFTY50,2024-06-14,141.1686
NIFTY50,2024-06-17,142.2597
NIFTY50,2024-06-18,143.1035
NIFTY50,2024-06-19,142.8003
NIFTY50,2024-06-20,142.8396
NIFTY50,2024-06-21,142.0474
NIFTY50,2024-06-24,141.66
NIFTY50,2024-06-25,141.1798
NIFTY50,2024-06-26,142.7423
NIFTY50,2024-06-27,142.0748
NIFTY50,2024-06-28,144.2329
NIFTY50,2024-07-01,144.6618
NIFTY50,2024-07-02,146.3105
NIFTY50,2024-07-03,146.5135
NIFTY50,2024-07-04,145.3383
NIFTY50,2024-07-05,143.9748
NIFTY50,2024-07-08,143.6026
NIFTY50,2024-07-09,142.8346
NIFTY50,2024-07-10,144.232
NIFTY50,2024-07-11,144.5497
NIFTY50,2024-07-12,149.4255
NIFTY50,2024-07-15,148.1265
NIFTY50,2024-07-16,145.774
NIFTY50,2024-07-17,144.0105
NIFTY50,2024-07-18,143.3567
NIFTY50,2024-07-19,143.2538
NIFTY50,2024-07-22,142.2039
NIFTY50,2024-07-23,143.4502
NIFTY50,2024-07-24,143.9479
NIFTY50,2024-07-25,145.0816
NIFTY50,2024-07-26,144.1981
NIFTY50,2024-07-29,143.9135
NIFTY50,2024-07-30,144.4861
NIFTY50,2024-07-31,145.0735
NIFTY50,2024-08-01,144.8765
NIFTY50,2024-08-02,144.9371
NIFTY50,2024-08-05,143.3528
NIFTY50,2024-08-06,143.1668
NIFTY50,2024-08-07,143.1321
NIFTY50,2024-08-08,144.8306
NIFTY50,2024-08-09,144.5513
NIFTY50,2024-08-12,143.5065
NIFTY50,2024-08-13,144.284
NIFTY50,2024-08-14,143.1367
NIFTY50,2024-08-15,142.4784
NIFTY50,2024-08-16,142.0098
NIFTY50,2024-08-19,141.1751
NIFTY50,2024-08-20,142.4487
NIFTY50,2024-08-21,142.6509
NIFTY50,2024-08-22,141.6823
NIFTY50,2024-08-23,142.9456
NIFTY50,2024-08-26,143.9047
NIFTY50,2024-08-27,146.9819
NIFTY50,2024-08-28,147.7396
NIFTY50,2024-08-29,146.4794
NIFTY50,2024-08-30,146.2928
NIFTY50,2024-09-02,146.6276
NIFTY50,2024-09-03,146.0684
NIFTY50,2024-09-04,147.7309
NIFTY50,2024-09-05,147.5116
NIFTY50,2024-09-06,147.081
NIFTY50,2024-09-09,148.4037
NIFTY50,2024-09-10,149.4955
NIFTY50,2024-09-11,149.8707
NIFTY50,2024-09-12,149.3264
NIFTY50,2024-09-13,150.5596
NIFTY50,2024-09-16,150.5601
NIFTY50,2024-09-17,151.4762
NIFTY50,2024-09-18,149.9943
NIFTY50,2024-09-19,150.1664
NIFTY50,2024-09-20,150.0374
NIFTY50,2024-09-23,150.8455
NIFTY50,2024-09-24,151.1275
NIFTY50,2024-09-25,150.8088
NIFTY50,2024-09-26,150.8143
NIFTY50,2024-09-27,149.6728
NIFTY50,2024-09-30,148.4388
NIFTY50,2024-10-01,147.0665
NIFTY50,2024-10-02,147.9297
NIFTY50,2024-10-03,148.1302
NIFTY50,2024-10-04,146.4583
NIFTY50,2024-10-07,147.1884
NIFTY50,2024-10-08,146.9659
NIFTY50,2024-10-09,148.8161
NIFTY50,2024-10-10,149.2944
NIFTY50,2024-10-11,149.7979
NIFTY50,2024-10-14,148.2725
NIFTY50,2024-10-15,146.3578
NIFTY50,2024-10-16,145.486
NIFTY50,2024-10-17,144.7273
NIFTY50,2024-10-18,144.7026
NIFTY50,2024-10-21,144.6749
NIFTY50,2024-10-22,145.3071
NIFTY50,2024-10-23,144.9912
NIFTY50,2024-10-24,144.0207
NIFTY50,2024-10-25,143.8551
NIFTY50,2024-10-28,142.6677
NIFTY50,2024-10-29,144.2595
NIFTY50,2024-10-30,142.5468
NIFTY50,2024-10-31,143.0562
NIFTY50,2024-11-01,144.0255
NIFTY50,2024-11-04,145.1416
NIFTY50,2024-11-05,145.6119
NIFTY50,2024-11-06,145.2017
NIFTY50,2024-11-07,147.2281
NIFTY50,2024-11-08,147.6725
NIFTY50,2024-11-11,146.7657
NIFTY50,2024-11-12,145.8048
NIFTY50,2024-11-13,146.2421
NIFTY50,2024-11-14,145.0762
NIFTY50,2024-11-15,146.0615
NIFTY50,2024-11-18,147.2791
NIFTY50,2024-11-19,148.0751
NIFTY50,2024-11-20,148.3854
NIFTY50,2024-11-21,148.8464
NIFTY50,2024-11-22,149.7277
NIFTY50,2024-11-25,149.7693
NIFTY50,2024-11-26,148.859
NIFTY50,2024-11-27,149.0526
NIFTY50,2024-11-28,150.3019
NIFTY50,2024-11-29,148.8785
NIFTY50,2024-12-02,149.2553
NIFTY50,2024-12-03,150.1912
NIFTY50,2024-12-04,150.6463
NIFTY50,2024-12-05,151.142
NIFTY50,2024-12-06,152.3211
NIFTY50,2024-12-09,155.0384
NIFTY50,2024-12-10,152.4099
NIFTY50,2024-12-11,154.4511
NIFTY50,2024-12-12,154.6197
NIFTY50,2024-12-13,155.4216
NIFTY50,2024-12-16,156.0838
NIFTY50,2024-12-17,155.2421
NIFTY50,2024-12-18,156.094
NIFTY50,2024-12-19,155.8993
NIFTY50,2024-12-20,157.1297
NIFTY50,2024-12-23,159.4003
NIFTY50,2024-12-24,160.2129
NIFTY50,2024-12-25,160.0347
NIFTY50,2024-12-26,162.5471
NIFTY50,2024-12-27,162.7627
NIFTY50,2024-12-30,163.059
NIFTY50,2024-12-31,158.8498
NIFTY50,2025-01-01,157.0401
NIFTY50,2025-01-02,157.5508
NIFTY50,2025-01-03,157.5132
NIFTY50,2025-01-06,159.4305
NIFTY50,2025-01-07,159.3981
NIFTY50,2025-01-08,158.6578
NIFTY50,2025-01-09,159.8566
NIFTY50,2025-01-10,160.609
NIFTY50,2025-01-13,161.0507
NIFTY50,2025-01-14,161.6161
NIFTY50,2025-01-15,159.8485
NIFTY50,2025-01-16,160.3079
NIFTY50,2025-01-17,159.9719
NIFTY50,2025-01-20,160.4547
NIFTY50,2025-01-21,160.3155
NIFTY50,2025-01-22,159.6475
NIFTY50,2025-01-23,159.7957
NIFTY50,2025-01-24,158.3917
NIFTY50,2025-01-27,158.8412
NIFTY50,2025-01-28,158.8556
NIFTY50,2025-01-29,159.5512
NIFTY50,2025-01-30,157.5656
NIFTY50,2025-01-31,158.4315
NIFTY50,2025-02-03,157.7189
NIFTY50,2025-02-04,158.779
NIFTY50,2025-02-05,158.3123
NIFTY50,2025-02-06,159.0279
NIFTY50,2025-02-07,158.775
NIFTY50,2025-02-10,158.0268
NIFTY50,2025-02-11,158.1195
NIFTY50,2025-02-12,158.7573
NIFTY50,2025-02-13,158.7868
NIFTY50,2025-02-14,157.8235
NIFTY50,2025-02-17,157.6671
NIFTY50,2025-02-18,156.1822
NIFTY50,2025-02-19,157.3417
NIFTY50,2025-02-20,157.5006
NIFTY50,2025-02-21,156.7637
NIFTY50,2025-02-24,158.0496
NIFTY50,2025-02-25,159.6015
NIFTY50,2025-02-26,160.1385
NIFTY50,2025-02-27,159.5711
NIFTY50,2025-02-28,159.2981
NIFTY50,2025-03-03,158.7177
NIFTY50,2025-03-04,158.7776
NIFTY50,2025-03-05,158.0743
NIFTY50,2025-03-06,160.0965
NIFTY50,2025-03-07,160.6023
NIFTY50,2025-03-10,160.2327
NIFTY50,2025-03-11,158.2397
NIFTY50,2025-03-12,158.112
NIFTY50,2025-03-13,156.4248
NIFTY50,2025-03-14,157.7744
NIFTY50,2025-03-17,158.2832
NIFTY50,2025-03-18,157.8078
NIFTY50,2025-03-19,157.5543
NIFTY50,2025-03-20,158.2892
NIFTY50,2025-03-21,160.8482
NIFTY50,2025-03-24,162.7185
NIFTY50,2025-03-25,163.1739
NIFTY50,2025-03-26,163.9868
NIFTY50,2025-03-27,164.0975
NIFTY50,2025-03-28,164.3596
NIFTY50,2025-03-31,166.3548
NIFTY50,2025-04-01,165.7381
NIFTY50,2025-04-02,164.2992
NIFTY50,2025-04-03,162.316
NIFTY50,2025-04-04,161.8901
NIFTY50,2025-04-07,162.1726
NIFTY50,2025-04-08,163.1231
NIFTY50,2025-04-09,161.6156
NIFTY50,2025-04-10,162.819
NIFTY50,2025-04-11,163.8114
NIFTY50,2025-04-14,164.4055
NIFTY50,2025-04-15,163.0188
NIFTY50,2025-04-16,163.1943
NIFTY50,2025-04-17,164.0498
NIFTY50,2025-04-18,163.6785
NIFTY50,2025-04-21,163.8378
NIFTY50,2025-04-22,164.4145
NIFTY50,2025-04-23,162.6792
NIFTY50,2025-04-24,162.4692
NIFTY50,2025-04-25,161.1927
NIFTY50,2025-04-28,159.9045
NIFTY50,2025-04-29,159.7487
NIFTY50,2025-04-30,159.2976
NIFTY50,2025-05-01,160.7323
NIFTY50,2025-05-02,160.3315
NIFTY50,2025-05-05,160.2332
NIFTY50,2025-05-06,160.4242
NIFTY50,2025-05-07,162.0431
NIFTY50,2025-05-08,161.8726
NIFTY50,2025-05-09,161.3093
NIFTY50,2025-05-12,163.4534
NIFTY50,2025-05-13,162.908
NIFTY50,2025-05-14,163.724
NIFTY50,2025-05-15,164.0963
NIFTY50,2025-05-16,163.5962
NIFTY50,2025-05-19,162.5113
NIFTY50,2025-05-20,163.8127
NIFTY50,2025-05-21,163.0813
NIFTY50,2025-05-22,162.9401
NIFTY50,2025-05-23,162.5127
NIFTY50,2025-05-26,162.1117
NIFTY50,2025-05-27,161.9229
NIFTY50,2025-05-28,162.9507
NIFTY50,2025-05-29,162.6404
NIFTY50,2025-05-30,161.136
NIFTY50,2025-06-02,159.6419
NIFTY50,2025-06-03,160.1937
NIFTY50,2025-06-04,161.7705
NIFTY50,2025-06-05,161.7383
NIFTY50,2025-06-06,160.7309
NIFTY50,2025-06-09,160.6374
NIFTY50,2025-06-10,161.2073
NIFTY50,2025-06-11,163.0044
NIFTY50,2025-06-12,165.4444
NIFTY50,2025-06-13,168.17
NIFTY50,2025-06-16,168.7126
NIFTY50,2025-06-17,170.8437
NIFTY50,2025-06-18,172.4834
NIFTY50,2025-06-19,172.9322
NIFTY50,2025-06-20,171.7418
NIFTY50,2025-06-23,170.7259
NIFTY50,2025-06-24,172.3245
NIFTY50,2025-06-25,171.4491
NIFTY50,2025-06-26,170.6734
NIFTY50,2025-06-27,170.6393
NIFTY50,2025-06-30,171.1421
NIFTY50,2025-07-01,172.9897
NIFTY50,2025-07-02,173.7699
NIFTY50,2025-07-03,173.9352
NIFTY50,2025-07-04,173.0165
NIFTY50,2025-07-07,172.425
NIFTY50,2025-07-08,170.9105
NIFTY50,2025-07-09,170.0908
NIFTY50,2025-07-10,172.2251
NIFTY50,2025-07-11,171.8012
NIFTY50,2025-07-14,172.195
NIFTY50,2025-07-15,170.4643
NIFTY50,2025-07-16,170.436
NIFTY50,2025-07-17,169.878
NIFTY50,2025-07-18,171.2066
NIFTY50,2025-07-21,171.3605
NIFTY50,2025-07-22,172.8226
NIFTY50,2025-07-23,171.5033
NIFTY50,2025-07-24,169.8716
NIFTY50,2025-07-25,169.6763
NIFTY50,2025-07-28,169.8675
NIFTY50,2025-07-29,168.7259
NIFTY50,2025-07-30,165.3082
NIFTY50,2025-07-31,166.2924
NIFTY50,2025-08-01,165.0377
NIFTY50,2025-08-04,165.1429
NIFTY50,2025-08-05,166.6958
NIFTY50,2025-08-06,165.1638
NIFTY50,2025-08-07,163.9606
NIFTY50,2025-08-08,163.3602
NIFTY50,2025-08-11,163.4485
NIFTY50,2025-08-12,164.9705
NIFTY50,2025-08-13,164.0229
NIFTY50,2025-08-14,165.314
NIFTY50,2025-08-15,165.4112
NIFTY50,2025-08-18,165.4368
NIFTY50,2025-08-19,164.7647
NIFTY50,2025-08-20,164.6944
NIFTY50,2025-08-21,165.5373
NIFTY50,2025-08-22,166.6347
NIFTY50,2025-08-25,166.9585
NIFTY50,2025-08-26,167.4931
NIFTY50,2025-08-27,166.3638
NIFTY50,2025-08-28,167.9941
NIFTY50,2025-08-29,168.1416
NIFTY50,2025-09-01,169.9677
NIFTY50,2025-09-02,169.5947
NIFTY50,2025-09-03,171.1409
NIFTY50,2025-09-04,172.0589
NIFTY50,2025-09-05,172.0419
NIFTY50,2025-09-08,170.779
NIFTY50,2025-09-09,169.8369
NIFTY50,2025-09-10,170.7476
NIFTY50,2025-09-11,170.3153
NIFTY50,2025-09-12,170.8391
NIFTY50,2025-09-15,172.3653
NIFTY50,2025-09-16,171.5731
NIFTY50,2025-09-17,173.4253
NIFTY50,2025-09-18,172.3695
NIFTY50,2025-09-19,173.0884
NIFTY50,2025-09-22,172.5426
NIFTY50,2025-09-23,171.6164
NIFTY50,2025-09-24,172.0478
NIFTY50,2025-09-25,172.2961
NIFTY50,2025-09-26,172.0527
NIFTY50,2025-09-29,172.1309
NIFTY50,2025-09-30,173.5806
NIFTY50,2025-10-01,175.5601
NIFTY50,2025-10-02,176.3098
NIFTY50,2025-10-03,176.4399
NIFTY50,2025-10-06,176.9852
NIFTY50,2025-10-07,175.743
NIFTY50,2025-10-08,176.3274
NIFTY50,2025-10-09,178.1545
NIFTY50,2025-10-10,178.5836
NIFTY50,2025-10-13,180.6735
NIFTY50,2025-10-14,181.7564
NIFTY50,2025-10-15,183.6248
NIFTY50,2025-10-16,182.8991
NIFTY50,2025-10-17,181.7764
NIFTY50,2025-10-20,181.3909
NIFTY50,2025-10-21,179.1192
NIFTY50,2025-10-22,180.1588
NIFTY50,2025-10-23,182.0095
NIFTY50,2025-10-24,181.7429
NIFTY50,2025-10-27,183.2787
NIFTY50,2025-10-28,183.243
NIFTY50,2025-10-29,184.1912
NIFTY50,2025-10-30,185.6034
NIFTY50,2025-10-31,185.4941
NIFTY50,2025-11-03,183.7592
NIFTY50,2025-11-04,185.2716
NIFTY50,2025-11-05,185.0406
NIFTY50,2025-11-06,184.9422
NIFTY50,2025-11-07,186.6366
NIFTY50,2025-11-10,186.8093
NIFTY50,2025-11-11,184.9823
NIFTY50,2025-11-12,185.9175
NIFTY50,2025-11-13,185.6749
NIFTY50,2025-11-14,183.6046
NIFTY50,2025-11-17,184.3342
NIFTY50,2025-11-18,186.8632
NIFTY50,2025-11-19,187.5658
NIFTY50,2025-11-20,188.5631
NIFTY50,2025-11-21,189.9056
NIFTY50,2025-11-24,189.3066
NIFTY100,2023-01-02,100.1918
NIFTY100,2023-01-03,98.8745
NIFTY100,2023-01-04,98.6102
NIFTY100,2023-01-05,98.3354
NIFTY100,2023-01-06,97.7771
NIFTY100,2023-01-09,97.9239
NIFTY100,2023-01-10,96.9722
NIFTY100,2023-01-11,98.1349
NIFTY100,2023-01-12,99.8248
NIFTY100,2023-01-13,100.9478
NIFTY100,2023-01-16,101.3017
NIFTY100,2023-01-17,100.2222
NIFTY100,2023-01-18,100.1492
NIFTY100,2023-01-19,100.087
NIFTY100,2023-01-20,100.2135
NIFTY100,2023-01-23,100.5238
NIFTY100,2023-01-24,99.3071
NIFTY100,2023-01-25,100.0702
NIFTY100,2023-01-26,100.2284
NIFTY100,2023-01-27,99.3159
NIFTY100,2023-01-30,98.2986
NIFTY100,2023-01-31,99.4968
NIFTY100,2023-02-01,99.9426
NIFTY100,2023-02-02,100.3076
NIFTY100,2023-02-03,100.3489
NIFTY100,2023-02-06,99.1835
NIFTY100,2023-02-07,99.072
NIFTY100,2023-02-08,98.4486
NIFTY100,2023-02-09,99.6601
NIFTY100,2023-02-10,99.3962
NIFTY100,2023-02-13,99.4046
NIFTY100,2023-02-14,100.1899
NIFTY100,2023-02-15,100.5992
NIFTY100,2023-02-16,102.2493
NIFTY100,2023-02-17,102.3548
NIFTY100,2023-02-20,103.1008
NIFTY100,2023-02-21,102.9151
NIFTY100,2023-02-22,102.8785
NIFTY100,2023-02-23,103.0969
NIFTY100,2023-02-24,101.7288
NIFTY100,2023-02-27,101.6775
NIFTY100,2023-02-28,101.3703
NIFTY100,2023-03-01,101.5552
NIFTY100,2023-03-02,101.531
NIFTY100,2023-03-03,101.216
NIFTY100,2023-03-06,101.8623
NIFTY100,2023-03-07,102.1424
NIFTY100,2023-03-08,102.0354
NIFTY100,2023-03-09,102.3666
NIFTY100,2023-03-10,103.1754
NIFTY100,2023-03-13,104.0739
NIFTY100,2023-03-14,103.4206
NIFTY100,2023-03-15,102.6099
NIFTY100,2023-03-16,102.9588
NIFTY100,2023-03-17,103.7283
NIFTY100,2023-03-20,103.3678
NIFTY100,2023-03-21,103.4631
NIFTY100,2023-03-22,104.2234
NIFTY100,2023-03-23,104.2717
NIFTY100,2023-03-24,104.8356
NIFTY100,2023-03-27,106.0833
NIFTY100,2023-03-28,106.4608
NIFTY100,2023-03-29,105.5348
NIFTY100,2023-03-30,105.5201
NIFTY100,2023-03-31,104.8663
NIFTY100,2023-04-03,104.8854
NIFTY100,2023-04-04,104.9144
NIFTY100,2023-04-05,104.7128
NIFTY100,2023-04-06,104.7988
NIFTY100,2023-04-07,105.646
NIFTY100,2023-04-10,104.8498
NIFTY100,2023-04-11,104.4916
NIFTY100,2023-04-12,104.2689
NIFTY100,2023-04-13,103.8154
NIFTY100,2023-04-14,104.3851
NIFTY100,2023-04-17,102.8339
NIFTY100,2023-04-18,103.6489
NIFTY100,2023-04-19,105.0226
NIFTY100,2023-04-20,104.6414
NIFTY100,2023-04-21,105.9986
NIFTY100,2023-04-24,105.5009
NIFTY100,2023-04-25,106.1881
NIFTY100,2023-04-26,105.8658
NIFTY100,2023-04-27,105.6587
NIFTY100,2023-04-28,106.6621
NIFTY100,2023-05-01,107.5279
NIFTY100,2023-05-02,107.291
NIFTY100,2023-05-03,106.6884
NIFTY100,2023-05-04,107.0842
NIFTY100,2023-05-05,106.3779
NIFTY100,2023-05-08,107.1851
NIFTY100,2023-05-09,107.5479
NIFTY100,2023-05-10,108.1832
NIFTY100,2023-05-11,108.3935
NIFTY100,2023-05-12,108.0645
NIFTY100,2023-05-15,109.0091
NIFTY100,2023-05-16,109.0246
NIFTY100,2023-05-17,109.0773
NIFTY100,2023-05-18,108.7203
NIFTY100,2023-05-19,109.9663
NIFTY100,2023-05-22,110.1732
NIFTY100,2023-05-23,110.9144
NIFTY100,2023-05-24,110.2039
NIFTY100,2023-05-25,110.5257
NIFTY100,2023-05-26,110.4696
NIFTY100,2023-05-29,109.5599
NIFTY100,2023-05-30,108.7844
NIFTY100,2023-05-31,107.6011
NIFTY100,2023-06-01,107.2341
NIFTY100,2023-06-02,107.469
NIFTY100,2023-06-05,107.9773
NIFTY100,2023-06-06,108.4358
NIFTY100,2023-06-07,108.9876
NIFTY100,2023-06-08,108.9734
NIFTY100,2023-06-09,108.0534
NIFTY100,2023-06-12,107.6089
NIFTY100,2023-06-13,107.0279
NIFTY100,2023-06-14,105.2274
NIFTY100,2023-06-15,104.5959
NIFTY100,2023-06-16,104.4087
NIFTY100,2023-06-19,102.8929
NIFTY100,2023-06-20,102.8999
NIFTY100,2023-06-21,103.7112
NIFTY100,2023-06-22,104.1144
NIFTY100,2023-06-23,104.0196
NIFTY100,2023-06-26,103.9005
NIFTY100,2023-06-27,104.0974
NIFTY100,2023-06-28,103.8259
NIFTY100,2023-06-29,103.3856
NIFTY100,2023-06-30,103.3557
NIFTY100,2023-07-03,103.4628
NIFTY100,2023-07-04,103.8445
NIFTY100,2023-07-05,102.849
NIFTY100,2023-07-06,102.5942
NIFTY100,2023-07-07,102.6093
NIFTY100,2023-07-10,102.6135
NIFTY100,2023-07-11,102.965
NIFTY100,2023-07-12,102.2582
NIFTY100,2023-07-13,102.2841
NIFTY100,2023-07-14,102.3324
NIFTY100,2023-07-17,102.6268
NIFTY100,2023-07-18,102.3528
NIFTY100,2023-07-19,101.6943
NIFTY100,2023-07-20,102.8283
NIFTY100,2023-07-21,103.1444
NIFTY100,2023-07-24,103.9368
NIFTY100,2023-07-25,105.0558
NIFTY100,2023-07-26,105.9509
NIFTY100,2023-07-27,106.4161
NIFTY100,2023-07-28,106.536
NIFTY100,2023-07-31,106.3923
NIFTY100,2023-08-01,107.0478
NIFTY100,2023-08-02,105.3359
NIFTY100,2023-08-03,105.7457
NIFTY100,2023-08-04,106.336
NIFTY100,2023-08-07,106.7383
NIFTY100,2023-08-08,107.8563
NIFTY100,2023-08-09,108.2835
NIFTY100,2023-08-10,108.1443
NIFTY100,2023-08-11,107.9265
NIFTY100,2023-08-14,107.7063
NIFTY100,2023-08-15,108.6117
NIFTY100,2023-08-16,108.243
NIFTY100,2023-08-17,108.0618
NIFTY100,2023-08-18,107.0956
NIFTY100,2023-08-21,107.8394
NIFTY100,2023-08-22,106.8675
NIFTY100,2023-08-23,107.9158
NIFTY100,2023-08-24,107.4776
NIFTY100,2023-08-25,108.2962
NIFTY100,2023-08-28,107.7863
NIFTY100,2023-08-29,106.8071
NIFTY100,2023-08-30,105.7457
NIFTY100,2023-08-31,105.061
NIFTY100,2023-09-01,104.3479
NIFTY100,2023-09-04,103.9952
NIFTY100,2023-09-05,104.6563
NIFTY100,2023-09-06,105.0449
NIFTY100,2023-09-07,104.9326
NIFTY100,2023-09-08,104.7357
NIFTY100,2023-09-11,104.8725
NIFTY100,2023-09-12,104.9111
NIFTY100,2023-09-13,104.3229
NIFTY100,2023-09-14,105.8845
NIFTY100,2023-09-15,105.5379
NIFTY100,2023-09-18,105.3053
NIFTY100,2023-09-19,106.0156
NIFTY100,2023-09-20,107.1678
NIFTY100,2023-09-21,108.0624
NIFTY100,2023-09-22,107.8641
NIFTY100,2023-09-25,107.6348
NIFTY100,2023-09-26,106.4779
NIFTY100,2023-09-27,107.1192
NIFTY100,2023-09-28,106.8926
NIFTY100,2023-09-29,105.3985
NIFTY100,2023-10-02,105.5233
NIFTY100,2023-10-03,106.1349
NIFTY100,2023-10-04,106.599
NIFTY100,2023-10-05,107.1601
NIFTY100,2023-10-06,107.9604
NIFTY100,2023-10-09,108.0968
NIFTY100,2023-10-10,108.5043
NIFTY100,2023-10-11,108.5835
NIFTY100,2023-10-12,108.0486
NIFTY100,2023-10-13,107.0013
NIFTY100,2023-10-16,108.4529
NIFTY100,2023-10-17,109.8661
NIFTY100,2023-10-18,110.2794
NIFTY100,2023-10-19,111.1428
NIFTY100,2023-10-20,110.1644
NIFTY100,2023-10-23,110.4262
NIFTY100,2023-10-24,110.5219
NIFTY100,2023-10-25,111.0541
NIFTY100,2023-10-26,111.0646
NIFTY100,2023-10-27,111.2962
NIFTY100,2023-10-30,111.1298
NIFTY100,2023-10-31,111.9281
NIFTY100,2023-11-01,111.596
NIFTY100,2023-11-02,110.9664
NIFTY100,2023-11-03,110.9092
NIFTY100,2023-11-06,111.3892
NIFTY100,2023-11-07,112.0772
NIFTY100,2023-11-08,111.4141
NIFTY100,2023-11-09,111.2671
NIFTY100,2023-11-10,112.1727
NIFTY100,2023-11-13,112.8998
NIFTY100,2023-11-14,114.5858
NIFTY100,2023-11-15,113.3453
NIFTY100,2023-11-16,114.457
NIFTY100,2023-11-17,113.7567
NIFTY100,2023-11-20,113.7238
NIFTY100,2023-11-21,112.5814
NIFTY100,2023-11-22,111.6554
NIFTY100,2023-11-23,110.3836
NIFTY100,2023-11-24,111.379
NIFTY100,2023-11-27,111.3822
NIFTY100,2023-11-28,112.2548
NIFTY100,2023-11-29,110.7602
NIFTY100,2023-11-30,110.0408
NIFTY100,2023-12-01,110.4328
NIFTY100,2023-12-04,110.757
NIFTY100,2023-12-05,110.9849
NIFTY100,2023-12-06,110.8071
NIFTY100,2023-12-07,110.7668
NIFTY100,2023-12-08,110.2428
NIFTY100,2023-12-11,109.5766
NIFTY100,2023-12-12,110.4634
NIFTY100,2023-12-13,109.8685
NIFTY100,2023-12-14,110.6212
NIFTY100,2023-12-15,111.4432
NIFTY100,2023-12-18,111.158
NIFTY100,2023-12-19,110.7807
NIFTY100,2023-12-20,110.2218
NIFTY100,2023-12-21,109.0096
NIFTY100,2023-12-22,109.4627
NIFTY100,2023-12-25,109.2876
NIFTY100,2023-12-26,109.5989
NIFTY100,2023-12-27,110.2437
NIFTY100,2023-12-28,110.8817
NIFTY100,2023-12-29,110.3096
NIFTY100,2024-01-01,109.2003
NIFTY100,2024-01-02,109.2685
NIFTY100,2024-01-03,109.7985
NIFTY100,2024-01-04,110.4026
NIFTY100,2024-01-05,110.6453
NIFTY100,2024-01-08,110.9692
NIFTY100,2024-01-09,110.7761
NIFTY100,2024-01-10,111.8483
NIFTY100,2024-01-11,111.1358
NIFTY100,2024-01-12,110.6309
NIFTY100,2024-01-15,110.2388
NIFTY100,2024-01-16,109.2451
NIFTY100,2024-01-17,110.5852
NIFTY100,2024-01-18,110.591
NIFTY100,2024-01-19,111.4672
NIFTY100,2024-01-22,110.2696
NIFTY100,2024-01-23,110.0149
NIFTY100,2024-01-24,109.0794
NIFTY100,2024-01-25,108.4625
NIFTY100,2024-01-26,108.1886
NIFTY100,2024-01-29,106.4687
NIFTY100,2024-01-30,105.9707
NIFTY100,2024-01-31,105.6037
NIFTY100,2024-02-01,106.1247
NIFTY100,2024-02-02,106.481
NIFTY100,2024-02-05,106.7176
NIFTY100,2024-02-06,107.2144
NIFTY100,2024-02-07,107.3963
NIFTY100,2024-02-08,106.6852
NIFTY100,2024-02-09,107.1133
NIFTY100,2024-02-12,106.6867
NIFTY100,2024-02-13,107.033
NIFTY100,2024-02-14,107.9147
NIFTY100,2024-02-15,108.5968
NIFTY100,2024-02-16,108.5232
NIFTY100,2024-02-19,108.5176
NIFTY100,2024-02-20,108.5119
NIFTY100,2024-02-21,109.8041
NIFTY100,2024-02-22,109.6638
NIFTY100,2024-02-23,109.8147
NIFTY100,2024-02-26,109.5766
NIFTY100,2024-02-27,109.5396
NIFTY100,2024-02-28,108.3863
NIFTY100,2024-02-29,107.4333
NIFTY100,2024-03-01,107.415
NIFTY100,2024-03-04,108.7096
NIFTY100,2024-03-05,108.253
NIFTY100,2024-03-06,108.1225
NIFTY100,2024-03-07,107.6015
NIFTY100,2024-03-08,107.9183
NIFTY100,2024-03-11,107.6803
NIFTY100,2024-03-12,109.1168
NIFTY100,2024-03-13,109.8606
NIFTY100,2024-03-14,110.0311
NIFTY100,2024-03-15,108.9658
NIFTY100,2024-03-18,108.3031
NIFTY100,2024-03-19,108.2564
NIFTY100,2024-03-20,106.9718
NIFTY100,2024-03-21,107.1632
NIFTY100,2024-03-22,107.1
NIFTY100,2024-03-25,107.6356
NIFTY100,2024-03-26,106.7213
NIFTY100,2024-03-27,106.1458
NIFTY100,2024-03-28,106.3488
NIFTY100,2024-03-29,105.579
NIFTY100,2024-04-01,105.9749
NIFTY100,2024-04-02,105.6148
NIFTY100,2024-04-03,104.7526
NIFTY100,2024-04-04,105.3277
NIFTY100,2024-04-05,105.0373
NIFTY100,2024-04-08,104.6228
NIFTY100,2024-04-09,104.0095
NIFTY100,2024-04-10,105.2556
NIFTY100,2024-04-11,106.8049
NIFTY100,2024-04-12,107.1793
NIFTY100,2024-04-15,107.3962
NIFTY100,2024-04-16,107.3382
NIFTY100,2024-04-17,107.2873
NIFTY100,2024-04-18,106.7631
NIFTY100,2024-04-19,106.2734
NIFTY100,2024-04-22,106.943
NIFTY100,2024-04-23,106.1981
NIFTY100,2024-04-24,106.5949
NIFTY100,2024-04-25,106.3904
NIFTY100,2024-04-26,107.0228
NIFTY100,2024-04-29,106.2061
NIFTY100,2024-04-30,105.8433
NIFTY100,2024-05-01,105.4713
NIFTY100,2024-05-02,104.9378
NIFTY100,2024-05-03,105.3485
NIFTY100,2024-05-06,106.1791
NIFTY100,2024-05-07,106.6919
NIFTY100,2024-05-08,106.6075
NIFTY100,2024-05-09,106.815
NIFTY100,2024-05-10,105.7906
NIFTY100,2024-05-13,106.6835
NIFTY100,2024-05-14,106.6333
NIFTY100,2024-05-15,107.0371
NIFTY100,2024-05-16,107.7703
NIFTY100,2024-05-17,107.7177
NIFTY100,2024-05-20,107.1793
NIFTY100,2024-05-21,107.3245
NIFTY100,2024-05-22,107.0139
NIFTY100,2024-05-23,105.6273
NIFTY100,2024-05-24,105.023
NIFTY100,2024-05-27,106.4011
NIFTY100,2024-05-28,107.2352
NIFTY100,2024-05-29,108.1813
NIFTY100,2024-05-30,108.0718
NIFTY100,2024-05-31,107.7657
NIFTY100,2024-06-03,108.4131
NIFTY100,2024-06-04,106.7888
NIFTY100,2024-06-05,107.831
NIFTY100,2024-06-06,108.4657
NIFTY100,2024-06-07,107.5858
NIFTY100,2024-06-10,108.4005
NIFTY100,2024-06-11,107.7057
NIFTY100,2024-06-12,107.5533
NIFTY100,2024-06-13,107.6555
NIFTY100,2024-06-14,107.0928
NIFTY100,2024-06-17,106.58
NIFTY100,2024-06-18,106.5381
NIFTY100,2024-06-19,107.8921
NIFTY100,2024-06-20,107.4093
NIFTY100,2024-06-21,106.6262
NIFTY100,2024-06-24,106.1125
NIFTY100,2024-06-25,106.3066
NIFTY100,2024-06-26,105.6456
NIFTY100,2024-06-27,105.4717
NIFTY100,2024-06-28,105.2183
NIFTY100,2024-07-01,104.9787
NIFTY100,2024-07-02,105.3042
NIFTY100,2024-07-03,104.5424
NIFTY100,2024-07-04,104.5876
NIFTY100,2024-07-05,104.5379
NIFTY100,2024-07-08,104.3831
NIFTY100,2024-07-09,105.0122
NIFTY100,2024-07-10,105.2958
NIFTY100,2024-07-11,106.8756
NIFTY100,2024-07-12,106.2279
NIFTY100,2024-07-15,106.5593
NIFTY100,2024-07-16,107.6524
NIFTY100,2024-07-17,107.9246
NIFTY100,2024-07-18,108.2766
NIFTY100,2024-07-19,108.515
NIFTY100,2024-07-22,108.9789
NIFTY100,2024-07-23,109.7855
NIFTY100,2024-07-24,110.9102
NIFTY100,2024-07-25,110.7997
NIFTY100,2024-07-26,110.9554
NIFTY100,2024-07-29,109.8088
NIFTY100,2024-07-30,109.6886
NIFTY100,2024-07-31,108.7427
NIFTY100,2024-08-01,108.6392
NIFTY100,2024-08-02,107.5019
NIFTY100,2024-08-05,106.6914
NIFTY100,2024-08-06,106.4086
NIFTY100,2024-08-07,106.5397
NIFTY100,2024-08-08,106.801
NIFTY100,2024-08-09,106.7702
NIFTY100,2024-08-12,106.8171
NIFTY100,2024-08-13,106.7628
NIFTY100,2024-08-14,106.0791
NIFTY100,2024-08-15,106.9755
NIFTY100,2024-08-16,107.0745
NIFTY100,2024-08-19,107.5682
NIFTY100,2024-08-20,108.5519
NIFTY100,2024-08-21,109.175
NIFTY100,2024-08-22,108.5291
NIFTY100,2024-08-23,108.4997
NIFTY100,2024-08-26,107.9944
NIFTY100,2024-08-27,108.3527
NIFTY100,2024-08-28,109.3422
NIFTY100,2024-08-29,109.1342
NIFTY100,2024-08-30,109.0733
NIFTY100,2024-09-02,109.5
NIFTY100,2024-09-03,110.2112
NIFTY100,2024-09-04,111.176
NIFTY100,2024-09-05,111.1914
NIFTY100,2024-09-06,111.1462
NIFTY100,2024-09-09,111.532
NIFTY100,2024-09-10,111.7761
NIFTY100,2024-09-11,112.2283
NIFTY100,2024-09-12,111.8625
NIFTY100,2024-09-13,111.8369
NIFTY100,2024-09-16,113.0714
NIFTY100,2024-09-17,112.908
NIFTY100,2024-09-18,111.6572
NIFTY100,2024-09-19,111.5021
NIFTY100,2024-09-20,112.6436
NIFTY100,2024-09-23,112.8591
NIFTY100,2024-09-24,112.3271
NIFTY100,2024-09-25,113.9116
NIFTY100,2024-09-26,114.2575
NIFTY100,2024-09-27,115.0599
NIFTY100,2024-09-30,114.7113
NIFTY100,2024-10-01,114.9459
NIFTY100,2024-10-02,116.1163
NIFTY100,2024-10-03,116.309
NIFTY100,2024-10-04,115.8705
NIFTY100,2024-10-07,116.3719
NIFTY100,2024-10-08,115.7024
NIFTY100,2024-10-09,116.249
NIFTY100,2024-10-10,115.4139
NIFTY100,2024-10-11,114.3475
NIFTY100,2024-10-14,114.074
NIFTY100,2024-10-15,113.6978
NIFTY100,2024-10-16,114.906
NIFTY100,2024-10-17,115.2455
NIFTY100,2024-10-18,115.4935
NIFTY100,2024-10-21,115.9145
NIFTY100,2024-10-22,115.7719
NIFTY100,2024-10-23,116.5404
NIFTY100,2024-10-24,117.0628
NIFTY100,2024-10-25,118.5185
NIFTY100,2024-10-28,117.9913
NIFTY100,2024-10-29,118.7817
NIFTY100,2024-10-30,118.2779
NIFTY100,2024-10-31,117.1971
NIFTY100,2024-11-01,117.2189
NIFTY100,2024-11-04,118.589
NIFTY100,2024-11-05,118.2819
NIFTY100,2024-11-06,117.9186
NIFTY100,2024-11-07,117.7778
NIFTY100,2024-11-08,117.0475
NIFTY100,2024-11-11,118.9869
NIFTY100,2024-11-12,118.5455
NIFTY100,2024-11-13,119.2978
NIFTY100,2024-11-14,119.5181
NIFTY100,2024-11-15,118.2665
NIFTY100,2024-11-18,117.8105
NIFTY100,2024-11-19,118.0603
NIFTY100,2024-11-20,117.6479
NIFTY100,2024-11-21,118.4721
NIFTY100,2024-11-22,117.9116
NIFTY100,2024-11-25,118.136
NIFTY100,2024-11-26,118.8393
NIFTY100,2024-11-27,118.6323
NIFTY100,2024-11-28,119.0419
NIFTY100,2024-11-29,119.4648
NIFTY100,2024-12-02,119.2321
NIFTY100,2024-12-03,118.3956
NIFTY100,2024-12-04,118.8415
NIFTY100,2024-12-05,118.7474
NIFTY100,2024-12-06,118.7701
NIFTY100,2024-12-09,116.4048
NIFTY100,2024-12-10,116.6347
NIFTY100,2024-12-11,116.2869
NIFTY100,2024-12-12,115.8563
NIFTY100,2024-12-13,117.0532
NIFTY100,2024-12-16,117.5551
NIFTY100,2024-12-17,118.0787
NIFTY100,2024-12-18,117.983
NIFTY100,2024-12-19,118.2748
NIFTY100,2024-12-20,117.3942
NIFTY100,2024-12-23,117.6298
NIFTY100,2024-12-24,117.2074
NIFTY100,2024-12-25,117.073
NIFTY100,2024-12-26,117.3413
NIFTY100,2024-12-27,117.4158
NIFTY100,2024-12-30,117.4554
NIFTY100,2024-12-31,118.1844
NIFTY100,2025-01-01,118.3763
NIFTY100,2025-01-02,119.6608
NIFTY100,2025-01-03,120.4703
NIFTY100,2025-01-06,122.3564
NIFTY100,2025-01-07,123.666
NIFTY100,2025-01-08,125.6967
NIFTY100,2025-01-09,124.8744
NIFTY100,2025-01-10,125.245
NIFTY100,2025-01-13,124.707
NIFTY100,2025-01-14,125.2896
NIFTY100,2025-01-15,125.7404
NIFTY100,2025-01-16,125.8983
NIFTY100,2025-01-17,125.0215
NIFTY100,2025-01-20,124.7908
NIFTY100,2025-01-21,124.2908
NIFTY100,2025-01-22,125.4559
NIFTY100,2025-01-23,125.1651
NIFTY100,2025-01-24,125.204
NIFTY100,2025-01-27,125.1041
NIFTY100,2025-01-28,124.9073
NIFTY100,2025-01-29,124.4015
NIFTY100,2025-01-30,124.5357
NIFTY100,2025-01-31,123.9702
NIFTY100,2025-02-03,122.6405
NIFTY100,2025-02-04,122.5156
NIFTY100,2025-02-05,121.7801
NIFTY100,2025-02-06,121.4922
NIFTY100,2025-02-07,121.9257
NIFTY100,2025-02-10,121.0528
NIFTY100,2025-02-11,122.0387
NIFTY100,2025-02-12,122.3503
NIFTY100,2025-02-13,122.7043
NIFTY100,2025-02-14,122.6267
NIFTY100,2025-02-17,122.4901
NIFTY100,2025-02-18,123.2116
NIFTY100,2025-02-19,122.1903
NIFTY100,2025-02-20,122.7993
NIFTY100,2025-02-21,122.6141
NIFTY100,2025-02-24,123.1924
NIFTY100,2025-02-25,123.0734
NIFTY100,2025-02-26,122.8442
NIFTY100,2025-02-27,122.5773
NIFTY100,2025-02-28,122.7285
NIFTY100,2025-03-03,122.4582
NIFTY100,2025-03-04,123.1556
NIFTY100,2025-03-05,122.8417
NIFTY100,2025-03-06,121.5309
NIFTY100,2025-03-07,120.7118
NIFTY100,2025-03-10,120.256
NIFTY100,2025-03-11,120.7458
NIFTY100,2025-03-12,120.6067
NIFTY100,2025-03-13,119.9911
NIFTY100,2025-03-14,120.5209
NIFTY100,2025-03-17,120.3331
NIFTY100,2025-03-18,119.4817
NIFTY100,2025-03-19,118.9181
NIFTY100,2025-03-20,117.5581
NIFTY100,2025-03-21,117.7807
NIFTY100,2025-03-24,117.5238
NIFTY100,2025-03-25,116.8989
NIFTY100,2025-03-26,117.0177
NIFTY100,2025-03-27,117.6169
NIFTY100,2025-03-28,117.4867
NIFTY100,2025-03-31,118.517
NIFTY100,2025-04-01,117.5307
NIFTY100,2025-04-02,117.8918
NIFTY100,2025-04-03,118.3995
NIFTY100,2025-04-04,117.7139
NIFTY100,2025-04-07,118.8176
NIFTY100,2025-04-08,119.5599
NIFTY100,2025-04-09,119.5662
NIFTY100,2025-04-10,118.228
NIFTY100,2025-04-11,118.0577
NIFTY100,2025-04-14,118.7018
NIFTY100,2025-04-15,118.0079
NIFTY100,2025-04-16,117.5188
NIFTY100,2025-04-17,117.4897
NIFTY100,2025-04-18,116.5743
NIFTY100,2025-04-21,116.0189
NIFTY100,2025-04-22,116.8072
NIFTY100,2025-04-23,116.5993
NIFTY100,2025-04-24,116.7849
NIFTY100,2025-04-25,115.9367
NIFTY100,2025-04-28,115.8022
NIFTY100,2025-04-29,116.2881
NIFTY100,2025-04-30,115.5935
NIFTY100,2025-05-01,114.1292
NIFTY100,2025-05-02,115.194
NIFTY100,2025-05-05,116.5929
NIFTY100,2025-05-06,116.5953
NIFTY100,2025-05-07,117.1255
NIFTY100,2025-05-08,117.6957
NIFTY100,2025-05-09,116.9761
NIFTY100,2025-05-12,116.5308
NIFTY100,2025-05-13,116.5412
NIFTY100,2025-05-14,117.4144
NIFTY100,2025-05-15,117.9841
NIFTY100,2025-05-16,117.9462
NIFTY100,2025-05-19,119.136
NIFTY100,2025-05-20,120.3759
NIFTY100,2025-05-21,120.2087
NIFTY100,2025-05-22,120.1285
NIFTY100,2025-05-23,120.642
NIFTY100,2025-05-26,120.4176
NIFTY100,2025-05-27,120.7249
NIFTY100,2025-05-28,121.1892
NIFTY100,2025-05-29,121.7059
NIFTY100,2025-05-30,121.2398
NIFTY100,2025-06-02,119.5783
NIFTY100,2025-06-03,118.9919
NIFTY100,2025-06-04,118.4366
NIFTY100,2025-06-05,118.7128
NIFTY100,2025-06-06,118.8544
NIFTY100,2025-06-09,119.2648
NIFTY100,2025-06-10,118.5987
NIFTY100,2025-06-11,120.3365
NIFTY100,2025-06-12,120.2457
NIFTY100,2025-06-13,118.6003
NIFTY100,2025-06-16,118.7913
NIFTY100,2025-06-17,119.5898
NIFTY100,2025-06-18,118.7882
NIFTY100,2025-06-19,119.0219
NIFTY100,2025-06-20,118.9073
NIFTY100,2025-06-23,118.0531
NIFTY100,2025-06-24,118.237
NIFTY100,2025-06-25,118.2807
NIFTY100,2025-06-26,117.6707
NIFTY100,2025-06-27,118.1602
NIFTY100,2025-06-30,119.4998
NIFTY100,2025-07-01,119.5217
NIFTY100,2025-07-02,119.505
NIFTY100,2025-07-03,119.582
NIFTY100,2025-07-04,120.361
NIFTY100,2025-07-07,120.2426
NIFTY100,2025-07-08,120.1855
NIFTY100,2025-07-09,119.7693
NIFTY100,2025-07-10,121.3291
NIFTY100,2025-07-11,121.295
NIFTY100,2025-07-14,122.834
NIFTY100,2025-07-15,124.3027
NIFTY100,2025-07-16,124.6135
NIFTY100,2025-07-17,123.5197
NIFTY100,2025-07-18,124.2984
NIFTY100,2025-07-21,125.1014
NIFTY100,2025-07-22,126.588
NIFTY100,2025-07-23,125.9164
NIFTY100,2025-07-24,124.3185
NIFTY100,2025-07-25,124.3232
NIFTY100,2025-07-28,123.463
NIFTY100,2025-07-29,123.2897
NIFTY100,2025-07-30,123.6683
NIFTY100,2025-07-31,122.3878
NIFTY100,2025-08-01,122.8405
NIFTY100,2025-08-04,123.3426
NIFTY100,2025-08-05,123.6544
NIFTY100,2025-08-06,122.6427
NIFTY100,2025-08-07,122.7205
NIFTY100,2025-08-08,122.8725
NIFTY100,2025-08-11,122.4881
NIFTY100,2025-08-12,123.8452
NIFTY100,2025-08-13,122.1064
NIFTY100,2025-08-14,119.9184
NIFTY100,2025-08-15,119.5305
NIFTY100,2025-08-18,119.7658
NIFTY100,2025-08-19,119.9142
NIFTY100,2025-08-20,118.2831
NIFTY100,2025-08-21,116.6924
NIFTY100,2025-08-22,117.8834
NIFTY100,2025-08-25,118.5205
NIFTY100,2025-08-26,118.6831
NIFTY100,2025-08-27,118.3854
NIFTY100,2025-08-28,118.8703
NIFTY100,2025-08-29,119.1536
NIFTY100,2025-09-01,119.7288
NIFTY100,2025-09-02,120.2202
NIFTY100,2025-09-03,119.9863
NIFTY100,2025-09-04,119.261
NIFTY100,2025-09-05,120.4944
NIFTY100,2025-09-08,120.2604
NIFTY100,2025-09-09,121.88
NIFTY100,2025-09-10,121.5614
NIFTY100,2025-09-11,121.4527
NIFTY100,2025-09-12,120.8183
NIFTY100,2025-09-15,120.7687
NIFTY100,2025-09-16,121.3412
NIFTY100,2025-09-17,120.7334
NIFTY100,2025-09-18,122.4438
NIFTY100,2025-09-19,123.6839
NIFTY100,2025-09-22,123.8051
NIFTY100,2025-09-23,124.0224
NIFTY100,2025-09-24,123.6102
NIFTY100,2025-09-25,124.0281
NIFTY100,2025-09-26,123.7433
NIFTY100,2025-09-29,123.6609
NIFTY100,2025-09-30,123.7076
NIFTY100,2025-10-01,123.5899
NIFTY100,2025-10-02,122.4252
NIFTY100,2025-10-03,121.9998
NIFTY100,2025-10-06,122.1568
NIFTY100,2025-10-07,122.9583
NIFTY100,2025-10-08,122.3082
NIFTY100,2025-10-09,121.6535
NIFTY100,2025-10-10,122.3972
NIFTY100,2025-10-13,122.8447
NIFTY100,2025-10-14,122.4949
NIFTY100,2025-10-15,123.1625
NIFTY100,2025-10-16,121.7085
NIFTY100,2025-10-17,123.499
NIFTY100,2025-10-20,122.4742
NIFTY100,2025-10-21,122.1521
NIFTY100,2025-10-22,120.9117
NIFTY100,2025-10-23,122.2611
NIFTY100,2025-10-24,122.8534
NIFTY100,2025-10-27,123.8592
NIFTY100,2025-10-28,122.5491
NIFTY100,2025-10-29,122.5913
NIFTY100,2025-10-30,123.1104
NIFTY100,2025-10-31,122.8904
NIFTY100,2025-11-03,123.2459
NIFTY100,2025-11-04,122.8667
NIFTY100,2025-11-05,122.637
NIFTY100,2025-11-06,122.006
NIFTY100,2025-11-07,121.1265
NIFTY100,2025-11-10,121.1851
NIFTY100,2025-11-11,120.2981
NIFTY100,2025-11-12,120.5651
NIFTY100,2025-11-13,119.8637
NIFTY100,2025-11-14,120.0127
NIFTY100,2025-11-17,120.3963
NIFTY100,2025-11-18,121.7697
NIFTY100,2025-11-19,121.326
NIFTY100,2025-11-20,121.6093
NIFTY100,2025-11-21,121.7029
NIFTY100,2025-11-24,121.4041
