amfi_code,date,rolling_sharpe_90d
FUND01,2023-05-08T00:00:00,2.7751
FUND01,2023-05-09T00:00:00,3.197
FUND01,2023-05-10T00:00:00,3.345
FUND01,2023-05-11T00:00:00,3.3945
FUND01,2023-05-12T00:00:00,3.7352
FUND01,2023-05-15T00:00:00,3.6381
FUND01,2023-05-16T00:00:00,3.8439
FUND01,2023-05-17T00:00:00,3.6716
FUND01,2023-05-18T00:00:00,3.4454
FUND01,2023-05-19T00:00:00,3.177
FUND01,2023-05-22T00:00:00,3.3019
FUND01,2023-05-23T00:00:00,3.753
FUND01,2023-05-24T00:00:00,3.8492
FUND01,2023-05-25T00:00:00,3.7587
FUND01,2023-05-26T00:00:00,3.1722
FUND01,2023-05-29T00:00:00,3.3149
FUND01,2023-05-30T00:00:00,3.3189
FUND01,2023-05-31T00:00:00,3.5272
FUND01,2023-06-01T00:00:00,3.4612
FUND01,2023-06-02T00:00:00,3.3731
FUND01,2023-06-05T00:00:00,3.4864
FUND01,2023-06-06T00:00:00,3.3133
FUND01,2023-06-07T00:00:00,3.1639
FUND01,2023-06-08T00:00:00,3.3341
FUND01,2023-06-09T00:00:00,3.1171
FUND01,2023-06-12T00:00:00,3.2757
FUND01,2023-06-13T00:00:00,3.1949
FUND01,2023-06-14T00:00:00,3.26
FUND01,2023-06-15T00:00:00,3.958
FUND01,2023-06-16T00:00:00,3.812
FUND01,2023-06-19T00:00:00,4.166
FUND01,2023-06-20T00:00:00,4.0148
FUND01,2023-06-21T00:00:00,4.204
FUND01,2023-06-22T00:00:00,4.534
FUND01,2023-06-23T00:00:00,4.6022
FUND01,2023-06-26T00:00:00,4.5239
FUND01,2023-06-27T00:00:00,4.5166
FUND01,2023-06-28T00:00:00,4.6361
FUND01,2023-06-29T00:00:00,4.8637
FUND01,2023-06-30T00:00:00,4.3296
FUND01,2023-07-03T00:00:00,4.3808
FUND01,2023-07-04T00:00:00,4.4202
FUND01,2023-07-05T00:00:00,4.535
FUND01,2023-07-06T00:00:00,4.5713
FUND01,2023-07-07T00:00:00,4.7081
FUND01,2023-07-10T00:00:00,4.7515
FUND01,2023-07-11T00:00:00,4.5709
FUND01,2023-07-12T00:00:00,4.52
FUND01,2023-07-13T00:00:00,4.5316
FUND01,2023-07-14T00:00:00,4.5084
FUND01,2023-07-17T00:00:00,4.555
FUND01,2023-07-18T00:00:00,4.8526
FUND01,2023-07-19T00:00:00,4.3648
FUND01,2023-07-20T00:00:00,4.0741
FUND01,2023-07-21T00:00:00,4.0332
FUND01,2023-07-24T00:00:00,4.0315
FUND01,2023-07-25T00:00:00,4.034
FUND01,2023-07-26T00:00:00,4.0435
FUND01,2023-07-27T00:00:00,4.1186
FUND01,2023-07-28T00:00:00,4.3052
FUND01,2023-07-31T00:00:00,4.2397
FUND01,2023-08-01T00:00:00,4.6562
FUND01,2023-08-02T00:00:00,4.5022
FUND01,2023-08-03T00:00:00,4.6363
FUND01,2023-08-04T00:00:00,4.7158
FUND01,2023-08-07T00:00:00,4.7122
FUND01,2023-08-08T00:00:00,4.808
FUND01,2023-08-09T00:00:00,4.6223
FUND01,2023-08-10T00:00:00,4.5661
FUND01,2023-08-11T00:00:00,4.976
FUND01,2023-08-14T00:00:00,5.1396
FUND01,2023-08-15T00:00:00,5.2631
FUND01,2023-08-16T00:00:00,5.1271
FUND01,2023-08-17T00:00:00,5.4685
FUND01,2023-08-18T00:00:00,5.5053
FUND01,2023-08-21T00:00:00,5.4698
FUND01,2023-08-22T00:00:00,5.8188
FUND01,2023-08-23T00:00:00,5.769
FUND01,2023-08-24T00:00:00,5.8062
FUND01,2023-08-25T00:00:00,6.1244
FUND01,2023-08-28T00:00:00,6.2981
FUND01,2023-08-29T00:00:00,6.081
FUND01,2023-08-30T00:00:00,6.0406
FUND01,2023-08-31T00:00:00,6.1542
FUND01,2023-09-01T00:00:00,5.8657
FUND01,2023-09-04T00:00:00,5.9273
FUND01,2023-09-05T00:00:00,5.7113
FUND01,2023-09-06T00:00:00,5.197
FUND01,2023-09-07T00:00:00,5.2277
FUND01,2023-09-08T00:00:00,5.4493
FUND01,2023-09-11T00:00:00,5.135
FUND01,2023-09-12T00:00:00,5.1585
FUND01,2023-09-13T00:00:00,5.0539
FUND01,2023-09-14T00:00:00,4.9374
FUND01,2023-09-15T00:00:00,4.7441
FUND01,2023-09-18T00:00:00,4.987
FUND01,2023-09-19T00:00:00,4.5945
FUND01,2023-09-20T00:00:00,4.643
FUND01,2023-09-21T00:00:00,4.7534
FUND01,2023-09-22T00:00:00,5.3028
FUND01,2023-09-25T00:00:00,4.8638
FUND01,2023-09-26T00:00:00,4.7688
FUND01,2023-09-27T00:00:00,4.5701
FUND01,2023-09-28T00:00:00,4.4322
FUND01,2023-09-29T00:00:00,5.3267
FUND01,2023-10-02T00:00:00,5.2001
FUND01,2023-10-03T00:00:00,5.3786
FUND01,2023-10-04T00:00:00,5.4032
FUND01,2023-10-05T00:00:00,5.6046
FUND01,2023-10-06T00:00:00,5.5001
FUND01,2023-10-09T00:00:00,5.1068
FUND01,2023-10-10T00:00:00,5.364
FUND01,2023-10-11T00:00:00,5.3964
FUND01,2023-10-12T00:00:00,5.2256
FUND01,2023-10-13T00:00:00,4.7688
FUND01,2023-10-16T00:00:00,5.1083
FUND01,2023-10-17T00:00:00,5.0572
FUND01,2023-10-18T00:00:00,5.583
FUND01,2023-10-19T00:00:00,5.3178
FUND01,2023-10-20T00:00:00,5.6498
FUND01,2023-10-23T00:00:00,5.79
FUND01,2023-10-24T00:00:00,5.6051
FUND01,2023-10-25T00:00:00,4.996
FUND01,2023-10-26T00:00:00,4.8402
FUND01,2023-10-27T00:00:00,4.7202
FUND01,2023-10-30T00:00:00,5.1189
FUND01,2023-10-31T00:00:00,5.3341
FUND01,2023-11-01T00:00:00,5.2277
FUND01,2023-11-02T00:00:00,4.6283
FUND01,2023-11-03T00:00:00,4.9253
FUND01,2023-11-06T00:00:00,4.9563
FUND01,2023-11-07T00:00:00,4.9367
FUND01,2023-11-08T00:00:00,4.2641
FUND01,2023-11-09T00:00:00,4.1418
FUND01,2023-11-10T00:00:00,4.338
FUND01,2023-11-13T00:00:00,4.7085
FUND01,2023-11-14T00:00:00,5.0637
FUND01,2023-11-15T00:00:00,5.0829
FUND01,2023-11-16T00:00:00,4.8561
FUND01,2023-11-17T00:00:00,4.4278
FUND01,2023-11-20T00:00:00,4.554
FUND01,2023-11-21T00:00:00,4.5832
FUND01,2023-11-22T00:00:00,5.0281
FUND01,2023-11-23T00:00:00,5.0108
FUND01,2023-11-24T00:00:00,4.7202
FUND01,2023-11-27T00:00:00,4.4341
FUND01,2023-11-28T00:00:00,3.9877
FUND01,2023-11-29T00:00:00,4.1006
FUND01,2023-11-30T00:00:00,3.8081
FUND01,2023-12-01T00:00:00,3.6741
FUND01,2023-12-04T00:00:00,3.6637
FUND01,2023-12-05T00:00:00,3.8012
FUND01,2023-12-06T00:00:00,3.9425
FUND01,2023-12-07T00:00:00,3.9254
FUND01,2023-12-08T00:00:00,3.8389
FUND01,2023-12-11T00:00:00,3.5914
FUND01,2023-12-12T00:00:00,3.2806
FUND01,2023-12-13T00:00:00,3.4032
FUND01,2023-12-14T00:00:00,3.5071
FUND01,2023-12-15T00:00:00,3.2993
FUND01,2023-12-18T00:00:00,3.6307
FUND01,2023-12-19T00:00:00,3.6754
FUND01,2023-12-20T00:00:00,3.7524
FUND01,2023-12-21T00:00:00,3.5949
FUND01,2023-12-22T00:00:00,3.5381
FUND01,2023-12-25T00:00:00,3.7467
FUND01,2023-12-26T00:00:00,3.783
FUND01,2023-12-27T00:00:00,3.6128
FUND01,2023-12-28T00:00:00,3.8736
FUND01,2023-12-29T00:00:00,3.893
FUND01,2024-01-01T00:00:00,3.9733
FUND01,2024-01-02T00:00:00,3.8281
FUND01,2024-01-03T00:00:00,3.2662
FUND01,2024-01-04T00:00:00,2.8373
FUND01,2024-01-05T00:00:00,2.9904
FUND01,2024-01-08T00:00:00,2.8981
FUND01,2024-01-09T00:00:00,2.9803
FUND01,2024-01-10T00:00:00,3.1108
FUND01,2024-01-11T00:00:00,2.8361
FUND01,2024-01-12T00:00:00,2.4919
FUND01,2024-01-15T00:00:00,2.6579
FUND01,2024-01-16T00:00:00,2.6364
FUND01,2024-01-17T00:00:00,2.7044
FUND01,2024-01-18T00:00:00,2.9072
FUND01,2024-01-19T00:00:00,2.8196
FUND01,2024-01-22T00:00:00,2.8609
FUND01,2024-01-23T00:00:00,2.9533
FUND01,2024-01-24T00:00:00,2.7931
FUND01,2024-01-25T00:00:00,2.7117
FUND01,2024-01-26T00:00:00,2.3307
FUND01,2024-01-29T00:00:00,2.2733
FUND01,2024-01-30T00:00:00,2.1961
FUND01,2024-01-31T00:00:00,2.2804
FUND01,2024-02-01T00:00:00,2.2396
FUND01,2024-02-02T00:00:00,1.8693
FUND01,2024-02-05T00:00:00,1.9262
FUND01,2024-02-06T00:00:00,1.8627
FUND01,2024-02-07T00:00:00,1.938
FUND01,2024-02-08T00:00:00,1.8051
FUND01,2024-02-09T00:00:00,1.7888
FUND01,2024-02-12T00:00:00,1.888
FUND01,2024-02-13T00:00:00,1.6724
FUND01,2024-02-14T00:00:00,1.6969
FUND01,2024-02-15T00:00:00,1.6756
FUND01,2024-02-16T00:00:00,2.2903
FUND01,2024-02-19T00:00:00,2.1558
FUND01,2024-02-20T00:00:00,2.3329
FUND01,2024-02-21T00:00:00,1.9731
FUND01,2024-02-22T00:00:00,2.242
FUND01,2024-02-23T00:00:00,2.0058
FUND01,2024-02-26T00:00:00,1.6334
FUND01,2024-02-27T00:00:00,1.8489
FUND01,2024-02-28T00:00:00,1.9843
FUND01,2024-02-29T00:00:00,2.3633
FUND01,2024-03-01T00:00:00,2.3777
FUND01,2024-03-04T00:00:00,1.9269
FUND01,2024-03-05T00:00:00,1.8205
FUND01,2024-03-06T00:00:00,1.7954
FUND01,2024-03-07T00:00:00,2.0785
FUND01,2024-03-08T00:00:00,2.225
FUND01,2024-03-11T00:00:00,2.1004
FUND01,2024-03-12T00:00:00,1.6587
FUND01,2024-03-13T00:00:00,1.8082
FUND01,2024-03-14T00:00:00,1.934
FUND01,2024-03-15T00:00:00,1.9207
FUND01,2024-03-18T00:00:00,1.8925
FUND01,2024-03-19T00:00:00,2.0663
FUND01,2024-03-20T00:00:00,1.6542
FUND01,2024-03-21T00:00:00,1.9798
FUND01,2024-03-22T00:00:00,1.7859
FUND01,2024-03-25T00:00:00,2.0082
FUND01,2024-03-26T00:00:00,1.971
FUND01,2024-03-27T00:00:00,1.6974
FUND01,2024-03-28T00:00:00,2.0481
FUND01,2024-03-29T00:00:00,2.3305
FUND01,2024-04-01T00:00:00,2.1338
FUND01,2024-04-02T00:00:00,2.3651
FUND01,2024-04-03T00:00:00,2.1551
FUND01,2024-04-04T00:00:00,2.5812
FUND01,2024-04-05T00:00:00,2.5594
FUND01,2024-04-08T00:00:00,2.6841
FUND01,2024-04-09T00:00:00,2.2317
FUND01,2024-04-10T00:00:00,2.2687
FUND01,2024-04-11T00:00:00,2.3712
FUND01,2024-04-12T00:00:00,2.3008
FUND01,2024-04-15T00:00:00,2.4518
FUND01,2024-04-16T00:00:00,2.5907
FUND01,2024-04-17T00:00:00,2.2684
FUND01,2024-04-18T00:00:00,2.2204
FUND01,2024-04-19T00:00:00,2.1622
FUND01,2024-04-22T00:00:00,1.574
FUND01,2024-04-23T00:00:00,1.8364
FUND01,2024-04-24T00:00:00,1.8616
FUND01,2024-04-25T00:00:00,1.7868
FUND01,2024-04-26T00:00:00,1.7182
FUND01,2024-04-29T00:00:00,1.255
FUND01,2024-04-30T00:00:00,1.2148
FUND01,2024-05-01T00:00:00,1.4314
FUND01,2024-05-02T00:00:00,1.5717
FUND01,2024-05-03T00:00:00,1.4725
FUND01,2024-05-06T00:00:00,1.4468
FUND01,2024-05-07T00:00:00,1.6637
FUND01,2024-05-08T00:00:00,2.2148
FUND01,2024-05-09T00:00:00,2.5569
FUND01,2024-05-10T00:00:00,2.7038
FUND01,2024-05-13T00:00:00,2.8321
FUND01,2024-05-14T00:00:00,2.7534
FUND01,2024-05-15T00:00:00,2.7356
FUND01,2024-05-16T00:00:00,2.7942
FUND01,2024-05-17T00:00:00,3.0774
FUND01,2024-05-20T00:00:00,2.8299
FUND01,2024-05-21T00:00:00,2.9078
FUND01,2024-05-22T00:00:00,2.7394
FUND01,2024-05-23T00:00:00,2.8484
FUND01,2024-05-24T00:00:00,3.1947
FUND01,2024-05-27T00:00:00,2.9955
FUND01,2024-05-28T00:00:00,2.7181
FUND01,2024-05-29T00:00:00,2.7698
FUND01,2024-05-30T00:00:00,2.8497
FUND01,2024-05-31T00:00:00,2.6697
FUND01,2024-06-03T00:00:00,3.0669
FUND01,2024-06-04T00:00:00,3.0887
FUND01,2024-06-05T00:00:00,2.963
FUND01,2024-06-06T00:00:00,2.8855
FUND01,2024-06-07T00:00:00,2.8767
FUND01,2024-06-10T00:00:00,3.0726
FUND01,2024-06-11T00:00:00,2.7951
FUND01,2024-06-12T00:00:00,2.6361
FUND01,2024-06-13T00:00:00,2.6608
FUND01,2024-06-14T00:00:00,2.9181
FUND01,2024-06-17T00:00:00,2.8056
FUND01,2024-06-18T00:00:00,3.1276
FUND01,2024-06-19T00:00:00,3.2668
FUND01,2024-06-20T00:00:00,3.3765
FUND01,2024-06-21T00:00:00,3.3245
FUND01,2024-06-24T00:00:00,3.0743
FUND01,2024-06-25T00:00:00,3.0879
FUND01,2024-06-26T00:00:00,3.0721
FUND01,2024-06-27T00:00:00,2.8917
FUND01,2024-06-28T00:00:00,3.2958
FUND01,2024-07-01T00:00:00,3.3746
FUND01,2024-07-02T00:00:00,3.3051
FUND01,2024-07-03T00:00:00,3.2169
FUND01,2024-07-04T00:00:00,3.0274
FUND01,2024-07-05T00:00:00,2.816
FUND01,2024-07-08T00:00:00,3.0337
FUND01,2024-07-09T00:00:00,2.8181
FUND01,2024-07-10T00:00:00,2.9361
FUND01,2024-07-11T00:00:00,2.4972
FUND01,2024-07-12T00:00:00,2.4803
FUND01,2024-07-15T00:00:00,2.4445
FUND01,2024-07-16T00:00:00,2.7528
FUND01,2024-07-17T00:00:00,3.1475
FUND01,2024-07-18T00:00:00,3.1227
FUND01,2024-07-19T00:00:00,2.8037
FUND01,2024-07-22T00:00:00,2.3882
FUND01,2024-07-23T00:00:00,2.2244
FUND01,2024-07-24T00:00:00,2.3513
FUND01,2024-07-25T00:00:00,2.1528
FUND01,2024-07-26T00:00:00,2.4432
FUND01,2024-07-29T00:00:00,2.1867
FUND01,2024-07-30T00:00:00,2.1788
FUND01,2024-07-31T00:00:00,2.4285
FUND01,2024-08-01T00:00:00,2.3015
FUND01,2024-08-02T00:00:00,2.2245
FUND01,2024-08-05T00:00:00,2.6055
FUND01,2024-08-06T00:00:00,2.2734
FUND01,2024-08-07T00:00:00,2.5685
FUND01,2024-08-08T00:00:00,2.648
FUND01,2024-08-09T00:00:00,2.9966
FUND01,2024-08-12T00:00:00,2.5956
FUND01,2024-08-13T00:00:00,2.9331
FUND01,2024-08-14T00:00:00,2.8578
FUND01,2024-08-15T00:00:00,2.5308
FUND01,2024-08-16T00:00:00,2.7219
FUND01,2024-08-19T00:00:00,2.2629
FUND01,2024-08-20T00:00:00,2.3798
FUND01,2024-08-21T00:00:00,2.6569
FUND01,2024-08-22T00:00:00,2.7386
FUND01,2024-08-23T00:00:00,3.0668
FUND01,2024-08-26T00:00:00,3.2091
FUND01,2024-08-27T00:00:00,2.9143
FUND01,2024-08-28T00:00:00,2.768
FUND01,2024-08-29T00:00:00,3.1144
FUND01,2024-08-30T00:00:00,2.844
FUND01,2024-09-02T00:00:00,3.1013
FUND01,2024-09-03T00:00:00,2.5596
FUND01,2024-09-04T00:00:00,1.9985
FUND01,2024-09-05T00:00:00,1.5029
FUND01,2024-09-06T00:00:00,1.272
FUND01,2024-09-09T00:00:00,1.3471
FUND01,2024-09-10T00:00:00,1.2078
FUND01,2024-09-11T00:00:00,1.0351
FUND01,2024-09-12T00:00:00,0.8539
FUND01,2024-09-13T00:00:00,0.8167
FUND01,2024-09-16T00:00:00,0.4996
FUND01,2024-09-17T00:00:00,0.7459
FUND01,2024-09-18T00:00:00,0.7216
FUND01,2024-09-19T00:00:00,0.7535
FUND01,2024-09-20T00:00:00,0.9071
FUND01,2024-09-23T00:00:00,1.0898
FUND01,2024-09-24T00:00:00,1.1797
FUND01,2024-09-25T00:00:00,1.2088
FUND01,2024-09-26T00:00:00,0.727
FUND01,2024-09-27T00:00:00,0.2321
FUND01,2024-09-30T00:00:00,0.123
FUND01,2024-10-01T00:00:00,0.5419
FUND01,2024-10-02T00:00:00,0.682
FUND01,2024-10-03T00:00:00,0.6739
FUND01,2024-10-04T00:00:00,1.1146
FUND01,2024-10-07T00:00:00,1.062
FUND01,2024-10-08T00:00:00,0.9846
FUND01,2024-10-09T00:00:00,1.1036
FUND01,2024-10-10T00:00:00,1.5102
FUND01,2024-10-11T00:00:00,1.636
FUND01,2024-10-14T00:00:00,1.2693
FUND01,2024-10-15T00:00:00,1.0969
FUND01,2024-10-16T00:00:00,1.3792
FUND01,2024-10-17T00:00:00,1.3377
FUND01,2024-10-18T00:00:00,1.2308
FUND01,2024-10-21T00:00:00,0.9852
FUND01,2024-10-22T00:00:00,1.082
FUND01,2024-10-23T00:00:00,0.7024
FUND01,2024-10-24T00:00:00,0.4263
FUND01,2024-10-25T00:00:00,0.3663
FUND01,2024-10-28T00:00:00,0.2215
FUND01,2024-10-29T00:00:00,0.0019
FUND01,2024-10-30T00:00:00,0.1609
FUND01,2024-10-31T00:00:00,0.0502
FUND01,2024-11-01T00:00:00,0.0769
FUND01,2024-11-04T00:00:00,0.198
FUND01,2024-11-05T00:00:00,-0.1547
FUND01,2024-11-06T00:00:00,-0.1995
FUND01,2024-11-07T00:00:00,-0.1557
FUND01,2024-11-08T00:00:00,-0.2722
FUND01,2024-11-11T00:00:00,-0.1794
FUND01,2024-11-12T00:00:00,-0.0431
FUND01,2024-11-13T00:00:00,0.0349
FUND01,2024-11-14T00:00:00,0.3752
FUND01,2024-11-15T00:00:00,0.328
FUND01,2024-11-18T00:00:00,0.1575
FUND01,2024-11-19T00:00:00,0.488
FUND01,2024-11-20T00:00:00,0.2184
FUND01,2024-11-21T00:00:00,0.1702
FUND01,2024-11-22T00:00:00,0.1872
FUND01,2024-11-25T00:00:00,0.3263
FUND01,2024-11-26T00:00:00,0.1725
FUND01,2024-11-27T00:00:00,0.4204
FUND01,2024-11-28T00:00:00,0.2954
FUND01,2024-11-29T00:00:00,0.5517
FUND01,2024-12-02T00:00:00,0.7837
FUND01,2024-12-03T00:00:00,0.7893
FUND01,2024-12-04T00:00:00,0.9097
FUND01,2024-12-05T00:00:00,0.8601
FUND01,2024-12-06T00:00:00,0.9796
FUND01,2024-12-09T00:00:00,1.0885
FUND01,2024-12-10T00:00:00,1.35
FUND01,2024-12-11T00:00:00,1.3734
FUND01,2024-12-12T00:00:00,1.2941
FUND01,2024-12-13T00:00:00,0.8692
FUND01,2024-12-16T00:00:00,1.0105
FUND01,2024-12-17T00:00:00,0.653
FUND01,2024-12-18T00:00:00,0.6623
FUND01,2024-12-19T00:00:00,0.7499
FUND01,2024-12-20T00:00:00,0.9571
FUND01,2024-12-23T00:00:00,1.3031
FUND01,2024-12-24T00:00:00,1.32
FUND01,2024-12-25T00:00:00,1.2074
FUND01,2024-12-26T00:00:00,0.8266
FUND01,2024-12-27T00:00:00,0.1774
FUND01,2024-12-30T00:00:00,0.0584
FUND01,2024-12-31T00:00:00,-0.1816
FUND01,2025-01-01T00:00:00,-0.069
FUND01,2025-01-02T00:00:00,-0.4668
FUND01,2025-01-03T00:00:00,-0.0434
FUND01,2025-01-06T00:00:00,-0.1205
FUND01,2025-01-07T00:00:00,0.3504
FUND01,2025-01-08T00:00:00,1.0668
FUND01,2025-01-09T00:00:00,1.3658
FUND01,2025-01-10T00:00:00,1.6053
FUND01,2025-01-13T00:00:00,1.2932
FUND01,2025-01-14T00:00:00,1.1262
FUND01,2025-01-15T00:00:00,1.3016
FUND01,2025-01-16T00:00:00,1.7664
FUND01,2025-01-17T00:00:00,1.6487
FUND01,2025-01-20T00:00:00,1.7818
FUND01,2025-01-21T00:00:00,1.7434
FUND01,2025-01-22T00:00:00,1.426
FUND01,2025-01-23T00:00:00,1.6151
FUND01,2025-01-24T00:00:00,1.6191
FUND01,2025-01-27T00:00:00,1.4996
FUND01,2025-01-28T00:00:00,1.4941
FUND01,2025-01-29T00:00:00,1.6491
FUND01,2025-01-30T00:00:00,1.8498
FUND01,2025-01-31T00:00:00,1.9465
FUND01,2025-02-03T00:00:00,1.9852
FUND01,2025-02-04T00:00:00,1.7459
FUND01,2025-02-05T00:00:00,1.3984
FUND01,2025-02-06T00:00:00,1.6681
FUND01,2025-02-07T00:00:00,1.6951
FUND01,2025-02-10T00:00:00,1.9445
FUND01,2025-02-11T00:00:00,1.7479
FUND01,2025-02-12T00:00:00,2.0515
FUND01,2025-02-13T00:00:00,2.1145
FUND01,2025-02-14T00:00:00,2.1666
FUND01,2025-02-17T00:00:00,2.0566
FUND01,2025-02-18T00:00:00,2.0937
FUND01,2025-02-19T00:00:00,2.0485
FUND01,2025-02-20T00:00:00,1.9831
FUND01,2025-02-21T00:00:00,1.9156
FUND01,2025-02-24T00:00:00,2.499
FUND01,2025-02-25T00:00:00,2.0111
FUND01,2025-02-26T00:00:00,2.5911
FUND01,2025-02-27T00:00:00,2.9877
FUND01,2025-02-28T00:00:00,2.5656
FUND01,2025-03-03T00:00:00,2.5482
FUND01,2025-03-04T00:00:00,2.5104
FUND01,2025-03-05T00:00:00,2.2979
FUND01,2025-03-06T00:00:00,2.442
FUND01,2025-03-07T00:00:00,1.6936
FUND01,2025-03-10T00:00:00,1.4108
FUND01,2025-03-11T00:00:00,2.0816
FUND01,2025-03-12T00:00:00,2.1507
FUND01,2025-03-13T00:00:00,1.9653
FUND01,2025-03-14T00:00:00,1.9263
FUND01,2025-03-17T00:00:00,2.1056
FUND01,2025-03-18T00:00:00,2.0422
FUND01,2025-03-19T00:00:00,2.2228
FUND01,2025-03-20T00:00:00,2.2979
FUND01,2025-03-21T00:00:00,2.2147
FUND01,2025-03-24T00:00:00,2.4504
FUND01,2025-03-25T00:00:00,2.1529
FUND01,2025-03-26T00:00:00,1.9875
FUND01,2025-03-27T00:00:00,1.9812
FUND01,2025-03-28T00:00:00,2.0425
FUND01,2025-03-31T00:00:00,2.0527
FUND01,2025-04-01T00:00:00,2.1463
FUND01,2025-04-02T00:00:00,2.0828
FUND01,2025-04-03T00:00:00,2.344
FUND01,2025-04-04T00:00:00,2.4769
FUND01,2025-04-07T00:00:00,2.0491
FUND01,2025-04-08T00:00:00,2.2723
FUND01,2025-04-09T00:00:00,2.1109
FUND01,2025-04-10T00:00:00,1.8376
FUND01,2025-04-11T00:00:00,2.0405
FUND01,2025-04-14T00:00:00,2.0165
FUND01,2025-04-15T00:00:00,2.1899
FUND01,2025-04-16T00:00:00,2.183
FUND01,2025-04-17T00:00:00,1.8676
FUND01,2025-04-18T00:00:00,2.0555
FUND01,2025-04-21T00:00:00,1.9629
FUND01,2025-04-22T00:00:00,2.0701
FUND01,2025-04-23T00:00:00,1.7519
FUND01,2025-04-24T00:00:00,1.7027
FUND01,2025-04-25T00:00:00,1.6069
FUND01,2025-04-28T00:00:00,1.6449
FUND01,2025-04-29T00:00:00,1.4489
FUND01,2025-04-30T00:00:00,1.3143
FUND01,2025-05-01T00:00:00,1.3207
FUND01,2025-05-02T00:00:00,1.4725
FUND01,2025-05-05T00:00:00,1.4612
FUND01,2025-05-06T00:00:00,1.6676
FUND01,2025-05-07T00:00:00,1.5617
FUND01,2025-05-08T00:00:00,1.4417
FUND01,2025-05-09T00:00:00,1.3105
FUND01,2025-05-12T00:00:00,1.1688
FUND01,2025-05-13T00:00:00,1.0009
FUND01,2025-05-14T00:00:00,0.9128
FUND01,2025-05-15T00:00:00,1.0525
FUND01,2025-05-16T00:00:00,1.1766
FUND01,2025-05-19T00:00:00,0.9773
FUND01,2025-05-20T00:00:00,1.1975
FUND01,2025-05-21T00:00:00,1.133
FUND01,2025-05-22T00:00:00,1.0466
FUND01,2025-05-23T00:00:00,0.7681
FUND01,2025-05-26T00:00:00,0.8777
FUND01,2025-05-27T00:00:00,0.8957
FUND01,2025-05-28T00:00:00,1.292
FUND01,2025-05-29T00:00:00,1.2456
FUND01,2025-05-30T00:00:00,1.2969
FUND01,2025-06-02T00:00:00,1.4387
FUND01,2025-06-03T00:00:00,1.3265
FUND01,2025-06-04T00:00:00,1.1776
FUND01,2025-06-05T00:00:00,1.2496
FUND01,2025-06-06T00:00:00,1.1253
FUND01,2025-06-09T00:00:00,1.1636
FUND01,2025-06-10T00:00:00,1.4585
FUND01,2025-06-11T00:00:00,1.6631
FUND01,2025-06-12T00:00:00,1.4092
FUND01,2025-06-13T00:00:00,1.1485
FUND01,2025-06-16T00:00:00,1.1466
FUND01,2025-06-17T00:00:00,1.1919
FUND01,2025-06-18T00:00:00,1.0057
FUND01,2025-06-19T00:00:00,0.4886
FUND01,2025-06-20T00:00:00,0.2572
FUND01,2025-06-23T00:00:00,0.4627
FUND01,2025-06-24T00:00:00,0.6486
FUND01,2025-06-25T00:00:00,0.6267
FUND01,2025-06-26T00:00:00,0.9886
FUND01,2025-06-27T00:00:00,0.9182
FUND01,2025-06-30T00:00:00,0.8046
FUND01,2025-07-01T00:00:00,0.9231
FUND01,2025-07-02T00:00:00,0.7964
FUND01,2025-07-03T00:00:00,0.6279
FUND01,2025-07-04T00:00:00,0.9765
FUND01,2025-07-07T00:00:00,1.3033
FUND01,2025-07-08T00:00:00,1.2006
FUND01,2025-07-09T00:00:00,1.3467
FUND01,2025-07-10T00:00:00,1.495
FUND01,2025-07-11T00:00:00,2.097
FUND01,2025-07-14T00:00:00,2.1703
FUND01,2025-07-15T00:00:00,1.5361
FUND01,2025-07-16T00:00:00,1.8234
FUND01,2025-07-17T00:00:00,1.7298
FUND01,2025-07-18T00:00:00,1.8302
FUND01,2025-07-21T00:00:00,1.6681
FUND01,2025-07-22T00:00:00,1.2874
FUND01,2025-07-23T00:00:00,1.0585
FUND01,2025-07-24T00:00:00,1.1885
FUND01,2025-07-25T00:00:00,1.257
FUND01,2025-07-28T00:00:00,0.9261
FUND01,2025-07-29T00:00:00,0.8296
FUND01,2025-07-30T00:00:00,1.0934
FUND01,2025-07-31T00:00:00,0.4921
FUND01,2025-08-01T00:00:00,0.5643
FUND01,2025-08-04T00:00:00,0.6635
FUND01,2025-08-05T00:00:00,0.5244
FUND01,2025-08-06T00:00:00,0.5277
FUND01,2025-08-07T00:00:00,0.4796
FUND01,2025-08-08T00:00:00,0.2016
FUND01,2025-08-11T00:00:00,0.6596
FUND01,2025-08-12T00:00:00,0.3098
FUND01,2025-08-13T00:00:00,0.2136
FUND01,2025-08-14T00:00:00,0.2795
FUND01,2025-08-15T00:00:00,-0.2127
FUND01,2025-08-18T00:00:00,0.1019
FUND01,2025-08-19T00:00:00,-0.2769
FUND01,2025-08-20T00:00:00,-0.699
FUND01,2025-08-21T00:00:00,-0.525
FUND01,2025-08-22T00:00:00,-0.9996
FUND01,2025-08-25T00:00:00,-0.8089
FUND01,2025-08-26T00:00:00,-0.8129
FUND01,2025-08-27T00:00:00,-0.7028
FUND01,2025-08-28T00:00:00,-1.1368
FUND01,2025-08-29T00:00:00,-1.5065
FUND01,2025-09-01T00:00:00,-1.4648
FUND01,2025-09-02T00:00:00,-1.6662
FUND01,2025-09-03T00:00:00,-1.8402
FUND01,2025-09-04T00:00:00,-1.5993
FUND01,2025-09-05T00:00:00,-1.5551
FUND01,2025-09-08T00:00:00,-1.2467
FUND01,2025-09-09T00:00:00,-1.0384
FUND01,2025-09-10T00:00:00,-1.0353
FUND01,2025-09-11T00:00:00,-1.1137
FUND01,2025-09-12T00:00:00,-1.0909
FUND01,2025-09-15T00:00:00,-0.825
FUND01,2025-09-16T00:00:00,-0.9456
FUND01,2025-09-17T00:00:00,-1.3422
FUND01,2025-09-18T00:00:00,-1.1362
FUND01,2025-09-19T00:00:00,-1.3226
FUND01,2025-09-22T00:00:00,-1.0838
FUND01,2025-09-23T00:00:00,-1.0011
FUND01,2025-09-24T00:00:00,-0.8348
FUND01,2025-09-25T00:00:00,-0.9166
FUND01,2025-09-26T00:00:00,-0.6637
FUND01,2025-09-29T00:00:00,-0.5503
FUND01,2025-09-30T00:00:00,-0.3429
FUND01,2025-10-01T00:00:00,-0.0213
FUND01,2025-10-02T00:00:00,0.1328
FUND01,2025-10-03T00:00:00,-0.1818
FUND01,2025-10-06T00:00:00,0.4702
FUND01,2025-10-07T00:00:00,0.1302
FUND01,2025-10-08T00:00:00,0.05
FUND01,2025-10-09T00:00:00,-0.1038
FUND01,2025-10-10T00:00:00,0.3257
FUND01,2025-10-13T00:00:00,0.4299
FUND01,2025-10-14T00:00:00,-0.0454
FUND01,2025-10-15T00:00:00,0.0383
FUND01,2025-10-16T00:00:00,0.1648
FUND01,2025-10-17T00:00:00,0.1955
FUND01,2025-10-20T00:00:00,-0.1595
FUND01,2025-10-21T00:00:00,-0.1367
FUND01,2025-10-22T00:00:00,-0.3771
FUND01,2025-10-23T00:00:00,-0.2072
FUND01,2025-10-24T00:00:00,-0.1116
FUND01,2025-10-27T00:00:00,-0.0167
FUND01,2025-10-28T00:00:00,-0.2088
FUND01,2025-10-29T00:00:00,-0.5625
FUND01,2025-10-30T00:00:00,-0.8849
FUND01,2025-10-31T00:00:00,-0.5663
FUND01,2025-11-03T00:00:00,-0.7446
FUND01,2025-11-04T00:00:00,-0.1711
FUND01,2025-11-05T00:00:00,-0.3038
FUND01,2025-11-06T00:00:00,-0.6097
FUND01,2025-11-07T00:00:00,-0.844
FUND01,2025-11-10T00:00:00,-0.8343
FUND01,2025-11-11T00:00:00,-0.8982
FUND01,2025-11-12T00:00:00,-0.4245
FUND01,2025-11-13T00:00:00,-0.6695
FUND01,2025-11-14T00:00:00,-0.5525
FUND01,2025-11-17T00:00:00,-0.3294
FUND01,2025-11-18T00:00:00,-0.1279
FUND01,2025-11-19T00:00:00,-0.3188
FUND01,2025-11-20T00:00:00,-0.251
FUND01,2025-11-21T00:00:00,-0.0158
FUND01,2025-11-24T00:00:00,0.1517
FUND02,2023-05-08T00:00:00,-1.353
FUND02,2023-05-09T00:00:00,-1.4903
FUND02,2023-05-10T00:00:00,-1.278
FUND02,2023-05-11T00:00:00,-1.5375
FUND02,2023-05-12T00:00:00,-1.6829
FUND02,2023-05-15T00:00:00,-1.8763
FUND02,2023-05-16T00:00:00,-1.6552
FUND02,2023-05-17T00:00:00,-1.7031
FUND02,2023-05-18T00:00:00,-1.9389
FUND02,2023-05-19T00:00:00,-2.4204
FUND02,2023-05-22T00:00:00,-2.0438
FUND02,2023-05-23T00:00:00,-1.9366
FUND02,2023-05-24T00:00:00,-2.3891
FUND02,2023-05-25T00:00:00,-2.2068
FUND02,2023-05-26T00:00:00,-1.9999
FUND02,2023-05-29T00:00:00,-1.852
FUND02,2023-05-30T00:00:00,-2.1891
FUND02,2023-05-31T00:00:00,-2.1442
FUND02,2023-06-01T00:00:00,-2.0723
FUND02,2023-06-02T00:00:00,-1.8363
FUND02,2023-06-05T00:00:00,-1.6304
FUND02,2023-06-06T00:00:00,-2.1212
FUND02,2023-06-07T00:00:00,-2.2282
FUND02,2023-06-08T00:00:00,-1.8092
FUND02,2023-06-09T00:00:00,-1.5526
FUND02,2023-06-12T00:00:00,-1.3609
FUND02,2023-06-13T00:00:00,-1.5378
FUND02,2023-06-14T00:00:00,-1.3248
FUND02,2023-06-15T00:00:00,-1.2624
FUND02,2023-06-16T00:00:00,-1.0385
FUND02,2023-06-19T00:00:00,-0.795
FUND02,2023-06-20T00:00:00,-1.2178
FUND02,2023-06-21T00:00:00,-0.8197
FUND02,2023-06-22T00:00:00,-0.8677
FUND02,2023-06-23T00:00:00,-0.7002
FUND02,2023-06-26T00:00:00,-0.5042
FUND02,2023-06-27T00:00:00,-0.5842
FUND02,2023-06-28T00:00:00,-0.8477
FUND02,2023-06-29T00:00:00,-0.3559
FUND02,2023-06-30T00:00:00,0.2914
FUND02,2023-07-03T00:00:00,0.4386
FUND02,2023-07-04T00:00:00,0.5868
FUND02,2023-07-05T00:00:00,0.6146
FUND02,2023-07-06T00:00:00,0.6646
FUND02,2023-07-07T00:00:00,0.6663
FUND02,2023-07-10T00:00:00,0.6373
FUND02,2023-07-11T00:00:00,0.9185
FUND02,2023-07-12T00:00:00,0.8716
FUND02,2023-07-13T00:00:00,1.0081
FUND02,2023-07-14T00:00:00,0.7446
FUND02,2023-07-17T00:00:00,0.8229
FUND02,2023-07-18T00:00:00,1.0821
FUND02,2023-07-19T00:00:00,0.9641
FUND02,2023-07-20T00:00:00,0.7524
FUND02,2023-07-21T00:00:00,0.9667
FUND02,2023-07-24T00:00:00,1.3033
FUND02,2023-07-25T00:00:00,0.8659
FUND02,2023-07-26T00:00:00,1.0247
FUND02,2023-07-27T00:00:00,1.1183
FUND02,2023-07-28T00:00:00,1.6569
FUND02,2023-07-31T00:00:00,1.3549
FUND02,2023-08-01T00:00:00,1.2812
FUND02,2023-08-02T00:00:00,0.9487
FUND02,2023-08-03T00:00:00,0.7292
FUND02,2023-08-04T00:00:00,0.9019
FUND02,2023-08-07T00:00:00,0.8406
FUND02,2023-08-08T00:00:00,0.5475
FUND02,2023-08-09T00:00:00,0.4067
FUND02,2023-08-10T00:00:00,0.3394
FUND02,2023-08-11T00:00:00,0.1164
FUND02,2023-08-14T00:00:00,0.0616
FUND02,2023-08-15T00:00:00,0.114
FUND02,2023-08-16T00:00:00,-0.0292
FUND02,2023-08-17T00:00:00,0.1222
FUND02,2023-08-18T00:00:00,0.5405
FUND02,2023-08-21T00:00:00,0.3883
FUND02,2023-08-22T00:00:00,0.4459
FUND02,2023-08-23T00:00:00,0.4911
FUND02,2023-08-24T00:00:00,0.7215
FUND02,2023-08-25T00:00:00,1.0696
FUND02,2023-08-28T00:00:00,0.434
FUND02,2023-08-29T00:00:00,0.59
FUND02,2023-08-30T00:00:00,0.3331
FUND02,2023-08-31T00:00:00,0.1697
FUND02,2023-09-01T00:00:00,0.2821
FUND02,2023-09-04T00:00:00,0.4436
FUND02,2023-09-05T00:00:00,0.4964
FUND02,2023-09-06T00:00:00,0.3611
FUND02,2023-09-07T00:00:00,0.2489
FUND02,2023-09-08T00:00:00,-0.097
FUND02,2023-09-11T00:00:00,-0.6567
FUND02,2023-09-12T00:00:00,-0.3124
FUND02,2023-09-13T00:00:00,-0.2171
FUND02,2023-09-14T00:00:00,-0.0579
FUND02,2023-09-15T00:00:00,0.0751
FUND02,2023-09-18T00:00:00,-0.1336
FUND02,2023-09-19T00:00:00,-0.3383
FUND02,2023-09-20T00:00:00,-0.6524
FUND02,2023-09-21T00:00:00,-0.2365
FUND02,2023-09-22T00:00:00,0.0325
FUND02,2023-09-25T00:00:00,-0.4468
FUND02,2023-09-26T00:00:00,-0.3092
FUND02,2023-09-27T00:00:00,-0.062
FUND02,2023-09-28T00:00:00,-0.1979
FUND02,2023-09-29T00:00:00,-0.554
FUND02,2023-10-02T00:00:00,-0.6478
FUND02,2023-10-03T00:00:00,-0.4881
FUND02,2023-10-04T00:00:00,-0.5618
FUND02,2023-10-05T00:00:00,-0.4192
FUND02,2023-10-06T00:00:00,-0.8126
FUND02,2023-10-09T00:00:00,-0.8783
FUND02,2023-10-10T00:00:00,-0.6422
FUND02,2023-10-11T00:00:00,-0.3235
FUND02,2023-10-12T00:00:00,-0.6369
FUND02,2023-10-13T00:00:00,-1.0684
FUND02,2023-10-16T00:00:00,-1.3454
FUND02,2023-10-17T00:00:00,-1.3318
FUND02,2023-10-18T00:00:00,-1.4018
FUND02,2023-10-19T00:00:00,-1.5533
FUND02,2023-10-20T00:00:00,-1.8631
FUND02,2023-10-23T00:00:00,-2.1332
FUND02,2023-10-24T00:00:00,-1.8257
FUND02,2023-10-25T00:00:00,-1.653
FUND02,2023-10-26T00:00:00,-1.4799
FUND02,2023-10-27T00:00:00,-1.4248
FUND02,2023-10-30T00:00:00,-1.4249
FUND02,2023-10-31T00:00:00,-1.0334
FUND02,2023-11-01T00:00:00,-0.7177
FUND02,2023-11-02T00:00:00,-0.6038
FUND02,2023-11-03T00:00:00,-0.7852
FUND02,2023-11-06T00:00:00,-0.9562
FUND02,2023-11-07T00:00:00,-1.3257
FUND02,2023-11-08T00:00:00,-1.0538
FUND02,2023-11-09T00:00:00,-1.1198
FUND02,2023-11-10T00:00:00,-0.9458
FUND02,2023-11-13T00:00:00,-0.947
FUND02,2023-11-14T00:00:00,-1.1431
FUND02,2023-11-15T00:00:00,-1.1
FUND02,2023-11-16T00:00:00,-1.4996
FUND02,2023-11-17T00:00:00,-1.4564
FUND02,2023-11-20T00:00:00,-1.3853
FUND02,2023-11-21T00:00:00,-1.6141
FUND02,2023-11-22T00:00:00,-1.6284
FUND02,2023-11-23T00:00:00,-1.2667
FUND02,2023-11-24T00:00:00,-1.1648
FUND02,2023-11-27T00:00:00,-1.3263
FUND02,2023-11-28T00:00:00,-0.7957
FUND02,2023-11-29T00:00:00,-0.6576
FUND02,2023-11-30T00:00:00,-0.9877
FUND02,2023-12-01T00:00:00,-1.3956
FUND02,2023-12-04T00:00:00,-1.3815
FUND02,2023-12-05T00:00:00,-1.1637
FUND02,2023-12-06T00:00:00,-0.9936
FUND02,2023-12-07T00:00:00,-0.7553
FUND02,2023-12-08T00:00:00,-0.5445
FUND02,2023-12-11T00:00:00,-0.4625
FUND02,2023-12-12T00:00:00,-0.4184
FUND02,2023-12-13T00:00:00,-0.3593
FUND02,2023-12-14T00:00:00,-0.1497
FUND02,2023-12-15T00:00:00,0.0822
FUND02,2023-12-18T00:00:00,0.1946
FUND02,2023-12-19T00:00:00,0.1875
FUND02,2023-12-20T00:00:00,0.5346
FUND02,2023-12-21T00:00:00,0.6041
FUND02,2023-12-22T00:00:00,0.8526
FUND02,2023-12-25T00:00:00,1.0341
FUND02,2023-12-26T00:00:00,1.139
FUND02,2023-12-27T00:00:00,1.0013
FUND02,2023-12-28T00:00:00,1.0596
FUND02,2023-12-29T00:00:00,0.8769
FUND02,2024-01-01T00:00:00,1.5391
FUND02,2024-01-02T00:00:00,1.9095
FUND02,2024-01-03T00:00:00,2.6058
FUND02,2024-01-04T00:00:00,2.6854
FUND02,2024-01-05T00:00:00,2.6777
FUND02,2024-01-08T00:00:00,2.8649
FUND02,2024-01-09T00:00:00,2.7808
FUND02,2024-01-10T00:00:00,3.0685
FUND02,2024-01-11T00:00:00,2.9547
FUND02,2024-01-12T00:00:00,3.2254
FUND02,2024-01-15T00:00:00,3.5228
FUND02,2024-01-16T00:00:00,3.4814
FUND02,2024-01-17T00:00:00,3.4056
FUND02,2024-01-18T00:00:00,3.5661
FUND02,2024-01-19T00:00:00,3.3216
FUND02,2024-01-22T00:00:00,3.4463
FUND02,2024-01-23T00:00:00,3.5178
FUND02,2024-01-24T00:00:00,3.9166
FUND02,2024-01-25T00:00:00,3.6521
FUND02,2024-01-26T00:00:00,3.4874
FUND02,2024-01-29T00:00:00,3.7706
FUND02,2024-01-30T00:00:00,3.3157
FUND02,2024-01-31T00:00:00,3.2701
FUND02,2024-02-01T00:00:00,3.3775
FUND02,2024-02-02T00:00:00,3.7378
FUND02,2024-02-05T00:00:00,3.6439
FUND02,2024-02-06T00:00:00,3.8443
FUND02,2024-02-07T00:00:00,3.6407
FUND02,2024-02-08T00:00:00,3.2443
FUND02,2024-02-09T00:00:00,3.7075
FUND02,2024-02-12T00:00:00,3.6698
FUND02,2024-02-13T00:00:00,3.5718
FUND02,2024-02-14T00:00:00,3.0556
FUND02,2024-02-15T00:00:00,3.0208
FUND02,2024-02-16T00:00:00,3.4163
FUND02,2024-02-19T00:00:00,3.3605
FUND02,2024-02-20T00:00:00,3.4103
FUND02,2024-02-21T00:00:00,3.3008
FUND02,2024-02-22T00:00:00,3.3329
FUND02,2024-02-23T00:00:00,3.9418
FUND02,2024-02-26T00:00:00,4.1478
FUND02,2024-02-27T00:00:00,4.0385
FUND02,2024-02-28T00:00:00,3.5931
FUND02,2024-02-29T00:00:00,3.0816
FUND02,2024-03-01T00:00:00,2.8191
FUND02,2024-03-04T00:00:00,3.0305
FUND02,2024-03-05T00:00:00,2.5233
FUND02,2024-03-06T00:00:00,2.2729
FUND02,2024-03-07T00:00:00,2.0684
FUND02,2024-03-08T00:00:00,1.8614
FUND02,2024-03-11T00:00:00,1.905
FUND02,2024-03-12T00:00:00,1.8061
FUND02,2024-03-13T00:00:00,1.4251
FUND02,2024-03-14T00:00:00,1.2107
FUND02,2024-03-15T00:00:00,1.1919
FUND02,2024-03-18T00:00:00,1.1709
FUND02,2024-03-19T00:00:00,1.1129
FUND02,2024-03-20T00:00:00,1.1098
FUND02,2024-03-21T00:00:00,1.1981
FUND02,2024-03-22T00:00:00,1.3543
FUND02,2024-03-25T00:00:00,1.2344
FUND02,2024-03-26T00:00:00,1.2911
FUND02,2024-03-27T00:00:00,1.1724
FUND02,2024-03-28T00:00:00,1.1495
FUND02,2024-03-29T00:00:00,0.7393
FUND02,2024-04-01T00:00:00,0.9335
FUND02,2024-04-02T00:00:00,0.7677
FUND02,2024-04-03T00:00:00,0.5653
FUND02,2024-04-04T00:00:00,1.1804
FUND02,2024-04-05T00:00:00,1.2613
FUND02,2024-04-08T00:00:00,1.6505
FUND02,2024-04-09T00:00:00,1.6782
FUND02,2024-04-10T00:00:00,1.7354
FUND02,2024-04-11T00:00:00,1.3884
FUND02,2024-04-12T00:00:00,1.0346
FUND02,2024-04-15T00:00:00,1.0843
FUND02,2024-04-16T00:00:00,1.1887
FUND02,2024-04-17T00:00:00,1.5384
FUND02,2024-04-18T00:00:00,1.3833
FUND02,2024-04-19T00:00:00,1.6283
FUND02,2024-04-22T00:00:00,1.5952
FUND02,2024-04-23T00:00:00,1.3061
FUND02,2024-04-24T00:00:00,1.0416
FUND02,2024-04-25T00:00:00,0.3445
FUND02,2024-04-26T00:00:00,-0.0892
FUND02,2024-04-29T00:00:00,-0.3306
FUND02,2024-04-30T00:00:00,-0.4823
FUND02,2024-05-01T00:00:00,-0.6754
FUND02,2024-05-02T00:00:00,-0.8705
FUND02,2024-05-03T00:00:00,-0.8597
FUND02,2024-05-06T00:00:00,-0.8152
FUND02,2024-05-07T00:00:00,-0.9215
FUND02,2024-05-08T00:00:00,-1.563
FUND02,2024-05-09T00:00:00,-1.3033
FUND02,2024-05-10T00:00:00,-1.6623
FUND02,2024-05-13T00:00:00,-1.8994
FUND02,2024-05-14T00:00:00,-1.5743
FUND02,2024-05-15T00:00:00,-2.0684
FUND02,2024-05-16T00:00:00,-1.9325
FUND02,2024-05-17T00:00:00,-2.1136
FUND02,2024-05-20T00:00:00,-2.5224
FUND02,2024-05-21T00:00:00,-2.5897
FUND02,2024-05-22T00:00:00,-2.2328
FUND02,2024-05-23T00:00:00,-2.5573
FUND02,2024-05-24T00:00:00,-2.5997
FUND02,2024-05-27T00:00:00,-2.5305
FUND02,2024-05-28T00:00:00,-2.5656
FUND02,2024-05-29T00:00:00,-2.5019
FUND02,2024-05-30T00:00:00,-2.5073
FUND02,2024-05-31T00:00:00,-2.2902
FUND02,2024-06-03T00:00:00,-2.1512
FUND02,2024-06-04T00:00:00,-2.1125
FUND02,2024-06-05T00:00:00,-2.3835
FUND02,2024-06-06T00:00:00,-2.4731
FUND02,2024-06-07T00:00:00,-2.5611
FUND02,2024-06-10T00:00:00,-2.5773
FUND02,2024-06-11T00:00:00,-2.665
FUND02,2024-06-12T00:00:00,-2.4709
FUND02,2024-06-13T00:00:00,-2.421
FUND02,2024-06-14T00:00:00,-2.3012
FUND02,2024-06-17T00:00:00,-2.5695
FUND02,2024-06-18T00:00:00,-2.3031
FUND02,2024-06-19T00:00:00,-2.0786
FUND02,2024-06-20T00:00:00,-2.33
FUND02,2024-06-21T00:00:00,-2.1889
FUND02,2024-06-24T00:00:00,-1.9646
FUND02,2024-06-25T00:00:00,-1.8754
FUND02,2024-06-26T00:00:00,-1.6001
FUND02,2024-06-27T00:00:00,-1.9127
FUND02,2024-06-28T00:00:00,-2.1774
FUND02,2024-07-01T00:00:00,-2.4417
FUND02,2024-07-02T00:00:00,-2.6837
FUND02,2024-07-03T00:00:00,-2.667
FUND02,2024-07-04T00:00:00,-2.44
FUND02,2024-07-05T00:00:00,-2.1803
FUND02,2024-07-08T00:00:00,-3.0226
FUND02,2024-07-09T00:00:00,-2.963
FUND02,2024-07-10T00:00:00,-2.8412
FUND02,2024-07-11T00:00:00,-2.8689
FUND02,2024-07-12T00:00:00,-3.0096
FUND02,2024-07-15T00:00:00,-2.924
FUND02,2024-07-16T00:00:00,-2.6511
FUND02,2024-07-17T00:00:00,-2.6636
FUND02,2024-07-18T00:00:00,-2.208
FUND02,2024-07-19T00:00:00,-1.9884
FUND02,2024-07-22T00:00:00,-1.8412
FUND02,2024-07-23T00:00:00,-1.6739
FUND02,2024-07-24T00:00:00,-1.6051
FUND02,2024-07-25T00:00:00,-1.4927
FUND02,2024-07-26T00:00:00,-1.5021
FUND02,2024-07-29T00:00:00,-1.0526
FUND02,2024-07-30T00:00:00,-1.0825
FUND02,2024-07-31T00:00:00,-0.7307
FUND02,2024-08-01T00:00:00,-0.6845
FUND02,2024-08-02T00:00:00,-0.671
FUND02,2024-08-05T00:00:00,-0.979
FUND02,2024-08-06T00:00:00,-0.8567
FUND02,2024-08-07T00:00:00,-1.1211
FUND02,2024-08-08T00:00:00,-0.7893
FUND02,2024-08-09T00:00:00,-0.5428
FUND02,2024-08-12T00:00:00,-0.7765
FUND02,2024-08-13T00:00:00,-0.9561
FUND02,2024-08-14T00:00:00,-0.6915
FUND02,2024-08-15T00:00:00,-0.6484
FUND02,2024-08-16T00:00:00,-0.6596
FUND02,2024-08-19T00:00:00,-0.6472
FUND02,2024-08-20T00:00:00,-0.6505
FUND02,2024-08-21T00:00:00,-0.9283
FUND02,2024-08-22T00:00:00,-0.7287
FUND02,2024-08-23T00:00:00,-0.9401
FUND02,2024-08-26T00:00:00,-1.0963
FUND02,2024-08-27T00:00:00,-0.3943
FUND02,2024-08-28T00:00:00,-0.5675
FUND02,2024-08-29T00:00:00,-0.3251
FUND02,2024-08-30T00:00:00,-0.0996
FUND02,2024-09-02T00:00:00,-0.0312
FUND02,2024-09-03T00:00:00,0.1753
FUND02,2024-09-04T00:00:00,0.1161
FUND02,2024-09-05T00:00:00,-0.012
FUND02,2024-09-06T00:00:00,-0.0223
FUND02,2024-09-09T00:00:00,-0.465
FUND02,2024-09-10T00:00:00,-0.6107
FUND02,2024-09-11T00:00:00,-0.4788
FUND02,2024-09-12T00:00:00,-0.5851
FUND02,2024-09-13T00:00:00,-0.1283
FUND02,2024-09-16T00:00:00,0.2612
FUND02,2024-09-17T00:00:00,0.132
FUND02,2024-09-18T00:00:00,0.8011
FUND02,2024-09-19T00:00:00,0.8419
FUND02,2024-09-20T00:00:00,1.0147
FUND02,2024-09-23T00:00:00,0.9882
FUND02,2024-09-24T00:00:00,0.6056
FUND02,2024-09-25T00:00:00,0.3104
FUND02,2024-09-26T00:00:00,0.3412
FUND02,2024-09-27T00:00:00,0.4446
FUND02,2024-09-30T00:00:00,0.4231
FUND02,2024-10-01T00:00:00,0.1771
FUND02,2024-10-02T00:00:00,0.1349
FUND02,2024-10-03T00:00:00,0.0717
FUND02,2024-10-04T00:00:00,-0.061
FUND02,2024-10-07T00:00:00,-0.2183
FUND02,2024-10-08T00:00:00,-0.2638
FUND02,2024-10-09T00:00:00,-0.1558
FUND02,2024-10-10T00:00:00,-0.5827
FUND02,2024-10-11T00:00:00,-0.9747
FUND02,2024-10-14T00:00:00,-0.7841
FUND02,2024-10-15T00:00:00,-1.0381
FUND02,2024-10-16T00:00:00,-1.0115
FUND02,2024-10-17T00:00:00,-1.1271
FUND02,2024-10-18T00:00:00,-1.487
FUND02,2024-10-21T00:00:00,-1.3558
FUND02,2024-10-22T00:00:00,-1.6939
FUND02,2024-10-23T00:00:00,-1.5247
FUND02,2024-10-24T00:00:00,-1.184
FUND02,2024-10-25T00:00:00,-1.2963
FUND02,2024-10-28T00:00:00,-1.1698
FUND02,2024-10-29T00:00:00,-1.0919
FUND02,2024-10-30T00:00:00,-1.2552
FUND02,2024-10-31T00:00:00,-1.2631
FUND02,2024-11-01T00:00:00,-0.9051
FUND02,2024-11-04T00:00:00,-0.4154
FUND02,2024-11-05T00:00:00,-0.0917
FUND02,2024-11-06T00:00:00,0.3978
FUND02,2024-11-07T00:00:00,0.5193
FUND02,2024-11-08T00:00:00,0.6764
FUND02,2024-11-11T00:00:00,0.5582
FUND02,2024-11-12T00:00:00,0.4846
FUND02,2024-11-13T00:00:00,0.4097
FUND02,2024-11-14T00:00:00,0.1851
FUND02,2024-11-15T00:00:00,0.2698
FUND02,2024-11-18T00:00:00,0.4587
FUND02,2024-11-19T00:00:00,0.3831
FUND02,2024-11-20T00:00:00,0.6851
FUND02,2024-11-21T00:00:00,0.2755
FUND02,2024-11-22T00:00:00,0.0263
FUND02,2024-11-25T00:00:00,0.2083
FUND02,2024-11-26T00:00:00,0.2227
FUND02,2024-11-27T00:00:00,0.179
FUND02,2024-11-28T00:00:00,0.492
FUND02,2024-11-29T00:00:00,0.5628
FUND02,2024-12-02T00:00:00,0.1051
FUND02,2024-12-03T00:00:00,0.3286
FUND02,2024-12-04T00:00:00,0.1369
FUND02,2024-12-05T00:00:00,-0.0251
FUND02,2024-12-06T00:00:00,0.0394
FUND02,2024-12-09T00:00:00,0.4411
FUND02,2024-12-10T00:00:00,0.0696
FUND02,2024-12-11T00:00:00,0.4433
FUND02,2024-12-12T00:00:00,0.214
FUND02,2024-12-13T00:00:00,0.203
FUND02,2024-12-16T00:00:00,0.1281
FUND02,2024-12-17T00:00:00,0.3052
FUND02,2024-12-18T00:00:00,-0.158
FUND02,2024-12-19T00:00:00,0.2395
FUND02,2024-12-20T00:00:00,0.5298
FUND02,2024-12-23T00:00:00,0.373
FUND02,2024-12-24T00:00:00,0.4991
FUND02,2024-12-25T00:00:00,0.7271
FUND02,2024-12-26T00:00:00,0.6301
FUND02,2024-12-27T00:00:00,0.4632
FUND02,2024-12-30T00:00:00,0.5738
FUND02,2024-12-31T00:00:00,-0.0046
FUND02,2025-01-01T00:00:00,0.5793
FUND02,2025-01-02T00:00:00,0.6088
FUND02,2025-01-03T00:00:00,0.4113
FUND02,2025-01-06T00:00:00,0.6618
FUND02,2025-01-07T00:00:00,0.6924
FUND02,2025-01-08T00:00:00,0.9426
FUND02,2025-01-09T00:00:00,1.4094
FUND02,2025-01-10T00:00:00,1.4744
FUND02,2025-01-13T00:00:00,1.4012
FUND02,2025-01-14T00:00:00,1.4566
FUND02,2025-01-15T00:00:00,1.6892
FUND02,2025-01-16T00:00:00,1.4921
FUND02,2025-01-17T00:00:00,1.1398
FUND02,2025-01-20T00:00:00,1.173
FUND02,2025-01-21T00:00:00,1.1168
FUND02,2025-01-22T00:00:00,0.715
FUND02,2025-01-23T00:00:00,0.7168
FUND02,2025-01-24T00:00:00,0.5425
FUND02,2025-01-27T00:00:00,0.5022
FUND02,2025-01-28T00:00:00,0.6374
FUND02,2025-01-29T00:00:00,0.4669
FUND02,2025-01-30T00:00:00,0.4372
FUND02,2025-01-31T00:00:00,0.2523
FUND02,2025-02-03T00:00:00,0.2876
FUND02,2025-02-04T00:00:00,0.5924
FUND02,2025-02-05T00:00:00,0.8966
FUND02,2025-02-06T00:00:00,1.1542
FUND02,2025-02-07T00:00:00,1.1816
FUND02,2025-02-10T00:00:00,1.1658
FUND02,2025-02-11T00:00:00,1.4853
FUND02,2025-02-12T00:00:00,1.7607
FUND02,2025-02-13T00:00:00,2.2602
FUND02,2025-02-14T00:00:00,2.9701
FUND02,2025-02-17T00:00:00,3.018
FUND02,2025-02-18T00:00:00,3.4849
FUND02,2025-02-19T00:00:00,3.1901
FUND02,2025-02-20T00:00:00,3.6557
FUND02,2025-02-21T00:00:00,4.0205
FUND02,2025-02-24T00:00:00,4.1146
FUND02,2025-02-25T00:00:00,4.0884
FUND02,2025-02-26T00:00:00,3.8297
FUND02,2025-02-27T00:00:00,3.8238
FUND02,2025-02-28T00:00:00,4.0256
FUND02,2025-03-03T00:00:00,3.5436
FUND02,2025-03-04T00:00:00,3.3963
FUND02,2025-03-05T00:00:00,3.2055
FUND02,2025-03-06T00:00:00,3.0864
FUND02,2025-03-07T00:00:00,2.9837
FUND02,2025-03-10T00:00:00,2.6348
FUND02,2025-03-11T00:00:00,2.38
FUND02,2025-03-12T00:00:00,1.9251
FUND02,2025-03-13T00:00:00,1.8093
FUND02,2025-03-14T00:00:00,1.65
FUND02,2025-03-17T00:00:00,1.6496
FUND02,2025-03-18T00:00:00,1.7093
FUND02,2025-03-19T00:00:00,1.6828
FUND02,2025-03-20T00:00:00,2.1306
FUND02,2025-03-21T00:00:00,2.0279
FUND02,2025-03-24T00:00:00,1.9593
FUND02,2025-03-25T00:00:00,1.9242
FUND02,2025-03-26T00:00:00,2.2517
FUND02,2025-03-27T00:00:00,2.3447
FUND02,2025-03-28T00:00:00,2.2818
FUND02,2025-03-31T00:00:00,2.1367
FUND02,2025-04-01T00:00:00,1.9127
FUND02,2025-04-02T00:00:00,2.0078
FUND02,2025-04-03T00:00:00,2.0218
FUND02,2025-04-04T00:00:00,1.7183
FUND02,2025-04-07T00:00:00,1.9294
FUND02,2025-04-08T00:00:00,1.591
FUND02,2025-04-09T00:00:00,1.7151
FUND02,2025-04-10T00:00:00,1.971
FUND02,2025-04-11T00:00:00,2.1297
FUND02,2025-04-14T00:00:00,1.7538
FUND02,2025-04-15T00:00:00,2.2527
FUND02,2025-04-16T00:00:00,2.3715
FUND02,2025-04-17T00:00:00,2.3649
FUND02,2025-04-18T00:00:00,2.0876
FUND02,2025-04-21T00:00:00,2.1407
FUND02,2025-04-22T00:00:00,1.803
FUND02,2025-04-23T00:00:00,2.0314
FUND02,2025-04-24T00:00:00,1.7662
FUND02,2025-04-25T00:00:00,1.2317
FUND02,2025-04-28T00:00:00,1.675
FUND02,2025-04-29T00:00:00,1.6358
FUND02,2025-04-30T00:00:00,1.7916
FUND02,2025-05-01T00:00:00,1.8338
FUND02,2025-05-02T00:00:00,2.0128
FUND02,2025-05-05T00:00:00,2.2509
FUND02,2025-05-06T00:00:00,2.6257
FUND02,2025-05-07T00:00:00,2.4019
FUND02,2025-05-08T00:00:00,3.0683
FUND02,2025-05-09T00:00:00,3.1674
FUND02,2025-05-12T00:00:00,3.009
FUND02,2025-05-13T00:00:00,3.1736
FUND02,2025-05-14T00:00:00,2.8903
FUND02,2025-05-15T00:00:00,2.4408
FUND02,2025-05-16T00:00:00,2.2111
FUND02,2025-05-19T00:00:00,2.5082
FUND02,2025-05-20T00:00:00,2.4731
FUND02,2025-05-21T00:00:00,2.4643
FUND02,2025-05-22T00:00:00,2.255
FUND02,2025-05-23T00:00:00,2.674
FUND02,2025-05-26T00:00:00,2.6679
FUND02,2025-05-27T00:00:00,2.5504
FUND02,2025-05-28T00:00:00,2.8381
FUND02,2025-05-29T00:00:00,2.8213
FUND02,2025-05-30T00:00:00,3.1948
FUND02,2025-06-02T00:00:00,3.4042
FUND02,2025-06-03T00:00:00,3.413
FUND02,2025-06-04T00:00:00,3.5094
FUND02,2025-06-05T00:00:00,3.4206
FUND02,2025-06-06T00:00:00,3.6571
FUND02,2025-06-09T00:00:00,3.6255
FUND02,2025-06-10T00:00:00,3.552
FUND02,2025-06-11T00:00:00,3.4954
FUND02,2025-06-12T00:00:00,2.9713
FUND02,2025-06-13T00:00:00,3.1902
FUND02,2025-06-16T00:00:00,3.0841
FUND02,2025-06-17T00:00:00,3.0128
FUND02,2025-06-18T00:00:00,2.9323
FUND02,2025-06-19T00:00:00,2.6264
FUND02,2025-06-20T00:00:00,2.5996
FUND02,2025-06-23T00:00:00,2.4479
FUND02,2025-06-24T00:00:00,2.2709
FUND02,2025-06-25T00:00:00,2.7642
FUND02,2025-06-26T00:00:00,2.3421
FUND02,2025-06-27T00:00:00,2.4102
FUND02,2025-06-30T00:00:00,2.4115
FUND02,2025-07-01T00:00:00,2.6971
FUND02,2025-07-02T00:00:00,2.7393
FUND02,2025-07-03T00:00:00,2.591
FUND02,2025-07-04T00:00:00,2.5105
FUND02,2025-07-07T00:00:00,2.8275
FUND02,2025-07-08T00:00:00,2.5342
FUND02,2025-07-09T00:00:00,2.6095
FUND02,2025-07-10T00:00:00,3.0259
FUND02,2025-07-11T00:00:00,2.9345
FUND02,2025-07-14T00:00:00,2.8178
FUND02,2025-07-15T00:00:00,3.0817
FUND02,2025-07-16T00:00:00,2.821
FUND02,2025-07-17T00:00:00,2.307
FUND02,2025-07-18T00:00:00,2.308
FUND02,2025-07-21T00:00:00,2.558
FUND02,2025-07-22T00:00:00,2.765
FUND02,2025-07-23T00:00:00,2.6211
FUND02,2025-07-24T00:00:00,2.5209
FUND02,2025-07-25T00:00:00,2.4441
FUND02,2025-07-28T00:00:00,2.3977
FUND02,2025-07-29T00:00:00,2.2278
FUND02,2025-07-30T00:00:00,1.7885
FUND02,2025-07-31T00:00:00,2.0247
FUND02,2025-08-01T00:00:00,1.8141
FUND02,2025-08-04T00:00:00,1.6787
FUND02,2025-08-05T00:00:00,1.9946
FUND02,2025-08-06T00:00:00,2.1067
FUND02,2025-08-07T00:00:00,1.5085
FUND02,2025-08-08T00:00:00,1.6429
FUND02,2025-08-11T00:00:00,1.371
FUND02,2025-08-12T00:00:00,1.209
FUND02,2025-08-13T00:00:00,1.4755
FUND02,2025-08-14T00:00:00,1.3519
FUND02,2025-08-15T00:00:00,1.0479
FUND02,2025-08-18T00:00:00,1.2553
FUND02,2025-08-19T00:00:00,1.1051
FUND02,2025-08-20T00:00:00,0.9335
FUND02,2025-08-21T00:00:00,1.2221
FUND02,2025-08-22T00:00:00,1.4492
FUND02,2025-08-25T00:00:00,0.8583
FUND02,2025-08-26T00:00:00,0.9471
FUND02,2025-08-27T00:00:00,0.7402
FUND02,2025-08-28T00:00:00,0.7596
FUND02,2025-08-29T00:00:00,1.1743
FUND02,2025-09-01T00:00:00,0.9001
FUND02,2025-09-02T00:00:00,0.6717
FUND02,2025-09-03T00:00:00,0.7187
FUND02,2025-09-04T00:00:00,0.8446
FUND02,2025-09-05T00:00:00,0.694
FUND02,2025-09-08T00:00:00,0.6212
FUND02,2025-09-09T00:00:00,0.6701
FUND02,2025-09-10T00:00:00,0.8331
FUND02,2025-09-11T00:00:00,0.103
FUND02,2025-09-12T00:00:00,0.2744
FUND02,2025-09-15T00:00:00,0.1335
FUND02,2025-09-16T00:00:00,0.0291
FUND02,2025-09-17T00:00:00,0.1415
FUND02,2025-09-18T00:00:00,-0.0822
FUND02,2025-09-19T00:00:00,0.1826
FUND02,2025-09-22T00:00:00,-0.2336
FUND02,2025-09-23T00:00:00,-0.3851
FUND02,2025-09-24T00:00:00,-0.5303
FUND02,2025-09-25T00:00:00,-0.3624
FUND02,2025-09-26T00:00:00,-0.811
FUND02,2025-09-29T00:00:00,-1.2345
FUND02,2025-09-30T00:00:00,-1.3662
FUND02,2025-10-01T00:00:00,-1.4172
FUND02,2025-10-02T00:00:00,-1.2957
FUND02,2025-10-03T00:00:00,-1.2309
FUND02,2025-10-06T00:00:00,-1.4348
FUND02,2025-10-07T00:00:00,-1.0045
FUND02,2025-10-08T00:00:00,-1.2069
FUND02,2025-10-09T00:00:00,-0.8738
FUND02,2025-10-10T00:00:00,-1.0201
FUND02,2025-10-13T00:00:00,-1.0743
FUND02,2025-10-14T00:00:00,-0.9397
FUND02,2025-10-15T00:00:00,-1.1124
FUND02,2025-10-16T00:00:00,-0.6987
FUND02,2025-10-17T00:00:00,-0.8583
FUND02,2025-10-20T00:00:00,-0.3294
FUND02,2025-10-21T00:00:00,-0.4045
FUND02,2025-10-22T00:00:00,-0.377
FUND02,2025-10-23T00:00:00,-0.134
FUND02,2025-10-24T00:00:00,-0.5458
FUND02,2025-10-27T00:00:00,-0.3276
FUND02,2025-10-28T00:00:00,-0.5118
FUND02,2025-10-29T00:00:00,-0.9677
FUND02,2025-10-30T00:00:00,-0.6173
FUND02,2025-10-31T00:00:00,-0.5354
FUND02,2025-11-03T00:00:00,-0.537
FUND02,2025-11-04T00:00:00,-0.7583
FUND02,2025-11-05T00:00:00,-0.4496
FUND02,2025-11-06T00:00:00,-0.2709
FUND02,2025-11-07T00:00:00,-0.4399
FUND02,2025-11-10T00:00:00,-0.3084
FUND02,2025-11-11T00:00:00,-0.3196
FUND02,2025-11-12T00:00:00,-0.3791
FUND02,2025-11-13T00:00:00,-0.7633
FUND02,2025-11-14T00:00:00,-1.0882
FUND02,2025-11-17T00:00:00,-1.1349
FUND02,2025-11-18T00:00:00,-1.0478
FUND02,2025-11-19T00:00:00,-0.9354
FUND02,2025-11-20T00:00:00,-0.6939
FUND02,2025-11-21T00:00:00,-0.88
FUND02,2025-11-24T00:00:00,-0.7645
FUND03,2023-05-08T00:00:00,0.6264
FUND03,2023-05-09T00:00:00,0.6071
FUND03,2023-05-10T00:00:00,0.3853
FUND03,2023-05-11T00:00:00,0.2644
FUND03,2023-05-12T00:00:00,0.7066
FUND03,2023-05-15T00:00:00,0.9074
FUND03,2023-05-16T00:00:00,0.6827
FUND03,2023-05-17T00:00:00,0.3695
FUND03,2023-05-18T00:00:00,0.3993
FUND03,2023-05-19T00:00:00,0.2654
FUND03,2023-05-22T00:00:00,0.2084
FUND03,2023-05-23T00:00:00,0.3814
FUND03,2023-05-24T00:00:00,0.0571
FUND03,2023-05-25T00:00:00,0.236
FUND03,2023-05-26T00:00:00,0.0865
FUND03,2023-05-29T00:00:00,0.1723
FUND03,2023-05-30T00:00:00,-0.0127
FUND03,2023-05-31T00:00:00,0.3512
FUND03,2023-06-01T00:00:00,0.3535
FUND03,2023-06-02T00:00:00,-0.0233
FUND03,2023-06-05T00:00:00,0.4001
FUND03,2023-06-06T00:00:00,0.4786
FUND03,2023-06-07T00:00:00,0.1767
FUND03,2023-06-08T00:00:00,0.544
FUND03,2023-06-09T00:00:00,0.2543
FUND03,2023-06-12T00:00:00,0.5286
FUND03,2023-06-13T00:00:00,0.4609
FUND03,2023-06-14T00:00:00,0.7813
FUND03,2023-06-15T00:00:00,0.8131
FUND03,2023-06-16T00:00:00,0.8147
FUND03,2023-06-19T00:00:00,0.4518
FUND03,2023-06-20T00:00:00,0.3808
FUND03,2023-06-21T00:00:00,0.1742
FUND03,2023-06-22T00:00:00,0.4698
FUND03,2023-06-23T00:00:00,0.7587
FUND03,2023-06-26T00:00:00,0.6667
FUND03,2023-06-27T00:00:00,0.7621
FUND03,2023-06-28T00:00:00,0.7678
FUND03,2023-06-29T00:00:00,0.6609
FUND03,2023-06-30T00:00:00,0.3838
FUND03,2023-07-03T00:00:00,-0.0851
FUND03,2023-07-04T00:00:00,-0.103
FUND03,2023-07-05T00:00:00,0.1749
FUND03,2023-07-06T00:00:00,0.2574
FUND03,2023-07-07T00:00:00,0.4178
FUND03,2023-07-10T00:00:00,0.4093
FUND03,2023-07-11T00:00:00,0.2859
FUND03,2023-07-12T00:00:00,0.3038
FUND03,2023-07-13T00:00:00,0.5247
FUND03,2023-07-14T00:00:00,0.4884
FUND03,2023-07-17T00:00:00,0.3219
FUND03,2023-07-18T00:00:00,0.0404
FUND03,2023-07-19T00:00:00,-0.1191
FUND03,2023-07-20T00:00:00,-0.0362
FUND03,2023-07-21T00:00:00,-0.554
FUND03,2023-07-24T00:00:00,-1.0823
FUND03,2023-07-25T00:00:00,-1.0623
FUND03,2023-07-26T00:00:00,-1.0687
FUND03,2023-07-27T00:00:00,-1.2027
FUND03,2023-07-28T00:00:00,-1.5205
FUND03,2023-07-31T00:00:00,-1.7031
FUND03,2023-08-01T00:00:00,-1.6518
FUND03,2023-08-02T00:00:00,-1.6351
FUND03,2023-08-03T00:00:00,-1.9674
FUND03,2023-08-04T00:00:00,-1.8034
FUND03,2023-08-07T00:00:00,-2.2499
FUND03,2023-08-08T00:00:00,-2.8753
FUND03,2023-08-09T00:00:00,-2.674
FUND03,2023-08-10T00:00:00,-2.7785
FUND03,2023-08-11T00:00:00,-2.3731
FUND03,2023-08-14T00:00:00,-2.3235
FUND03,2023-08-15T00:00:00,-2.3761
FUND03,2023-08-16T00:00:00,-2.1053
FUND03,2023-08-17T00:00:00,-2.3709
FUND03,2023-08-18T00:00:00,-2.2128
FUND03,2023-08-21T00:00:00,-2.365
FUND03,2023-08-22T00:00:00,-2.1474
FUND03,2023-08-23T00:00:00,-2.2206
FUND03,2023-08-24T00:00:00,-1.9992
FUND03,2023-08-25T00:00:00,-1.5519
FUND03,2023-08-28T00:00:00,-1.349
FUND03,2023-08-29T00:00:00,-1.1426
FUND03,2023-08-30T00:00:00,-0.7316
FUND03,2023-08-31T00:00:00,-0.4712
FUND03,2023-09-01T00:00:00,-0.7235
FUND03,2023-09-04T00:00:00,-0.7
FUND03,2023-09-05T00:00:00,-0.7209
FUND03,2023-09-06T00:00:00,-0.6728
FUND03,2023-09-07T00:00:00,-0.6113
FUND03,2023-09-08T00:00:00,-0.1326
FUND03,2023-09-11T00:00:00,0.3847
FUND03,2023-09-12T00:00:00,0.7027
FUND03,2023-09-13T00:00:00,0.9497
FUND03,2023-09-14T00:00:00,0.7942
FUND03,2023-09-15T00:00:00,0.7298
FUND03,2023-09-18T00:00:00,0.5966
FUND03,2023-09-19T00:00:00,0.6462
FUND03,2023-09-20T00:00:00,0.5539
FUND03,2023-09-21T00:00:00,0.5114
FUND03,2023-09-22T00:00:00,0.9517
FUND03,2023-09-25T00:00:00,0.7121
FUND03,2023-09-26T00:00:00,0.8734
FUND03,2023-09-27T00:00:00,1.2873
FUND03,2023-09-28T00:00:00,1.1845
FUND03,2023-09-29T00:00:00,1.1974
FUND03,2023-10-02T00:00:00,0.6966
FUND03,2023-10-03T00:00:00,0.7891
FUND03,2023-10-04T00:00:00,0.5006
FUND03,2023-10-05T00:00:00,0.0761
FUND03,2023-10-06T00:00:00,0.4941
FUND03,2023-10-09T00:00:00,0.4652
FUND03,2023-10-10T00:00:00,0.1816
FUND03,2023-10-11T00:00:00,0.0899
FUND03,2023-10-12T00:00:00,-0.198
FUND03,2023-10-13T00:00:00,-0.2078
FUND03,2023-10-16T00:00:00,-0.4372
FUND03,2023-10-17T00:00:00,-0.5858
FUND03,2023-10-18T00:00:00,-0.8874
FUND03,2023-10-19T00:00:00,-0.9538
FUND03,2023-10-20T00:00:00,-1.1186
FUND03,2023-10-23T00:00:00,-0.9633
FUND03,2023-10-24T00:00:00,-1.1693
FUND03,2023-10-25T00:00:00,-1.0915
FUND03,2023-10-26T00:00:00,-1.505
FUND03,2023-10-27T00:00:00,-1.4314
FUND03,2023-10-30T00:00:00,-1.5534
FUND03,2023-10-31T00:00:00,-1.2529
FUND03,2023-11-01T00:00:00,-0.949
FUND03,2023-11-02T00:00:00,-1.2115
FUND03,2023-11-03T00:00:00,-0.8466
FUND03,2023-11-06T00:00:00,-0.3278
FUND03,2023-11-07T00:00:00,-0.4744
FUND03,2023-11-08T00:00:00,-0.4665
FUND03,2023-11-09T00:00:00,-0.5623
FUND03,2023-11-10T00:00:00,-0.6825
FUND03,2023-11-13T00:00:00,-0.523
FUND03,2023-11-14T00:00:00,-0.7566
FUND03,2023-11-15T00:00:00,-0.5001
FUND03,2023-11-16T00:00:00,-0.6113
FUND03,2023-11-17T00:00:00,-0.679
FUND03,2023-11-20T00:00:00,-0.1552
FUND03,2023-11-21T00:00:00,0.1667
FUND03,2023-11-22T00:00:00,0.1881
FUND03,2023-11-23T00:00:00,0.4776
FUND03,2023-11-24T00:00:00,0.8487
FUND03,2023-11-27T00:00:00,0.6449
FUND03,2023-11-28T00:00:00,0.8127
FUND03,2023-11-29T00:00:00,0.4537
FUND03,2023-11-30T00:00:00,0.4079
FUND03,2023-12-01T00:00:00,0.6338
FUND03,2023-12-04T00:00:00,0.7576
FUND03,2023-12-05T00:00:00,0.8438
FUND03,2023-12-06T00:00:00,1.0211
FUND03,2023-12-07T00:00:00,1.4759
FUND03,2023-12-08T00:00:00,1.4976
FUND03,2023-12-11T00:00:00,1.6467
FUND03,2023-12-12T00:00:00,2.0299
FUND03,2023-12-13T00:00:00,2.2689
FUND03,2023-12-14T00:00:00,2.3013
FUND03,2023-12-15T00:00:00,2.0287
FUND03,2023-12-18T00:00:00,2.3208
FUND03,2023-12-19T00:00:00,2.2707
FUND03,2023-12-20T00:00:00,2.0968
FUND03,2023-12-21T00:00:00,2.2094
FUND03,2023-12-22T00:00:00,2.0879
FUND03,2023-12-25T00:00:00,2.0877
FUND03,2023-12-26T00:00:00,2.1253
FUND03,2023-12-27T00:00:00,2.1983
FUND03,2023-12-28T00:00:00,2.3986
FUND03,2023-12-29T00:00:00,2.1284
FUND03,2024-01-01T00:00:00,2.1458
FUND03,2024-01-02T00:00:00,2.2756
FUND03,2024-01-03T00:00:00,2.1428
FUND03,2024-01-04T00:00:00,1.8682
FUND03,2024-01-05T00:00:00,1.9382
FUND03,2024-01-08T00:00:00,1.9535
FUND03,2024-01-09T00:00:00,2.0062
FUND03,2024-01-10T00:00:00,2.1561
FUND03,2024-01-11T00:00:00,1.8333
FUND03,2024-01-12T00:00:00,1.5446
FUND03,2024-01-15T00:00:00,1.2617
FUND03,2024-01-16T00:00:00,0.7574
FUND03,2024-01-17T00:00:00,0.589
FUND03,2024-01-18T00:00:00,0.5814
FUND03,2024-01-19T00:00:00,0.7676
FUND03,2024-01-22T00:00:00,0.7479
FUND03,2024-01-23T00:00:00,0.7744
FUND03,2024-01-24T00:00:00,0.7818
FUND03,2024-01-25T00:00:00,1.051
FUND03,2024-01-26T00:00:00,0.8151
FUND03,2024-01-29T00:00:00,0.9858
FUND03,2024-01-30T00:00:00,0.71
FUND03,2024-01-31T00:00:00,0.4791
FUND03,2024-02-01T00:00:00,0.4912
FUND03,2024-02-02T00:00:00,0.004
FUND03,2024-02-05T00:00:00,0.1529
FUND03,2024-02-06T00:00:00,-0.1802
FUND03,2024-02-07T00:00:00,0.0859
FUND03,2024-02-08T00:00:00,0.7054
FUND03,2024-02-09T00:00:00,0.4862
FUND03,2024-02-12T00:00:00,0.5657
FUND03,2024-02-13T00:00:00,1.288
FUND03,2024-02-14T00:00:00,1.4409
FUND03,2024-02-15T00:00:00,1.7964
FUND03,2024-02-16T00:00:00,1.9572
FUND03,2024-02-19T00:00:00,1.9701
FUND03,2024-02-20T00:00:00,1.9403
FUND03,2024-02-21T00:00:00,2.0292
FUND03,2024-02-22T00:00:00,1.9027
FUND03,2024-02-23T00:00:00,1.5294
FUND03,2024-02-26T00:00:00,1.6376
FUND03,2024-02-27T00:00:00,1.6211
FUND03,2024-02-28T00:00:00,1.6215
FUND03,2024-02-29T00:00:00,1.5743
FUND03,2024-03-01T00:00:00,1.8638
FUND03,2024-03-04T00:00:00,1.5504
FUND03,2024-03-05T00:00:00,1.2521
FUND03,2024-03-06T00:00:00,1.1696
FUND03,2024-03-07T00:00:00,1.7682
FUND03,2024-03-08T00:00:00,1.4572
FUND03,2024-03-11T00:00:00,1.4636
FUND03,2024-03-12T00:00:00,1.4733
FUND03,2024-03-13T00:00:00,1.6745
FUND03,2024-03-14T00:00:00,1.745
FUND03,2024-03-15T00:00:00,1.9898
FUND03,2024-03-18T00:00:00,2.1618
FUND03,2024-03-19T00:00:00,2.1654
FUND03,2024-03-20T00:00:00,2.3507
FUND03,2024-03-21T00:00:00,2.3048
FUND03,2024-03-22T00:00:00,2.2774
FUND03,2024-03-25T00:00:00,2.3754
FUND03,2024-03-26T00:00:00,1.9973
FUND03,2024-03-27T00:00:00,1.9765
FUND03,2024-03-28T00:00:00,1.8822
FUND03,2024-03-29T00:00:00,1.9163
FUND03,2024-04-01T00:00:00,2.2382
FUND03,2024-04-02T00:00:00,2.2739
FUND03,2024-04-03T00:00:00,2.5061
FUND03,2024-04-04T00:00:00,2.6829
FUND03,2024-04-05T00:00:00,2.9587
FUND03,2024-04-08T00:00:00,3.0043
FUND03,2024-04-09T00:00:00,2.6106
FUND03,2024-04-10T00:00:00,2.5515
FUND03,2024-04-11T00:00:00,2.106
FUND03,2024-04-12T00:00:00,2.3361
FUND03,2024-04-15T00:00:00,1.9308
FUND03,2024-04-16T00:00:00,1.9522
FUND03,2024-04-17T00:00:00,1.5622
FUND03,2024-04-18T00:00:00,1.8069
FUND03,2024-04-19T00:00:00,1.7964
FUND03,2024-04-22T00:00:00,1.5967
FUND03,2024-04-23T00:00:00,1.79
FUND03,2024-04-24T00:00:00,1.7482
FUND03,2024-04-25T00:00:00,1.7734
FUND03,2024-04-26T00:00:00,1.835
FUND03,2024-04-29T00:00:00,2.0889
FUND03,2024-04-30T00:00:00,1.8379
FUND03,2024-05-01T00:00:00,1.4419
FUND03,2024-05-02T00:00:00,1.1092
FUND03,2024-05-03T00:00:00,1.4119
FUND03,2024-05-06T00:00:00,1.654
FUND03,2024-05-07T00:00:00,1.5518
FUND03,2024-05-08T00:00:00,1.5643
FUND03,2024-05-09T00:00:00,1.6558
FUND03,2024-05-10T00:00:00,1.8656
FUND03,2024-05-13T00:00:00,1.9109
FUND03,2024-05-14T00:00:00,1.8584
FUND03,2024-05-15T00:00:00,1.9434
FUND03,2024-05-16T00:00:00,2.5231
FUND03,2024-05-17T00:00:00,2.4538
FUND03,2024-05-20T00:00:00,2.4528
FUND03,2024-05-21T00:00:00,2.6075
FUND03,2024-05-22T00:00:00,2.8859
FUND03,2024-05-23T00:00:00,2.9677
FUND03,2024-05-24T00:00:00,2.8683
FUND03,2024-05-27T00:00:00,2.5805
FUND03,2024-05-28T00:00:00,2.8906
FUND03,2024-05-29T00:00:00,3.0038
FUND03,2024-05-30T00:00:00,2.8543
FUND03,2024-05-31T00:00:00,2.5579
FUND03,2024-06-03T00:00:00,2.3856
FUND03,2024-06-04T00:00:00,2.5567
FUND03,2024-06-05T00:00:00,2.3446
FUND03,2024-06-06T00:00:00,2.3959
FUND03,2024-06-07T00:00:00,2.742
FUND03,2024-06-10T00:00:00,2.7624
FUND03,2024-06-11T00:00:00,3.141
FUND03,2024-06-12T00:00:00,3.1881
FUND03,2024-06-13T00:00:00,3.108
FUND03,2024-06-14T00:00:00,3.1983
FUND03,2024-06-17T00:00:00,2.7985
FUND03,2024-06-18T00:00:00,2.5506
FUND03,2024-06-19T00:00:00,2.8346
FUND03,2024-06-20T00:00:00,2.736
FUND03,2024-06-21T00:00:00,2.8547
FUND03,2024-06-24T00:00:00,2.9726
FUND03,2024-06-25T00:00:00,2.9324
FUND03,2024-06-26T00:00:00,3.0231
FUND03,2024-06-27T00:00:00,3.177
FUND03,2024-06-28T00:00:00,3.789
FUND03,2024-07-01T00:00:00,3.6089
FUND03,2024-07-02T00:00:00,3.6564
FUND03,2024-07-03T00:00:00,3.6413
FUND03,2024-07-04T00:00:00,3.9116
FUND03,2024-07-05T00:00:00,3.7172
FUND03,2024-07-08T00:00:00,4.1974
FUND03,2024-07-09T00:00:00,4.4679
FUND03,2024-07-10T00:00:00,4.1257
FUND03,2024-07-11T00:00:00,3.5726
FUND03,2024-07-12T00:00:00,3.7657
FUND03,2024-07-15T00:00:00,3.6663
FUND03,2024-07-16T00:00:00,3.9381
FUND03,2024-07-17T00:00:00,3.8282
FUND03,2024-07-18T00:00:00,3.4698
FUND03,2024-07-19T00:00:00,2.8186
FUND03,2024-07-22T00:00:00,2.7255
FUND03,2024-07-23T00:00:00,2.8523
FUND03,2024-07-24T00:00:00,2.1304
FUND03,2024-07-25T00:00:00,2.5441
FUND03,2024-07-26T00:00:00,2.661
FUND03,2024-07-29T00:00:00,2.786
FUND03,2024-07-30T00:00:00,3.1567
FUND03,2024-07-31T00:00:00,3.3589
FUND03,2024-08-01T00:00:00,3.3028
FUND03,2024-08-02T00:00:00,3.2624
FUND03,2024-08-05T00:00:00,3.1683
FUND03,2024-08-06T00:00:00,3.0007
FUND03,2024-08-07T00:00:00,3.1267
FUND03,2024-08-08T00:00:00,3.0627
FUND03,2024-08-09T00:00:00,2.1657
FUND03,2024-08-12T00:00:00,1.9838
FUND03,2024-08-13T00:00:00,2.0732
FUND03,2024-08-14T00:00:00,2.2371
FUND03,2024-08-15T00:00:00,2.3494
FUND03,2024-08-16T00:00:00,2.3739
FUND03,2024-08-19T00:00:00,2.3935
FUND03,2024-08-20T00:00:00,2.0798
FUND03,2024-08-21T00:00:00,2.4731
FUND03,2024-08-22T00:00:00,2.1327
FUND03,2024-08-23T00:00:00,1.7887
FUND03,2024-08-26T00:00:00,1.6494
FUND03,2024-08-27T00:00:00,1.415
FUND03,2024-08-28T00:00:00,1.5735
FUND03,2024-08-29T00:00:00,1.6465
FUND03,2024-08-30T00:00:00,1.3472
FUND03,2024-09-02T00:00:00,1.1676
FUND03,2024-09-03T00:00:00,1.1596
FUND03,2024-09-04T00:00:00,1.6805
FUND03,2024-09-05T00:00:00,1.9269
FUND03,2024-09-06T00:00:00,1.6907
FUND03,2024-09-09T00:00:00,1.3229
FUND03,2024-09-10T00:00:00,1.0829
FUND03,2024-09-11T00:00:00,0.7468
FUND03,2024-09-12T00:00:00,0.7401
FUND03,2024-09-13T00:00:00,0.6279
FUND03,2024-09-16T00:00:00,0.6891
FUND03,2024-09-17T00:00:00,0.8041
FUND03,2024-09-18T00:00:00,1.0795
FUND03,2024-09-19T00:00:00,0.8514
FUND03,2024-09-20T00:00:00,0.9409
FUND03,2024-09-23T00:00:00,1.0437
FUND03,2024-09-24T00:00:00,0.7789
FUND03,2024-09-25T00:00:00,0.6877
FUND03,2024-09-26T00:00:00,0.3794
FUND03,2024-09-27T00:00:00,0.5929
FUND03,2024-09-30T00:00:00,0.6879
FUND03,2024-10-01T00:00:00,0.6572
FUND03,2024-10-02T00:00:00,0.6091
FUND03,2024-10-03T00:00:00,0.3822
FUND03,2024-10-04T00:00:00,0.4672
FUND03,2024-10-07T00:00:00,0.9316
FUND03,2024-10-08T00:00:00,0.9074
FUND03,2024-10-09T00:00:00,1.0239
FUND03,2024-10-10T00:00:00,1.0578
FUND03,2024-10-11T00:00:00,1.1938
FUND03,2024-10-14T00:00:00,1.6166
FUND03,2024-10-15T00:00:00,1.794
FUND03,2024-10-16T00:00:00,1.5973
FUND03,2024-10-17T00:00:00,1.4666
FUND03,2024-10-18T00:00:00,1.8017
FUND03,2024-10-21T00:00:00,2.064
FUND03,2024-10-22T00:00:00,1.8161
FUND03,2024-10-23T00:00:00,1.4033
FUND03,2024-10-24T00:00:00,1.1455
FUND03,2024-10-25T00:00:00,0.8864
FUND03,2024-10-28T00:00:00,0.9349
FUND03,2024-10-29T00:00:00,1.3272
FUND03,2024-10-30T00:00:00,1.5257
FUND03,2024-10-31T00:00:00,1.463
FUND03,2024-11-01T00:00:00,1.4808
FUND03,2024-11-04T00:00:00,1.9113
FUND03,2024-11-05T00:00:00,2.0688
FUND03,2024-11-06T00:00:00,2.2517
FUND03,2024-11-07T00:00:00,1.7781
FUND03,2024-11-08T00:00:00,1.4903
FUND03,2024-11-11T00:00:00,1.2564
FUND03,2024-11-12T00:00:00,0.7207
FUND03,2024-11-13T00:00:00,0.9016
FUND03,2024-11-14T00:00:00,1.3001
FUND03,2024-11-15T00:00:00,1.227
FUND03,2024-11-18T00:00:00,1.0963
FUND03,2024-11-19T00:00:00,0.892
FUND03,2024-11-20T00:00:00,0.7228
FUND03,2024-11-21T00:00:00,1.0211
FUND03,2024-11-22T00:00:00,1.068
FUND03,2024-11-25T00:00:00,1.0762
FUND03,2024-11-26T00:00:00,0.7554
FUND03,2024-11-27T00:00:00,1.0255
FUND03,2024-11-28T00:00:00,0.8055
FUND03,2024-11-29T00:00:00,0.9949
FUND03,2024-12-02T00:00:00,0.6696
FUND03,2024-12-03T00:00:00,0.1114
FUND03,2024-12-04T00:00:00,-0.3367
FUND03,2024-12-05T00:00:00,-0.4716
FUND03,2024-12-06T00:00:00,-0.5892
FUND03,2024-12-09T00:00:00,-0.603
FUND03,2024-12-10T00:00:00,-0.3708
FUND03,2024-12-11T00:00:00,-0.4126
FUND03,2024-12-12T00:00:00,-0.6737
FUND03,2024-12-13T00:00:00,-0.5306
FUND03,2024-12-16T00:00:00,-0.3853
FUND03,2024-12-17T00:00:00,-0.3093
FUND03,2024-12-18T00:00:00,-0.4904
FUND03,2024-12-19T00:00:00,-0.5884
FUND03,2024-12-20T00:00:00,-0.8739
FUND03,2024-12-23T00:00:00,-0.3582
FUND03,2024-12-24T00:00:00,-0.4466
FUND03,2024-12-25T00:00:00,-0.8275
FUND03,2024-12-26T00:00:00,-0.6114
FUND03,2024-12-27T00:00:00,-0.1745
FUND03,2024-12-30T00:00:00,-0.1219
FUND03,2024-12-31T00:00:00,-0.2036
FUND03,2025-01-01T00:00:00,-0.61
FUND03,2025-01-02T00:00:00,-0.7531
FUND03,2025-01-03T00:00:00,-0.7013
FUND03,2025-01-06T00:00:00,-0.2923
FUND03,2025-01-07T00:00:00,0.0757
FUND03,2025-01-08T00:00:00,0.098
FUND03,2025-01-09T00:00:00,0.0443
FUND03,2025-01-10T00:00:00,0.0073
FUND03,2025-01-13T00:00:00,0.2732
FUND03,2025-01-14T00:00:00,0.4467
FUND03,2025-01-15T00:00:00,0.7503
FUND03,2025-01-16T00:00:00,1.015
FUND03,2025-01-17T00:00:00,1.1086
FUND03,2025-01-20T00:00:00,1.2769
FUND03,2025-01-21T00:00:00,1.0719
FUND03,2025-01-22T00:00:00,0.6488
FUND03,2025-01-23T00:00:00,0.5186
FUND03,2025-01-24T00:00:00,0.7219
FUND03,2025-01-27T00:00:00,0.5869
FUND03,2025-01-28T00:00:00,0.8314
FUND03,2025-01-29T00:00:00,0.615
FUND03,2025-01-30T00:00:00,0.9348
FUND03,2025-01-31T00:00:00,1.1641
FUND03,2025-02-03T00:00:00,1.3898
FUND03,2025-02-04T00:00:00,1.0574
FUND03,2025-02-05T00:00:00,1.0883
FUND03,2025-02-06T00:00:00,1.408
FUND03,2025-02-07T00:00:00,1.4723
FUND03,2025-02-10T00:00:00,1.0758
FUND03,2025-02-11T00:00:00,1.1002
FUND03,2025-02-12T00:00:00,1.2075
FUND03,2025-02-13T00:00:00,1.2267
FUND03,2025-02-14T00:00:00,1.1418
FUND03,2025-02-17T00:00:00,1.1909
FUND03,2025-02-18T00:00:00,0.8881
FUND03,2025-02-19T00:00:00,0.7514
FUND03,2025-02-20T00:00:00,0.8962
FUND03,2025-02-21T00:00:00,0.7462
FUND03,2025-02-24T00:00:00,0.5478
FUND03,2025-02-25T00:00:00,0.8713
FUND03,2025-02-26T00:00:00,0.8334
FUND03,2025-02-27T00:00:00,0.9665
FUND03,2025-02-28T00:00:00,0.9753
FUND03,2025-03-03T00:00:00,0.7541
FUND03,2025-03-04T00:00:00,0.7857
FUND03,2025-03-05T00:00:00,0.2564
FUND03,2025-03-06T00:00:00,0.1255
FUND03,2025-03-07T00:00:00,-0.1305
FUND03,2025-03-10T00:00:00,-0.3411
FUND03,2025-03-11T00:00:00,-0.2431
FUND03,2025-03-12T00:00:00,-0.3699
FUND03,2025-03-13T00:00:00,0.0678
FUND03,2025-03-14T00:00:00,-0.1528
FUND03,2025-03-17T00:00:00,-0.0174
FUND03,2025-03-18T00:00:00,0.1781
FUND03,2025-03-19T00:00:00,0.1101
FUND03,2025-03-20T00:00:00,-0.0641
FUND03,2025-03-21T00:00:00,0.0321
FUND03,2025-03-24T00:00:00,0.2106
FUND03,2025-03-25T00:00:00,0.0398
FUND03,2025-03-26T00:00:00,-0.0117
FUND03,2025-03-27T00:00:00,-0.2734
FUND03,2025-03-28T00:00:00,-0.3375
FUND03,2025-03-31T00:00:00,-0.3629
FUND03,2025-04-01T00:00:00,-0.053
FUND03,2025-04-02T00:00:00,0.1305
FUND03,2025-04-03T00:00:00,0.3771
FUND03,2025-04-04T00:00:00,0.1691
FUND03,2025-04-07T00:00:00,-0.0886
FUND03,2025-04-08T00:00:00,0.3735
FUND03,2025-04-09T00:00:00,0.6483
FUND03,2025-04-10T00:00:00,0.6167
FUND03,2025-04-11T00:00:00,0.5148
FUND03,2025-04-14T00:00:00,0.5624
FUND03,2025-04-15T00:00:00,0.7462
FUND03,2025-04-16T00:00:00,0.6531
FUND03,2025-04-17T00:00:00,1.0489
FUND03,2025-04-18T00:00:00,1.3562
FUND03,2025-04-21T00:00:00,1.2504
FUND03,2025-04-22T00:00:00,1.6763
FUND03,2025-04-23T00:00:00,1.941
FUND03,2025-04-24T00:00:00,2.0694
FUND03,2025-04-25T00:00:00,1.9655
FUND03,2025-04-28T00:00:00,1.503
FUND03,2025-04-29T00:00:00,1.8211
FUND03,2025-04-30T00:00:00,1.9783
FUND03,2025-05-01T00:00:00,1.9535
FUND03,2025-05-02T00:00:00,1.7825
FUND03,2025-05-05T00:00:00,1.8793
FUND03,2025-05-06T00:00:00,2.2499
FUND03,2025-05-07T00:00:00,2.6508
FUND03,2025-05-08T00:00:00,2.4911
FUND03,2025-05-09T00:00:00,2.577
FUND03,2025-05-12T00:00:00,2.3722
FUND03,2025-05-13T00:00:00,1.8657
FUND03,2025-05-14T00:00:00,1.941
FUND03,2025-05-15T00:00:00,1.9754
FUND03,2025-05-16T00:00:00,1.9875
FUND03,2025-05-19T00:00:00,1.6832
FUND03,2025-05-20T00:00:00,1.3776
FUND03,2025-05-21T00:00:00,1.1828
FUND03,2025-05-22T00:00:00,0.7108
FUND03,2025-05-23T00:00:00,0.618
FUND03,2025-05-26T00:00:00,0.2184
FUND03,2025-05-27T00:00:00,0.336
FUND03,2025-05-28T00:00:00,0.5653
FUND03,2025-05-29T00:00:00,0.7345
FUND03,2025-05-30T00:00:00,0.6082
FUND03,2025-06-02T00:00:00,0.7784
FUND03,2025-06-03T00:00:00,0.8459
FUND03,2025-06-04T00:00:00,0.7715
FUND03,2025-06-05T00:00:00,0.8982
FUND03,2025-06-06T00:00:00,0.2421
FUND03,2025-06-09T00:00:00,-0.154
FUND03,2025-06-10T00:00:00,0.3233
FUND03,2025-06-11T00:00:00,0.3768
FUND03,2025-06-12T00:00:00,0.3505
FUND03,2025-06-13T00:00:00,0.4627
FUND03,2025-06-16T00:00:00,0.8756
FUND03,2025-06-17T00:00:00,0.5076
FUND03,2025-06-18T00:00:00,0.4411
FUND03,2025-06-19T00:00:00,0.3592
FUND03,2025-06-20T00:00:00,0.7039
FUND03,2025-06-23T00:00:00,0.5052
FUND03,2025-06-24T00:00:00,0.8237
FUND03,2025-06-25T00:00:00,0.7791
FUND03,2025-06-26T00:00:00,1.0386
FUND03,2025-06-27T00:00:00,0.9986
FUND03,2025-06-30T00:00:00,1.0626
FUND03,2025-07-01T00:00:00,1.2096
FUND03,2025-07-02T00:00:00,1.2151
FUND03,2025-07-03T00:00:00,1.0732
FUND03,2025-07-04T00:00:00,1.0848
FUND03,2025-07-07T00:00:00,1.0398
FUND03,2025-07-08T00:00:00,0.9489
FUND03,2025-07-09T00:00:00,1.3977
FUND03,2025-07-10T00:00:00,1.5384
FUND03,2025-07-11T00:00:00,1.9688
FUND03,2025-07-14T00:00:00,1.5511
FUND03,2025-07-15T00:00:00,1.5256
FUND03,2025-07-16T00:00:00,1.27
FUND03,2025-07-17T00:00:00,1.2795
FUND03,2025-07-18T00:00:00,1.9504
FUND03,2025-07-21T00:00:00,2.2419
FUND03,2025-07-22T00:00:00,2.4514
FUND03,2025-07-23T00:00:00,2.3127
FUND03,2025-07-24T00:00:00,2.3255
FUND03,2025-07-25T00:00:00,2.302
FUND03,2025-07-28T00:00:00,1.7958
FUND03,2025-07-29T00:00:00,2.2564
FUND03,2025-07-30T00:00:00,2.241
FUND03,2025-07-31T00:00:00,2.7125
FUND03,2025-08-01T00:00:00,3.1616
FUND03,2025-08-04T00:00:00,2.9627
FUND03,2025-08-05T00:00:00,2.939
FUND03,2025-08-06T00:00:00,2.6735
FUND03,2025-08-07T00:00:00,2.4164
FUND03,2025-08-08T00:00:00,2.7934
FUND03,2025-08-11T00:00:00,2.7996
FUND03,2025-08-12T00:00:00,2.6617
FUND03,2025-08-13T00:00:00,2.9253
FUND03,2025-08-14T00:00:00,3.0743
FUND03,2025-08-15T00:00:00,3.1725
FUND03,2025-08-18T00:00:00,2.9131
FUND03,2025-08-19T00:00:00,2.9036
FUND03,2025-08-20T00:00:00,3.0032
FUND03,2025-08-21T00:00:00,2.8983
FUND03,2025-08-22T00:00:00,2.6141
FUND03,2025-08-25T00:00:00,2.7613
FUND03,2025-08-26T00:00:00,2.4551
FUND03,2025-08-27T00:00:00,2.1355
FUND03,2025-08-28T00:00:00,1.8599
FUND03,2025-08-29T00:00:00,1.9928
FUND03,2025-09-01T00:00:00,2.1324
FUND03,2025-09-02T00:00:00,2.0808
FUND03,2025-09-03T00:00:00,2.1343
FUND03,2025-09-04T00:00:00,2.002
FUND03,2025-09-05T00:00:00,2.0877
FUND03,2025-09-08T00:00:00,2.0067
FUND03,2025-09-09T00:00:00,1.9151
FUND03,2025-09-10T00:00:00,1.9316
FUND03,2025-09-11T00:00:00,2.2136
FUND03,2025-09-12T00:00:00,2.178
FUND03,2025-09-15T00:00:00,2.0266
FUND03,2025-09-16T00:00:00,2.3606
FUND03,2025-09-17T00:00:00,2.2721
FUND03,2025-09-18T00:00:00,2.3321
FUND03,2025-09-19T00:00:00,2.4568
FUND03,2025-09-22T00:00:00,2.5179
FUND03,2025-09-23T00:00:00,2.9985
FUND03,2025-09-24T00:00:00,3.1657
FUND03,2025-09-25T00:00:00,3.6466
FUND03,2025-09-26T00:00:00,3.901
FUND03,2025-09-29T00:00:00,4.1499
FUND03,2025-09-30T00:00:00,4.6183
FUND03,2025-10-01T00:00:00,4.1628
FUND03,2025-10-02T00:00:00,4.0415
FUND03,2025-10-03T00:00:00,3.9868
FUND03,2025-10-06T00:00:00,3.8274
FUND03,2025-10-07T00:00:00,3.732
FUND03,2025-10-08T00:00:00,3.9882
FUND03,2025-10-09T00:00:00,4.0429
FUND03,2025-10-10T00:00:00,4.5814
FUND03,2025-10-13T00:00:00,4.8087
FUND03,2025-10-14T00:00:00,4.4468
FUND03,2025-10-15T00:00:00,4.4253
FUND03,2025-10-16T00:00:00,4.4267
FUND03,2025-10-17T00:00:00,4.4551
FUND03,2025-10-20T00:00:00,4.2538
FUND03,2025-10-21T00:00:00,4.7926
FUND03,2025-10-22T00:00:00,4.7431
FUND03,2025-10-23T00:00:00,4.6648
FUND03,2025-10-24T00:00:00,4.5055
FUND03,2025-10-27T00:00:00,4.4333
FUND03,2025-10-28T00:00:00,4.4077
FUND03,2025-10-29T00:00:00,4.5075
FUND03,2025-10-30T00:00:00,3.9297
FUND03,2025-10-31T00:00:00,3.592
FUND03,2025-11-03T00:00:00,3.7122
FUND03,2025-11-04T00:00:00,3.5273
FUND03,2025-11-05T00:00:00,3.9739
FUND03,2025-11-06T00:00:00,3.7391
FUND03,2025-11-07T00:00:00,3.8766
FUND03,2025-11-10T00:00:00,4.0657
FUND03,2025-11-11T00:00:00,3.7543
FUND03,2025-11-12T00:00:00,4.0033
FUND03,2025-11-13T00:00:00,4.0295
FUND03,2025-11-14T00:00:00,3.8979
FUND03,2025-11-17T00:00:00,4.5823
FUND03,2025-11-18T00:00:00,4.2591
FUND03,2025-11-19T00:00:00,4.3509
FUND03,2025-11-20T00:00:00,4.3539
FUND03,2025-11-21T00:00:00,3.8044
FUND03,2025-11-24T00:00:00,3.503
FUND04,2023-05-08T00:00:00,-0.9229
FUND04,2023-05-09T00:00:00,-1.0685
FUND04,2023-05-10T00:00:00,-0.9691
FUND04,2023-05-11T00:00:00,-0.9227
FUND04,2023-05-12T00:00:00,-0.9783
FUND04,2023-05-15T00:00:00,-0.8686
FUND04,2023-05-16T00:00:00,-1.1178
FUND04,2023-05-17T00:00:00,-1.1788
FUND04,2023-05-18T00:00:00,-1.1205
FUND04,2023-05-19T00:00:00,-1.2534
FUND04,2023-05-22T00:00:00,-1.0961
FUND04,2023-05-23T00:00:00,-1.3655
FUND04,2023-05-24T00:00:00,-1.4277
FUND04,2023-05-25T00:00:00,-1.2227
FUND04,2023-05-26T00:00:00,-1.1333
FUND04,2023-05-29T00:00:00,-1.0605
FUND04,2023-05-30T00:00:00,-0.9943
FUND04,2023-05-31T00:00:00,-0.4838
FUND04,2023-06-01T00:00:00,-0.5832
FUND04,2023-06-02T00:00:00,-0.3823
FUND04,2023-06-05T00:00:00,-0.6113
FUND04,2023-06-06T00:00:00,-0.6866
FUND04,2023-06-07T00:00:00,-1.0589
FUND04,2023-06-08T00:00:00,-1.1367
FUND04,2023-06-09T00:00:00,-0.8039
FUND04,2023-06-12T00:00:00,-1.1501
FUND04,2023-06-13T00:00:00,-1.3035
FUND04,2023-06-14T00:00:00,-1.4259
FUND04,2023-06-15T00:00:00,-1.1984
FUND04,2023-06-16T00:00:00,-0.8406
FUND04,2023-06-19T00:00:00,-0.4996
FUND04,2023-06-20T00:00:00,-0.7777
FUND04,2023-06-21T00:00:00,-0.3855
FUND04,2023-06-22T00:00:00,-0.2065
FUND04,2023-06-23T00:00:00,-0.3782
FUND04,2023-06-26T00:00:00,-0.2693
FUND04,2023-06-27T00:00:00,-0.3712
FUND04,2023-06-28T00:00:00,-0.2318
FUND04,2023-06-29T00:00:00,-0.0699
FUND04,2023-06-30T00:00:00,0.1246
FUND04,2023-07-03T00:00:00,-0.0603
FUND04,2023-07-04T00:00:00,0.2274
FUND04,2023-07-05T00:00:00,0.3983
FUND04,2023-07-06T00:00:00,-0.0649
FUND04,2023-07-07T00:00:00,-0.0182
FUND04,2023-07-10T00:00:00,0.0262
FUND04,2023-07-11T00:00:00,-0.2344
FUND04,2023-07-12T00:00:00,-0.2375
FUND04,2023-07-13T00:00:00,-0.0853
FUND04,2023-07-14T00:00:00,0.1301
FUND04,2023-07-17T00:00:00,0.5335
FUND04,2023-07-18T00:00:00,0.7222
FUND04,2023-07-19T00:00:00,1.0201
FUND04,2023-07-20T00:00:00,0.961
FUND04,2023-07-21T00:00:00,1.1204
FUND04,2023-07-24T00:00:00,0.8898
FUND04,2023-07-25T00:00:00,0.839
FUND04,2023-07-26T00:00:00,0.8319
FUND04,2023-07-27T00:00:00,0.6635
FUND04,2023-07-28T00:00:00,0.4643
FUND04,2023-07-31T00:00:00,1.0352
FUND04,2023-08-01T00:00:00,0.5921
FUND04,2023-08-02T00:00:00,0.2909
FUND04,2023-08-03T00:00:00,-0.0049
FUND04,2023-08-04T00:00:00,-0.1057
FUND04,2023-08-07T00:00:00,-0.4166
FUND04,2023-08-08T00:00:00,-0.3219
FUND04,2023-08-09T00:00:00,-0.105
FUND04,2023-08-10T00:00:00,0.2399
FUND04,2023-08-11T00:00:00,0.4104
FUND04,2023-08-14T00:00:00,0.6975
FUND04,2023-08-15T00:00:00,0.2176
FUND04,2023-08-16T00:00:00,0.1946
FUND04,2023-08-17T00:00:00,0.0074
FUND04,2023-08-18T00:00:00,0.2337
FUND04,2023-08-21T00:00:00,0.5518
FUND04,2023-08-22T00:00:00,0.4697
FUND04,2023-08-23T00:00:00,0.536
FUND04,2023-08-24T00:00:00,0.6158
FUND04,2023-08-25T00:00:00,0.6726
FUND04,2023-08-28T00:00:00,0.4743
FUND04,2023-08-29T00:00:00,0.2361
FUND04,2023-08-30T00:00:00,0.2749
FUND04,2023-08-31T00:00:00,0.1635
FUND04,2023-09-01T00:00:00,0.8278
FUND04,2023-09-04T00:00:00,0.7089
FUND04,2023-09-05T00:00:00,0.4476
FUND04,2023-09-06T00:00:00,0.9063
FUND04,2023-09-07T00:00:00,0.6313
FUND04,2023-09-08T00:00:00,0.4441
FUND04,2023-09-11T00:00:00,0.5685
FUND04,2023-09-12T00:00:00,0.3612
FUND04,2023-09-13T00:00:00,0.767
FUND04,2023-09-14T00:00:00,0.8365
FUND04,2023-09-15T00:00:00,1.0223
FUND04,2023-09-18T00:00:00,1.4358
FUND04,2023-09-19T00:00:00,1.321
FUND04,2023-09-20T00:00:00,1.3524
FUND04,2023-09-21T00:00:00,1.2836
FUND04,2023-09-22T00:00:00,1.3768
FUND04,2023-09-25T00:00:00,1.3496
FUND04,2023-09-26T00:00:00,1.4025
FUND04,2023-09-27T00:00:00,1.3554
FUND04,2023-09-28T00:00:00,1.5599
FUND04,2023-09-29T00:00:00,1.8083
FUND04,2023-10-02T00:00:00,1.6984
FUND04,2023-10-03T00:00:00,1.682
FUND04,2023-10-04T00:00:00,1.564
FUND04,2023-10-05T00:00:00,1.7134
FUND04,2023-10-06T00:00:00,2.0018
FUND04,2023-10-09T00:00:00,2.1952
FUND04,2023-10-10T00:00:00,2.4921
FUND04,2023-10-11T00:00:00,2.9454
FUND04,2023-10-12T00:00:00,2.5308
FUND04,2023-10-13T00:00:00,2.3604
FUND04,2023-10-16T00:00:00,2.5132
FUND04,2023-10-17T00:00:00,2.6763
FUND04,2023-10-18T00:00:00,2.8986
FUND04,2023-10-19T00:00:00,3.3434
FUND04,2023-10-20T00:00:00,2.8222
FUND04,2023-10-23T00:00:00,2.8035
FUND04,2023-10-24T00:00:00,2.6855
FUND04,2023-10-25T00:00:00,2.6654
FUND04,2023-10-26T00:00:00,2.4637
FUND04,2023-10-27T00:00:00,2.2761
FUND04,2023-10-30T00:00:00,1.699
FUND04,2023-10-31T00:00:00,1.9085
FUND04,2023-11-01T00:00:00,1.6402
FUND04,2023-11-02T00:00:00,1.2976
FUND04,2023-11-03T00:00:00,1.1884
FUND04,2023-11-06T00:00:00,1.0745
FUND04,2023-11-07T00:00:00,1.0304
FUND04,2023-11-08T00:00:00,0.8775
FUND04,2023-11-09T00:00:00,1.1879
FUND04,2023-11-10T00:00:00,1.0337
FUND04,2023-11-13T00:00:00,0.9812
FUND04,2023-11-14T00:00:00,0.9356
FUND04,2023-11-15T00:00:00,0.9158
FUND04,2023-11-16T00:00:00,1.1386
FUND04,2023-11-17T00:00:00,0.9062
FUND04,2023-11-20T00:00:00,0.8992
FUND04,2023-11-21T00:00:00,0.7985
FUND04,2023-11-22T00:00:00,0.9883
FUND04,2023-11-23T00:00:00,0.9873
FUND04,2023-11-24T00:00:00,0.7874
FUND04,2023-11-27T00:00:00,0.9306
FUND04,2023-11-28T00:00:00,0.8825
FUND04,2023-11-29T00:00:00,0.9545
FUND04,2023-11-30T00:00:00,0.9873
FUND04,2023-12-01T00:00:00,1.2057
FUND04,2023-12-04T00:00:00,0.9786
FUND04,2023-12-05T00:00:00,1.1281
FUND04,2023-12-06T00:00:00,0.9795
FUND04,2023-12-07T00:00:00,1.0088
FUND04,2023-12-08T00:00:00,0.9606
FUND04,2023-12-11T00:00:00,1.4087
FUND04,2023-12-12T00:00:00,1.3205
FUND04,2023-12-13T00:00:00,1.3038
FUND04,2023-12-14T00:00:00,1.0254
FUND04,2023-12-15T00:00:00,0.7849
FUND04,2023-12-18T00:00:00,0.6523
FUND04,2023-12-19T00:00:00,1.1652
FUND04,2023-12-20T00:00:00,1.3208
FUND04,2023-12-21T00:00:00,1.3704
FUND04,2023-12-22T00:00:00,1.1973
FUND04,2023-12-25T00:00:00,0.8131
FUND04,2023-12-26T00:00:00,0.9732
FUND04,2023-12-27T00:00:00,1.3507
FUND04,2023-12-28T00:00:00,1.3229
FUND04,2023-12-29T00:00:00,1.3705
FUND04,2024-01-01T00:00:00,1.5205
FUND04,2024-01-02T00:00:00,1.7153
FUND04,2024-01-03T00:00:00,1.6021
FUND04,2024-01-04T00:00:00,1.5202
FUND04,2024-01-05T00:00:00,1.3257
FUND04,2024-01-08T00:00:00,1.5115
FUND04,2024-01-09T00:00:00,1.844
FUND04,2024-01-10T00:00:00,1.2404
FUND04,2024-01-11T00:00:00,1.3309
FUND04,2024-01-12T00:00:00,1.155
FUND04,2024-01-15T00:00:00,0.7784
FUND04,2024-01-16T00:00:00,1.2416
FUND04,2024-01-17T00:00:00,1.0335
FUND04,2024-01-18T00:00:00,1.2033
FUND04,2024-01-19T00:00:00,1.0742
FUND04,2024-01-22T00:00:00,1.0143
FUND04,2024-01-23T00:00:00,1.1953
FUND04,2024-01-24T00:00:00,1.5447
FUND04,2024-01-25T00:00:00,1.6083
FUND04,2024-01-26T00:00:00,1.8809
FUND04,2024-01-29T00:00:00,1.7253
FUND04,2024-01-30T00:00:00,1.6524
FUND04,2024-01-31T00:00:00,1.6601
FUND04,2024-02-01T00:00:00,1.7988
FUND04,2024-02-02T00:00:00,1.9065
FUND04,2024-02-05T00:00:00,1.8612
FUND04,2024-02-06T00:00:00,2.1162
FUND04,2024-02-07T00:00:00,1.3399
FUND04,2024-02-08T00:00:00,1.3823
FUND04,2024-02-09T00:00:00,1.1909
FUND04,2024-02-12T00:00:00,1.3793
FUND04,2024-02-13T00:00:00,1.3212
FUND04,2024-02-14T00:00:00,1.0028
FUND04,2024-02-15T00:00:00,1.3744
FUND04,2024-02-16T00:00:00,1.2547
FUND04,2024-02-19T00:00:00,1.6535
FUND04,2024-02-20T00:00:00,1.5612
FUND04,2024-02-21T00:00:00,1.8639
FUND04,2024-02-22T00:00:00,1.4275
FUND04,2024-02-23T00:00:00,1.6428
FUND04,2024-02-26T00:00:00,1.681
FUND04,2024-02-27T00:00:00,1.7539
FUND04,2024-02-28T00:00:00,1.632
FUND04,2024-02-29T00:00:00,1.7423
FUND04,2024-03-01T00:00:00,1.7041
FUND04,2024-03-04T00:00:00,1.9267
FUND04,2024-03-05T00:00:00,1.8555
FUND04,2024-03-06T00:00:00,1.8825
FUND04,2024-03-07T00:00:00,2.2914
FUND04,2024-03-08T00:00:00,2.4333
FUND04,2024-03-11T00:00:00,2.2911
FUND04,2024-03-12T00:00:00,1.686
FUND04,2024-03-13T00:00:00,2.0572
FUND04,2024-03-14T00:00:00,2.0222
FUND04,2024-03-15T00:00:00,1.9629
FUND04,2024-03-18T00:00:00,1.7341
FUND04,2024-03-19T00:00:00,1.482
FUND04,2024-03-20T00:00:00,1.7948
FUND04,2024-03-21T00:00:00,1.5926
FUND04,2024-03-22T00:00:00,1.7595
FUND04,2024-03-25T00:00:00,1.5912
FUND04,2024-03-26T00:00:00,1.7223
FUND04,2024-03-27T00:00:00,1.1569
FUND04,2024-03-28T00:00:00,1.0644
FUND04,2024-03-29T00:00:00,0.8275
FUND04,2024-04-01T00:00:00,0.9357
FUND04,2024-04-02T00:00:00,1.0847
FUND04,2024-04-03T00:00:00,0.647
FUND04,2024-04-04T00:00:00,0.602
FUND04,2024-04-05T00:00:00,0.4127
FUND04,2024-04-08T00:00:00,0.3159
FUND04,2024-04-09T00:00:00,0.3193
FUND04,2024-04-10T00:00:00,0.4355
FUND04,2024-04-11T00:00:00,0.2212
FUND04,2024-04-12T00:00:00,0.6241
FUND04,2024-04-15T00:00:00,0.4219
FUND04,2024-04-16T00:00:00,0.7556
FUND04,2024-04-17T00:00:00,0.4906
FUND04,2024-04-18T00:00:00,0.8563
FUND04,2024-04-19T00:00:00,1.0845
FUND04,2024-04-22T00:00:00,1.0492
FUND04,2024-04-23T00:00:00,0.6919
FUND04,2024-04-24T00:00:00,1.1007
FUND04,2024-04-25T00:00:00,1.0018
FUND04,2024-04-26T00:00:00,1.0458
FUND04,2024-04-29T00:00:00,1.209
FUND04,2024-04-30T00:00:00,1.1145
FUND04,2024-05-01T00:00:00,0.6872
FUND04,2024-05-02T00:00:00,0.5077
FUND04,2024-05-03T00:00:00,0.7049
FUND04,2024-05-06T00:00:00,0.6255
FUND04,2024-05-07T00:00:00,0.2045
FUND04,2024-05-08T00:00:00,0.2434
FUND04,2024-05-09T00:00:00,0.2978
FUND04,2024-05-10T00:00:00,0.4805
FUND04,2024-05-13T00:00:00,0.6191
FUND04,2024-05-14T00:00:00,0.5531
FUND04,2024-05-15T00:00:00,0.6258
FUND04,2024-05-16T00:00:00,0.7514
FUND04,2024-05-17T00:00:00,0.6564
FUND04,2024-05-20T00:00:00,0.7818
FUND04,2024-05-21T00:00:00,0.3635
FUND04,2024-05-22T00:00:00,0.0365
FUND04,2024-05-23T00:00:00,0.0228
FUND04,2024-05-24T00:00:00,0.303
FUND04,2024-05-27T00:00:00,0.1576
FUND04,2024-05-28T00:00:00,0.026
FUND04,2024-05-29T00:00:00,-0.3278
FUND04,2024-05-30T00:00:00,-0.4034
FUND04,2024-05-31T00:00:00,-0.196
FUND04,2024-06-03T00:00:00,-0.0099
FUND04,2024-06-04T00:00:00,0.2782
FUND04,2024-06-05T00:00:00,0.0709
FUND04,2024-06-06T00:00:00,-0.2285
FUND04,2024-06-07T00:00:00,-0.7229
FUND04,2024-06-10T00:00:00,-0.979
FUND04,2024-06-11T00:00:00,-1.2309
FUND04,2024-06-12T00:00:00,-0.8437
FUND04,2024-06-13T00:00:00,-0.8514
FUND04,2024-06-14T00:00:00,-1.1648
FUND04,2024-06-17T00:00:00,-1.2969
FUND04,2024-06-18T00:00:00,-1.4281
FUND04,2024-06-19T00:00:00,-1.2429
FUND04,2024-06-20T00:00:00,-1.0575
FUND04,2024-06-21T00:00:00,-1.1436
FUND04,2024-06-24T00:00:00,-1.4473
FUND04,2024-06-25T00:00:00,-1.7794
FUND04,2024-06-26T00:00:00,-1.7301
FUND04,2024-06-27T00:00:00,-1.7377
FUND04,2024-06-28T00:00:00,-1.7322
FUND04,2024-07-01T00:00:00,-1.9152
FUND04,2024-07-02T00:00:00,-2.1656
FUND04,2024-07-03T00:00:00,-1.8846
FUND04,2024-07-04T00:00:00,-1.4526
FUND04,2024-07-05T00:00:00,-1.625
FUND04,2024-07-08T00:00:00,-1.5216
FUND04,2024-07-09T00:00:00,-1.4987
FUND04,2024-07-10T00:00:00,-1.371
FUND04,2024-07-11T00:00:00,-1.2535
FUND04,2024-07-12T00:00:00,-1.1761
FUND04,2024-07-15T00:00:00,-1.0877
FUND04,2024-07-16T00:00:00,-0.407
FUND04,2024-07-17T00:00:00,-0.4696
FUND04,2024-07-18T00:00:00,-0.5526
FUND04,2024-07-19T00:00:00,-0.5076
FUND04,2024-07-22T00:00:00,-0.4088
FUND04,2024-07-23T00:00:00,0.1762
FUND04,2024-07-24T00:00:00,-0.0149
FUND04,2024-07-25T00:00:00,-0.0394
FUND04,2024-07-26T00:00:00,-0.1616
FUND04,2024-07-29T00:00:00,-0.3087
FUND04,2024-07-30T00:00:00,-0.3355
FUND04,2024-07-31T00:00:00,-0.3382
FUND04,2024-08-01T00:00:00,-0.2592
FUND04,2024-08-02T00:00:00,-0.112
FUND04,2024-08-05T00:00:00,0.1834
FUND04,2024-08-06T00:00:00,0.4946
FUND04,2024-08-07T00:00:00,0.9712
FUND04,2024-08-08T00:00:00,1.0336
FUND04,2024-08-09T00:00:00,1.0339
FUND04,2024-08-12T00:00:00,1.204
FUND04,2024-08-13T00:00:00,1.2254
FUND04,2024-08-14T00:00:00,1.3149
FUND04,2024-08-15T00:00:00,1.3671
FUND04,2024-08-16T00:00:00,0.8381
FUND04,2024-08-19T00:00:00,0.739
FUND04,2024-08-20T00:00:00,0.7803
FUND04,2024-08-21T00:00:00,1.1655
FUND04,2024-08-22T00:00:00,1.1484
FUND04,2024-08-23T00:00:00,0.8259
FUND04,2024-08-26T00:00:00,1.2609
FUND04,2024-08-27T00:00:00,1.2295
FUND04,2024-08-28T00:00:00,0.5915
FUND04,2024-08-29T00:00:00,0.7505
FUND04,2024-08-30T00:00:00,0.3922
FUND04,2024-09-02T00:00:00,0.5806
FUND04,2024-09-03T00:00:00,0.417
FUND04,2024-09-04T00:00:00,0.6823
FUND04,2024-09-05T00:00:00,0.7181
FUND04,2024-09-06T00:00:00,0.6661
FUND04,2024-09-09T00:00:00,0.7248
FUND04,2024-09-10T00:00:00,1.1726
FUND04,2024-09-11T00:00:00,1.3465
FUND04,2024-09-12T00:00:00,0.8204
FUND04,2024-09-13T00:00:00,0.7569
FUND04,2024-09-16T00:00:00,0.6769
FUND04,2024-09-17T00:00:00,0.4618
FUND04,2024-09-18T00:00:00,0.4785
FUND04,2024-09-19T00:00:00,0.5172
FUND04,2024-09-20T00:00:00,0.5979
FUND04,2024-09-23T00:00:00,0.7315
FUND04,2024-09-24T00:00:00,0.8887
FUND04,2024-09-25T00:00:00,1.231
FUND04,2024-09-26T00:00:00,1.3076
FUND04,2024-09-27T00:00:00,1.0198
FUND04,2024-09-30T00:00:00,1.1444
FUND04,2024-10-01T00:00:00,1.002
FUND04,2024-10-02T00:00:00,1.1615
FUND04,2024-10-03T00:00:00,0.9039
FUND04,2024-10-04T00:00:00,0.7165
FUND04,2024-10-07T00:00:00,0.7519
FUND04,2024-10-08T00:00:00,0.7995
FUND04,2024-10-09T00:00:00,0.9941
FUND04,2024-10-10T00:00:00,0.8938
FUND04,2024-10-11T00:00:00,1.3237
FUND04,2024-10-14T00:00:00,1.6173
FUND04,2024-10-15T00:00:00,1.6656
FUND04,2024-10-16T00:00:00,1.8952
FUND04,2024-10-17T00:00:00,2.1876
FUND04,2024-10-18T00:00:00,2.1415
FUND04,2024-10-21T00:00:00,2.1146
FUND04,2024-10-22T00:00:00,2.1661
FUND04,2024-10-23T00:00:00,1.789
FUND04,2024-10-24T00:00:00,1.3628
FUND04,2024-10-25T00:00:00,1.6088
FUND04,2024-10-28T00:00:00,1.4483
FUND04,2024-10-29T00:00:00,1.4235
FUND04,2024-10-30T00:00:00,1.1303
FUND04,2024-10-31T00:00:00,1.0691
FUND04,2024-11-01T00:00:00,1.1688
FUND04,2024-11-04T00:00:00,1.5201
FUND04,2024-11-05T00:00:00,1.8196
FUND04,2024-11-06T00:00:00,1.9112
FUND04,2024-11-07T00:00:00,1.7804
FUND04,2024-11-08T00:00:00,2.3276
FUND04,2024-11-11T00:00:00,2.2279
FUND04,2024-11-12T00:00:00,2.1913
FUND04,2024-11-13T00:00:00,2.1215
FUND04,2024-11-14T00:00:00,1.9843
FUND04,2024-11-15T00:00:00,1.748
FUND04,2024-11-18T00:00:00,1.8806
FUND04,2024-11-19T00:00:00,1.5814
FUND04,2024-11-20T00:00:00,1.6081
FUND04,2024-11-21T00:00:00,1.5843
FUND04,2024-11-22T00:00:00,1.3255
FUND04,2024-11-25T00:00:00,1.3895
FUND04,2024-11-26T00:00:00,1.2572
FUND04,2024-11-27T00:00:00,1.1031
FUND04,2024-11-28T00:00:00,1.1636
FUND04,2024-11-29T00:00:00,1.3692
FUND04,2024-12-02T00:00:00,1.6572
FUND04,2024-12-03T00:00:00,1.2863
FUND04,2024-12-04T00:00:00,1.5462
FUND04,2024-12-05T00:00:00,1.3625
FUND04,2024-12-06T00:00:00,1.4579
FUND04,2024-12-09T00:00:00,1.4242
FUND04,2024-12-10T00:00:00,1.3251
FUND04,2024-12-11T00:00:00,1.4792
FUND04,2024-12-12T00:00:00,1.4016
FUND04,2024-12-13T00:00:00,1.4884
FUND04,2024-12-16T00:00:00,1.6599
FUND04,2024-12-17T00:00:00,1.8433
FUND04,2024-12-18T00:00:00,1.5331
FUND04,2024-12-19T00:00:00,1.7786
FUND04,2024-12-20T00:00:00,2.1085
FUND04,2024-12-23T00:00:00,2.0443
FUND04,2024-12-24T00:00:00,1.741
FUND04,2024-12-25T00:00:00,1.5463
FUND04,2024-12-26T00:00:00,1.4766
FUND04,2024-12-27T00:00:00,1.7725
FUND04,2024-12-30T00:00:00,1.3465
FUND04,2024-12-31T00:00:00,1.1445
FUND04,2025-01-01T00:00:00,1.2883
FUND04,2025-01-02T00:00:00,1.146
FUND04,2025-01-03T00:00:00,1.5436
FUND04,2025-01-06T00:00:00,1.2182
FUND04,2025-01-07T00:00:00,1.3572
FUND04,2025-01-08T00:00:00,1.3593
FUND04,2025-01-09T00:00:00,1.378
FUND04,2025-01-10T00:00:00,1.3965
FUND04,2025-01-13T00:00:00,1.2204
FUND04,2025-01-14T00:00:00,1.1481
FUND04,2025-01-15T00:00:00,1.011
FUND04,2025-01-16T00:00:00,1.6568
FUND04,2025-01-17T00:00:00,1.3681
FUND04,2025-01-20T00:00:00,1.5231
FUND04,2025-01-21T00:00:00,1.7049
FUND04,2025-01-22T00:00:00,1.4915
FUND04,2025-01-23T00:00:00,0.9745
FUND04,2025-01-24T00:00:00,1.2267
FUND04,2025-01-27T00:00:00,1.2736
FUND04,2025-01-28T00:00:00,1.3079
FUND04,2025-01-29T00:00:00,1.4977
FUND04,2025-01-30T00:00:00,0.6867
FUND04,2025-01-31T00:00:00,1.0287
FUND04,2025-02-03T00:00:00,1.0373
FUND04,2025-02-04T00:00:00,1.1086
FUND04,2025-02-05T00:00:00,1.2446
FUND04,2025-02-06T00:00:00,1.4521
FUND04,2025-02-07T00:00:00,1.2138
FUND04,2025-02-10T00:00:00,1.0506
FUND04,2025-02-11T00:00:00,1.0166
FUND04,2025-02-12T00:00:00,1.0795
FUND04,2025-02-13T00:00:00,1.2482
FUND04,2025-02-14T00:00:00,1.2218
FUND04,2025-02-17T00:00:00,1.0818
FUND04,2025-02-18T00:00:00,1.3467
FUND04,2025-02-19T00:00:00,1.4616
FUND04,2025-02-20T00:00:00,1.3387
FUND04,2025-02-21T00:00:00,1.5562
FUND04,2025-02-24T00:00:00,1.7509
FUND04,2025-02-25T00:00:00,1.8133
FUND04,2025-02-26T00:00:00,2.1759
FUND04,2025-02-27T00:00:00,2.7778
FUND04,2025-02-28T00:00:00,2.8802
FUND04,2025-03-03T00:00:00,2.7746
FUND04,2025-03-04T00:00:00,3.2012
FUND04,2025-03-05T00:00:00,3.2873
FUND04,2025-03-06T00:00:00,3.4301
FUND04,2025-03-07T00:00:00,3.5466
FUND04,2025-03-10T00:00:00,3.3403
FUND04,2025-03-11T00:00:00,3.492
FUND04,2025-03-12T00:00:00,3.2214
FUND04,2025-03-13T00:00:00,2.9493
FUND04,2025-03-14T00:00:00,2.6323
FUND04,2025-03-17T00:00:00,2.6857
FUND04,2025-03-18T00:00:00,2.6869
FUND04,2025-03-19T00:00:00,3.1037
FUND04,2025-03-20T00:00:00,2.9392
FUND04,2025-03-21T00:00:00,2.9293
FUND04,2025-03-24T00:00:00,2.8143
FUND04,2025-03-25T00:00:00,2.8605
FUND04,2025-03-26T00:00:00,2.9567
FUND04,2025-03-27T00:00:00,3.3675
FUND04,2025-03-28T00:00:00,3.2516
FUND04,2025-03-31T00:00:00,3.301
FUND04,2025-04-01T00:00:00,3.275
FUND04,2025-04-02T00:00:00,2.8884
FUND04,2025-04-03T00:00:00,3.1925
FUND04,2025-04-04T00:00:00,3.0075
FUND04,2025-04-07T00:00:00,2.7382
FUND04,2025-04-08T00:00:00,3.2666
FUND04,2025-04-09T00:00:00,2.7354
FUND04,2025-04-10T00:00:00,2.9649
FUND04,2025-04-11T00:00:00,2.7594
FUND04,2025-04-14T00:00:00,2.6821
FUND04,2025-04-15T00:00:00,2.6576
FUND04,2025-04-16T00:00:00,2.5226
FUND04,2025-04-17T00:00:00,2.7068
FUND04,2025-04-18T00:00:00,3.096
FUND04,2025-04-21T00:00:00,3.0017
FUND04,2025-04-22T00:00:00,2.7605
FUND04,2025-04-23T00:00:00,3.1981
FUND04,2025-04-24T00:00:00,3.0586
FUND04,2025-04-25T00:00:00,3.015
FUND04,2025-04-28T00:00:00,2.0657
FUND04,2025-04-29T00:00:00,2.1944
FUND04,2025-04-30T00:00:00,2.0574
FUND04,2025-05-01T00:00:00,1.9045
FUND04,2025-05-02T00:00:00,1.715
FUND04,2025-05-05T00:00:00,2.0008
FUND04,2025-05-06T00:00:00,1.9315
FUND04,2025-05-07T00:00:00,2.3774
FUND04,2025-05-08T00:00:00,2.6016
FUND04,2025-05-09T00:00:00,2.5877
FUND04,2025-05-12T00:00:00,2.9937
FUND04,2025-05-13T00:00:00,2.9381
FUND04,2025-05-14T00:00:00,2.712
FUND04,2025-05-15T00:00:00,2.9992
FUND04,2025-05-16T00:00:00,2.5494
FUND04,2025-05-19T00:00:00,2.7009
FUND04,2025-05-20T00:00:00,2.9997
FUND04,2025-05-21T00:00:00,3.0434
FUND04,2025-05-22T00:00:00,2.7806
FUND04,2025-05-23T00:00:00,2.9714
FUND04,2025-05-26T00:00:00,2.855
FUND04,2025-05-27T00:00:00,2.7287
FUND04,2025-05-28T00:00:00,2.4256
FUND04,2025-05-29T00:00:00,2.5338
FUND04,2025-05-30T00:00:00,2.3858
FUND04,2025-06-02T00:00:00,2.5349
FUND04,2025-06-03T00:00:00,2.8606
FUND04,2025-06-04T00:00:00,2.7935
FUND04,2025-06-05T00:00:00,3.1326
FUND04,2025-06-06T00:00:00,2.8807
FUND04,2025-06-09T00:00:00,2.8442
FUND04,2025-06-10T00:00:00,3.1091
FUND04,2025-06-11T00:00:00,3.0199
FUND04,2025-06-12T00:00:00,3.1996
FUND04,2025-06-13T00:00:00,3.5629
FUND04,2025-06-16T00:00:00,3.8644
FUND04,2025-06-17T00:00:00,3.6217
FUND04,2025-06-18T00:00:00,3.59
FUND04,2025-06-19T00:00:00,3.6607
FUND04,2025-06-20T00:00:00,3.4484
FUND04,2025-06-23T00:00:00,3.1308
FUND04,2025-06-24T00:00:00,2.9973
FUND04,2025-06-25T00:00:00,2.6532
FUND04,2025-06-26T00:00:00,2.7762
FUND04,2025-06-27T00:00:00,2.9385
FUND04,2025-06-30T00:00:00,2.9924
FUND04,2025-07-01T00:00:00,2.8009
FUND04,2025-07-02T00:00:00,2.8675
FUND04,2025-07-03T00:00:00,2.418
FUND04,2025-07-04T00:00:00,2.4887
FUND04,2025-07-07T00:00:00,2.6005
FUND04,2025-07-08T00:00:00,2.5286
FUND04,2025-07-09T00:00:00,2.4283
FUND04,2025-07-10T00:00:00,2.4805
FUND04,2025-07-11T00:00:00,2.4643
FUND04,2025-07-14T00:00:00,2.4749
FUND04,2025-07-15T00:00:00,2.431
FUND04,2025-07-16T00:00:00,2.6324
FUND04,2025-07-17T00:00:00,2.5697
FUND04,2025-07-18T00:00:00,2.8539
FUND04,2025-07-21T00:00:00,2.8799
FUND04,2025-07-22T00:00:00,3.0953
FUND04,2025-07-23T00:00:00,3.2461
FUND04,2025-07-24T00:00:00,3.1688
FUND04,2025-07-25T00:00:00,2.8069
FUND04,2025-07-28T00:00:00,2.8461
FUND04,2025-07-29T00:00:00,2.6623
FUND04,2025-07-30T00:00:00,2.4902
FUND04,2025-07-31T00:00:00,2.1835
FUND04,2025-08-01T00:00:00,2.3262
FUND04,2025-08-04T00:00:00,2.5554
FUND04,2025-08-05T00:00:00,2.6285
FUND04,2025-08-06T00:00:00,3.0733
FUND04,2025-08-07T00:00:00,3.1318
FUND04,2025-08-08T00:00:00,3.0263
FUND04,2025-08-11T00:00:00,2.714
FUND04,2025-08-12T00:00:00,2.8351
FUND04,2025-08-13T00:00:00,3.2477
FUND04,2025-08-14T00:00:00,3.2083
FUND04,2025-08-15T00:00:00,3.062
FUND04,2025-08-18T00:00:00,2.8471
FUND04,2025-08-19T00:00:00,2.8897
FUND04,2025-08-20T00:00:00,2.7603
FUND04,2025-08-21T00:00:00,2.3532
FUND04,2025-08-22T00:00:00,1.9513
FUND04,2025-08-25T00:00:00,2.0833
FUND04,2025-08-26T00:00:00,2.3009
FUND04,2025-08-27T00:00:00,2.169
FUND04,2025-08-28T00:00:00,2.5112
FUND04,2025-08-29T00:00:00,2.5883
FUND04,2025-09-01T00:00:00,3.5463
FUND04,2025-09-02T00:00:00,3.6565
FUND04,2025-09-03T00:00:00,3.7822
FUND04,2025-09-04T00:00:00,3.6264
FUND04,2025-09-05T00:00:00,3.461
FUND04,2025-09-08T00:00:00,3.2256
FUND04,2025-09-09T00:00:00,3.6132
FUND04,2025-09-10T00:00:00,3.2691
FUND04,2025-09-11T00:00:00,3.1654
FUND04,2025-09-12T00:00:00,3.1078
FUND04,2025-09-15T00:00:00,2.9312
FUND04,2025-09-16T00:00:00,3.0297
FUND04,2025-09-17T00:00:00,3.1786
FUND04,2025-09-18T00:00:00,2.9879
FUND04,2025-09-19T00:00:00,2.7893
FUND04,2025-09-22T00:00:00,2.8259
FUND04,2025-09-23T00:00:00,2.5382
FUND04,2025-09-24T00:00:00,2.3171
FUND04,2025-09-25T00:00:00,2.6782
FUND04,2025-09-26T00:00:00,2.7774
FUND04,2025-09-29T00:00:00,2.8938
FUND04,2025-09-30T00:00:00,3.1467
FUND04,2025-10-01T00:00:00,3.3886
FUND04,2025-10-02T00:00:00,3.5579
FUND04,2025-10-03T00:00:00,3.5493
FUND04,2025-10-06T00:00:00,3.6189
FUND04,2025-10-07T00:00:00,3.4204
FUND04,2025-10-08T00:00:00,3.2541
FUND04,2025-10-09T00:00:00,3.5141
FUND04,2025-10-10T00:00:00,3.6431
FUND04,2025-10-13T00:00:00,3.4672
FUND04,2025-10-14T00:00:00,3.4458
FUND04,2025-10-15T00:00:00,3.5114
FUND04,2025-10-16T00:00:00,3.4506
FUND04,2025-10-17T00:00:00,3.0566
FUND04,2025-10-20T00:00:00,2.8182
FUND04,2025-10-21T00:00:00,2.7733
FUND04,2025-10-22T00:00:00,2.5492
FUND04,2025-10-23T00:00:00,2.3435
FUND04,2025-10-24T00:00:00,2.3788
FUND04,2025-10-27T00:00:00,2.792
FUND04,2025-10-28T00:00:00,2.8022
FUND04,2025-10-29T00:00:00,2.8941
FUND04,2025-10-30T00:00:00,2.7717
FUND04,2025-10-31T00:00:00,2.6789
FUND04,2025-11-03T00:00:00,2.5459
FUND04,2025-11-04T00:00:00,2.7625
FUND04,2025-11-05T00:00:00,2.6812
FUND04,2025-11-06T00:00:00,3.207
FUND04,2025-11-07T00:00:00,3.0119
FUND04,2025-11-10T00:00:00,2.7492
FUND04,2025-11-11T00:00:00,2.5913
FUND04,2025-11-12T00:00:00,2.7791
FUND04,2025-11-13T00:00:00,2.6755
FUND04,2025-11-14T00:00:00,2.6467
FUND04,2025-11-17T00:00:00,2.2662
FUND04,2025-11-18T00:00:00,2.0535
FUND04,2025-11-19T00:00:00,1.8909
FUND04,2025-11-20T00:00:00,2.1076
FUND04,2025-11-21T00:00:00,1.7672
FUND04,2025-11-24T00:00:00,1.8856
FUND05,2023-05-08T00:00:00,0.1698
FUND05,2023-05-09T00:00:00,0.1347
FUND05,2023-05-10T00:00:00,-0.1909
FUND05,2023-05-11T00:00:00,-0.2407
FUND05,2023-05-12T00:00:00,-0.1924
FUND05,2023-05-15T00:00:00,-0.695
FUND05,2023-05-16T00:00:00,-0.4405
FUND05,2023-05-17T00:00:00,-0.4761
FUND05,2023-05-18T00:00:00,-0.5918
FUND05,2023-05-19T00:00:00,-0.8261
FUND05,2023-05-22T00:00:00,-0.999
FUND05,2023-05-23T00:00:00,-1.1368
FUND05,2023-05-24T00:00:00,-1.0422
FUND05,2023-05-25T00:00:00,-1.2475
FUND05,2023-05-26T00:00:00,-1.1706
FUND05,2023-05-29T00:00:00,-1.4292
FUND05,2023-05-30T00:00:00,-1.2631
FUND05,2023-05-31T00:00:00,-1.4264
FUND05,2023-06-01T00:00:00,-1.6434
FUND05,2023-06-02T00:00:00,-1.8704
FUND05,2023-06-05T00:00:00,-2.033
FUND05,2023-06-06T00:00:00,-1.8443
FUND05,2023-06-07T00:00:00,-1.6862
FUND05,2023-06-08T00:00:00,-1.7598
FUND05,2023-06-09T00:00:00,-1.8689
FUND05,2023-06-12T00:00:00,-2.0577
FUND05,2023-06-13T00:00:00,-1.7587
FUND05,2023-06-14T00:00:00,-1.9593
FUND05,2023-06-15T00:00:00,-1.944
FUND05,2023-06-16T00:00:00,-1.9648
FUND05,2023-06-19T00:00:00,-1.5843
FUND05,2023-06-20T00:00:00,-1.3825
FUND05,2023-06-21T00:00:00,-1.1514
FUND05,2023-06-22T00:00:00,-1.2121
FUND05,2023-06-23T00:00:00,-0.9266
FUND05,2023-06-26T00:00:00,-1.2024
FUND05,2023-06-27T00:00:00,-1.3212
FUND05,2023-06-28T00:00:00,-1.1515
FUND05,2023-06-29T00:00:00,-0.6388
FUND05,2023-06-30T00:00:00,-0.9058
FUND05,2023-07-03T00:00:00,-0.9863
FUND05,2023-07-04T00:00:00,-0.5574
FUND05,2023-07-05T00:00:00,-0.2614
FUND05,2023-07-06T00:00:00,-0.3316
FUND05,2023-07-07T00:00:00,-0.3831
FUND05,2023-07-10T00:00:00,0.0282
FUND05,2023-07-11T00:00:00,-0.6638
FUND05,2023-07-12T00:00:00,-0.6271
FUND05,2023-07-13T00:00:00,-0.6286
FUND05,2023-07-14T00:00:00,-0.5169
FUND05,2023-07-17T00:00:00,-0.234
FUND05,2023-07-18T00:00:00,-0.3087
FUND05,2023-07-19T00:00:00,0.425
FUND05,2023-07-20T00:00:00,0.5054
FUND05,2023-07-21T00:00:00,0.6065
FUND05,2023-07-24T00:00:00,0.7762
FUND05,2023-07-25T00:00:00,0.9936
FUND05,2023-07-26T00:00:00,0.932
FUND05,2023-07-27T00:00:00,0.871
FUND05,2023-07-28T00:00:00,0.6122
FUND05,2023-07-31T00:00:00,0.7163
FUND05,2023-08-01T00:00:00,0.772
FUND05,2023-08-02T00:00:00,0.9633
FUND05,2023-08-03T00:00:00,1.0322
FUND05,2023-08-04T00:00:00,1.7481
FUND05,2023-08-07T00:00:00,1.572
FUND05,2023-08-08T00:00:00,1.3412
FUND05,2023-08-09T00:00:00,1.3735
FUND05,2023-08-10T00:00:00,1.5504
FUND05,2023-08-11T00:00:00,1.7556
FUND05,2023-08-14T00:00:00,2.1293
FUND05,2023-08-15T00:00:00,2.1168
FUND05,2023-08-16T00:00:00,2.4111
FUND05,2023-08-17T00:00:00,2.5626
FUND05,2023-08-18T00:00:00,2.4417
FUND05,2023-08-21T00:00:00,2.4589
FUND05,2023-08-22T00:00:00,2.5228
FUND05,2023-08-23T00:00:00,2.5421
FUND05,2023-08-24T00:00:00,2.5914
FUND05,2023-08-25T00:00:00,2.6754
FUND05,2023-08-28T00:00:00,2.6074
FUND05,2023-08-29T00:00:00,2.8182
FUND05,2023-08-30T00:00:00,2.86
FUND05,2023-08-31T00:00:00,2.5667
FUND05,2023-09-01T00:00:00,2.4795
FUND05,2023-09-04T00:00:00,2.6236
FUND05,2023-09-05T00:00:00,2.6373
FUND05,2023-09-06T00:00:00,2.7263
FUND05,2023-09-07T00:00:00,2.8055
FUND05,2023-09-08T00:00:00,2.6491
FUND05,2023-09-11T00:00:00,2.2694
FUND05,2023-09-12T00:00:00,2.2303
FUND05,2023-09-13T00:00:00,2.004
FUND05,2023-09-14T00:00:00,1.8737
FUND05,2023-09-15T00:00:00,1.9778
FUND05,2023-09-18T00:00:00,2.2982
FUND05,2023-09-19T00:00:00,2.107
FUND05,2023-09-20T00:00:00,1.9141
FUND05,2023-09-21T00:00:00,1.8253
FUND05,2023-09-22T00:00:00,2.0552
FUND05,2023-09-25T00:00:00,2.4924
FUND05,2023-09-26T00:00:00,2.4957
FUND05,2023-09-27T00:00:00,2.2796
FUND05,2023-09-28T00:00:00,2.0618
FUND05,2023-09-29T00:00:00,1.9811
FUND05,2023-10-02T00:00:00,2.2929
FUND05,2023-10-03T00:00:00,2.2308
FUND05,2023-10-04T00:00:00,2.1676
FUND05,2023-10-05T00:00:00,2.2667
FUND05,2023-10-06T00:00:00,2.6046
FUND05,2023-10-09T00:00:00,3.0609
FUND05,2023-10-10T00:00:00,2.7459
FUND05,2023-10-11T00:00:00,2.7741
FUND05,2023-10-12T00:00:00,2.4334
FUND05,2023-10-13T00:00:00,2.1739
FUND05,2023-10-16T00:00:00,2.2114
FUND05,2023-10-17T00:00:00,2.1469
FUND05,2023-10-18T00:00:00,2.2646
FUND05,2023-10-19T00:00:00,2.304
FUND05,2023-10-20T00:00:00,2.501
FUND05,2023-10-23T00:00:00,2.2678
FUND05,2023-10-24T00:00:00,2.2302
FUND05,2023-10-25T00:00:00,2.5563
FUND05,2023-10-26T00:00:00,2.6171
FUND05,2023-10-27T00:00:00,2.3257
FUND05,2023-10-30T00:00:00,2.5933
FUND05,2023-10-31T00:00:00,2.4697
FUND05,2023-11-01T00:00:00,2.3228
FUND05,2023-11-02T00:00:00,1.8494
FUND05,2023-11-03T00:00:00,2.0916
FUND05,2023-11-06T00:00:00,2.2858
FUND05,2023-11-07T00:00:00,1.963
FUND05,2023-11-08T00:00:00,1.3925
FUND05,2023-11-09T00:00:00,1.5108
FUND05,2023-11-10T00:00:00,1.7333
FUND05,2023-11-13T00:00:00,1.1409
FUND05,2023-11-14T00:00:00,1.424
FUND05,2023-11-15T00:00:00,1.5
FUND05,2023-11-16T00:00:00,1.5586
FUND05,2023-11-17T00:00:00,1.6208
FUND05,2023-11-20T00:00:00,1.8861
FUND05,2023-11-21T00:00:00,1.4435
FUND05,2023-11-22T00:00:00,1.4008
FUND05,2023-11-23T00:00:00,1.3367
FUND05,2023-11-24T00:00:00,1.4374
FUND05,2023-11-27T00:00:00,1.5828
FUND05,2023-11-28T00:00:00,1.2263
FUND05,2023-11-29T00:00:00,1.1491
FUND05,2023-11-30T00:00:00,1.0432
FUND05,2023-12-01T00:00:00,1.5819
FUND05,2023-12-04T00:00:00,1.5532
FUND05,2023-12-05T00:00:00,1.508
FUND05,2023-12-06T00:00:00,1.3024
FUND05,2023-12-07T00:00:00,1.4161
FUND05,2023-12-08T00:00:00,0.7588
FUND05,2023-12-11T00:00:00,0.8937
FUND05,2023-12-12T00:00:00,0.6839
FUND05,2023-12-13T00:00:00,0.6835
FUND05,2023-12-14T00:00:00,0.9991
FUND05,2023-12-15T00:00:00,0.982
FUND05,2023-12-18T00:00:00,0.3724
FUND05,2023-12-19T00:00:00,0.3361
FUND05,2023-12-20T00:00:00,0.233
FUND05,2023-12-21T00:00:00,0.346
FUND05,2023-12-22T00:00:00,0.4427
FUND05,2023-12-25T00:00:00,0.6695
FUND05,2023-12-26T00:00:00,0.7551
FUND05,2023-12-27T00:00:00,0.8477
FUND05,2023-12-28T00:00:00,0.674
FUND05,2023-12-29T00:00:00,0.5047
FUND05,2024-01-01T00:00:00,0.796
FUND05,2024-01-02T00:00:00,0.3112
FUND05,2024-01-03T00:00:00,0.3133
FUND05,2024-01-04T00:00:00,0.6836
FUND05,2024-01-05T00:00:00,0.8279
FUND05,2024-01-08T00:00:00,0.5322
FUND05,2024-01-09T00:00:00,0.4646
FUND05,2024-01-10T00:00:00,0.2074
FUND05,2024-01-11T00:00:00,0.3333
FUND05,2024-01-12T00:00:00,0.6057
FUND05,2024-01-15T00:00:00,0.6263
FUND05,2024-01-16T00:00:00,0.8478
FUND05,2024-01-17T00:00:00,1.2371
FUND05,2024-01-18T00:00:00,1.4858
FUND05,2024-01-19T00:00:00,1.1043
FUND05,2024-01-22T00:00:00,1.2574
FUND05,2024-01-23T00:00:00,1.5789
FUND05,2024-01-24T00:00:00,1.8825
FUND05,2024-01-25T00:00:00,1.7907
FUND05,2024-01-26T00:00:00,1.5897
FUND05,2024-01-29T00:00:00,1.3416
FUND05,2024-01-30T00:00:00,1.1178
FUND05,2024-01-31T00:00:00,1.4495
FUND05,2024-02-01T00:00:00,1.76
FUND05,2024-02-02T00:00:00,1.7588
FUND05,2024-02-05T00:00:00,1.5282
FUND05,2024-02-06T00:00:00,1.2667
FUND05,2024-02-07T00:00:00,1.6324
FUND05,2024-02-08T00:00:00,1.5601
FUND05,2024-02-09T00:00:00,1.5634
FUND05,2024-02-12T00:00:00,1.2322
FUND05,2024-02-13T00:00:00,1.3299
FUND05,2024-02-14T00:00:00,1.1981
FUND05,2024-02-15T00:00:00,1.2779
FUND05,2024-02-16T00:00:00,1.5408
FUND05,2024-02-19T00:00:00,1.9049
FUND05,2024-02-20T00:00:00,1.8581
FUND05,2024-02-21T00:00:00,2.0803
FUND05,2024-02-22T00:00:00,2.0138
FUND05,2024-02-23T00:00:00,1.8738
FUND05,2024-02-26T00:00:00,1.9623
FUND05,2024-02-27T00:00:00,2.1299
FUND05,2024-02-28T00:00:00,1.7412
FUND05,2024-02-29T00:00:00,1.5849
FUND05,2024-03-01T00:00:00,2.0707
FUND05,2024-03-04T00:00:00,1.7091
FUND05,2024-03-05T00:00:00,1.515
FUND05,2024-03-06T00:00:00,1.91
FUND05,2024-03-07T00:00:00,2.1573
FUND05,2024-03-08T00:00:00,2.3054
FUND05,2024-03-11T00:00:00,2.4187
FUND05,2024-03-12T00:00:00,2.4393
FUND05,2024-03-13T00:00:00,2.7112
FUND05,2024-03-14T00:00:00,2.795
FUND05,2024-03-15T00:00:00,2.6086
FUND05,2024-03-18T00:00:00,2.8563
FUND05,2024-03-19T00:00:00,2.7997
FUND05,2024-03-20T00:00:00,2.4738
FUND05,2024-03-21T00:00:00,2.4624
FUND05,2024-03-22T00:00:00,2.5054
FUND05,2024-03-25T00:00:00,2.3767
FUND05,2024-03-26T00:00:00,2.6469
FUND05,2024-03-27T00:00:00,2.6362
FUND05,2024-03-28T00:00:00,2.3203
FUND05,2024-03-29T00:00:00,2.3044
FUND05,2024-04-01T00:00:00,2.2286
FUND05,2024-04-02T00:00:00,2.652
FUND05,2024-04-03T00:00:00,2.4363
FUND05,2024-04-04T00:00:00,2.5311
FUND05,2024-04-05T00:00:00,2.2428
FUND05,2024-04-08T00:00:00,2.2421
FUND05,2024-04-09T00:00:00,1.9423
FUND05,2024-04-10T00:00:00,1.8675
FUND05,2024-04-11T00:00:00,1.7141
FUND05,2024-04-12T00:00:00,2.0094
FUND05,2024-04-15T00:00:00,1.9598
FUND05,2024-04-16T00:00:00,2.3152
FUND05,2024-04-17T00:00:00,2.2872
FUND05,2024-04-18T00:00:00,1.8816
FUND05,2024-04-19T00:00:00,1.9613
FUND05,2024-04-22T00:00:00,2.3281
FUND05,2024-04-23T00:00:00,2.1888
FUND05,2024-04-24T00:00:00,2.2296
FUND05,2024-04-25T00:00:00,2.0545
FUND05,2024-04-26T00:00:00,1.7775
FUND05,2024-04-29T00:00:00,1.5667
FUND05,2024-04-30T00:00:00,1.4618
FUND05,2024-05-01T00:00:00,1.2613
FUND05,2024-05-02T00:00:00,1.5647
FUND05,2024-05-03T00:00:00,1.4901
FUND05,2024-05-06T00:00:00,1.3542
FUND05,2024-05-07T00:00:00,1.6084
FUND05,2024-05-08T00:00:00,1.7247
FUND05,2024-05-09T00:00:00,1.6841
FUND05,2024-05-10T00:00:00,1.7349
FUND05,2024-05-13T00:00:00,2.2619
FUND05,2024-05-14T00:00:00,2.336
FUND05,2024-05-15T00:00:00,2.4896
FUND05,2024-05-16T00:00:00,2.3534
FUND05,2024-05-17T00:00:00,2.3717
FUND05,2024-05-20T00:00:00,2.5806
FUND05,2024-05-21T00:00:00,2.2059
FUND05,2024-05-22T00:00:00,2.3165
FUND05,2024-05-23T00:00:00,2.05
FUND05,2024-05-24T00:00:00,2.7488
FUND05,2024-05-27T00:00:00,2.4813
FUND05,2024-05-28T00:00:00,2.1998
FUND05,2024-05-29T00:00:00,1.9469
FUND05,2024-05-30T00:00:00,2.2936
FUND05,2024-05-31T00:00:00,2.5923
FUND05,2024-06-03T00:00:00,2.3902
FUND05,2024-06-04T00:00:00,2.3354
FUND05,2024-06-05T00:00:00,2.1995
FUND05,2024-06-06T00:00:00,2.3112
FUND05,2024-06-07T00:00:00,2.5002
FUND05,2024-06-10T00:00:00,2.4623
FUND05,2024-06-11T00:00:00,2.5532
FUND05,2024-06-12T00:00:00,2.2664
FUND05,2024-06-13T00:00:00,2.1808
FUND05,2024-06-14T00:00:00,1.9639
FUND05,2024-06-17T00:00:00,1.9818
FUND05,2024-06-18T00:00:00,2.4283
FUND05,2024-06-19T00:00:00,2.3556
FUND05,2024-06-20T00:00:00,2.8342
FUND05,2024-06-21T00:00:00,2.9532
FUND05,2024-06-24T00:00:00,2.9941
FUND05,2024-06-25T00:00:00,3.4189
FUND05,2024-06-26T00:00:00,3.5979
FUND05,2024-06-27T00:00:00,3.453
FUND05,2024-06-28T00:00:00,3.509
FUND05,2024-07-01T00:00:00,3.4465
FUND05,2024-07-02T00:00:00,3.3385
FUND05,2024-07-03T00:00:00,3.1439
FUND05,2024-07-04T00:00:00,2.9175
FUND05,2024-07-05T00:00:00,2.7998
FUND05,2024-07-08T00:00:00,3.5632
FUND05,2024-07-09T00:00:00,3.958
FUND05,2024-07-10T00:00:00,3.8393
FUND05,2024-07-11T00:00:00,4.0959
FUND05,2024-07-12T00:00:00,3.9458
FUND05,2024-07-15T00:00:00,3.199
FUND05,2024-07-16T00:00:00,3.622
FUND05,2024-07-17T00:00:00,3.8659
FUND05,2024-07-18T00:00:00,3.4036
FUND05,2024-07-19T00:00:00,3.4522
FUND05,2024-07-22T00:00:00,3.4665
FUND05,2024-07-23T00:00:00,3.4707
FUND05,2024-07-24T00:00:00,3.751
FUND05,2024-07-25T00:00:00,3.7678
FUND05,2024-07-26T00:00:00,3.5491
FUND05,2024-07-29T00:00:00,3.2833
FUND05,2024-07-30T00:00:00,3.474
FUND05,2024-07-31T00:00:00,3.4617
FUND05,2024-08-01T00:00:00,3.2133
FUND05,2024-08-02T00:00:00,3.3704
FUND05,2024-08-05T00:00:00,3.5599
FUND05,2024-08-06T00:00:00,3.2596
FUND05,2024-08-07T00:00:00,3.3118
FUND05,2024-08-08T00:00:00,3.1508
FUND05,2024-08-09T00:00:00,2.7304
FUND05,2024-08-12T00:00:00,2.9223
FUND05,2024-08-13T00:00:00,3.1353
FUND05,2024-08-14T00:00:00,3.4496
FUND05,2024-08-15T00:00:00,3.2265
FUND05,2024-08-16T00:00:00,3.302
FUND05,2024-08-19T00:00:00,3.317
FUND05,2024-08-20T00:00:00,3.4153
FUND05,2024-08-21T00:00:00,3.9429
FUND05,2024-08-22T00:00:00,3.9536
FUND05,2024-08-23T00:00:00,3.306
FUND05,2024-08-26T00:00:00,3.4359
FUND05,2024-08-27T00:00:00,3.2602
FUND05,2024-08-28T00:00:00,2.66
FUND05,2024-08-29T00:00:00,2.4812
FUND05,2024-08-30T00:00:00,2.3415
FUND05,2024-09-02T00:00:00,2.255
FUND05,2024-09-03T00:00:00,1.9289
FUND05,2024-09-04T00:00:00,1.9848
FUND05,2024-09-05T00:00:00,2.1363
FUND05,2024-09-06T00:00:00,2.2301
FUND05,2024-09-09T00:00:00,2.1905
FUND05,2024-09-10T00:00:00,2.2406
FUND05,2024-09-11T00:00:00,2.1704
FUND05,2024-09-12T00:00:00,1.767
FUND05,2024-09-13T00:00:00,1.8058
FUND05,2024-09-16T00:00:00,1.3105
FUND05,2024-09-17T00:00:00,1.3912
FUND05,2024-09-18T00:00:00,1.3331
FUND05,2024-09-19T00:00:00,1.3994
FUND05,2024-09-20T00:00:00,1.3038
FUND05,2024-09-23T00:00:00,1.3608
FUND05,2024-09-24T00:00:00,1.1021
FUND05,2024-09-25T00:00:00,0.8787
FUND05,2024-09-26T00:00:00,0.8166
FUND05,2024-09-27T00:00:00,0.3661
FUND05,2024-09-30T00:00:00,0.587
FUND05,2024-10-01T00:00:00,0.7055
FUND05,2024-10-02T00:00:00,0.7942
FUND05,2024-10-03T00:00:00,0.6452
FUND05,2024-10-04T00:00:00,0.7921
FUND05,2024-10-07T00:00:00,0.6856
FUND05,2024-10-08T00:00:00,0.8597
FUND05,2024-10-09T00:00:00,0.5079
FUND05,2024-10-10T00:00:00,0.4568
FUND05,2024-10-11T00:00:00,-0.0711
FUND05,2024-10-14T00:00:00,0.0617
FUND05,2024-10-15T00:00:00,0.0563
FUND05,2024-10-16T00:00:00,0.0682
FUND05,2024-10-17T00:00:00,-0.2328
FUND05,2024-10-18T00:00:00,-0.2764
FUND05,2024-10-21T00:00:00,-0.034
FUND05,2024-10-22T00:00:00,-0.2501
FUND05,2024-10-23T00:00:00,-0.1328
FUND05,2024-10-24T00:00:00,-0.4329
FUND05,2024-10-25T00:00:00,-0.4838
FUND05,2024-10-28T00:00:00,-0.5269
FUND05,2024-10-29T00:00:00,-1.0479
FUND05,2024-10-30T00:00:00,-1.2809
FUND05,2024-10-31T00:00:00,-1.3521
FUND05,2024-11-01T00:00:00,-1.2545
FUND05,2024-11-04T00:00:00,-1.3463
FUND05,2024-11-05T00:00:00,-1.9094
FUND05,2024-11-06T00:00:00,-1.6805
FUND05,2024-11-07T00:00:00,-1.3597
FUND05,2024-11-08T00:00:00,-1.6656
FUND05,2024-11-11T00:00:00,-1.6485
FUND05,2024-11-12T00:00:00,-1.9861
FUND05,2024-11-13T00:00:00,-2.2996
FUND05,2024-11-14T00:00:00,-2.7449
FUND05,2024-11-15T00:00:00,-2.6518
FUND05,2024-11-18T00:00:00,-2.4011
FUND05,2024-11-19T00:00:00,-2.8148
FUND05,2024-11-20T00:00:00,-2.909
FUND05,2024-11-21T00:00:00,-2.7924
FUND05,2024-11-22T00:00:00,-3.0285
FUND05,2024-11-25T00:00:00,-2.5277
FUND05,2024-11-26T00:00:00,-2.3174
FUND05,2024-11-27T00:00:00,-2.2882
FUND05,2024-11-28T00:00:00,-2.6941
FUND05,2024-11-29T00:00:00,-2.6953
FUND05,2024-12-02T00:00:00,-2.3476
FUND05,2024-12-03T00:00:00,-2.4621
FUND05,2024-12-04T00:00:00,-2.337
FUND05,2024-12-05T00:00:00,-1.7901
FUND05,2024-12-06T00:00:00,-1.8951
FUND05,2024-12-09T00:00:00,-2.1888
FUND05,2024-12-10T00:00:00,-2.2575
FUND05,2024-12-11T00:00:00,-2.3827
FUND05,2024-12-12T00:00:00,-2.0265
FUND05,2024-12-13T00:00:00,-1.7888
FUND05,2024-12-16T00:00:00,-2.2164
FUND05,2024-12-17T00:00:00,-2.0964
FUND05,2024-12-18T00:00:00,-2.2106
FUND05,2024-12-19T00:00:00,-2.2571
FUND05,2024-12-20T00:00:00,-2.5468
FUND05,2024-12-23T00:00:00,-2.3157
FUND05,2024-12-24T00:00:00,-2.1536
FUND05,2024-12-25T00:00:00,-2.5524
FUND05,2024-12-26T00:00:00,-2.4375
FUND05,2024-12-27T00:00:00,-2.3793
FUND05,2024-12-30T00:00:00,-2.6548
FUND05,2024-12-31T00:00:00,-2.7661
FUND05,2025-01-01T00:00:00,-2.1923
FUND05,2025-01-02T00:00:00,-1.7948
FUND05,2025-01-03T00:00:00,-1.7699
FUND05,2025-01-06T00:00:00,-1.628
FUND05,2025-01-07T00:00:00,-0.96
FUND05,2025-01-08T00:00:00,-1.0618
FUND05,2025-01-09T00:00:00,-1.5422
FUND05,2025-01-10T00:00:00,-1.6917
FUND05,2025-01-13T00:00:00,-1.5786
FUND05,2025-01-14T00:00:00,-1.8353
FUND05,2025-01-15T00:00:00,-2.0108
FUND05,2025-01-16T00:00:00,-1.9902
FUND05,2025-01-17T00:00:00,-1.9887
FUND05,2025-01-20T00:00:00,-1.6332
FUND05,2025-01-21T00:00:00,-2.0022
FUND05,2025-01-22T00:00:00,-2.2202
FUND05,2025-01-23T00:00:00,-2.3316
FUND05,2025-01-24T00:00:00,-2.2485
FUND05,2025-01-27T00:00:00,-1.9891
FUND05,2025-01-28T00:00:00,-1.7662
FUND05,2025-01-29T00:00:00,-1.8074
FUND05,2025-01-30T00:00:00,-1.8997
FUND05,2025-01-31T00:00:00,-1.2106
FUND05,2025-02-03T00:00:00,-1.3259
FUND05,2025-02-04T00:00:00,-1.4771
FUND05,2025-02-05T00:00:00,-1.4371
FUND05,2025-02-06T00:00:00,-1.7104
FUND05,2025-02-07T00:00:00,-1.8368
FUND05,2025-02-10T00:00:00,-1.7304
FUND05,2025-02-11T00:00:00,-1.9594
FUND05,2025-02-12T00:00:00,-1.7752
FUND05,2025-02-13T00:00:00,-2.1765
FUND05,2025-02-14T00:00:00,-1.9695
FUND05,2025-02-17T00:00:00,-2.4532
FUND05,2025-02-18T00:00:00,-2.4489
FUND05,2025-02-19T00:00:00,-2.5694
FUND05,2025-02-20T00:00:00,-2.4325
FUND05,2025-02-21T00:00:00,-2.5423
FUND05,2025-02-24T00:00:00,-2.8593
FUND05,2025-02-25T00:00:00,-2.723
FUND05,2025-02-26T00:00:00,-2.4191
FUND05,2025-02-27T00:00:00,-2.4489
FUND05,2025-02-28T00:00:00,-2.4493
FUND05,2025-03-03T00:00:00,-2.65
FUND05,2025-03-04T00:00:00,-2.5943
FUND05,2025-03-05T00:00:00,-2.6354
FUND05,2025-03-06T00:00:00,-2.3789
FUND05,2025-03-07T00:00:00,-2.2532
FUND05,2025-03-10T00:00:00,-2.2729
FUND05,2025-03-11T00:00:00,-1.9008
FUND05,2025-03-12T00:00:00,-1.9539
FUND05,2025-03-13T00:00:00,-2.1602
FUND05,2025-03-14T00:00:00,-2.2004
FUND05,2025-03-17T00:00:00,-2.7272
FUND05,2025-03-18T00:00:00,-2.5888
FUND05,2025-03-19T00:00:00,-2.0986
FUND05,2025-03-20T00:00:00,-1.7778
FUND05,2025-03-21T00:00:00,-2.016
FUND05,2025-03-24T00:00:00,-1.8932
FUND05,2025-03-25T00:00:00,-1.7926
FUND05,2025-03-26T00:00:00,-1.857
FUND05,2025-03-27T00:00:00,-1.8367
FUND05,2025-03-28T00:00:00,-1.6619
FUND05,2025-03-31T00:00:00,-2.084
FUND05,2025-04-01T00:00:00,-2.2759
FUND05,2025-04-02T00:00:00,-2.0965
FUND05,2025-04-03T00:00:00,-1.6778
FUND05,2025-04-04T00:00:00,-1.8611
FUND05,2025-04-07T00:00:00,-2.0556
FUND05,2025-04-08T00:00:00,-1.7631
FUND05,2025-04-09T00:00:00,-1.6002
FUND05,2025-04-10T00:00:00,-1.7672
FUND05,2025-04-11T00:00:00,-1.4414
FUND05,2025-04-14T00:00:00,-1.1387
FUND05,2025-04-15T00:00:00,-1.0769
FUND05,2025-04-16T00:00:00,-1.3264
FUND05,2025-04-17T00:00:00,-1.4989
FUND05,2025-04-18T00:00:00,-1.6353
FUND05,2025-04-21T00:00:00,-1.3427
FUND05,2025-04-22T00:00:00,-1.1042
FUND05,2025-04-23T00:00:00,-1.0448
FUND05,2025-04-24T00:00:00,-1.0966
FUND05,2025-04-25T00:00:00,-0.9744
FUND05,2025-04-28T00:00:00,-1.4957
FUND05,2025-04-29T00:00:00,-1.9136
FUND05,2025-04-30T00:00:00,-1.4352
FUND05,2025-05-01T00:00:00,-1.3129
FUND05,2025-05-02T00:00:00,-1.1613
FUND05,2025-05-05T00:00:00,-0.9692
FUND05,2025-05-06T00:00:00,-0.6416
FUND05,2025-05-07T00:00:00,-0.7789
FUND05,2025-05-08T00:00:00,-0.6871
FUND05,2025-05-09T00:00:00,-0.5681
FUND05,2025-05-12T00:00:00,-0.8773
FUND05,2025-05-13T00:00:00,-1.0033
FUND05,2025-05-14T00:00:00,-1.1835
FUND05,2025-05-15T00:00:00,-1.0601
FUND05,2025-05-16T00:00:00,-1.3022
FUND05,2025-05-19T00:00:00,-1.3895
FUND05,2025-05-20T00:00:00,-1.5394
FUND05,2025-05-21T00:00:00,-1.5324
FUND05,2025-05-22T00:00:00,-1.5752
FUND05,2025-05-23T00:00:00,-1.5522
FUND05,2025-05-26T00:00:00,-1.7066
FUND05,2025-05-27T00:00:00,-1.3317
FUND05,2025-05-28T00:00:00,-0.8982
FUND05,2025-05-29T00:00:00,-0.6982
FUND05,2025-05-30T00:00:00,-0.5983
FUND05,2025-06-02T00:00:00,-1.1502
FUND05,2025-06-03T00:00:00,-1.1163
FUND05,2025-06-04T00:00:00,-1.3146
FUND05,2025-06-05T00:00:00,-1.0868
FUND05,2025-06-06T00:00:00,-1.4163
FUND05,2025-06-09T00:00:00,-1.1369
FUND05,2025-06-10T00:00:00,-1.054
FUND05,2025-06-11T00:00:00,-0.9211
FUND05,2025-06-12T00:00:00,-0.7235
FUND05,2025-06-13T00:00:00,-0.965
FUND05,2025-06-16T00:00:00,-0.8742
FUND05,2025-06-17T00:00:00,-0.6008
FUND05,2025-06-18T00:00:00,-0.1113
FUND05,2025-06-19T00:00:00,0.3374
FUND05,2025-06-20T00:00:00,0.2426
FUND05,2025-06-23T00:00:00,0.4746
FUND05,2025-06-24T00:00:00,0.3234
FUND05,2025-06-25T00:00:00,0.4231
FUND05,2025-06-26T00:00:00,0.333
FUND05,2025-06-27T00:00:00,0.6632
FUND05,2025-06-30T00:00:00,0.7599
FUND05,2025-07-01T00:00:00,0.6621
FUND05,2025-07-02T00:00:00,0.4447
FUND05,2025-07-03T00:00:00,0.5342
FUND05,2025-07-04T00:00:00,0.1536
FUND05,2025-07-07T00:00:00,0.2014
FUND05,2025-07-08T00:00:00,0.1795
FUND05,2025-07-09T00:00:00,0.3079
FUND05,2025-07-10T00:00:00,0.2079
FUND05,2025-07-11T00:00:00,0.2189
FUND05,2025-07-14T00:00:00,0.3671
FUND05,2025-07-15T00:00:00,0.483
FUND05,2025-07-16T00:00:00,0.633
FUND05,2025-07-17T00:00:00,1.0708
FUND05,2025-07-18T00:00:00,0.4682
FUND05,2025-07-21T00:00:00,0.6903
FUND05,2025-07-22T00:00:00,0.9676
FUND05,2025-07-23T00:00:00,0.2288
FUND05,2025-07-24T00:00:00,0.3976
FUND05,2025-07-25T00:00:00,0.5996
FUND05,2025-07-28T00:00:00,0.171
FUND05,2025-07-29T00:00:00,0.2729
FUND05,2025-07-30T00:00:00,0.1546
FUND05,2025-07-31T00:00:00,0.102
FUND05,2025-08-01T00:00:00,0.3323
FUND05,2025-08-04T00:00:00,0.3651
FUND05,2025-08-05T00:00:00,0.2399
FUND05,2025-08-06T00:00:00,0.4328
FUND05,2025-08-07T00:00:00,0.45
FUND05,2025-08-08T00:00:00,0.6031
FUND05,2025-08-11T00:00:00,0.552
FUND05,2025-08-12T00:00:00,0.2732
FUND05,2025-08-13T00:00:00,0.2395
FUND05,2025-08-14T00:00:00,0.0256
FUND05,2025-08-15T00:00:00,-0.4318
FUND05,2025-08-18T00:00:00,-0.421
FUND05,2025-08-19T00:00:00,-0.4448
FUND05,2025-08-20T00:00:00,-0.1142
FUND05,2025-08-21T00:00:00,-0.0197
FUND05,2025-08-22T00:00:00,0.1247
FUND05,2025-08-25T00:00:00,-0.2828
FUND05,2025-08-26T00:00:00,-0.6014
FUND05,2025-08-27T00:00:00,-0.4388
FUND05,2025-08-28T00:00:00,0.0313
FUND05,2025-08-29T00:00:00,0.1963
FUND05,2025-09-01T00:00:00,0.5079
FUND05,2025-09-02T00:00:00,1.0374
FUND05,2025-09-03T00:00:00,0.8813
FUND05,2025-09-04T00:00:00,0.7927
FUND05,2025-09-05T00:00:00,0.4829
FUND05,2025-09-08T00:00:00,0.4405
FUND05,2025-09-09T00:00:00,0.483
FUND05,2025-09-10T00:00:00,0.2405
FUND05,2025-09-11T00:00:00,-0.0382
FUND05,2025-09-12T00:00:00,0.1702
FUND05,2025-09-15T00:00:00,0.4497
FUND05,2025-09-16T00:00:00,0.0495
FUND05,2025-09-17T00:00:00,0.0564
FUND05,2025-09-18T00:00:00,0.1196
FUND05,2025-09-19T00:00:00,0.2507
FUND05,2025-09-22T00:00:00,0.104
FUND05,2025-09-23T00:00:00,0.3446
FUND05,2025-09-24T00:00:00,0.6185
FUND05,2025-09-25T00:00:00,0.8215
FUND05,2025-09-26T00:00:00,0.7476
FUND05,2025-09-29T00:00:00,0.5724
FUND05,2025-09-30T00:00:00,0.3592
FUND05,2025-10-01T00:00:00,0.0848
FUND05,2025-10-02T00:00:00,0.0367
FUND05,2025-10-03T00:00:00,0.1054
FUND05,2025-10-06T00:00:00,0.1454
FUND05,2025-10-07T00:00:00,0.0313
FUND05,2025-10-08T00:00:00,0.4614
FUND05,2025-10-09T00:00:00,0.3975
FUND05,2025-10-10T00:00:00,0.0206
FUND05,2025-10-13T00:00:00,-0.1881
FUND05,2025-10-14T00:00:00,-0.3832
FUND05,2025-10-15T00:00:00,-0.7134
FUND05,2025-10-16T00:00:00,-0.9004
FUND05,2025-10-17T00:00:00,-0.9371
FUND05,2025-10-20T00:00:00,-0.6723
FUND05,2025-10-21T00:00:00,-0.6258
FUND05,2025-10-22T00:00:00,-0.7662
FUND05,2025-10-23T00:00:00,-0.7065
FUND05,2025-10-24T00:00:00,-0.5551
FUND05,2025-10-27T00:00:00,-0.3348
FUND05,2025-10-28T00:00:00,-0.1103
FUND05,2025-10-29T00:00:00,-0.294
FUND05,2025-10-30T00:00:00,-0.3039
FUND05,2025-10-31T00:00:00,-0.3801
FUND05,2025-11-03T00:00:00,-0.5268
FUND05,2025-11-04T00:00:00,-0.5989
FUND05,2025-11-05T00:00:00,-0.5171
FUND05,2025-11-06T00:00:00,-0.4504
FUND05,2025-11-07T00:00:00,-0.2259
FUND05,2025-11-10T00:00:00,-0.4111
FUND05,2025-11-11T00:00:00,-0.2561
FUND05,2025-11-12T00:00:00,-0.2621
FUND05,2025-11-13T00:00:00,-0.4365
FUND05,2025-11-14T00:00:00,-0.85
FUND05,2025-11-17T00:00:00,-0.7054
FUND05,2025-11-18T00:00:00,-1.0728
FUND05,2025-11-19T00:00:00,-1.3775
FUND05,2025-11-20T00:00:00,-1.3582
FUND05,2025-11-21T00:00:00,-1.0743
FUND05,2025-11-24T00:00:00,-1.0394
FUND06,2023-05-08T00:00:00,0.446
FUND06,2023-05-09T00:00:00,0.5359
FUND06,2023-05-10T00:00:00,0.7874
FUND06,2023-05-11T00:00:00,1.1271
FUND06,2023-05-12T00:00:00,1.5132
FUND06,2023-05-15T00:00:00,1.2989
FUND06,2023-05-16T00:00:00,1.2574
FUND06,2023-05-17T00:00:00,1.4599
FUND06,2023-05-18T00:00:00,1.4328
FUND06,2023-05-19T00:00:00,1.5239
FUND06,2023-05-22T00:00:00,1.6198
FUND06,2023-05-23T00:00:00,1.7952
FUND06,2023-05-24T00:00:00,1.7792
FUND06,2023-05-25T00:00:00,1.5358
FUND06,2023-05-26T00:00:00,1.4716
FUND06,2023-05-29T00:00:00,1.6931
FUND06,2023-05-30T00:00:00,0.9739
FUND06,2023-05-31T00:00:00,1.2993
FUND06,2023-06-01T00:00:00,2.0158
FUND06,2023-06-02T00:00:00,2.107
FUND06,2023-06-05T00:00:00,1.9814
FUND06,2023-06-06T00:00:00,2.1572
FUND06,2023-06-07T00:00:00,1.526
FUND06,2023-06-08T00:00:00,1.3081
FUND06,2023-06-09T00:00:00,1.5614
FUND06,2023-06-12T00:00:00,1.414
FUND06,2023-06-13T00:00:00,1.112
FUND06,2023-06-14T00:00:00,0.8839
FUND06,2023-06-15T00:00:00,0.5656
FUND06,2023-06-16T00:00:00,0.254
FUND06,2023-06-19T00:00:00,-0.0952
FUND06,2023-06-20T00:00:00,-0.2948
FUND06,2023-06-21T00:00:00,-0.2284
FUND06,2023-06-22T00:00:00,-0.33
FUND06,2023-06-23T00:00:00,-0.0476
FUND06,2023-06-26T00:00:00,-0.4176
FUND06,2023-06-27T00:00:00,-0.4811
FUND06,2023-06-28T00:00:00,-0.0963
FUND06,2023-06-29T00:00:00,-0.2302
FUND06,2023-06-30T00:00:00,-0.3971
FUND06,2023-07-03T00:00:00,-0.7168
FUND06,2023-07-04T00:00:00,-0.8555
FUND06,2023-07-05T00:00:00,-0.8372
FUND06,2023-07-06T00:00:00,-1.0739
FUND06,2023-07-07T00:00:00,-0.4931
FUND06,2023-07-10T00:00:00,-0.5089
FUND06,2023-07-11T00:00:00,-0.6943
FUND06,2023-07-12T00:00:00,-0.8164
FUND06,2023-07-13T00:00:00,-1.1776
FUND06,2023-07-14T00:00:00,-0.7793
FUND06,2023-07-17T00:00:00,-0.5694
FUND06,2023-07-18T00:00:00,-0.6039
FUND06,2023-07-19T00:00:00,-0.3715
FUND06,2023-07-20T00:00:00,-0.6132
FUND06,2023-07-21T00:00:00,-0.5451
FUND06,2023-07-24T00:00:00,-0.291
FUND06,2023-07-25T00:00:00,-0.3307
FUND06,2023-07-26T00:00:00,-0.135
FUND06,2023-07-27T00:00:00,0.0337
FUND06,2023-07-28T00:00:00,0.0343
FUND06,2023-07-31T00:00:00,0.2188
FUND06,2023-08-01T00:00:00,0.3365
FUND06,2023-08-02T00:00:00,0.4456
FUND06,2023-08-03T00:00:00,0.6519
FUND06,2023-08-04T00:00:00,0.9307
FUND06,2023-08-07T00:00:00,0.992
FUND06,2023-08-08T00:00:00,1.2979
FUND06,2023-08-09T00:00:00,1.4445
FUND06,2023-08-10T00:00:00,2.0256
FUND06,2023-08-11T00:00:00,2.6285
FUND06,2023-08-14T00:00:00,2.661
FUND06,2023-08-15T00:00:00,2.5867
FUND06,2023-08-16T00:00:00,2.6524
FUND06,2023-08-17T00:00:00,2.6888
FUND06,2023-08-18T00:00:00,2.5764
FUND06,2023-08-21T00:00:00,2.63
FUND06,2023-08-22T00:00:00,2.7395
FUND06,2023-08-23T00:00:00,2.5668
FUND06,2023-08-24T00:00:00,2.8948
FUND06,2023-08-25T00:00:00,3.0455
FUND06,2023-08-28T00:00:00,3.4509
FUND06,2023-08-29T00:00:00,3.6584
FUND06,2023-08-30T00:00:00,3.5396
FUND06,2023-08-31T00:00:00,3.1969
FUND06,2023-09-01T00:00:00,3.456
FUND06,2023-09-04T00:00:00,3.7153
FUND06,2023-09-05T00:00:00,3.5433
FUND06,2023-09-06T00:00:00,3.6933
FUND06,2023-09-07T00:00:00,3.5552
FUND06,2023-09-08T00:00:00,3.1868
FUND06,2023-09-11T00:00:00,3.031
FUND06,2023-09-12T00:00:00,3.0625
FUND06,2023-09-13T00:00:00,2.8573
FUND06,2023-09-14T00:00:00,3.1188
FUND06,2023-09-15T00:00:00,2.9563
FUND06,2023-09-18T00:00:00,3.1003
FUND06,2023-09-19T00:00:00,3.4361
FUND06,2023-09-20T00:00:00,3.221
FUND06,2023-09-21T00:00:00,3.0774
FUND06,2023-09-22T00:00:00,2.935
FUND06,2023-09-25T00:00:00,2.9426
FUND06,2023-09-26T00:00:00,2.9908
FUND06,2023-09-27T00:00:00,2.8305
FUND06,2023-09-28T00:00:00,2.7597
FUND06,2023-09-29T00:00:00,2.6652
FUND06,2023-10-02T00:00:00,2.5249
FUND06,2023-10-03T00:00:00,2.9033
FUND06,2023-10-04T00:00:00,3.0016
FUND06,2023-10-05T00:00:00,2.7793
FUND06,2023-10-06T00:00:00,2.8099
FUND06,2023-10-09T00:00:00,3.1393
FUND06,2023-10-10T00:00:00,2.4598
FUND06,2023-10-11T00:00:00,2.9387
FUND06,2023-10-12T00:00:00,2.6643
FUND06,2023-10-13T00:00:00,2.3853
FUND06,2023-10-16T00:00:00,2.4988
FUND06,2023-10-17T00:00:00,2.83
FUND06,2023-10-18T00:00:00,2.9273
FUND06,2023-10-19T00:00:00,3.0854
FUND06,2023-10-20T00:00:00,3.5375
FUND06,2023-10-23T00:00:00,3.8295
FUND06,2023-10-24T00:00:00,3.9943
FUND06,2023-10-25T00:00:00,3.8802
FUND06,2023-10-26T00:00:00,3.7056
FUND06,2023-10-27T00:00:00,3.5511
FUND06,2023-10-30T00:00:00,3.3324
FUND06,2023-10-31T00:00:00,3.6897
FUND06,2023-11-01T00:00:00,3.4897
FUND06,2023-11-02T00:00:00,3.5952
FUND06,2023-11-03T00:00:00,3.5972
FUND06,2023-11-06T00:00:00,3.9121
FUND06,2023-11-07T00:00:00,3.9335
FUND06,2023-11-08T00:00:00,3.9943
FUND06,2023-11-09T00:00:00,3.7431
FUND06,2023-11-10T00:00:00,3.6359
FUND06,2023-11-13T00:00:00,3.7539
FUND06,2023-11-14T00:00:00,3.7862
FUND06,2023-11-15T00:00:00,3.3711
FUND06,2023-11-16T00:00:00,3.6225
FUND06,2023-11-17T00:00:00,3.4285
FUND06,2023-11-20T00:00:00,3.1349
FUND06,2023-11-21T00:00:00,2.7575
FUND06,2023-11-22T00:00:00,2.5674
FUND06,2023-11-23T00:00:00,3.0644
FUND06,2023-11-24T00:00:00,3.4759
FUND06,2023-11-27T00:00:00,3.6586
FUND06,2023-11-28T00:00:00,3.6203
FUND06,2023-11-29T00:00:00,3.8114
FUND06,2023-11-30T00:00:00,3.6037
FUND06,2023-12-01T00:00:00,3.7241
FUND06,2023-12-04T00:00:00,3.4621
FUND06,2023-12-05T00:00:00,3.6391
FUND06,2023-12-06T00:00:00,3.5109
FUND06,2023-12-07T00:00:00,3.0808
FUND06,2023-12-08T00:00:00,2.911
FUND06,2023-12-11T00:00:00,2.6085
FUND06,2023-12-12T00:00:00,2.296
FUND06,2023-12-13T00:00:00,2.4108
FUND06,2023-12-14T00:00:00,2.2181
FUND06,2023-12-15T00:00:00,2.0038
FUND06,2023-12-18T00:00:00,2.0424
FUND06,2023-12-19T00:00:00,2.4313
FUND06,2023-12-20T00:00:00,2.1205
FUND06,2023-12-21T00:00:00,1.6478
FUND06,2023-12-22T00:00:00,1.551
FUND06,2023-12-25T00:00:00,1.4013
FUND06,2023-12-26T00:00:00,0.9352
FUND06,2023-12-27T00:00:00,0.9261
FUND06,2023-12-28T00:00:00,0.6316
FUND06,2023-12-29T00:00:00,0.7622
FUND06,2024-01-01T00:00:00,0.4454
FUND06,2024-01-02T00:00:00,0.2313
FUND06,2024-01-03T00:00:00,0.2244
FUND06,2024-01-04T00:00:00,0.3392
FUND06,2024-01-05T00:00:00,0.2537
FUND06,2024-01-08T00:00:00,0.2542
FUND06,2024-01-09T00:00:00,0.3585
FUND06,2024-01-10T00:00:00,0.487
FUND06,2024-01-11T00:00:00,0.6096
FUND06,2024-01-12T00:00:00,0.8546
FUND06,2024-01-15T00:00:00,1.309
FUND06,2024-01-16T00:00:00,1.134
FUND06,2024-01-17T00:00:00,1.2363
FUND06,2024-01-18T00:00:00,1.1027
FUND06,2024-01-19T00:00:00,1.0481
FUND06,2024-01-22T00:00:00,0.9906
FUND06,2024-01-23T00:00:00,0.39
FUND06,2024-01-24T00:00:00,0.9285
FUND06,2024-01-25T00:00:00,0.8448
FUND06,2024-01-26T00:00:00,0.6368
FUND06,2024-01-29T00:00:00,0.3982
FUND06,2024-01-30T00:00:00,0.021
FUND06,2024-01-31T00:00:00,0.3875
FUND06,2024-02-01T00:00:00,0.3057
FUND06,2024-02-02T00:00:00,0.1307
FUND06,2024-02-05T00:00:00,0.1925
FUND06,2024-02-06T00:00:00,0.1158
FUND06,2024-02-07T00:00:00,0.231
FUND06,2024-02-08T00:00:00,0.1093
FUND06,2024-02-09T00:00:00,-0.2229
FUND06,2024-02-12T00:00:00,-0.161
FUND06,2024-02-13T00:00:00,0.2499
FUND06,2024-02-14T00:00:00,0.0687
FUND06,2024-02-15T00:00:00,0.3317
FUND06,2024-02-16T00:00:00,0.5439
FUND06,2024-02-19T00:00:00,0.6153
FUND06,2024-02-20T00:00:00,0.3901
FUND06,2024-02-21T00:00:00,0.3303
FUND06,2024-02-22T00:00:00,0.6348
FUND06,2024-02-23T00:00:00,0.8097
FUND06,2024-02-26T00:00:00,0.7972
FUND06,2024-02-27T00:00:00,0.8036
FUND06,2024-02-28T00:00:00,0.8719
FUND06,2024-02-29T00:00:00,1.1871
FUND06,2024-03-01T00:00:00,0.8491
FUND06,2024-03-04T00:00:00,1.1147
FUND06,2024-03-05T00:00:00,1.1069
FUND06,2024-03-06T00:00:00,1.0836
FUND06,2024-03-07T00:00:00,1.1449
FUND06,2024-03-08T00:00:00,1.439
FUND06,2024-03-11T00:00:00,1.487
FUND06,2024-03-12T00:00:00,1.5182
FUND06,2024-03-13T00:00:00,1.5267
FUND06,2024-03-14T00:00:00,1.6291
FUND06,2024-03-15T00:00:00,1.4269
FUND06,2024-03-18T00:00:00,1.0978
FUND06,2024-03-19T00:00:00,1.2475
FUND06,2024-03-20T00:00:00,1.3904
FUND06,2024-03-21T00:00:00,1.3607
FUND06,2024-03-22T00:00:00,1.5255
FUND06,2024-03-25T00:00:00,1.7482
FUND06,2024-03-26T00:00:00,2.0474
FUND06,2024-03-27T00:00:00,1.9902
FUND06,2024-03-28T00:00:00,2.2017
FUND06,2024-03-29T00:00:00,2.2018
FUND06,2024-04-01T00:00:00,1.5131
FUND06,2024-04-02T00:00:00,1.7362
FUND06,2024-04-03T00:00:00,1.1793
FUND06,2024-04-04T00:00:00,1.0788
FUND06,2024-04-05T00:00:00,0.8766
FUND06,2024-04-08T00:00:00,1.1309
FUND06,2024-04-09T00:00:00,0.833
FUND06,2024-04-10T00:00:00,0.8642
FUND06,2024-04-11T00:00:00,0.7444
FUND06,2024-04-12T00:00:00,0.8848
FUND06,2024-04-15T00:00:00,1.0402
FUND06,2024-04-16T00:00:00,0.9624
FUND06,2024-04-17T00:00:00,0.8613
FUND06,2024-04-18T00:00:00,0.9492
FUND06,2024-04-19T00:00:00,0.8179
FUND06,2024-04-22T00:00:00,1.1916
FUND06,2024-04-23T00:00:00,1.0751
FUND06,2024-04-24T00:00:00,1.3535
FUND06,2024-04-25T00:00:00,1.7213
FUND06,2024-04-26T00:00:00,1.9093
FUND06,2024-04-29T00:00:00,2.3329
FUND06,2024-04-30T00:00:00,2.8259
FUND06,2024-05-01T00:00:00,2.6726
FUND06,2024-05-02T00:00:00,2.8953
FUND06,2024-05-03T00:00:00,2.8144
FUND06,2024-05-06T00:00:00,2.9587
FUND06,2024-05-07T00:00:00,2.9438
FUND06,2024-05-08T00:00:00,3.0815
FUND06,2024-05-09T00:00:00,2.826
FUND06,2024-05-10T00:00:00,3.1544
FUND06,2024-05-13T00:00:00,3.4326
FUND06,2024-05-14T00:00:00,3.2344
FUND06,2024-05-15T00:00:00,3.2625
FUND06,2024-05-16T00:00:00,3.2867
FUND06,2024-05-17T00:00:00,3.1438
FUND06,2024-05-20T00:00:00,3.2088
FUND06,2024-05-21T00:00:00,3.206
FUND06,2024-05-22T00:00:00,3.2565
FUND06,2024-05-23T00:00:00,3.0919
FUND06,2024-05-24T00:00:00,3.1348
FUND06,2024-05-27T00:00:00,3.3417
FUND06,2024-05-28T00:00:00,3.8928
FUND06,2024-05-29T00:00:00,3.5264
FUND06,2024-05-30T00:00:00,3.7508
FUND06,2024-05-31T00:00:00,4.0349
FUND06,2024-06-03T00:00:00,4.0134
FUND06,2024-06-04T00:00:00,4.222
FUND06,2024-06-05T00:00:00,4.2236
FUND06,2024-06-06T00:00:00,4.5659
FUND06,2024-06-07T00:00:00,4.5705
FUND06,2024-06-10T00:00:00,4.451
FUND06,2024-06-11T00:00:00,4.0959
FUND06,2024-06-12T00:00:00,3.6519
FUND06,2024-06-13T00:00:00,3.5507
FUND06,2024-06-14T00:00:00,3.6897
FUND06,2024-06-17T00:00:00,3.1964
FUND06,2024-06-18T00:00:00,3.1742
FUND06,2024-06-19T00:00:00,2.671
FUND06,2024-06-20T00:00:00,2.7069
FUND06,2024-06-21T00:00:00,2.9214
FUND06,2024-06-24T00:00:00,2.6579
FUND06,2024-06-25T00:00:00,2.0969
FUND06,2024-06-26T00:00:00,2.1193
FUND06,2024-06-27T00:00:00,1.9611
FUND06,2024-06-28T00:00:00,1.4968
FUND06,2024-07-01T00:00:00,1.5059
FUND06,2024-07-02T00:00:00,1.8651
FUND06,2024-07-03T00:00:00,2.3013
FUND06,2024-07-04T00:00:00,2.269
FUND06,2024-07-05T00:00:00,2.3461
FUND06,2024-07-08T00:00:00,2.4047
FUND06,2024-07-09T00:00:00,2.1632
FUND06,2024-07-10T00:00:00,2.1309
FUND06,2024-07-11T00:00:00,2.1591
FUND06,2024-07-12T00:00:00,1.7877
FUND06,2024-07-15T00:00:00,1.8946
FUND06,2024-07-16T00:00:00,1.9366
FUND06,2024-07-17T00:00:00,1.549
FUND06,2024-07-18T00:00:00,1.6407
FUND06,2024-07-19T00:00:00,1.8367
FUND06,2024-07-22T00:00:00,1.9138
FUND06,2024-07-23T00:00:00,1.5978
FUND06,2024-07-24T00:00:00,1.6197
FUND06,2024-07-25T00:00:00,1.5318
FUND06,2024-07-26T00:00:00,1.286
FUND06,2024-07-29T00:00:00,1.1181
FUND06,2024-07-30T00:00:00,1.0423
FUND06,2024-07-31T00:00:00,0.9225
FUND06,2024-08-01T00:00:00,0.5982
FUND06,2024-08-02T00:00:00,0.3301
FUND06,2024-08-05T00:00:00,0.8963
FUND06,2024-08-06T00:00:00,0.744
FUND06,2024-08-07T00:00:00,1.2239
FUND06,2024-08-08T00:00:00,1.2253
FUND06,2024-08-09T00:00:00,1.5779
FUND06,2024-08-12T00:00:00,1.3529
FUND06,2024-08-13T00:00:00,1.5049
FUND06,2024-08-14T00:00:00,1.6161
FUND06,2024-08-15T00:00:00,2.0925
FUND06,2024-08-16T00:00:00,1.927
FUND06,2024-08-19T00:00:00,2.0527
FUND06,2024-08-20T00:00:00,2.2853
FUND06,2024-08-21T00:00:00,2.3517
FUND06,2024-08-22T00:00:00,2.0992
FUND06,2024-08-23T00:00:00,2.1539
FUND06,2024-08-26T00:00:00,2.1893
FUND06,2024-08-27T00:00:00,2.3927
FUND06,2024-08-28T00:00:00,2.3312
FUND06,2024-08-29T00:00:00,2.5673
FUND06,2024-08-30T00:00:00,2.6355
FUND06,2024-09-02T00:00:00,2.6633
FUND06,2024-09-03T00:00:00,2.7646
FUND06,2024-09-04T00:00:00,2.8141
FUND06,2024-09-05T00:00:00,2.2327
FUND06,2024-09-06T00:00:00,2.1838
FUND06,2024-09-09T00:00:00,2.2143
FUND06,2024-09-10T00:00:00,1.9939
FUND06,2024-09-11T00:00:00,1.9289
FUND06,2024-09-12T00:00:00,2.151
FUND06,2024-09-13T00:00:00,1.6128
FUND06,2024-09-16T00:00:00,1.5892
FUND06,2024-09-17T00:00:00,2.0226
FUND06,2024-09-18T00:00:00,2.1104
FUND06,2024-09-19T00:00:00,1.7504
FUND06,2024-09-20T00:00:00,1.8702
FUND06,2024-09-23T00:00:00,1.4917
FUND06,2024-09-24T00:00:00,1.6251
FUND06,2024-09-25T00:00:00,1.3177
FUND06,2024-09-26T00:00:00,1.5884
FUND06,2024-09-27T00:00:00,1.6197
FUND06,2024-09-30T00:00:00,1.3174
FUND06,2024-10-01T00:00:00,1.3224
FUND06,2024-10-02T00:00:00,1.4189
FUND06,2024-10-03T00:00:00,1.6529
FUND06,2024-10-04T00:00:00,1.1885
FUND06,2024-10-07T00:00:00,1.3288
FUND06,2024-10-08T00:00:00,1.5915
FUND06,2024-10-09T00:00:00,1.2569
FUND06,2024-10-10T00:00:00,0.9466
FUND06,2024-10-11T00:00:00,1.0913
FUND06,2024-10-14T00:00:00,1.1645
FUND06,2024-10-15T00:00:00,1.3013
FUND06,2024-10-16T00:00:00,1.3182
FUND06,2024-10-17T00:00:00,1.3369
FUND06,2024-10-18T00:00:00,0.9676
FUND06,2024-10-21T00:00:00,1.1076
FUND06,2024-10-22T00:00:00,1.1744
FUND06,2024-10-23T00:00:00,1.6762
FUND06,2024-10-24T00:00:00,1.5768
FUND06,2024-10-25T00:00:00,1.4658
FUND06,2024-10-28T00:00:00,1.9559
FUND06,2024-10-29T00:00:00,2.4522
FUND06,2024-10-30T00:00:00,2.6253
FUND06,2024-10-31T00:00:00,2.1329
FUND06,2024-11-01T00:00:00,2.0461
FUND06,2024-11-04T00:00:00,2.0993
FUND06,2024-11-05T00:00:00,1.9293
FUND06,2024-11-06T00:00:00,1.67
FUND06,2024-11-07T00:00:00,1.7156
FUND06,2024-11-08T00:00:00,1.9258
FUND06,2024-11-11T00:00:00,2.0305
FUND06,2024-11-12T00:00:00,2.1368
FUND06,2024-11-13T00:00:00,2.0162
FUND06,2024-11-14T00:00:00,1.6733
FUND06,2024-11-15T00:00:00,1.901
FUND06,2024-11-18T00:00:00,1.4752
FUND06,2024-11-19T00:00:00,1.6937
FUND06,2024-11-20T00:00:00,2.1692
FUND06,2024-11-21T00:00:00,2.0582
FUND06,2024-11-22T00:00:00,1.9522
FUND06,2024-11-25T00:00:00,1.9792
FUND06,2024-11-26T00:00:00,2.0929
FUND06,2024-11-27T00:00:00,1.878
FUND06,2024-11-28T00:00:00,2.2314
FUND06,2024-11-29T00:00:00,2.2189
FUND06,2024-12-02T00:00:00,2.4489
FUND06,2024-12-03T00:00:00,2.5431
FUND06,2024-12-04T00:00:00,2.8795
FUND06,2024-12-05T00:00:00,2.8745
FUND06,2024-12-06T00:00:00,3.1909
FUND06,2024-12-09T00:00:00,2.8608
FUND06,2024-12-10T00:00:00,2.9606
FUND06,2024-12-11T00:00:00,2.7475
FUND06,2024-12-12T00:00:00,3.0499
FUND06,2024-12-13T00:00:00,2.7311
FUND06,2024-12-16T00:00:00,2.7451
FUND06,2024-12-17T00:00:00,2.7382
FUND06,2024-12-18T00:00:00,2.3316
FUND06,2024-12-19T00:00:00,1.797
FUND06,2024-12-20T00:00:00,1.7332
FUND06,2024-12-23T00:00:00,1.7764
FUND06,2024-12-24T00:00:00,1.7367
FUND06,2024-12-25T00:00:00,1.8415
FUND06,2024-12-26T00:00:00,2.2364
FUND06,2024-12-27T00:00:00,2.3956
FUND06,2024-12-30T00:00:00,2.3833
FUND06,2024-12-31T00:00:00,2.1134
FUND06,2025-01-01T00:00:00,2.0298
FUND06,2025-01-02T00:00:00,1.6439
FUND06,2025-01-03T00:00:00,0.9927
FUND06,2025-01-06T00:00:00,0.8803
FUND06,2025-01-07T00:00:00,0.3932
FUND06,2025-01-08T00:00:00,0.3658
FUND06,2025-01-09T00:00:00,0.1946
FUND06,2025-01-10T00:00:00,0.3868
FUND06,2025-01-13T00:00:00,0.3167
FUND06,2025-01-14T00:00:00,0.3596
FUND06,2025-01-15T00:00:00,0.3676
FUND06,2025-01-16T00:00:00,0.3089
FUND06,2025-01-17T00:00:00,0.3799
FUND06,2025-01-20T00:00:00,0.0373
FUND06,2025-01-21T00:00:00,-0.5348
FUND06,2025-01-22T00:00:00,-0.6999
FUND06,2025-01-23T00:00:00,-0.5103
FUND06,2025-01-24T00:00:00,-0.3868
FUND06,2025-01-27T00:00:00,-0.545
FUND06,2025-01-28T00:00:00,-0.6778
FUND06,2025-01-29T00:00:00,-0.6898
FUND06,2025-01-30T00:00:00,-0.812
FUND06,2025-01-31T00:00:00,-0.9546
FUND06,2025-02-03T00:00:00,-0.7347
FUND06,2025-02-04T00:00:00,-0.4801
FUND06,2025-02-05T00:00:00,-0.4913
FUND06,2025-02-06T00:00:00,-0.7192
FUND06,2025-02-07T00:00:00,-0.5172
FUND06,2025-02-10T00:00:00,-0.6187
FUND06,2025-02-11T00:00:00,-0.8559
FUND06,2025-02-12T00:00:00,-0.3712
FUND06,2025-02-13T00:00:00,-0.4858
FUND06,2025-02-14T00:00:00,-0.5426
FUND06,2025-02-17T00:00:00,-0.3732
FUND06,2025-02-18T00:00:00,-0.4123
FUND06,2025-02-19T00:00:00,-0.1618
FUND06,2025-02-20T00:00:00,-0.1266
FUND06,2025-02-21T00:00:00,0.2857
FUND06,2025-02-24T00:00:00,0.2631
FUND06,2025-02-25T00:00:00,0.2957
FUND06,2025-02-26T00:00:00,0.1914
FUND06,2025-02-27T00:00:00,0.1988
FUND06,2025-02-28T00:00:00,0.1893
FUND06,2025-03-03T00:00:00,0.1563
FUND06,2025-03-04T00:00:00,0.1538
FUND06,2025-03-05T00:00:00,0.045
FUND06,2025-03-06T00:00:00,0.3662
FUND06,2025-03-07T00:00:00,0.7274
FUND06,2025-03-10T00:00:00,0.6473
FUND06,2025-03-11T00:00:00,0.9066
FUND06,2025-03-12T00:00:00,1.1558
FUND06,2025-03-13T00:00:00,0.8135
FUND06,2025-03-14T00:00:00,0.7902
FUND06,2025-03-17T00:00:00,0.5099
FUND06,2025-03-18T00:00:00,0.5864
FUND06,2025-03-19T00:00:00,0.359
FUND06,2025-03-20T00:00:00,0.3975
FUND06,2025-03-21T00:00:00,0.4587
FUND06,2025-03-24T00:00:00,0.682
FUND06,2025-03-25T00:00:00,0.6372
FUND06,2025-03-26T00:00:00,0.2856
FUND06,2025-03-27T00:00:00,0.1321
FUND06,2025-03-28T00:00:00,0.0806
FUND06,2025-03-31T00:00:00,0.2942
FUND06,2025-04-01T00:00:00,0.3451
FUND06,2025-04-02T00:00:00,0.6499
FUND06,2025-04-03T00:00:00,0.6035
FUND06,2025-04-04T00:00:00,0.7784
FUND06,2025-04-07T00:00:00,0.7155
FUND06,2025-04-08T00:00:00,0.7402
FUND06,2025-04-09T00:00:00,0.6519
FUND06,2025-04-10T00:00:00,0.8882
FUND06,2025-04-11T00:00:00,0.7073
FUND06,2025-04-14T00:00:00,0.7357
FUND06,2025-04-15T00:00:00,0.6811
FUND06,2025-04-16T00:00:00,0.8199
FUND06,2025-04-17T00:00:00,0.7258
FUND06,2025-04-18T00:00:00,0.9312
FUND06,2025-04-21T00:00:00,1.1272
FUND06,2025-04-22T00:00:00,0.3934
FUND06,2025-04-23T00:00:00,0.297
FUND06,2025-04-24T00:00:00,0.6641
FUND06,2025-04-25T00:00:00,0.5497
FUND06,2025-04-28T00:00:00,0.7085
FUND06,2025-04-29T00:00:00,0.8133
FUND06,2025-04-30T00:00:00,0.5711
FUND06,2025-05-01T00:00:00,0.3647
FUND06,2025-05-02T00:00:00,0.0595
FUND06,2025-05-05T00:00:00,-0.3071
FUND06,2025-05-06T00:00:00,-0.3321
FUND06,2025-05-07T00:00:00,-0.2546
FUND06,2025-05-08T00:00:00,-0.4018
FUND06,2025-05-09T00:00:00,0.1086
FUND06,2025-05-12T00:00:00,-0.045
FUND06,2025-05-13T00:00:00,0.1095
FUND06,2025-05-14T00:00:00,0.0102
FUND06,2025-05-15T00:00:00,0.5003
FUND06,2025-05-16T00:00:00,0.1333
FUND06,2025-05-19T00:00:00,0.1671
FUND06,2025-05-20T00:00:00,0.2289
FUND06,2025-05-21T00:00:00,0.1327
FUND06,2025-05-22T00:00:00,0.3609
FUND06,2025-05-23T00:00:00,-0.0029
FUND06,2025-05-26T00:00:00,0.1034
FUND06,2025-05-27T00:00:00,0.0894
FUND06,2025-05-28T00:00:00,0.1725
FUND06,2025-05-29T00:00:00,0.1729
FUND06,2025-05-30T00:00:00,0.1654
FUND06,2025-06-02T00:00:00,0.449
FUND06,2025-06-03T00:00:00,0.4916
FUND06,2025-06-04T00:00:00,0.8536
FUND06,2025-06-05T00:00:00,0.7077
FUND06,2025-06-06T00:00:00,0.7118
FUND06,2025-06-09T00:00:00,0.8097
FUND06,2025-06-10T00:00:00,0.6096
FUND06,2025-06-11T00:00:00,0.9485
FUND06,2025-06-12T00:00:00,0.9363
FUND06,2025-06-13T00:00:00,0.9771
FUND06,2025-06-16T00:00:00,1.1838
FUND06,2025-06-17T00:00:00,1.3367
FUND06,2025-06-18T00:00:00,0.9347
FUND06,2025-06-19T00:00:00,1.2465
FUND06,2025-06-20T00:00:00,1.256
FUND06,2025-06-23T00:00:00,1.3414
FUND06,2025-06-24T00:00:00,1.49
FUND06,2025-06-25T00:00:00,1.4026
FUND06,2025-06-26T00:00:00,1.6809
FUND06,2025-06-27T00:00:00,1.7397
FUND06,2025-06-30T00:00:00,1.6183
FUND06,2025-07-01T00:00:00,1.5286
FUND06,2025-07-02T00:00:00,1.6492
FUND06,2025-07-03T00:00:00,1.7732
FUND06,2025-07-04T00:00:00,1.6701
FUND06,2025-07-07T00:00:00,1.4996
FUND06,2025-07-08T00:00:00,1.3084
FUND06,2025-07-09T00:00:00,0.9037
FUND06,2025-07-10T00:00:00,1.1548
FUND06,2025-07-11T00:00:00,0.9727
FUND06,2025-07-14T00:00:00,1.1777
FUND06,2025-07-15T00:00:00,0.9874
FUND06,2025-07-16T00:00:00,0.6283
FUND06,2025-07-17T00:00:00,0.4943
FUND06,2025-07-18T00:00:00,0.6427
FUND06,2025-07-21T00:00:00,0.8691
FUND06,2025-07-22T00:00:00,1.1745
FUND06,2025-07-23T00:00:00,1.4843
FUND06,2025-07-24T00:00:00,1.8267
FUND06,2025-07-25T00:00:00,1.2962
FUND06,2025-07-28T00:00:00,1.1252
FUND06,2025-07-29T00:00:00,1.0376
FUND06,2025-07-30T00:00:00,1.1414
FUND06,2025-07-31T00:00:00,1.1755
FUND06,2025-08-01T00:00:00,1.4493
FUND06,2025-08-04T00:00:00,1.483
FUND06,2025-08-05T00:00:00,1.2716
FUND06,2025-08-06T00:00:00,1.257
FUND06,2025-08-07T00:00:00,0.9805
FUND06,2025-08-08T00:00:00,1.1631
FUND06,2025-08-11T00:00:00,1.1727
FUND06,2025-08-12T00:00:00,1.2013
FUND06,2025-08-13T00:00:00,1.0659
FUND06,2025-08-14T00:00:00,1.0271
FUND06,2025-08-15T00:00:00,0.9926
FUND06,2025-08-18T00:00:00,1.4219
FUND06,2025-08-19T00:00:00,1.487
FUND06,2025-08-20T00:00:00,1.2157
FUND06,2025-08-21T00:00:00,1.3872
FUND06,2025-08-22T00:00:00,1.3077
FUND06,2025-08-25T00:00:00,1.0904
FUND06,2025-08-26T00:00:00,1.9181
FUND06,2025-08-27T00:00:00,2.2764
FUND06,2025-08-28T00:00:00,2.2079
FUND06,2025-08-29T00:00:00,2.2715
FUND06,2025-09-01T00:00:00,1.8365
FUND06,2025-09-02T00:00:00,1.7901
FUND06,2025-09-03T00:00:00,1.8437
FUND06,2025-09-04T00:00:00,2.0238
FUND06,2025-09-05T00:00:00,1.8174
FUND06,2025-09-08T00:00:00,1.9651
FUND06,2025-09-09T00:00:00,2.2096
FUND06,2025-09-10T00:00:00,1.9014
FUND06,2025-09-11T00:00:00,2.0124
FUND06,2025-09-12T00:00:00,1.7828
FUND06,2025-09-15T00:00:00,2.0107
FUND06,2025-09-16T00:00:00,1.7399
FUND06,2025-09-17T00:00:00,1.8896
FUND06,2025-09-18T00:00:00,1.7337
FUND06,2025-09-19T00:00:00,1.835
FUND06,2025-09-22T00:00:00,1.7807
FUND06,2025-09-23T00:00:00,1.7586
FUND06,2025-09-24T00:00:00,2.0342
FUND06,2025-09-25T00:00:00,1.9468
FUND06,2025-09-26T00:00:00,2.6739
FUND06,2025-09-29T00:00:00,2.6569
FUND06,2025-09-30T00:00:00,3.1012
FUND06,2025-10-01T00:00:00,2.9449
FUND06,2025-10-02T00:00:00,2.9186
FUND06,2025-10-03T00:00:00,2.7726
FUND06,2025-10-06T00:00:00,2.4094
FUND06,2025-10-07T00:00:00,2.2772
FUND06,2025-10-08T00:00:00,1.9324
FUND06,2025-10-09T00:00:00,1.8105
FUND06,2025-10-10T00:00:00,1.7698
FUND06,2025-10-13T00:00:00,1.3575
FUND06,2025-10-14T00:00:00,1.0412
FUND06,2025-10-15T00:00:00,0.8675
FUND06,2025-10-16T00:00:00,1.1615
FUND06,2025-10-17T00:00:00,1.4545
FUND06,2025-10-20T00:00:00,1.312
FUND06,2025-10-21T00:00:00,1.3479
FUND06,2025-10-22T00:00:00,1.4634
FUND06,2025-10-23T00:00:00,1.3077
FUND06,2025-10-24T00:00:00,1.3459
FUND06,2025-10-27T00:00:00,1.1826
FUND06,2025-10-28T00:00:00,0.7173
FUND06,2025-10-29T00:00:00,0.5789
FUND06,2025-10-30T00:00:00,0.1017
FUND06,2025-10-31T00:00:00,0.1069
FUND06,2025-11-03T00:00:00,0.2738
FUND06,2025-11-04T00:00:00,-0.1158
FUND06,2025-11-05T00:00:00,-0.064
FUND06,2025-11-06T00:00:00,-0.0691
FUND06,2025-11-07T00:00:00,0.0321
FUND06,2025-11-10T00:00:00,0.0317
FUND06,2025-11-11T00:00:00,0.7947
FUND06,2025-11-12T00:00:00,0.9355
FUND06,2025-11-13T00:00:00,0.9212
FUND06,2025-11-14T00:00:00,1.0942
FUND06,2025-11-17T00:00:00,0.73
FUND06,2025-11-18T00:00:00,0.6067
FUND06,2025-11-19T00:00:00,0.5653
FUND06,2025-11-20T00:00:00,0.8781
FUND06,2025-11-21T00:00:00,0.694
FUND06,2025-11-24T00:00:00,0.5084
FUND07,2023-05-08T00:00:00,1.6208
FUND07,2023-05-09T00:00:00,1.5594
FUND07,2023-05-10T00:00:00,1.6183
FUND07,2023-05-11T00:00:00,1.9276
FUND07,2023-05-12T00:00:00,1.8368
FUND07,2023-05-15T00:00:00,1.8997
FUND07,2023-05-16T00:00:00,2.0691
FUND07,2023-05-17T00:00:00,2.0352
FUND07,2023-05-18T00:00:00,1.7015
FUND07,2023-05-19T00:00:00,1.2399
FUND07,2023-05-22T00:00:00,1.336
FUND07,2023-05-23T00:00:00,1.3231
FUND07,2023-05-24T00:00:00,1.228
FUND07,2023-05-25T00:00:00,0.7742
FUND07,2023-05-26T00:00:00,0.918
FUND07,2023-05-29T00:00:00,0.8374
FUND07,2023-05-30T00:00:00,0.623
FUND07,2023-05-31T00:00:00,0.7404
FUND07,2023-06-01T00:00:00,0.7089
FUND07,2023-06-02T00:00:00,0.8622
FUND07,2023-06-05T00:00:00,0.7533
FUND07,2023-06-06T00:00:00,0.6024
FUND07,2023-06-07T00:00:00,0.5641
FUND07,2023-06-08T00:00:00,1.0696
FUND07,2023-06-09T00:00:00,1.1087
FUND07,2023-06-12T00:00:00,0.4972
FUND07,2023-06-13T00:00:00,0.7558
FUND07,2023-06-14T00:00:00,0.6556
FUND07,2023-06-15T00:00:00,0.6414
FUND07,2023-06-16T00:00:00,1.0559
FUND07,2023-06-19T00:00:00,1.16
FUND07,2023-06-20T00:00:00,1.4429
FUND07,2023-06-21T00:00:00,1.2406
FUND07,2023-06-22T00:00:00,1.2225
FUND07,2023-06-23T00:00:00,1.0564
FUND07,2023-06-26T00:00:00,1.4095
FUND07,2023-06-27T00:00:00,0.9196
FUND07,2023-06-28T00:00:00,0.5598
FUND07,2023-06-29T00:00:00,0.3438
FUND07,2023-06-30T00:00:00,0.6367
FUND07,2023-07-03T00:00:00,0.9811
FUND07,2023-07-04T00:00:00,0.8547
FUND07,2023-07-05T00:00:00,1.3332
FUND07,2023-07-06T00:00:00,1.65
FUND07,2023-07-07T00:00:00,1.6387
FUND07,2023-07-10T00:00:00,1.2038
FUND07,2023-07-11T00:00:00,1.3117
FUND07,2023-07-12T00:00:00,1.274
FUND07,2023-07-13T00:00:00,1.79
FUND07,2023-07-14T00:00:00,1.4903
FUND07,2023-07-17T00:00:00,1.6656
FUND07,2023-07-18T00:00:00,1.1126
FUND07,2023-07-19T00:00:00,1.2235
FUND07,2023-07-20T00:00:00,1.1514
FUND07,2023-07-21T00:00:00,1.0567
FUND07,2023-07-24T00:00:00,1.3266
FUND07,2023-07-25T00:00:00,1.4967
FUND07,2023-07-26T00:00:00,1.8594
FUND07,2023-07-27T00:00:00,1.585
FUND07,2023-07-28T00:00:00,1.2761
FUND07,2023-07-31T00:00:00,1.2219
FUND07,2023-08-01T00:00:00,1.4384
FUND07,2023-08-02T00:00:00,0.9228
FUND07,2023-08-03T00:00:00,1.0937
FUND07,2023-08-04T00:00:00,1.362
FUND07,2023-08-07T00:00:00,1.3072
FUND07,2023-08-08T00:00:00,1.6014
FUND07,2023-08-09T00:00:00,1.6639
FUND07,2023-08-10T00:00:00,1.361
FUND07,2023-08-11T00:00:00,1.2054
FUND07,2023-08-14T00:00:00,1.4867
FUND07,2023-08-15T00:00:00,1.3538
FUND07,2023-08-16T00:00:00,1.7836
FUND07,2023-08-17T00:00:00,1.3202
FUND07,2023-08-18T00:00:00,1.4749
FUND07,2023-08-21T00:00:00,1.6665
FUND07,2023-08-22T00:00:00,2.0001
FUND07,2023-08-23T00:00:00,2.2412
FUND07,2023-08-24T00:00:00,1.8947
FUND07,2023-08-25T00:00:00,2.1952
FUND07,2023-08-28T00:00:00,2.1004
FUND07,2023-08-29T00:00:00,1.6427
FUND07,2023-08-30T00:00:00,1.7629
FUND07,2023-08-31T00:00:00,1.7488
FUND07,2023-09-01T00:00:00,1.5443
FUND07,2023-09-04T00:00:00,1.265
FUND07,2023-09-05T00:00:00,0.8625
FUND07,2023-09-06T00:00:00,1.12
FUND07,2023-09-07T00:00:00,1.2618
FUND07,2023-09-08T00:00:00,1.5332
FUND07,2023-09-11T00:00:00,1.9153
FUND07,2023-09-12T00:00:00,1.6651
FUND07,2023-09-13T00:00:00,1.8759
FUND07,2023-09-14T00:00:00,2.06
FUND07,2023-09-15T00:00:00,1.6681
FUND07,2023-09-18T00:00:00,1.6086
FUND07,2023-09-19T00:00:00,1.6851
FUND07,2023-09-20T00:00:00,1.6505
FUND07,2023-09-21T00:00:00,1.5412
FUND07,2023-09-22T00:00:00,1.5364
FUND07,2023-09-25T00:00:00,1.5154
FUND07,2023-09-26T00:00:00,1.5343
FUND07,2023-09-27T00:00:00,1.7645
FUND07,2023-09-28T00:00:00,1.8954
FUND07,2023-09-29T00:00:00,1.7399
FUND07,2023-10-02T00:00:00,1.5804
FUND07,2023-10-03T00:00:00,1.9685
FUND07,2023-10-04T00:00:00,2.0154
FUND07,2023-10-05T00:00:00,2.173
FUND07,2023-10-06T00:00:00,2.0257
FUND07,2023-10-09T00:00:00,2.4895
FUND07,2023-10-10T00:00:00,2.4143
FUND07,2023-10-11T00:00:00,2.4293
FUND07,2023-10-12T00:00:00,2.3255
FUND07,2023-10-13T00:00:00,2.1625
FUND07,2023-10-16T00:00:00,2.273
FUND07,2023-10-17T00:00:00,2.4021
FUND07,2023-10-18T00:00:00,2.6935
FUND07,2023-10-19T00:00:00,2.7401
FUND07,2023-10-20T00:00:00,2.8472
FUND07,2023-10-23T00:00:00,2.5713
FUND07,2023-10-24T00:00:00,2.7064
FUND07,2023-10-25T00:00:00,2.5468
FUND07,2023-10-26T00:00:00,2.4083
FUND07,2023-10-27T00:00:00,2.6015
FUND07,2023-10-30T00:00:00,2.346
FUND07,2023-10-31T00:00:00,3.0378
FUND07,2023-11-01T00:00:00,3.7677
FUND07,2023-11-02T00:00:00,3.9901
FUND07,2023-11-03T00:00:00,3.8647
FUND07,2023-11-06T00:00:00,3.4849
FUND07,2023-11-07T00:00:00,3.3657
FUND07,2023-11-08T00:00:00,3.4451
FUND07,2023-11-09T00:00:00,3.4502
FUND07,2023-11-10T00:00:00,3.5361
FUND07,2023-11-13T00:00:00,3.5513
FUND07,2023-11-14T00:00:00,3.4005
FUND07,2023-11-15T00:00:00,3.5812
FUND07,2023-11-16T00:00:00,3.1823
FUND07,2023-11-17T00:00:00,3.3061
FUND07,2023-11-20T00:00:00,3.4601
FUND07,2023-11-21T00:00:00,3.7221
FUND07,2023-11-22T00:00:00,3.7091
FUND07,2023-11-23T00:00:00,3.944
FUND07,2023-11-24T00:00:00,3.9326
FUND07,2023-11-27T00:00:00,3.738
FUND07,2023-11-28T00:00:00,3.1461
FUND07,2023-11-29T00:00:00,2.9743
FUND07,2023-11-30T00:00:00,3.1928
FUND07,2023-12-01T00:00:00,3.3145
FUND07,2023-12-04T00:00:00,3.6292
FUND07,2023-12-05T00:00:00,3.4408
FUND07,2023-12-06T00:00:00,3.7928
FUND07,2023-12-07T00:00:00,3.3454
FUND07,2023-12-08T00:00:00,3.0401
FUND07,2023-12-11T00:00:00,2.9455
FUND07,2023-12-12T00:00:00,2.3377
FUND07,2023-12-13T00:00:00,2.4376
FUND07,2023-12-14T00:00:00,2.7169
FUND07,2023-12-15T00:00:00,2.5068
FUND07,2023-12-18T00:00:00,2.4053
FUND07,2023-12-19T00:00:00,2.536
FUND07,2023-12-20T00:00:00,2.5598
FUND07,2023-12-21T00:00:00,2.8527
FUND07,2023-12-22T00:00:00,2.6743
FUND07,2023-12-25T00:00:00,2.3646
FUND07,2023-12-26T00:00:00,2.1976
FUND07,2023-12-27T00:00:00,2.3744
FUND07,2023-12-28T00:00:00,2.4293
FUND07,2023-12-29T00:00:00,2.2715
FUND07,2024-01-01T00:00:00,2.3942
FUND07,2024-01-02T00:00:00,2.5484
FUND07,2024-01-03T00:00:00,2.1971
FUND07,2024-01-04T00:00:00,1.9771
FUND07,2024-01-05T00:00:00,1.8124
FUND07,2024-01-08T00:00:00,1.9058
FUND07,2024-01-09T00:00:00,2.2327
FUND07,2024-01-10T00:00:00,1.7959
FUND07,2024-01-11T00:00:00,1.7944
FUND07,2024-01-12T00:00:00,1.5519
FUND07,2024-01-15T00:00:00,1.4899
FUND07,2024-01-16T00:00:00,1.7278
FUND07,2024-01-17T00:00:00,1.9039
FUND07,2024-01-18T00:00:00,1.7914
FUND07,2024-01-19T00:00:00,2.3337
FUND07,2024-01-22T00:00:00,2.2496
FUND07,2024-01-23T00:00:00,1.8728
FUND07,2024-01-24T00:00:00,1.9918
FUND07,2024-01-25T00:00:00,2.3966
FUND07,2024-01-26T00:00:00,2.4035
FUND07,2024-01-29T00:00:00,2.7733
FUND07,2024-01-30T00:00:00,2.8558
FUND07,2024-01-31T00:00:00,3.2174
FUND07,2024-02-01T00:00:00,3.0716
FUND07,2024-02-02T00:00:00,3.005
FUND07,2024-02-05T00:00:00,3.1022
FUND07,2024-02-06T00:00:00,2.8061
FUND07,2024-02-07T00:00:00,2.8641
FUND07,2024-02-08T00:00:00,2.7417
FUND07,2024-02-09T00:00:00,3.0019
FUND07,2024-02-12T00:00:00,2.7683
FUND07,2024-02-13T00:00:00,2.863
FUND07,2024-02-14T00:00:00,2.7555
FUND07,2024-02-15T00:00:00,2.9811
FUND07,2024-02-16T00:00:00,3.1054
FUND07,2024-02-19T00:00:00,2.9048
FUND07,2024-02-20T00:00:00,2.347
FUND07,2024-02-21T00:00:00,2.0448
FUND07,2024-02-22T00:00:00,2.1279
FUND07,2024-02-23T00:00:00,1.9834
FUND07,2024-02-26T00:00:00,2.001
FUND07,2024-02-27T00:00:00,1.838
FUND07,2024-02-28T00:00:00,2.4309
FUND07,2024-02-29T00:00:00,2.7131
FUND07,2024-03-01T00:00:00,2.528
FUND07,2024-03-04T00:00:00,2.3999
FUND07,2024-03-05T00:00:00,2.1644
FUND07,2024-03-06T00:00:00,1.6447
FUND07,2024-03-07T00:00:00,1.2936
FUND07,2024-03-08T00:00:00,1.3482
FUND07,2024-03-11T00:00:00,1.5754
FUND07,2024-03-12T00:00:00,1.6434
FUND07,2024-03-13T00:00:00,1.4096
FUND07,2024-03-14T00:00:00,1.3432
FUND07,2024-03-15T00:00:00,1.3286
FUND07,2024-03-18T00:00:00,1.491
FUND07,2024-03-19T00:00:00,1.379
FUND07,2024-03-20T00:00:00,1.2596
FUND07,2024-03-21T00:00:00,1.5207
FUND07,2024-03-22T00:00:00,1.5974
FUND07,2024-03-25T00:00:00,1.3891
FUND07,2024-03-26T00:00:00,1.6259
FUND07,2024-03-27T00:00:00,1.1435
FUND07,2024-03-28T00:00:00,0.937
FUND07,2024-03-29T00:00:00,1.0231
FUND07,2024-04-01T00:00:00,1.2735
FUND07,2024-04-02T00:00:00,1.9088
FUND07,2024-04-03T00:00:00,1.9579
FUND07,2024-04-04T00:00:00,1.9638
FUND07,2024-04-05T00:00:00,1.9921
FUND07,2024-04-08T00:00:00,1.7059
FUND07,2024-04-09T00:00:00,1.9343
FUND07,2024-04-10T00:00:00,1.6621
FUND07,2024-04-11T00:00:00,1.8957
FUND07,2024-04-12T00:00:00,2.109
FUND07,2024-04-15T00:00:00,2.189
FUND07,2024-04-16T00:00:00,2.6278
FUND07,2024-04-17T00:00:00,2.7293
FUND07,2024-04-18T00:00:00,2.686
FUND07,2024-04-19T00:00:00,2.7824
FUND07,2024-04-22T00:00:00,2.8112
FUND07,2024-04-23T00:00:00,2.4552
FUND07,2024-04-24T00:00:00,2.5069
FUND07,2024-04-25T00:00:00,2.559
FUND07,2024-04-26T00:00:00,2.3904
FUND07,2024-04-29T00:00:00,2.8148
FUND07,2024-04-30T00:00:00,2.5778
FUND07,2024-05-01T00:00:00,2.5623
FUND07,2024-05-02T00:00:00,2.05
FUND07,2024-05-03T00:00:00,1.9013
FUND07,2024-05-06T00:00:00,1.8389
FUND07,2024-05-07T00:00:00,2.1057
FUND07,2024-05-08T00:00:00,2.2241
FUND07,2024-05-09T00:00:00,1.9914
FUND07,2024-05-10T00:00:00,1.9947
FUND07,2024-05-13T00:00:00,1.8964
FUND07,2024-05-14T00:00:00,2.1186
FUND07,2024-05-15T00:00:00,2.5262
FUND07,2024-05-16T00:00:00,2.5242
FUND07,2024-05-17T00:00:00,2.9011
FUND07,2024-05-20T00:00:00,2.7
FUND07,2024-05-21T00:00:00,2.6873
FUND07,2024-05-22T00:00:00,2.4658
FUND07,2024-05-23T00:00:00,2.2173
FUND07,2024-05-24T00:00:00,2.0337
FUND07,2024-05-27T00:00:00,1.9612
FUND07,2024-05-28T00:00:00,2.2897
FUND07,2024-05-29T00:00:00,2.2347
FUND07,2024-05-30T00:00:00,1.8858
FUND07,2024-05-31T00:00:00,1.8145
FUND07,2024-06-03T00:00:00,1.1472
FUND07,2024-06-04T00:00:00,1.08
FUND07,2024-06-05T00:00:00,0.7398
FUND07,2024-06-06T00:00:00,0.7662
FUND07,2024-06-07T00:00:00,1.0158
FUND07,2024-06-10T00:00:00,0.9192
FUND07,2024-06-11T00:00:00,0.8762
FUND07,2024-06-12T00:00:00,0.7369
FUND07,2024-06-13T00:00:00,0.719
FUND07,2024-06-14T00:00:00,0.7281
FUND07,2024-06-17T00:00:00,0.6381
FUND07,2024-06-18T00:00:00,0.7327
FUND07,2024-06-19T00:00:00,0.59
FUND07,2024-06-20T00:00:00,0.3051
FUND07,2024-06-21T00:00:00,0.0137
FUND07,2024-06-24T00:00:00,0.1305
FUND07,2024-06-25T00:00:00,0.5798
FUND07,2024-06-26T00:00:00,0.6663
FUND07,2024-06-27T00:00:00,0.5906
FUND07,2024-06-28T00:00:00,0.7631
FUND07,2024-07-01T00:00:00,1.2523
FUND07,2024-07-02T00:00:00,0.9365
FUND07,2024-07-03T00:00:00,0.4771
FUND07,2024-07-04T00:00:00,0.1778
FUND07,2024-07-05T00:00:00,0.4212
FUND07,2024-07-08T00:00:00,0.4146
FUND07,2024-07-09T00:00:00,0.3334
FUND07,2024-07-10T00:00:00,0.6398
FUND07,2024-07-11T00:00:00,0.7929
FUND07,2024-07-12T00:00:00,0.5805
FUND07,2024-07-15T00:00:00,0.3376
FUND07,2024-07-16T00:00:00,0.0471
FUND07,2024-07-17T00:00:00,0.2055
FUND07,2024-07-18T00:00:00,-0.0081
FUND07,2024-07-19T00:00:00,-0.3473
FUND07,2024-07-22T00:00:00,-0.0917
FUND07,2024-07-23T00:00:00,0.2188
FUND07,2024-07-24T00:00:00,0.0596
FUND07,2024-07-25T00:00:00,-0.2179
FUND07,2024-07-26T00:00:00,-0.1184
FUND07,2024-07-29T00:00:00,-0.4037
FUND07,2024-07-30T00:00:00,-0.6512
FUND07,2024-07-31T00:00:00,-0.5768
FUND07,2024-08-01T00:00:00,-0.5606
FUND07,2024-08-02T00:00:00,-0.8661
FUND07,2024-08-05T00:00:00,-1.0001
FUND07,2024-08-06T00:00:00,-1.3753
FUND07,2024-08-07T00:00:00,-1.408
FUND07,2024-08-08T00:00:00,-1.7971
FUND07,2024-08-09T00:00:00,-2.0166
FUND07,2024-08-12T00:00:00,-1.989
FUND07,2024-08-13T00:00:00,-2.2825
FUND07,2024-08-14T00:00:00,-1.7337
FUND07,2024-08-15T00:00:00,-1.3354
FUND07,2024-08-16T00:00:00,-1.7778
FUND07,2024-08-19T00:00:00,-2.3809
FUND07,2024-08-20T00:00:00,-2.651
FUND07,2024-08-21T00:00:00,-2.9826
FUND07,2024-08-22T00:00:00,-2.6416
FUND07,2024-08-23T00:00:00,-2.6738
FUND07,2024-08-26T00:00:00,-2.7155
FUND07,2024-08-27T00:00:00,-2.327
FUND07,2024-08-28T00:00:00,-2.5933
FUND07,2024-08-29T00:00:00,-2.5028
FUND07,2024-08-30T00:00:00,-2.1624
FUND07,2024-09-02T00:00:00,-2.3604
FUND07,2024-09-03T00:00:00,-1.9442
FUND07,2024-09-04T00:00:00,-1.9977
FUND07,2024-09-05T00:00:00,-1.8444
FUND07,2024-09-06T00:00:00,-1.8435
FUND07,2024-09-09T00:00:00,-1.829
FUND07,2024-09-10T00:00:00,-1.9644
FUND07,2024-09-11T00:00:00,-2.2387
FUND07,2024-09-12T00:00:00,-2.0533
FUND07,2024-09-13T00:00:00,-1.7906
FUND07,2024-09-16T00:00:00,-1.6758
FUND07,2024-09-17T00:00:00,-1.6283
FUND07,2024-09-18T00:00:00,-1.9577
FUND07,2024-09-19T00:00:00,-1.779
FUND07,2024-09-20T00:00:00,-1.8064
FUND07,2024-09-23T00:00:00,-1.4089
FUND07,2024-09-24T00:00:00,-2.046
FUND07,2024-09-25T00:00:00,-2.2109
FUND07,2024-09-26T00:00:00,-1.9274
FUND07,2024-09-27T00:00:00,-2.0927
FUND07,2024-09-30T00:00:00,-2.1233
FUND07,2024-10-01T00:00:00,-2.0797
FUND07,2024-10-02T00:00:00,-2.1683
FUND07,2024-10-03T00:00:00,-2.1325
FUND07,2024-10-04T00:00:00,-1.6759
FUND07,2024-10-07T00:00:00,-1.4328
FUND07,2024-10-08T00:00:00,-1.3116
FUND07,2024-10-09T00:00:00,-1.3017
FUND07,2024-10-10T00:00:00,-1.2778
FUND07,2024-10-11T00:00:00,-1.4475
FUND07,2024-10-14T00:00:00,-1.5078
FUND07,2024-10-15T00:00:00,-1.377
FUND07,2024-10-16T00:00:00,-1.5061
FUND07,2024-10-17T00:00:00,-1.3271
FUND07,2024-10-18T00:00:00,-1.3467
FUND07,2024-10-21T00:00:00,-1.3175
FUND07,2024-10-22T00:00:00,-1.0872
FUND07,2024-10-23T00:00:00,-1.0389
FUND07,2024-10-24T00:00:00,-1.2978
FUND07,2024-10-25T00:00:00,-0.9228
FUND07,2024-10-28T00:00:00,-1.0446
FUND07,2024-10-29T00:00:00,-1.3834
FUND07,2024-10-30T00:00:00,-1.385
FUND07,2024-10-31T00:00:00,-1.1763
FUND07,2024-11-01T00:00:00,-1.2716
FUND07,2024-11-04T00:00:00,-1.594
FUND07,2024-11-05T00:00:00,-1.1068
FUND07,2024-11-06T00:00:00,-1.423
FUND07,2024-11-07T00:00:00,-1.1456
FUND07,2024-11-08T00:00:00,-1.1184
FUND07,2024-11-11T00:00:00,-1.2158
FUND07,2024-11-12T00:00:00,-1.1463
FUND07,2024-11-13T00:00:00,-1.3476
FUND07,2024-11-14T00:00:00,-1.351
FUND07,2024-11-15T00:00:00,-1.1744
FUND07,2024-11-18T00:00:00,-1.2121
FUND07,2024-11-19T00:00:00,-1.2734
FUND07,2024-11-20T00:00:00,-1.171
FUND07,2024-11-21T00:00:00,-1.1705
FUND07,2024-11-22T00:00:00,-0.8168
FUND07,2024-11-25T00:00:00,-0.9076
FUND07,2024-11-26T00:00:00,-0.4698
FUND07,2024-11-27T00:00:00,-0.346
FUND07,2024-11-28T00:00:00,-0.5164
FUND07,2024-11-29T00:00:00,-0.8894
FUND07,2024-12-02T00:00:00,-0.9892
FUND07,2024-12-03T00:00:00,-1.1019
FUND07,2024-12-04T00:00:00,-1.1792
FUND07,2024-12-05T00:00:00,-1.45
FUND07,2024-12-06T00:00:00,-1.4242
FUND07,2024-12-09T00:00:00,-1.7502
FUND07,2024-12-10T00:00:00,-1.7222
FUND07,2024-12-11T00:00:00,-1.5643
FUND07,2024-12-12T00:00:00,-1.5351
FUND07,2024-12-13T00:00:00,-1.4003
FUND07,2024-12-16T00:00:00,-1.3127
FUND07,2024-12-17T00:00:00,-0.9269
FUND07,2024-12-18T00:00:00,-1.0273
FUND07,2024-12-19T00:00:00,-1.2357
FUND07,2024-12-20T00:00:00,-0.9463
FUND07,2024-12-23T00:00:00,-0.5253
FUND07,2024-12-24T00:00:00,-0.2072
FUND07,2024-12-25T00:00:00,-0.5154
FUND07,2024-12-26T00:00:00,-0.8395
FUND07,2024-12-27T00:00:00,-0.7351
FUND07,2024-12-30T00:00:00,-0.477
FUND07,2024-12-31T00:00:00,-0.6849
FUND07,2025-01-01T00:00:00,-0.7113
FUND07,2025-01-02T00:00:00,-0.915
FUND07,2025-01-03T00:00:00,-0.8193
FUND07,2025-01-06T00:00:00,-0.9439
FUND07,2025-01-07T00:00:00,-1.3879
FUND07,2025-01-08T00:00:00,-1.6063
FUND07,2025-01-09T00:00:00,-1.1365
FUND07,2025-01-10T00:00:00,-0.8151
FUND07,2025-01-13T00:00:00,-0.5266
FUND07,2025-01-14T00:00:00,-0.8758
FUND07,2025-01-15T00:00:00,-0.7165
FUND07,2025-01-16T00:00:00,-0.6313
FUND07,2025-01-17T00:00:00,-0.6707
FUND07,2025-01-20T00:00:00,-0.8504
FUND07,2025-01-21T00:00:00,-1.1435
FUND07,2025-01-22T00:00:00,-1.3744
FUND07,2025-01-23T00:00:00,-1.2016
FUND07,2025-01-24T00:00:00,-1.4249
FUND07,2025-01-27T00:00:00,-1.7179
FUND07,2025-01-28T00:00:00,-1.4043
FUND07,2025-01-29T00:00:00,-1.0885
FUND07,2025-01-30T00:00:00,-1.0661
FUND07,2025-01-31T00:00:00,-0.6224
FUND07,2025-02-03T00:00:00,-0.4668
FUND07,2025-02-04T00:00:00,-0.6708
FUND07,2025-02-05T00:00:00,-0.8075
FUND07,2025-02-06T00:00:00,-0.8798
FUND07,2025-02-07T00:00:00,-1.2853
FUND07,2025-02-10T00:00:00,-1.0804
FUND07,2025-02-11T00:00:00,-1.3929
FUND07,2025-02-12T00:00:00,-1.3305
FUND07,2025-02-13T00:00:00,-1.206
FUND07,2025-02-14T00:00:00,-1.2229
FUND07,2025-02-17T00:00:00,-0.8893
FUND07,2025-02-18T00:00:00,-0.7723
FUND07,2025-02-19T00:00:00,-0.4611
FUND07,2025-02-20T00:00:00,-0.5785
FUND07,2025-02-21T00:00:00,-0.5674
FUND07,2025-02-24T00:00:00,-0.642
FUND07,2025-02-25T00:00:00,-0.9402
FUND07,2025-02-26T00:00:00,-0.7081
FUND07,2025-02-27T00:00:00,-0.1887
FUND07,2025-02-28T00:00:00,-0.3099
FUND07,2025-03-03T00:00:00,0.0389
FUND07,2025-03-04T00:00:00,0.2594
FUND07,2025-03-05T00:00:00,0.0805
FUND07,2025-03-06T00:00:00,-0.1
FUND07,2025-03-07T00:00:00,0.1209
FUND07,2025-03-10T00:00:00,0.1599
FUND07,2025-03-11T00:00:00,-0.2439
FUND07,2025-03-12T00:00:00,-0.0672
FUND07,2025-03-13T00:00:00,-0.1983
FUND07,2025-03-14T00:00:00,-0.5666
FUND07,2025-03-17T00:00:00,-0.3727
FUND07,2025-03-18T00:00:00,-0.2948
FUND07,2025-03-19T00:00:00,-0.0879
FUND07,2025-03-20T00:00:00,-0.0676
FUND07,2025-03-21T00:00:00,0.0169
FUND07,2025-03-24T00:00:00,-0.0601
FUND07,2025-03-25T00:00:00,0.1136
FUND07,2025-03-26T00:00:00,0.1306
FUND07,2025-03-27T00:00:00,-0.0119
FUND07,2025-03-28T00:00:00,-0.2941
FUND07,2025-03-31T00:00:00,-0.3765
FUND07,2025-04-01T00:00:00,-0.8476
FUND07,2025-04-02T00:00:00,-1.2502
FUND07,2025-04-03T00:00:00,-1.1051
FUND07,2025-04-04T00:00:00,-1.0508
FUND07,2025-04-07T00:00:00,-0.5087
FUND07,2025-04-08T00:00:00,-0.4778
FUND07,2025-04-09T00:00:00,-0.2505
FUND07,2025-04-10T00:00:00,0.0072
FUND07,2025-04-11T00:00:00,0.1839
FUND07,2025-04-14T00:00:00,0.0767
FUND07,2025-04-15T00:00:00,-0.1237
FUND07,2025-04-16T00:00:00,-0.1268
FUND07,2025-04-17T00:00:00,-0.0505
FUND07,2025-04-18T00:00:00,-0.4646
FUND07,2025-04-21T00:00:00,-0.6241
FUND07,2025-04-22T00:00:00,-0.822
FUND07,2025-04-23T00:00:00,-0.8941
FUND07,2025-04-24T00:00:00,-0.4348
FUND07,2025-04-25T00:00:00,-0.7172
FUND07,2025-04-28T00:00:00,-1.086
FUND07,2025-04-29T00:00:00,-1.3852
FUND07,2025-04-30T00:00:00,-0.8788
FUND07,2025-05-01T00:00:00,-1.2371
FUND07,2025-05-02T00:00:00,-1.4073
FUND07,2025-05-05T00:00:00,-1.4765
FUND07,2025-05-06T00:00:00,-1.6522
FUND07,2025-05-07T00:00:00,-1.2989
FUND07,2025-05-08T00:00:00,-1.2569
FUND07,2025-05-09T00:00:00,-1.6851
FUND07,2025-05-12T00:00:00,-1.3586
FUND07,2025-05-13T00:00:00,-0.8797
FUND07,2025-05-14T00:00:00,-0.5273
FUND07,2025-05-15T00:00:00,-0.8585
FUND07,2025-05-16T00:00:00,-1.2542
FUND07,2025-05-19T00:00:00,-1.1571
FUND07,2025-05-20T00:00:00,-0.5313
FUND07,2025-05-21T00:00:00,-0.4322
FUND07,2025-05-22T00:00:00,-0.5049
FUND07,2025-05-23T00:00:00,-0.674
FUND07,2025-05-26T00:00:00,-0.7366
FUND07,2025-05-27T00:00:00,-0.873
FUND07,2025-05-28T00:00:00,-0.687
FUND07,2025-05-29T00:00:00,-1.4305
FUND07,2025-05-30T00:00:00,-1.2884
FUND07,2025-06-02T00:00:00,-1.6393
FUND07,2025-06-03T00:00:00,-1.5618
FUND07,2025-06-04T00:00:00,-1.8973
FUND07,2025-06-05T00:00:00,-1.8918
FUND07,2025-06-06T00:00:00,-2.0373
FUND07,2025-06-09T00:00:00,-2.3397
FUND07,2025-06-10T00:00:00,-2.1993
FUND07,2025-06-11T00:00:00,-2.2552
FUND07,2025-06-12T00:00:00,-2.0473
FUND07,2025-06-13T00:00:00,-2.1933
FUND07,2025-06-16T00:00:00,-2.314
FUND07,2025-06-17T00:00:00,-1.8799
FUND07,2025-06-18T00:00:00,-1.4926
FUND07,2025-06-19T00:00:00,-1.4232
FUND07,2025-06-20T00:00:00,-1.5249
FUND07,2025-06-23T00:00:00,-1.8179
FUND07,2025-06-24T00:00:00,-2.0701
FUND07,2025-06-25T00:00:00,-2.2593
FUND07,2025-06-26T00:00:00,-2.546
FUND07,2025-06-27T00:00:00,-2.6952
FUND07,2025-06-30T00:00:00,-2.3084
FUND07,2025-07-01T00:00:00,-1.6884
FUND07,2025-07-02T00:00:00,-1.6537
FUND07,2025-07-03T00:00:00,-1.7869
FUND07,2025-07-04T00:00:00,-1.6187
FUND07,2025-07-07T00:00:00,-1.9729
FUND07,2025-07-08T00:00:00,-2.0765
FUND07,2025-07-09T00:00:00,-1.7904
FUND07,2025-07-10T00:00:00,-1.8338
FUND07,2025-07-11T00:00:00,-1.9692
FUND07,2025-07-14T00:00:00,-1.6901
FUND07,2025-07-15T00:00:00,-1.8909
FUND07,2025-07-16T00:00:00,-1.5898
FUND07,2025-07-17T00:00:00,-1.7572
FUND07,2025-07-18T00:00:00,-1.4183
FUND07,2025-07-21T00:00:00,-1.4664
FUND07,2025-07-22T00:00:00,-1.3818
FUND07,2025-07-23T00:00:00,-1.2395
FUND07,2025-07-24T00:00:00,-1.3121
FUND07,2025-07-25T00:00:00,-1.2127
FUND07,2025-07-28T00:00:00,-0.9436
FUND07,2025-07-29T00:00:00,-0.5683
FUND07,2025-07-30T00:00:00,-0.793
FUND07,2025-07-31T00:00:00,-0.3703
FUND07,2025-08-01T00:00:00,-0.1401
FUND07,2025-08-04T00:00:00,-0.1174
FUND07,2025-08-05T00:00:00,-0.0584
FUND07,2025-08-06T00:00:00,0.1206
FUND07,2025-08-07T00:00:00,0.372
FUND07,2025-08-08T00:00:00,0.5401
FUND07,2025-08-11T00:00:00,0.2834
FUND07,2025-08-12T00:00:00,0.3424
FUND07,2025-08-13T00:00:00,0.6019
FUND07,2025-08-14T00:00:00,0.5678
FUND07,2025-08-15T00:00:00,0.5207
FUND07,2025-08-18T00:00:00,0.9968
FUND07,2025-08-19T00:00:00,1.0377
FUND07,2025-08-20T00:00:00,1.1556
FUND07,2025-08-21T00:00:00,1.5065
FUND07,2025-08-22T00:00:00,1.8617
FUND07,2025-08-25T00:00:00,2.0603
FUND07,2025-08-26T00:00:00,1.8766
FUND07,2025-08-27T00:00:00,2.0275
FUND07,2025-08-28T00:00:00,1.4361
FUND07,2025-08-29T00:00:00,1.7718
FUND07,2025-09-01T00:00:00,2.3059
FUND07,2025-09-02T00:00:00,2.4114
FUND07,2025-09-03T00:00:00,2.3427
FUND07,2025-09-04T00:00:00,2.3769
FUND07,2025-09-05T00:00:00,2.7997
FUND07,2025-09-08T00:00:00,2.375
FUND07,2025-09-09T00:00:00,2.4395
FUND07,2025-09-10T00:00:00,2.1337
FUND07,2025-09-11T00:00:00,2.1136
FUND07,2025-09-12T00:00:00,1.8991
FUND07,2025-09-15T00:00:00,1.9917
FUND07,2025-09-16T00:00:00,1.9085
FUND07,2025-09-17T00:00:00,1.5748
FUND07,2025-09-18T00:00:00,1.8926
FUND07,2025-09-19T00:00:00,1.9458
FUND07,2025-09-22T00:00:00,1.7517
FUND07,2025-09-23T00:00:00,1.6152
FUND07,2025-09-24T00:00:00,1.8292
FUND07,2025-09-25T00:00:00,2.0162
FUND07,2025-09-26T00:00:00,2.0121
FUND07,2025-09-29T00:00:00,2.3113
FUND07,2025-09-30T00:00:00,2.5801
FUND07,2025-10-01T00:00:00,2.614
FUND07,2025-10-02T00:00:00,2.7297
FUND07,2025-10-03T00:00:00,2.446
FUND07,2025-10-06T00:00:00,2.6689
FUND07,2025-10-07T00:00:00,2.9191
FUND07,2025-10-08T00:00:00,2.8855
FUND07,2025-10-09T00:00:00,2.6479
FUND07,2025-10-10T00:00:00,2.6457
FUND07,2025-10-13T00:00:00,3.0907
FUND07,2025-10-14T00:00:00,2.8315
FUND07,2025-10-15T00:00:00,2.9806
FUND07,2025-10-16T00:00:00,2.849
FUND07,2025-10-17T00:00:00,3.203
FUND07,2025-10-20T00:00:00,2.9582
FUND07,2025-10-21T00:00:00,2.552
FUND07,2025-10-22T00:00:00,2.3035
FUND07,2025-10-23T00:00:00,1.9861
FUND07,2025-10-24T00:00:00,1.9866
FUND07,2025-10-27T00:00:00,2.0896
FUND07,2025-10-28T00:00:00,2.0933
FUND07,2025-10-29T00:00:00,2.1637
FUND07,2025-10-30T00:00:00,2.7888
FUND07,2025-10-31T00:00:00,2.8871
FUND07,2025-11-03T00:00:00,2.6586
FUND07,2025-11-04T00:00:00,2.191
FUND07,2025-11-05T00:00:00,1.7575
FUND07,2025-11-06T00:00:00,1.7524
FUND07,2025-11-07T00:00:00,1.8146
FUND07,2025-11-10T00:00:00,2.4087
FUND07,2025-11-11T00:00:00,3.0097
FUND07,2025-11-12T00:00:00,2.8036
FUND07,2025-11-13T00:00:00,2.8897
FUND07,2025-11-14T00:00:00,2.7253
FUND07,2025-11-17T00:00:00,2.8691
FUND07,2025-11-18T00:00:00,3.4931
FUND07,2025-11-19T00:00:00,3.4623
FUND07,2025-11-20T00:00:00,3.7527
FUND07,2025-11-21T00:00:00,3.62
FUND07,2025-11-24T00:00:00,2.9835
FUND08,2023-05-08T00:00:00,0.7917
FUND08,2023-05-09T00:00:00,0.4192
FUND08,2023-05-10T00:00:00,0.277
FUND08,2023-05-11T00:00:00,0.4212
FUND08,2023-05-12T00:00:00,0.4837
FUND08,2023-05-15T00:00:00,0.7386
FUND08,2023-05-16T00:00:00,0.8571
FUND08,2023-05-17T00:00:00,1.262
FUND08,2023-05-18T00:00:00,0.7859
FUND08,2023-05-19T00:00:00,0.5448
FUND08,2023-05-22T00:00:00,0.64
FUND08,2023-05-23T00:00:00,0.5984
FUND08,2023-05-24T00:00:00,0.4899
FUND08,2023-05-25T00:00:00,0.759
FUND08,2023-05-26T00:00:00,0.823
FUND08,2023-05-29T00:00:00,1.2199
FUND08,2023-05-30T00:00:00,1.0436
FUND08,2023-05-31T00:00:00,1.0025
FUND08,2023-06-01T00:00:00,1.3162
FUND08,2023-06-02T00:00:00,1.4889
FUND08,2023-06-05T00:00:00,0.9738
FUND08,2023-06-06T00:00:00,0.6894
FUND08,2023-06-07T00:00:00,1.0358
FUND08,2023-06-08T00:00:00,1.0626
FUND08,2023-06-09T00:00:00,0.8565
FUND08,2023-06-12T00:00:00,0.6601
FUND08,2023-06-13T00:00:00,0.6326
FUND08,2023-06-14T00:00:00,0.6765
FUND08,2023-06-15T00:00:00,0.356
FUND08,2023-06-16T00:00:00,-0.0769
FUND08,2023-06-19T00:00:00,-0.5084
FUND08,2023-06-20T00:00:00,-0.6651
FUND08,2023-06-21T00:00:00,-0.5314
FUND08,2023-06-22T00:00:00,-0.7586
FUND08,2023-06-23T00:00:00,-0.6811
FUND08,2023-06-26T00:00:00,-0.4326
FUND08,2023-06-27T00:00:00,0.0825
FUND08,2023-06-28T00:00:00,-0.1147
FUND08,2023-06-29T00:00:00,0.0255
FUND08,2023-06-30T00:00:00,-0.3064
FUND08,2023-07-03T00:00:00,-0.3321
FUND08,2023-07-04T00:00:00,-0.1955
FUND08,2023-07-05T00:00:00,-0.2787
FUND08,2023-07-06T00:00:00,-0.3089
FUND08,2023-07-07T00:00:00,-0.3568
FUND08,2023-07-10T00:00:00,-0.348
FUND08,2023-07-11T00:00:00,-0.4109
FUND08,2023-07-12T00:00:00,-0.5349
FUND08,2023-07-13T00:00:00,-0.0226
FUND08,2023-07-14T00:00:00,0.018
FUND08,2023-07-17T00:00:00,0.1366
FUND08,2023-07-18T00:00:00,0.2299
FUND08,2023-07-19T00:00:00,0.2745
FUND08,2023-07-20T00:00:00,0.2568
FUND08,2023-07-21T00:00:00,0.4057
FUND08,2023-07-24T00:00:00,0.0152
FUND08,2023-07-25T00:00:00,0.2546
FUND08,2023-07-26T00:00:00,0.23
FUND08,2023-07-27T00:00:00,0.4174
FUND08,2023-07-28T00:00:00,0.7445
FUND08,2023-07-31T00:00:00,0.7064
FUND08,2023-08-01T00:00:00,0.7965
FUND08,2023-08-02T00:00:00,1.1227
FUND08,2023-08-03T00:00:00,0.7043
FUND08,2023-08-04T00:00:00,0.756
FUND08,2023-08-07T00:00:00,1.0278
FUND08,2023-08-08T00:00:00,1.1154
FUND08,2023-08-09T00:00:00,0.8662
FUND08,2023-08-10T00:00:00,0.5877
FUND08,2023-08-11T00:00:00,0.6966
FUND08,2023-08-14T00:00:00,0.8255
FUND08,2023-08-15T00:00:00,1.0421
FUND08,2023-08-16T00:00:00,1.102
FUND08,2023-08-17T00:00:00,1.0796
FUND08,2023-08-18T00:00:00,1.2548
FUND08,2023-08-21T00:00:00,1.9711
FUND08,2023-08-22T00:00:00,2.1749
FUND08,2023-08-23T00:00:00,2.0834
FUND08,2023-08-24T00:00:00,1.4052
FUND08,2023-08-25T00:00:00,1.4919
FUND08,2023-08-28T00:00:00,1.1255
FUND08,2023-08-29T00:00:00,1.1874
FUND08,2023-08-30T00:00:00,1.0684
FUND08,2023-08-31T00:00:00,0.9787
FUND08,2023-09-01T00:00:00,1.0977
FUND08,2023-09-04T00:00:00,0.7616
FUND08,2023-09-05T00:00:00,0.9623
FUND08,2023-09-06T00:00:00,0.8308
FUND08,2023-09-07T00:00:00,1.1489
FUND08,2023-09-08T00:00:00,0.7828
FUND08,2023-09-11T00:00:00,0.4085
FUND08,2023-09-12T00:00:00,0.5253
FUND08,2023-09-13T00:00:00,0.4566
FUND08,2023-09-14T00:00:00,0.7085
FUND08,2023-09-15T00:00:00,0.6479
FUND08,2023-09-18T00:00:00,0.5709
FUND08,2023-09-19T00:00:00,0.5518
FUND08,2023-09-20T00:00:00,0.3441
FUND08,2023-09-21T00:00:00,0.0708
FUND08,2023-09-22T00:00:00,0.2582
FUND08,2023-09-25T00:00:00,0.3432
FUND08,2023-09-26T00:00:00,0.4261
FUND08,2023-09-27T00:00:00,0.309
FUND08,2023-09-28T00:00:00,-0.0393
FUND08,2023-09-29T00:00:00,-0.0442
FUND08,2023-10-02T00:00:00,-0.135
FUND08,2023-10-03T00:00:00,-0.2279
FUND08,2023-10-04T00:00:00,-0.19
FUND08,2023-10-05T00:00:00,-0.6462
FUND08,2023-10-06T00:00:00,-1.1906
FUND08,2023-10-09T00:00:00,-1.1259
FUND08,2023-10-10T00:00:00,-0.9859
FUND08,2023-10-11T00:00:00,-1.0112
FUND08,2023-10-12T00:00:00,-0.8133
FUND08,2023-10-13T00:00:00,-0.7996
FUND08,2023-10-16T00:00:00,-0.8093
FUND08,2023-10-17T00:00:00,-0.7694
FUND08,2023-10-18T00:00:00,-0.4425
FUND08,2023-10-19T00:00:00,-0.4063
FUND08,2023-10-20T00:00:00,-0.2179
FUND08,2023-10-23T00:00:00,0.3902
FUND08,2023-10-24T00:00:00,0.6589
FUND08,2023-10-25T00:00:00,0.3724
FUND08,2023-10-26T00:00:00,0.7371
FUND08,2023-10-27T00:00:00,0.8363
FUND08,2023-10-30T00:00:00,0.4771
FUND08,2023-10-31T00:00:00,0.2983
FUND08,2023-11-01T00:00:00,0.3959
FUND08,2023-11-02T00:00:00,0.5553
FUND08,2023-11-03T00:00:00,0.7259
FUND08,2023-11-06T00:00:00,1.1718
FUND08,2023-11-07T00:00:00,1.0301
FUND08,2023-11-08T00:00:00,1.102
FUND08,2023-11-09T00:00:00,1.0038
FUND08,2023-11-10T00:00:00,0.7009
FUND08,2023-11-13T00:00:00,0.7105
FUND08,2023-11-14T00:00:00,0.7508
FUND08,2023-11-15T00:00:00,0.8534
FUND08,2023-11-16T00:00:00,0.5214
FUND08,2023-11-17T00:00:00,0.2802
FUND08,2023-11-20T00:00:00,0.2436
FUND08,2023-11-21T00:00:00,0.3023
FUND08,2023-11-22T00:00:00,0.3795
FUND08,2023-11-23T00:00:00,0.1463
FUND08,2023-11-24T00:00:00,-0.0201
FUND08,2023-11-27T00:00:00,0.0568
FUND08,2023-11-28T00:00:00,-0.0584
FUND08,2023-11-29T00:00:00,-0.3293
FUND08,2023-11-30T00:00:00,-0.4908
FUND08,2023-12-01T00:00:00,-0.6842
FUND08,2023-12-04T00:00:00,-0.8446
FUND08,2023-12-05T00:00:00,-0.7958
FUND08,2023-12-06T00:00:00,-1.1498
FUND08,2023-12-07T00:00:00,-0.9754
FUND08,2023-12-08T00:00:00,-1.2936
FUND08,2023-12-11T00:00:00,-1.5061
FUND08,2023-12-12T00:00:00,-1.2185
FUND08,2023-12-13T00:00:00,-1.0299
FUND08,2023-12-14T00:00:00,-0.6548
FUND08,2023-12-15T00:00:00,-0.9027
FUND08,2023-12-18T00:00:00,-0.995
FUND08,2023-12-19T00:00:00,-1.3856
FUND08,2023-12-20T00:00:00,-1.442
FUND08,2023-12-21T00:00:00,-1.7471
FUND08,2023-12-22T00:00:00,-1.7858
FUND08,2023-12-25T00:00:00,-2.2254
FUND08,2023-12-26T00:00:00,-2.1801
FUND08,2023-12-27T00:00:00,-2.0887
FUND08,2023-12-28T00:00:00,-1.4777
FUND08,2023-12-29T00:00:00,-1.1602
FUND08,2024-01-01T00:00:00,-0.8931
FUND08,2024-01-02T00:00:00,-1.1802
FUND08,2024-01-03T00:00:00,-1.4898
FUND08,2024-01-04T00:00:00,-1.3347
FUND08,2024-01-05T00:00:00,-1.3114
FUND08,2024-01-08T00:00:00,-1.0333
FUND08,2024-01-09T00:00:00,-1.7709
FUND08,2024-01-10T00:00:00,-1.6274
FUND08,2024-01-11T00:00:00,-1.8968
FUND08,2024-01-12T00:00:00,-1.7785
FUND08,2024-01-15T00:00:00,-1.371
FUND08,2024-01-16T00:00:00,-1.2202
FUND08,2024-01-17T00:00:00,-0.7315
FUND08,2024-01-18T00:00:00,-0.7381
FUND08,2024-01-19T00:00:00,-0.7684
FUND08,2024-01-22T00:00:00,-1.1317
FUND08,2024-01-23T00:00:00,-0.9878
FUND08,2024-01-24T00:00:00,-0.9459
FUND08,2024-01-25T00:00:00,-0.3821
FUND08,2024-01-26T00:00:00,-0.2724
FUND08,2024-01-29T00:00:00,-0.2217
FUND08,2024-01-30T00:00:00,-0.1765
FUND08,2024-01-31T00:00:00,-0.0548
FUND08,2024-02-01T00:00:00,0.0905
FUND08,2024-02-02T00:00:00,0.1824
FUND08,2024-02-05T00:00:00,-0.1716
FUND08,2024-02-06T00:00:00,-0.1255
FUND08,2024-02-07T00:00:00,-0.3268
FUND08,2024-02-08T00:00:00,-0.3392
FUND08,2024-02-09T00:00:00,-0.1402
FUND08,2024-02-12T00:00:00,-0.3933
FUND08,2024-02-13T00:00:00,-0.0308
FUND08,2024-02-14T00:00:00,-0.3006
FUND08,2024-02-15T00:00:00,-0.4712
FUND08,2024-02-16T00:00:00,-0.3662
FUND08,2024-02-19T00:00:00,-0.0619
FUND08,2024-02-20T00:00:00,0.0833
FUND08,2024-02-21T00:00:00,-0.278
FUND08,2024-02-22T00:00:00,-0.0609
FUND08,2024-02-23T00:00:00,-0.111
FUND08,2024-02-26T00:00:00,-0.1909
FUND08,2024-02-27T00:00:00,-0.2786
FUND08,2024-02-28T00:00:00,-0.0224
FUND08,2024-02-29T00:00:00,-0.0848
FUND08,2024-03-01T00:00:00,-0.041
FUND08,2024-03-04T00:00:00,0.2401
FUND08,2024-03-05T00:00:00,0.2045
FUND08,2024-03-06T00:00:00,-0.0303
FUND08,2024-03-07T00:00:00,-0.2848
FUND08,2024-03-08T00:00:00,-0.077
FUND08,2024-03-11T00:00:00,-0.2503
FUND08,2024-03-12T00:00:00,-0.4025
FUND08,2024-03-13T00:00:00,-0.3839
FUND08,2024-03-14T00:00:00,0.1915
FUND08,2024-03-15T00:00:00,0.2705
FUND08,2024-03-18T00:00:00,-0.2487
FUND08,2024-03-19T00:00:00,-0.4329
FUND08,2024-03-20T00:00:00,-0.3416
FUND08,2024-03-21T00:00:00,-0.0044
FUND08,2024-03-22T00:00:00,0.1506
FUND08,2024-03-25T00:00:00,-0.0444
FUND08,2024-03-26T00:00:00,-0.189
FUND08,2024-03-27T00:00:00,-0.2235
FUND08,2024-03-28T00:00:00,0.0174
FUND08,2024-03-29T00:00:00,0.0746
FUND08,2024-04-01T00:00:00,-0.191
FUND08,2024-04-02T00:00:00,0.1281
FUND08,2024-04-03T00:00:00,0.2999
FUND08,2024-04-04T00:00:00,0.3726
FUND08,2024-04-05T00:00:00,0.2701
FUND08,2024-04-08T00:00:00,0.4306
FUND08,2024-04-09T00:00:00,-0.0762
FUND08,2024-04-10T00:00:00,0.3178
FUND08,2024-04-11T00:00:00,0.5375
FUND08,2024-04-12T00:00:00,0.7829
FUND08,2024-04-15T00:00:00,0.7217
FUND08,2024-04-16T00:00:00,0.5025
FUND08,2024-04-17T00:00:00,0.4785
FUND08,2024-04-18T00:00:00,0.3678
FUND08,2024-04-19T00:00:00,0.3451
FUND08,2024-04-22T00:00:00,0.3104
FUND08,2024-04-23T00:00:00,0.3324
FUND08,2024-04-24T00:00:00,0.3792
FUND08,2024-04-25T00:00:00,1.0648
FUND08,2024-04-26T00:00:00,1.2601
FUND08,2024-04-29T00:00:00,1.278
FUND08,2024-04-30T00:00:00,1.0845
FUND08,2024-05-01T00:00:00,1.323
FUND08,2024-05-02T00:00:00,0.6829
FUND08,2024-05-03T00:00:00,0.4597
FUND08,2024-05-06T00:00:00,0.6307
FUND08,2024-05-07T00:00:00,1.2656
FUND08,2024-05-08T00:00:00,1.2266
FUND08,2024-05-09T00:00:00,1.3715
FUND08,2024-05-10T00:00:00,1.4824
FUND08,2024-05-13T00:00:00,1.6221
FUND08,2024-05-14T00:00:00,1.514
FUND08,2024-05-15T00:00:00,0.9891
FUND08,2024-05-16T00:00:00,1.2029
FUND08,2024-05-17T00:00:00,1.3539
FUND08,2024-05-20T00:00:00,1.2862
FUND08,2024-05-21T00:00:00,1.2502
FUND08,2024-05-22T00:00:00,1.2041
FUND08,2024-05-23T00:00:00,1.2583
FUND08,2024-05-24T00:00:00,1.3989
FUND08,2024-05-27T00:00:00,1.6419
FUND08,2024-05-28T00:00:00,1.2238
FUND08,2024-05-29T00:00:00,1.4915
FUND08,2024-05-30T00:00:00,1.12
FUND08,2024-05-31T00:00:00,0.9217
FUND08,2024-06-03T00:00:00,0.5542
FUND08,2024-06-04T00:00:00,0.2353
FUND08,2024-06-05T00:00:00,0.3192
FUND08,2024-06-06T00:00:00,0.8177
FUND08,2024-06-07T00:00:00,0.7602
FUND08,2024-06-10T00:00:00,0.989
FUND08,2024-06-11T00:00:00,1.1517
FUND08,2024-06-12T00:00:00,1.1027
FUND08,2024-06-13T00:00:00,1.4564
FUND08,2024-06-14T00:00:00,1.6178
FUND08,2024-06-17T00:00:00,2.08
FUND08,2024-06-18T00:00:00,1.7495
FUND08,2024-06-19T00:00:00,1.751
FUND08,2024-06-20T00:00:00,1.4751
FUND08,2024-06-21T00:00:00,1.3932
FUND08,2024-06-24T00:00:00,1.3653
FUND08,2024-06-25T00:00:00,0.8046
FUND08,2024-06-26T00:00:00,0.7023
FUND08,2024-06-27T00:00:00,0.5882
FUND08,2024-06-28T00:00:00,0.6925
FUND08,2024-07-01T00:00:00,0.553
FUND08,2024-07-02T00:00:00,0.5417
FUND08,2024-07-03T00:00:00,0.436
FUND08,2024-07-04T00:00:00,0.2884
FUND08,2024-07-05T00:00:00,-0.1365
FUND08,2024-07-08T00:00:00,-0.1748
FUND08,2024-07-09T00:00:00,0.0164
FUND08,2024-07-10T00:00:00,0.2735
FUND08,2024-07-11T00:00:00,-0.0852
FUND08,2024-07-12T00:00:00,-0.335
FUND08,2024-07-15T00:00:00,-0.1792
FUND08,2024-07-16T00:00:00,-0.2319
FUND08,2024-07-17T00:00:00,-0.3251
FUND08,2024-07-18T00:00:00,-0.3958
FUND08,2024-07-19T00:00:00,0.0613
FUND08,2024-07-22T00:00:00,0.5106
FUND08,2024-07-23T00:00:00,0.7086
FUND08,2024-07-24T00:00:00,0.6619
FUND08,2024-07-25T00:00:00,0.6144
FUND08,2024-07-26T00:00:00,0.8949
FUND08,2024-07-29T00:00:00,1.1464
FUND08,2024-07-30T00:00:00,1.3671
FUND08,2024-07-31T00:00:00,1.4228
FUND08,2024-08-01T00:00:00,1.5993
FUND08,2024-08-02T00:00:00,1.6738
FUND08,2024-08-05T00:00:00,1.7325
FUND08,2024-08-06T00:00:00,1.6585
FUND08,2024-08-07T00:00:00,1.6121
FUND08,2024-08-08T00:00:00,1.5658
FUND08,2024-08-09T00:00:00,1.2359
FUND08,2024-08-12T00:00:00,0.9327
FUND08,2024-08-13T00:00:00,1.2914
FUND08,2024-08-14T00:00:00,0.9029
FUND08,2024-08-15T00:00:00,0.806
FUND08,2024-08-16T00:00:00,0.6139
FUND08,2024-08-19T00:00:00,0.586
FUND08,2024-08-20T00:00:00,0.9447
FUND08,2024-08-21T00:00:00,0.9954
FUND08,2024-08-22T00:00:00,1.0403
FUND08,2024-08-23T00:00:00,1.2138
FUND08,2024-08-26T00:00:00,1.0659
FUND08,2024-08-27T00:00:00,1.2752
FUND08,2024-08-28T00:00:00,1.2516
FUND08,2024-08-29T00:00:00,1.027
FUND08,2024-08-30T00:00:00,0.9981
FUND08,2024-09-02T00:00:00,0.8227
FUND08,2024-09-03T00:00:00,1.0709
FUND08,2024-09-04T00:00:00,1.0549
FUND08,2024-09-05T00:00:00,1.4244
FUND08,2024-09-06T00:00:00,1.3331
FUND08,2024-09-09T00:00:00,1.3338
FUND08,2024-09-10T00:00:00,0.9602
FUND08,2024-09-11T00:00:00,1.1896
FUND08,2024-09-12T00:00:00,1.0886
FUND08,2024-09-13T00:00:00,0.754
FUND08,2024-09-16T00:00:00,0.727
FUND08,2024-09-17T00:00:00,0.988
FUND08,2024-09-18T00:00:00,1.4504
FUND08,2024-09-19T00:00:00,1.3601
FUND08,2024-09-20T00:00:00,1.2488
FUND08,2024-09-23T00:00:00,1.2404
FUND08,2024-09-24T00:00:00,1.18
FUND08,2024-09-25T00:00:00,1.0898
FUND08,2024-09-26T00:00:00,0.8205
FUND08,2024-09-27T00:00:00,1.0814
FUND08,2024-09-30T00:00:00,1.1843
FUND08,2024-10-01T00:00:00,1.6132
FUND08,2024-10-02T00:00:00,1.2307
FUND08,2024-10-03T00:00:00,1.6258
FUND08,2024-10-04T00:00:00,1.805
FUND08,2024-10-07T00:00:00,1.978
FUND08,2024-10-08T00:00:00,2.0489
FUND08,2024-10-09T00:00:00,1.7321
FUND08,2024-10-10T00:00:00,1.4578
FUND08,2024-10-11T00:00:00,1.339
FUND08,2024-10-14T00:00:00,1.2583
FUND08,2024-10-15T00:00:00,1.2813
FUND08,2024-10-16T00:00:00,1.5356
FUND08,2024-10-17T00:00:00,1.0364
FUND08,2024-10-18T00:00:00,1.0642
FUND08,2024-10-21T00:00:00,1.1941
FUND08,2024-10-22T00:00:00,1.5355
FUND08,2024-10-23T00:00:00,1.4683
FUND08,2024-10-24T00:00:00,1.5821
FUND08,2024-10-25T00:00:00,1.5053
FUND08,2024-10-28T00:00:00,1.5833
FUND08,2024-10-29T00:00:00,2.1332
FUND08,2024-10-30T00:00:00,1.8225
FUND08,2024-10-31T00:00:00,2.0748
FUND08,2024-11-01T00:00:00,1.6538
FUND08,2024-11-04T00:00:00,1.9874
FUND08,2024-11-05T00:00:00,2.1422
FUND08,2024-11-06T00:00:00,2.0169
FUND08,2024-11-07T00:00:00,2.0429
FUND08,2024-11-08T00:00:00,2.5099
FUND08,2024-11-11T00:00:00,2.3566
FUND08,2024-11-12T00:00:00,2.2354
FUND08,2024-11-13T00:00:00,2.1633
FUND08,2024-11-14T00:00:00,2.4979
FUND08,2024-11-15T00:00:00,2.7081
FUND08,2024-11-18T00:00:00,2.1783
FUND08,2024-11-19T00:00:00,2.3834
FUND08,2024-11-20T00:00:00,2.0868
FUND08,2024-11-21T00:00:00,1.8383
FUND08,2024-11-22T00:00:00,1.431
FUND08,2024-11-25T00:00:00,1.8091
FUND08,2024-11-26T00:00:00,1.6266
FUND08,2024-11-27T00:00:00,1.6317
FUND08,2024-11-28T00:00:00,1.5926
FUND08,2024-11-29T00:00:00,1.514
FUND08,2024-12-02T00:00:00,1.2556
FUND08,2024-12-03T00:00:00,1.0278
FUND08,2024-12-04T00:00:00,1.4307
FUND08,2024-12-05T00:00:00,1.3212
FUND08,2024-12-06T00:00:00,1.1911
FUND08,2024-12-09T00:00:00,1.8116
FUND08,2024-12-10T00:00:00,1.5164
FUND08,2024-12-11T00:00:00,1.3396
FUND08,2024-12-12T00:00:00,1.1492
FUND08,2024-12-13T00:00:00,1.7355
FUND08,2024-12-16T00:00:00,1.9046
FUND08,2024-12-17T00:00:00,1.9359
FUND08,2024-12-18T00:00:00,1.9627
FUND08,2024-12-19T00:00:00,1.4702
FUND08,2024-12-20T00:00:00,1.5725
FUND08,2024-12-23T00:00:00,1.9081
FUND08,2024-12-24T00:00:00,1.8019
FUND08,2024-12-25T00:00:00,1.8639
FUND08,2024-12-26T00:00:00,1.9524
FUND08,2024-12-27T00:00:00,2.0312
FUND08,2024-12-30T00:00:00,1.6211
FUND08,2024-12-31T00:00:00,1.6054
FUND08,2025-01-01T00:00:00,1.4179
FUND08,2025-01-02T00:00:00,1.4371
FUND08,2025-01-03T00:00:00,1.2346
FUND08,2025-01-06T00:00:00,1.7036
FUND08,2025-01-07T00:00:00,1.6037
FUND08,2025-01-08T00:00:00,1.7476
FUND08,2025-01-09T00:00:00,1.7181
FUND08,2025-01-10T00:00:00,1.632
FUND08,2025-01-13T00:00:00,1.7009
FUND08,2025-01-14T00:00:00,1.7345
FUND08,2025-01-15T00:00:00,1.578
FUND08,2025-01-16T00:00:00,1.3778
FUND08,2025-01-17T00:00:00,1.6149
FUND08,2025-01-20T00:00:00,1.5458
FUND08,2025-01-21T00:00:00,1.7591
FUND08,2025-01-22T00:00:00,1.7188
FUND08,2025-01-23T00:00:00,1.8722
FUND08,2025-01-24T00:00:00,1.9891
FUND08,2025-01-27T00:00:00,2.1061
FUND08,2025-01-28T00:00:00,2.4145
FUND08,2025-01-29T00:00:00,2.4329
FUND08,2025-01-30T00:00:00,2.4807
FUND08,2025-01-31T00:00:00,2.2421
FUND08,2025-02-03T00:00:00,2.2508
FUND08,2025-02-04T00:00:00,1.9503
FUND08,2025-02-05T00:00:00,2.0126
FUND08,2025-02-06T00:00:00,1.7716
FUND08,2025-02-07T00:00:00,2.123
FUND08,2025-02-10T00:00:00,1.9517
FUND08,2025-02-11T00:00:00,2.1867
FUND08,2025-02-12T00:00:00,2.3804
FUND08,2025-02-13T00:00:00,2.4179
FUND08,2025-02-14T00:00:00,2.4711
FUND08,2025-02-17T00:00:00,2.6175
FUND08,2025-02-18T00:00:00,2.4465
FUND08,2025-02-19T00:00:00,1.8531
FUND08,2025-02-20T00:00:00,1.9359
FUND08,2025-02-21T00:00:00,2.1251
FUND08,2025-02-24T00:00:00,1.8121
FUND08,2025-02-25T00:00:00,1.6644
FUND08,2025-02-26T00:00:00,2.1208
FUND08,2025-02-27T00:00:00,2.1466
FUND08,2025-02-28T00:00:00,2.1231
FUND08,2025-03-03T00:00:00,1.8822
FUND08,2025-03-04T00:00:00,1.4198
FUND08,2025-03-05T00:00:00,1.6786
FUND08,2025-03-06T00:00:00,1.3028
FUND08,2025-03-07T00:00:00,1.7828
FUND08,2025-03-10T00:00:00,1.4517
FUND08,2025-03-11T00:00:00,0.9406
FUND08,2025-03-12T00:00:00,1.1336
FUND08,2025-03-13T00:00:00,1.2684
FUND08,2025-03-14T00:00:00,1.1048
FUND08,2025-03-17T00:00:00,1.3338
FUND08,2025-03-18T00:00:00,1.3529
FUND08,2025-03-19T00:00:00,1.2216
FUND08,2025-03-20T00:00:00,1.3071
FUND08,2025-03-21T00:00:00,1.1036
FUND08,2025-03-24T00:00:00,1.3207
FUND08,2025-03-25T00:00:00,1.1376
FUND08,2025-03-26T00:00:00,1.4461
FUND08,2025-03-27T00:00:00,1.814
FUND08,2025-03-28T00:00:00,1.9279
FUND08,2025-03-31T00:00:00,1.5961
FUND08,2025-04-01T00:00:00,1.4992
FUND08,2025-04-02T00:00:00,1.4783
FUND08,2025-04-03T00:00:00,1.5504
FUND08,2025-04-04T00:00:00,1.3433
FUND08,2025-04-07T00:00:00,1.3178
FUND08,2025-04-08T00:00:00,1.4223
FUND08,2025-04-09T00:00:00,1.0317
FUND08,2025-04-10T00:00:00,1.1046
FUND08,2025-04-11T00:00:00,1.3771
FUND08,2025-04-14T00:00:00,0.8744
FUND08,2025-04-15T00:00:00,0.9214
FUND08,2025-04-16T00:00:00,1.1362
FUND08,2025-04-17T00:00:00,1.3735
FUND08,2025-04-18T00:00:00,1.0418
FUND08,2025-04-21T00:00:00,1.0504
FUND08,2025-04-22T00:00:00,0.9523
FUND08,2025-04-23T00:00:00,0.769
FUND08,2025-04-24T00:00:00,1.4446
FUND08,2025-04-25T00:00:00,1.6369
FUND08,2025-04-28T00:00:00,1.5359
FUND08,2025-04-29T00:00:00,1.3168
FUND08,2025-04-30T00:00:00,0.9135
FUND08,2025-05-01T00:00:00,1.1409
FUND08,2025-05-02T00:00:00,1.0138
FUND08,2025-05-05T00:00:00,1.4389
FUND08,2025-05-06T00:00:00,1.6745
FUND08,2025-05-07T00:00:00,1.8368
FUND08,2025-05-08T00:00:00,1.8572
FUND08,2025-05-09T00:00:00,2.0514
FUND08,2025-05-12T00:00:00,1.8472
FUND08,2025-05-13T00:00:00,1.5964
FUND08,2025-05-14T00:00:00,1.2419
FUND08,2025-05-15T00:00:00,1.3289
FUND08,2025-05-16T00:00:00,1.6599
FUND08,2025-05-19T00:00:00,1.673
FUND08,2025-05-20T00:00:00,1.3118
FUND08,2025-05-21T00:00:00,1.7556
FUND08,2025-05-22T00:00:00,2.1739
FUND08,2025-05-23T00:00:00,2.1069
FUND08,2025-05-26T00:00:00,1.9321
FUND08,2025-05-27T00:00:00,1.4515
FUND08,2025-05-28T00:00:00,1.6027
FUND08,2025-05-29T00:00:00,1.3254
FUND08,2025-05-30T00:00:00,1.3407
FUND08,2025-06-02T00:00:00,1.1885
FUND08,2025-06-03T00:00:00,0.7242
FUND08,2025-06-04T00:00:00,0.6553
FUND08,2025-06-05T00:00:00,0.7032
FUND08,2025-06-06T00:00:00,0.6364
FUND08,2025-06-09T00:00:00,0.6453
FUND08,2025-06-10T00:00:00,1.0187
FUND08,2025-06-11T00:00:00,1.1201
FUND08,2025-06-12T00:00:00,1.3066
FUND08,2025-06-13T00:00:00,0.8618
FUND08,2025-06-16T00:00:00,0.8501
FUND08,2025-06-17T00:00:00,0.6762
FUND08,2025-06-18T00:00:00,0.5782
FUND08,2025-06-19T00:00:00,0.4382
FUND08,2025-06-20T00:00:00,0.412
FUND08,2025-06-23T00:00:00,0.7845
FUND08,2025-06-24T00:00:00,0.906
FUND08,2025-06-25T00:00:00,1.2212
FUND08,2025-06-26T00:00:00,1.1444
FUND08,2025-06-27T00:00:00,0.6322
FUND08,2025-06-30T00:00:00,0.5997
FUND08,2025-07-01T00:00:00,0.6708
FUND08,2025-07-02T00:00:00,0.2035
FUND08,2025-07-03T00:00:00,0.2503
FUND08,2025-07-04T00:00:00,0.434
FUND08,2025-07-07T00:00:00,0.568
FUND08,2025-07-08T00:00:00,0.9858
FUND08,2025-07-09T00:00:00,1.1373
FUND08,2025-07-10T00:00:00,1.3931
FUND08,2025-07-11T00:00:00,1.0595
FUND08,2025-07-14T00:00:00,0.7696
FUND08,2025-07-15T00:00:00,1.0154
FUND08,2025-07-16T00:00:00,0.7385
FUND08,2025-07-17T00:00:00,0.4291
FUND08,2025-07-18T00:00:00,0.4621
FUND08,2025-07-21T00:00:00,0.2165
FUND08,2025-07-22T00:00:00,-0.112
FUND08,2025-07-23T00:00:00,0.0284
FUND08,2025-07-24T00:00:00,0.0379
FUND08,2025-07-25T00:00:00,-0.0796
FUND08,2025-07-28T00:00:00,0.2072
FUND08,2025-07-29T00:00:00,0.4421
FUND08,2025-07-30T00:00:00,0.4389
FUND08,2025-07-31T00:00:00,-0.029
FUND08,2025-08-01T00:00:00,0.0519
FUND08,2025-08-04T00:00:00,0.1362
FUND08,2025-08-05T00:00:00,-0.0199
FUND08,2025-08-06T00:00:00,0.2127
FUND08,2025-08-07T00:00:00,0.1585
FUND08,2025-08-08T00:00:00,0.3376
FUND08,2025-08-11T00:00:00,0.0481
FUND08,2025-08-12T00:00:00,-0.0175
FUND08,2025-08-13T00:00:00,-0.208
FUND08,2025-08-14T00:00:00,-0.445
FUND08,2025-08-15T00:00:00,-0.7795
FUND08,2025-08-18T00:00:00,-0.5777
FUND08,2025-08-19T00:00:00,-0.5113
FUND08,2025-08-20T00:00:00,-0.7991
FUND08,2025-08-21T00:00:00,-0.6697
FUND08,2025-08-22T00:00:00,-0.7647
FUND08,2025-08-25T00:00:00,-0.7254
FUND08,2025-08-26T00:00:00,-0.9576
FUND08,2025-08-27T00:00:00,-0.79
FUND08,2025-08-28T00:00:00,-1.4421
FUND08,2025-08-29T00:00:00,-1.2951
FUND08,2025-09-01T00:00:00,-1.1076
FUND08,2025-09-02T00:00:00,-1.0688
FUND08,2025-09-03T00:00:00,-0.9121
FUND08,2025-09-04T00:00:00,-1.4178
FUND08,2025-09-05T00:00:00,-1.4225
FUND08,2025-09-08T00:00:00,-1.502
FUND08,2025-09-09T00:00:00,-1.835
FUND08,2025-09-10T00:00:00,-1.9632
FUND08,2025-09-11T00:00:00,-1.9727
FUND08,2025-09-12T00:00:00,-1.98
FUND08,2025-09-15T00:00:00,-1.8079
FUND08,2025-09-16T00:00:00,-1.5883
FUND08,2025-09-17T00:00:00,-1.1623
FUND08,2025-09-18T00:00:00,-1.4535
FUND08,2025-09-19T00:00:00,-1.8633
FUND08,2025-09-22T00:00:00,-2.4702
FUND08,2025-09-23T00:00:00,-2.1682
FUND08,2025-09-24T00:00:00,-2.9612
FUND08,2025-09-25T00:00:00,-3.2829
FUND08,2025-09-26T00:00:00,-3.1061
FUND08,2025-09-29T00:00:00,-2.873
FUND08,2025-09-30T00:00:00,-2.2104
FUND08,2025-10-01T00:00:00,-2.2856
FUND08,2025-10-02T00:00:00,-1.8849
FUND08,2025-10-03T00:00:00,-2.1122
FUND08,2025-10-06T00:00:00,-2.1019
FUND08,2025-10-07T00:00:00,-1.6446
FUND08,2025-10-08T00:00:00,-1.5547
FUND08,2025-10-09T00:00:00,-1.9718
FUND08,2025-10-10T00:00:00,-2.044
FUND08,2025-10-13T00:00:00,-2.3872
FUND08,2025-10-14T00:00:00,-2.9426
FUND08,2025-10-15T00:00:00,-2.7549
FUND08,2025-10-16T00:00:00,-2.4447
FUND08,2025-10-17T00:00:00,-2.2517
FUND08,2025-10-20T00:00:00,-2.0066
FUND08,2025-10-21T00:00:00,-1.5385
FUND08,2025-10-22T00:00:00,-1.4684
FUND08,2025-10-23T00:00:00,-1.3676
FUND08,2025-10-24T00:00:00,-1.2645
FUND08,2025-10-27T00:00:00,-1.7047
FUND08,2025-10-28T00:00:00,-1.5454
FUND08,2025-10-29T00:00:00,-1.2351
FUND08,2025-10-30T00:00:00,-1.0078
FUND08,2025-10-31T00:00:00,-0.7732
FUND08,2025-11-03T00:00:00,-0.5387
FUND08,2025-11-04T00:00:00,-0.9468
FUND08,2025-11-05T00:00:00,-0.8074
FUND08,2025-11-06T00:00:00,-0.6574
FUND08,2025-11-07T00:00:00,-0.7084
FUND08,2025-11-10T00:00:00,-1.0203
FUND08,2025-11-11T00:00:00,-1.0017
FUND08,2025-11-12T00:00:00,-0.965
FUND08,2025-11-13T00:00:00,-0.9595
FUND08,2025-11-14T00:00:00,-0.6532
FUND08,2025-11-17T00:00:00,-0.472
FUND08,2025-11-18T00:00:00,-0.5896
FUND08,2025-11-19T00:00:00,-0.3572
FUND08,2025-11-20T00:00:00,-0.6018
FUND08,2025-11-21T00:00:00,-0.4599
FUND08,2025-11-24T00:00:00,0.0044
FUND09,2023-05-08T00:00:00,3.4627
FUND09,2023-05-09T00:00:00,3.6432
FUND09,2023-05-10T00:00:00,3.7635
FUND09,2023-05-11T00:00:00,3.7399
FUND09,2023-05-12T00:00:00,4.1696
FUND09,2023-05-15T00:00:00,4.1941
FUND09,2023-05-16T00:00:00,3.9265
FUND09,2023-05-17T00:00:00,3.1625
FUND09,2023-05-18T00:00:00,2.7709
FUND09,2023-05-19T00:00:00,2.808
FUND09,2023-05-22T00:00:00,2.8241
FUND09,2023-05-23T00:00:00,2.9951
FUND09,2023-05-24T00:00:00,3.001
FUND09,2023-05-25T00:00:00,2.9152
FUND09,2023-05-26T00:00:00,2.7548
FUND09,2023-05-29T00:00:00,2.5471
FUND09,2023-05-30T00:00:00,2.5021
FUND09,2023-05-31T00:00:00,2.3975
FUND09,2023-06-01T00:00:00,2.2426
FUND09,2023-06-02T00:00:00,1.8781
FUND09,2023-06-05T00:00:00,1.9103
FUND09,2023-06-06T00:00:00,2.2267
FUND09,2023-06-07T00:00:00,2.5255
FUND09,2023-06-08T00:00:00,2.4484
FUND09,2023-06-09T00:00:00,2.3889
FUND09,2023-06-12T00:00:00,2.4049
FUND09,2023-06-13T00:00:00,2.1201
FUND09,2023-06-14T00:00:00,2.1454
FUND09,2023-06-15T00:00:00,2.0052
FUND09,2023-06-16T00:00:00,1.9866
FUND09,2023-06-19T00:00:00,1.5187
FUND09,2023-06-20T00:00:00,1.3514
FUND09,2023-06-21T00:00:00,1.4963
FUND09,2023-06-22T00:00:00,1.4833
FUND09,2023-06-23T00:00:00,1.3922
FUND09,2023-06-26T00:00:00,1.0662
FUND09,2023-06-27T00:00:00,1.0737
FUND09,2023-06-28T00:00:00,1.0934
FUND09,2023-06-29T00:00:00,1.1241
FUND09,2023-06-30T00:00:00,1.2814
FUND09,2023-07-03T00:00:00,1.0947
FUND09,2023-07-04T00:00:00,1.0094
FUND09,2023-07-05T00:00:00,1.0151
FUND09,2023-07-06T00:00:00,0.8708
FUND09,2023-07-07T00:00:00,0.6027
FUND09,2023-07-10T00:00:00,0.422
FUND09,2023-07-11T00:00:00,0.2211
FUND09,2023-07-12T00:00:00,0.3168
FUND09,2023-07-13T00:00:00,0.0831
FUND09,2023-07-14T00:00:00,0.1614
FUND09,2023-07-17T00:00:00,-0.5635
FUND09,2023-07-18T00:00:00,-0.685
FUND09,2023-07-19T00:00:00,-0.5577
FUND09,2023-07-20T00:00:00,-0.6992
FUND09,2023-07-21T00:00:00,-0.8227
FUND09,2023-07-24T00:00:00,-1.4868
FUND09,2023-07-25T00:00:00,-1.3488
FUND09,2023-07-26T00:00:00,-1.3435
FUND09,2023-07-27T00:00:00,-1.0224
FUND09,2023-07-28T00:00:00,-1.2645
FUND09,2023-07-31T00:00:00,-1.3555
FUND09,2023-08-01T00:00:00,-1.45
FUND09,2023-08-02T00:00:00,-1.1281
FUND09,2023-08-03T00:00:00,-1.3782
FUND09,2023-08-04T00:00:00,-1.6024
FUND09,2023-08-07T00:00:00,-1.7755
FUND09,2023-08-08T00:00:00,-1.9526
FUND09,2023-08-09T00:00:00,-1.7987
FUND09,2023-08-10T00:00:00,-2.0536
FUND09,2023-08-11T00:00:00,-2.144
FUND09,2023-08-14T00:00:00,-1.8837
FUND09,2023-08-15T00:00:00,-1.7786
FUND09,2023-08-16T00:00:00,-2.0145
FUND09,2023-08-17T00:00:00,-2.3549
FUND09,2023-08-18T00:00:00,-2.3914
FUND09,2023-08-21T00:00:00,-2.0486
FUND09,2023-08-22T00:00:00,-1.798
FUND09,2023-08-23T00:00:00,-1.5339
FUND09,2023-08-24T00:00:00,-1.8294
FUND09,2023-08-25T00:00:00,-2.1252
FUND09,2023-08-28T00:00:00,-2.3426
FUND09,2023-08-29T00:00:00,-2.3597
FUND09,2023-08-30T00:00:00,-2.1479
FUND09,2023-08-31T00:00:00,-1.8486
FUND09,2023-09-01T00:00:00,-2.08
FUND09,2023-09-04T00:00:00,-2.4737
FUND09,2023-09-05T00:00:00,-2.5457
FUND09,2023-09-06T00:00:00,-2.7795
FUND09,2023-09-07T00:00:00,-3.175
FUND09,2023-09-08T00:00:00,-3.4205
FUND09,2023-09-11T00:00:00,-2.9123
FUND09,2023-09-12T00:00:00,-2.7312
FUND09,2023-09-13T00:00:00,-2.9034
FUND09,2023-09-14T00:00:00,-2.7572
FUND09,2023-09-15T00:00:00,-2.8114
FUND09,2023-09-18T00:00:00,-2.9961
FUND09,2023-09-19T00:00:00,-2.9237
FUND09,2023-09-20T00:00:00,-2.6713
FUND09,2023-09-21T00:00:00,-2.6654
FUND09,2023-09-22T00:00:00,-2.7911
FUND09,2023-09-25T00:00:00,-2.7422
FUND09,2023-09-26T00:00:00,-3.2473
FUND09,2023-09-27T00:00:00,-3.1715
FUND09,2023-09-28T00:00:00,-3.4062
FUND09,2023-09-29T00:00:00,-3.4243
FUND09,2023-10-02T00:00:00,-3.0771
FUND09,2023-10-03T00:00:00,-2.8879
FUND09,2023-10-04T00:00:00,-2.7709
FUND09,2023-10-05T00:00:00,-2.605
FUND09,2023-10-06T00:00:00,-2.0646
FUND09,2023-10-09T00:00:00,-1.7119
FUND09,2023-10-10T00:00:00,-1.6831
FUND09,2023-10-11T00:00:00,-1.6931
FUND09,2023-10-12T00:00:00,-1.4214
FUND09,2023-10-13T00:00:00,-1.1414
FUND09,2023-10-16T00:00:00,-0.9892
FUND09,2023-10-17T00:00:00,-0.7624
FUND09,2023-10-18T00:00:00,-0.9229
FUND09,2023-10-19T00:00:00,-0.7259
FUND09,2023-10-20T00:00:00,-1.0855
FUND09,2023-10-23T00:00:00,-1.0476
FUND09,2023-10-24T00:00:00,-0.8614
FUND09,2023-10-25T00:00:00,-1.303
FUND09,2023-10-26T00:00:00,-1.2554
FUND09,2023-10-27T00:00:00,-1.2996
FUND09,2023-10-30T00:00:00,-0.9974
FUND09,2023-10-31T00:00:00,-1.0789
FUND09,2023-11-01T00:00:00,-1.0201
FUND09,2023-11-02T00:00:00,-1.2123
FUND09,2023-11-03T00:00:00,-1.5607
FUND09,2023-11-06T00:00:00,-1.1646
FUND09,2023-11-07T00:00:00,-1.1379
FUND09,2023-11-08T00:00:00,-0.8572
FUND09,2023-11-09T00:00:00,-0.8034
FUND09,2023-11-10T00:00:00,-0.6006
FUND09,2023-11-13T00:00:00,0.0693
FUND09,2023-11-14T00:00:00,0.4113
FUND09,2023-11-15T00:00:00,0.1544
FUND09,2023-11-16T00:00:00,0.5361
FUND09,2023-11-17T00:00:00,0.4582
FUND09,2023-11-20T00:00:00,0.7258
FUND09,2023-11-21T00:00:00,0.4975
FUND09,2023-11-22T00:00:00,0.4055
FUND09,2023-11-23T00:00:00,0.615
FUND09,2023-11-24T00:00:00,0.3016
FUND09,2023-11-27T00:00:00,0.1648
FUND09,2023-11-28T00:00:00,0.0428
FUND09,2023-11-29T00:00:00,0.1104
FUND09,2023-11-30T00:00:00,0.1839
FUND09,2023-12-01T00:00:00,0.5466
FUND09,2023-12-04T00:00:00,0.4888
FUND09,2023-12-05T00:00:00,0.7091
FUND09,2023-12-06T00:00:00,0.4416
FUND09,2023-12-07T00:00:00,0.8374
FUND09,2023-12-08T00:00:00,0.8148
FUND09,2023-12-11T00:00:00,0.7694
FUND09,2023-12-12T00:00:00,0.5849
FUND09,2023-12-13T00:00:00,0.6265
FUND09,2023-12-14T00:00:00,0.6143
FUND09,2023-12-15T00:00:00,0.6195
FUND09,2023-12-18T00:00:00,0.6158
FUND09,2023-12-19T00:00:00,0.7002
FUND09,2023-12-20T00:00:00,0.7314
FUND09,2023-12-21T00:00:00,0.8394
FUND09,2023-12-22T00:00:00,0.9024
FUND09,2023-12-25T00:00:00,1.0641
FUND09,2023-12-26T00:00:00,0.6953
FUND09,2023-12-27T00:00:00,0.7251
FUND09,2023-12-28T00:00:00,0.8377
FUND09,2023-12-29T00:00:00,0.8509
FUND09,2024-01-01T00:00:00,1.3137
FUND09,2024-01-02T00:00:00,1.5019
FUND09,2024-01-03T00:00:00,1.6185
FUND09,2024-01-04T00:00:00,1.4665
FUND09,2024-01-05T00:00:00,2.0728
FUND09,2024-01-08T00:00:00,2.1062
FUND09,2024-01-09T00:00:00,2.4027
FUND09,2024-01-10T00:00:00,2.5618
FUND09,2024-01-11T00:00:00,3.1064
FUND09,2024-01-12T00:00:00,3.2213
FUND09,2024-01-15T00:00:00,3.3168
FUND09,2024-01-16T00:00:00,3.2105
FUND09,2024-01-17T00:00:00,3.5293
FUND09,2024-01-18T00:00:00,3.4779
FUND09,2024-01-19T00:00:00,3.6921
FUND09,2024-01-22T00:00:00,3.5257
FUND09,2024-01-23T00:00:00,3.5083
FUND09,2024-01-24T00:00:00,3.7276
FUND09,2024-01-25T00:00:00,3.9127
FUND09,2024-01-26T00:00:00,3.7574
FUND09,2024-01-29T00:00:00,3.8232
FUND09,2024-01-30T00:00:00,4.033
FUND09,2024-01-31T00:00:00,3.9726
FUND09,2024-02-01T00:00:00,4.2734
FUND09,2024-02-02T00:00:00,4.2419
FUND09,2024-02-05T00:00:00,3.6188
FUND09,2024-02-06T00:00:00,3.0468
FUND09,2024-02-07T00:00:00,3.0035
FUND09,2024-02-08T00:00:00,3.2705
FUND09,2024-02-09T00:00:00,2.8903
FUND09,2024-02-12T00:00:00,2.6388
FUND09,2024-02-13T00:00:00,2.773
FUND09,2024-02-14T00:00:00,2.656
FUND09,2024-02-15T00:00:00,2.6561
FUND09,2024-02-16T00:00:00,2.4579
FUND09,2024-02-19T00:00:00,2.1778
FUND09,2024-02-20T00:00:00,2.1428
FUND09,2024-02-21T00:00:00,2.0335
FUND09,2024-02-22T00:00:00,1.9621
FUND09,2024-02-23T00:00:00,2.0935
FUND09,2024-02-26T00:00:00,2.1094
FUND09,2024-02-27T00:00:00,1.8833
FUND09,2024-02-28T00:00:00,2.3011
FUND09,2024-02-29T00:00:00,2.559
FUND09,2024-03-01T00:00:00,2.3738
FUND09,2024-03-04T00:00:00,2.2651
FUND09,2024-03-05T00:00:00,2.2249
FUND09,2024-03-06T00:00:00,2.2551
FUND09,2024-03-07T00:00:00,1.9153
FUND09,2024-03-08T00:00:00,2.2898
FUND09,2024-03-11T00:00:00,1.9768
FUND09,2024-03-12T00:00:00,2.1006
FUND09,2024-03-13T00:00:00,1.772
FUND09,2024-03-14T00:00:00,1.5092
FUND09,2024-03-15T00:00:00,1.6733
FUND09,2024-03-18T00:00:00,1.022
FUND09,2024-03-19T00:00:00,0.8557
FUND09,2024-03-20T00:00:00,1.2369
FUND09,2024-03-21T00:00:00,1.071
FUND09,2024-03-22T00:00:00,1.1198
FUND09,2024-03-25T00:00:00,1.5543
FUND09,2024-03-26T00:00:00,1.705
FUND09,2024-03-27T00:00:00,2.0459
FUND09,2024-03-28T00:00:00,1.738
FUND09,2024-03-29T00:00:00,2.1062
FUND09,2024-04-01T00:00:00,2.1633
FUND09,2024-04-02T00:00:00,2.2571
FUND09,2024-04-03T00:00:00,2.0615
FUND09,2024-04-04T00:00:00,1.7785
FUND09,2024-04-05T00:00:00,1.5379
FUND09,2024-04-08T00:00:00,1.7408
FUND09,2024-04-09T00:00:00,1.5378
FUND09,2024-04-10T00:00:00,1.7074
FUND09,2024-04-11T00:00:00,1.3597
FUND09,2024-04-12T00:00:00,1.4689
FUND09,2024-04-15T00:00:00,1.1649
FUND09,2024-04-16T00:00:00,1.1485
FUND09,2024-04-17T00:00:00,1.2154
FUND09,2024-04-18T00:00:00,0.9154
FUND09,2024-04-19T00:00:00,1.2776
FUND09,2024-04-22T00:00:00,1.4113
FUND09,2024-04-23T00:00:00,1.5802
FUND09,2024-04-24T00:00:00,1.5538
FUND09,2024-04-25T00:00:00,1.3772
FUND09,2024-04-26T00:00:00,1.4504
FUND09,2024-04-29T00:00:00,1.4725
FUND09,2024-04-30T00:00:00,1.8702
FUND09,2024-05-01T00:00:00,1.7059
FUND09,2024-05-02T00:00:00,2.1222
FUND09,2024-05-03T00:00:00,1.8328
FUND09,2024-05-06T00:00:00,1.7081
FUND09,2024-05-07T00:00:00,1.7097
FUND09,2024-05-08T00:00:00,1.8174
FUND09,2024-05-09T00:00:00,1.4931
FUND09,2024-05-10T00:00:00,1.5765
FUND09,2024-05-13T00:00:00,1.743
FUND09,2024-05-14T00:00:00,1.3329
FUND09,2024-05-15T00:00:00,1.2263
FUND09,2024-05-16T00:00:00,0.988
FUND09,2024-05-17T00:00:00,0.6994
FUND09,2024-05-20T00:00:00,0.5249
FUND09,2024-05-21T00:00:00,0.2171
FUND09,2024-05-22T00:00:00,-0.0249
FUND09,2024-05-23T00:00:00,-0.3079
FUND09,2024-05-24T00:00:00,-0.6659
FUND09,2024-05-27T00:00:00,-0.244
FUND09,2024-05-28T00:00:00,-0.0178
FUND09,2024-05-29T00:00:00,-0.3371
FUND09,2024-05-30T00:00:00,-0.3351
FUND09,2024-05-31T00:00:00,-0.2672
FUND09,2024-06-03T00:00:00,-0.291
FUND09,2024-06-04T00:00:00,-0.13
FUND09,2024-06-05T00:00:00,-0.3674
FUND09,2024-06-06T00:00:00,-0.6253
FUND09,2024-06-07T00:00:00,-0.4854
FUND09,2024-06-10T00:00:00,-0.0071
FUND09,2024-06-11T00:00:00,0.1955
FUND09,2024-06-12T00:00:00,0.1363
FUND09,2024-06-13T00:00:00,-0.1384
FUND09,2024-06-14T00:00:00,0.0274
FUND09,2024-06-17T00:00:00,-0.3889
FUND09,2024-06-18T00:00:00,-0.7803
FUND09,2024-06-19T00:00:00,-0.6499
FUND09,2024-06-20T00:00:00,-0.9663
FUND09,2024-06-21T00:00:00,-0.873
FUND09,2024-06-24T00:00:00,-0.9355
FUND09,2024-06-25T00:00:00,-0.7627
FUND09,2024-06-26T00:00:00,-0.8163
FUND09,2024-06-27T00:00:00,-1.0626
FUND09,2024-06-28T00:00:00,-0.9125
FUND09,2024-07-01T00:00:00,-0.851
FUND09,2024-07-02T00:00:00,-0.6435
FUND09,2024-07-03T00:00:00,-0.7038
FUND09,2024-07-04T00:00:00,-1.3499
FUND09,2024-07-05T00:00:00,-1.1838
FUND09,2024-07-08T00:00:00,-1.0668
FUND09,2024-07-09T00:00:00,-0.7738
FUND09,2024-07-10T00:00:00,-0.3722
FUND09,2024-07-11T00:00:00,0.2034
FUND09,2024-07-12T00:00:00,-0.1786
FUND09,2024-07-15T00:00:00,-0.05
FUND09,2024-07-16T00:00:00,0.174
FUND09,2024-07-17T00:00:00,0.5331
FUND09,2024-07-18T00:00:00,0.809
FUND09,2024-07-19T00:00:00,0.3003
FUND09,2024-07-22T00:00:00,0.3099
FUND09,2024-07-23T00:00:00,0.5788
FUND09,2024-07-24T00:00:00,0.3734
FUND09,2024-07-25T00:00:00,0.3298
FUND09,2024-07-26T00:00:00,0.2667
FUND09,2024-07-29T00:00:00,-0.084
FUND09,2024-07-30T00:00:00,0.0602
FUND09,2024-07-31T00:00:00,-0.0728
FUND09,2024-08-01T00:00:00,0.1963
FUND09,2024-08-02T00:00:00,-0.2983
FUND09,2024-08-05T00:00:00,0.0789
FUND09,2024-08-06T00:00:00,0.2364
FUND09,2024-08-07T00:00:00,0.5173
FUND09,2024-08-08T00:00:00,0.3154
FUND09,2024-08-09T00:00:00,0.4952
FUND09,2024-08-12T00:00:00,0.1314
FUND09,2024-08-13T00:00:00,0.2349
FUND09,2024-08-14T00:00:00,0.3814
FUND09,2024-08-15T00:00:00,0.6147
FUND09,2024-08-16T00:00:00,0.5266
FUND09,2024-08-19T00:00:00,1.0286
FUND09,2024-08-20T00:00:00,1.325
FUND09,2024-08-21T00:00:00,0.9879
FUND09,2024-08-22T00:00:00,1.2657
FUND09,2024-08-23T00:00:00,1.01
FUND09,2024-08-26T00:00:00,1.1431
FUND09,2024-08-27T00:00:00,0.9001
FUND09,2024-08-28T00:00:00,0.9758
FUND09,2024-08-29T00:00:00,1.0783
FUND09,2024-08-30T00:00:00,0.9232
FUND09,2024-09-02T00:00:00,0.4585
FUND09,2024-09-03T00:00:00,0.1872
FUND09,2024-09-04T00:00:00,0.3528
FUND09,2024-09-05T00:00:00,0.1206
FUND09,2024-09-06T00:00:00,0.4374
FUND09,2024-09-09T00:00:00,0.2062
FUND09,2024-09-10T00:00:00,-0.0555
FUND09,2024-09-11T00:00:00,-0.4238
FUND09,2024-09-12T00:00:00,-0.0212
FUND09,2024-09-13T00:00:00,-0.2149
FUND09,2024-09-16T00:00:00,-0.1417
FUND09,2024-09-17T00:00:00,0.2232
FUND09,2024-09-18T00:00:00,0.1676
FUND09,2024-09-19T00:00:00,0.1483
FUND09,2024-09-20T00:00:00,0.2455
FUND09,2024-09-23T00:00:00,0.0535
FUND09,2024-09-24T00:00:00,0.0801
FUND09,2024-09-25T00:00:00,0.1321
FUND09,2024-09-26T00:00:00,0.1931
FUND09,2024-09-27T00:00:00,0.3783
FUND09,2024-09-30T00:00:00,0.2295
FUND09,2024-10-01T00:00:00,0.0604
FUND09,2024-10-02T00:00:00,0.4278
FUND09,2024-10-03T00:00:00,0.9142
FUND09,2024-10-04T00:00:00,0.5899
FUND09,2024-10-07T00:00:00,0.7488
FUND09,2024-10-08T00:00:00,0.5196
FUND09,2024-10-09T00:00:00,0.4959
FUND09,2024-10-10T00:00:00,0.5498
FUND09,2024-10-11T00:00:00,0.5606
FUND09,2024-10-14T00:00:00,0.4752
FUND09,2024-10-15T00:00:00,0.4721
FUND09,2024-10-16T00:00:00,0.4795
FUND09,2024-10-17T00:00:00,0.2776
FUND09,2024-10-18T00:00:00,0.3251
FUND09,2024-10-21T00:00:00,0.964
FUND09,2024-10-22T00:00:00,0.9667
FUND09,2024-10-23T00:00:00,0.7233
FUND09,2024-10-24T00:00:00,0.9124
FUND09,2024-10-25T00:00:00,0.3823
FUND09,2024-10-28T00:00:00,0.5781
FUND09,2024-10-29T00:00:00,0.6023
FUND09,2024-10-30T00:00:00,0.6813
FUND09,2024-10-31T00:00:00,0.8711
FUND09,2024-11-01T00:00:00,1.013
FUND09,2024-11-04T00:00:00,1.0804
FUND09,2024-11-05T00:00:00,0.9048
FUND09,2024-11-06T00:00:00,0.8525
FUND09,2024-11-07T00:00:00,1.1529
FUND09,2024-11-08T00:00:00,1.3074
FUND09,2024-11-11T00:00:00,0.9129
FUND09,2024-11-12T00:00:00,0.7703
FUND09,2024-11-13T00:00:00,0.0834
FUND09,2024-11-14T00:00:00,-0.3127
FUND09,2024-11-15T00:00:00,0.1387
FUND09,2024-11-18T00:00:00,-0.1353
FUND09,2024-11-19T00:00:00,-0.726
FUND09,2024-11-20T00:00:00,-0.962
FUND09,2024-11-21T00:00:00,-0.7003
FUND09,2024-11-22T00:00:00,-0.331
FUND09,2024-11-25T00:00:00,-0.1606
FUND09,2024-11-26T00:00:00,0.018
FUND09,2024-11-27T00:00:00,0.0264
FUND09,2024-11-28T00:00:00,0.2487
FUND09,2024-11-29T00:00:00,0.6071
FUND09,2024-12-02T00:00:00,0.5861
FUND09,2024-12-03T00:00:00,0.2332
FUND09,2024-12-04T00:00:00,0.3256
FUND09,2024-12-05T00:00:00,0.2855
FUND09,2024-12-06T00:00:00,0.5678
FUND09,2024-12-09T00:00:00,0.3194
FUND09,2024-12-10T00:00:00,0.1033
FUND09,2024-12-11T00:00:00,0.1859
FUND09,2024-12-12T00:00:00,0.0248
FUND09,2024-12-13T00:00:00,0.0873
FUND09,2024-12-16T00:00:00,0.3698
FUND09,2024-12-17T00:00:00,0.2774
FUND09,2024-12-18T00:00:00,-0.0789
FUND09,2024-12-19T00:00:00,-0.0519
FUND09,2024-12-20T00:00:00,-0.3655
FUND09,2024-12-23T00:00:00,-0.6679
FUND09,2024-12-24T00:00:00,-0.4996
FUND09,2024-12-25T00:00:00,-0.6358
FUND09,2024-12-26T00:00:00,-0.4953
FUND09,2024-12-27T00:00:00,-0.4465
FUND09,2024-12-30T00:00:00,-0.5166
FUND09,2024-12-31T00:00:00,-0.4185
FUND09,2025-01-01T00:00:00,-0.4578
FUND09,2025-01-02T00:00:00,-0.2776
FUND09,2025-01-03T00:00:00,-0.251
FUND09,2025-01-06T00:00:00,0.248
FUND09,2025-01-07T00:00:00,0.1383
FUND09,2025-01-08T00:00:00,-0.0222
FUND09,2025-01-09T00:00:00,0.2039
FUND09,2025-01-10T00:00:00,0.0471
FUND09,2025-01-13T00:00:00,0.1577
FUND09,2025-01-14T00:00:00,0.328
FUND09,2025-01-15T00:00:00,0.7441
FUND09,2025-01-16T00:00:00,0.6944
FUND09,2025-01-17T00:00:00,0.5628
FUND09,2025-01-20T00:00:00,0.2458
FUND09,2025-01-21T00:00:00,0.3874
FUND09,2025-01-22T00:00:00,0.3225
FUND09,2025-01-23T00:00:00,0.3404
FUND09,2025-01-24T00:00:00,0.4258
FUND09,2025-01-27T00:00:00,0.1475
FUND09,2025-01-28T00:00:00,0.1806
FUND09,2025-01-29T00:00:00,0.2386
FUND09,2025-01-30T00:00:00,0.2822
FUND09,2025-01-31T00:00:00,0.4916
FUND09,2025-02-03T00:00:00,0.6025
FUND09,2025-02-04T00:00:00,0.5663
FUND09,2025-02-05T00:00:00,0.3224
FUND09,2025-02-06T00:00:00,0.0841
FUND09,2025-02-07T00:00:00,0.3247
FUND09,2025-02-10T00:00:00,0.358
FUND09,2025-02-11T00:00:00,0.5333
FUND09,2025-02-12T00:00:00,0.5315
FUND09,2025-02-13T00:00:00,0.3509
FUND09,2025-02-14T00:00:00,0.1158
FUND09,2025-02-17T00:00:00,0.3096
FUND09,2025-02-18T00:00:00,0.3692
FUND09,2025-02-19T00:00:00,0.0627
FUND09,2025-02-20T00:00:00,0.0836
FUND09,2025-02-21T00:00:00,-0.053
FUND09,2025-02-24T00:00:00,-0.0351
FUND09,2025-02-25T00:00:00,0.0713
FUND09,2025-02-26T00:00:00,0.1536
FUND09,2025-02-27T00:00:00,0.2588
FUND09,2025-02-28T00:00:00,0.9627
FUND09,2025-03-03T00:00:00,1.1303
FUND09,2025-03-04T00:00:00,0.9546
FUND09,2025-03-05T00:00:00,1.1158
FUND09,2025-03-06T00:00:00,1.3627
FUND09,2025-03-07T00:00:00,1.5222
FUND09,2025-03-10T00:00:00,1.5182
FUND09,2025-03-11T00:00:00,1.4107
FUND09,2025-03-12T00:00:00,1.3894
FUND09,2025-03-13T00:00:00,1.2943
FUND09,2025-03-14T00:00:00,1.1266
FUND09,2025-03-17T00:00:00,1.2187
FUND09,2025-03-18T00:00:00,1.2271
FUND09,2025-03-19T00:00:00,1.3716
FUND09,2025-03-20T00:00:00,1.5644
FUND09,2025-03-21T00:00:00,1.398
FUND09,2025-03-24T00:00:00,1.3341
FUND09,2025-03-25T00:00:00,1.6287
FUND09,2025-03-26T00:00:00,1.5502
FUND09,2025-03-27T00:00:00,1.6275
FUND09,2025-03-28T00:00:00,1.6742
FUND09,2025-03-31T00:00:00,1.9219
FUND09,2025-04-01T00:00:00,1.7688
FUND09,2025-04-02T00:00:00,1.6063
FUND09,2025-04-03T00:00:00,1.091
FUND09,2025-04-04T00:00:00,0.877
FUND09,2025-04-07T00:00:00,0.8297
FUND09,2025-04-08T00:00:00,1.1005
FUND09,2025-04-09T00:00:00,0.7783
FUND09,2025-04-10T00:00:00,0.8681
FUND09,2025-04-11T00:00:00,0.9414
FUND09,2025-04-14T00:00:00,0.6982
FUND09,2025-04-15T00:00:00,0.564
FUND09,2025-04-16T00:00:00,0.3944
FUND09,2025-04-17T00:00:00,1.0308
FUND09,2025-04-18T00:00:00,0.8709
FUND09,2025-04-21T00:00:00,0.7163
FUND09,2025-04-22T00:00:00,0.7628
FUND09,2025-04-23T00:00:00,0.8865
FUND09,2025-04-24T00:00:00,0.6054
FUND09,2025-04-25T00:00:00,0.5635
FUND09,2025-04-28T00:00:00,0.5528
FUND09,2025-04-29T00:00:00,0.2376
FUND09,2025-04-30T00:00:00,0.4912
FUND09,2025-05-01T00:00:00,0.1068
FUND09,2025-05-02T00:00:00,0.1909
FUND09,2025-05-05T00:00:00,0.0321
FUND09,2025-05-06T00:00:00,0.1196
FUND09,2025-05-07T00:00:00,0.2643
FUND09,2025-05-08T00:00:00,0.3442
FUND09,2025-05-09T00:00:00,0.4957
FUND09,2025-05-12T00:00:00,0.0051
FUND09,2025-05-13T00:00:00,0.1744
FUND09,2025-05-14T00:00:00,0.333
FUND09,2025-05-15T00:00:00,0.1833
FUND09,2025-05-16T00:00:00,0.2415
FUND09,2025-05-19T00:00:00,0.5279
FUND09,2025-05-20T00:00:00,0.7071
FUND09,2025-05-21T00:00:00,0.6616
FUND09,2025-05-22T00:00:00,0.6662
FUND09,2025-05-23T00:00:00,0.7053
FUND09,2025-05-26T00:00:00,0.976
FUND09,2025-05-27T00:00:00,0.7336
FUND09,2025-05-28T00:00:00,0.7612
FUND09,2025-05-29T00:00:00,0.7495
FUND09,2025-05-30T00:00:00,0.9042
FUND09,2025-06-02T00:00:00,1.2251
FUND09,2025-06-03T00:00:00,1.3723
FUND09,2025-06-04T00:00:00,1.3913
FUND09,2025-06-05T00:00:00,1.6316
FUND09,2025-06-06T00:00:00,1.6498
FUND09,2025-06-09T00:00:00,1.6661
FUND09,2025-06-10T00:00:00,1.7028
FUND09,2025-06-11T00:00:00,2.0786
FUND09,2025-06-12T00:00:00,1.6018
FUND09,2025-06-13T00:00:00,1.7381
FUND09,2025-06-16T00:00:00,1.2295
FUND09,2025-06-17T00:00:00,1.1119
FUND09,2025-06-18T00:00:00,1.6904
FUND09,2025-06-19T00:00:00,2.0242
FUND09,2025-06-20T00:00:00,2.2097
FUND09,2025-06-23T00:00:00,2.0746
FUND09,2025-06-24T00:00:00,2.1165
FUND09,2025-06-25T00:00:00,2.3925
FUND09,2025-06-26T00:00:00,2.5798
FUND09,2025-06-27T00:00:00,2.5693
FUND09,2025-06-30T00:00:00,2.3143
FUND09,2025-07-01T00:00:00,2.2289
FUND09,2025-07-02T00:00:00,2.3433
FUND09,2025-07-03T00:00:00,2.363
FUND09,2025-07-04T00:00:00,1.6725
FUND09,2025-07-07T00:00:00,1.5203
FUND09,2025-07-08T00:00:00,1.9776
FUND09,2025-07-09T00:00:00,1.4475
FUND09,2025-07-10T00:00:00,1.0635
FUND09,2025-07-11T00:00:00,0.5123
FUND09,2025-07-14T00:00:00,0.0689
FUND09,2025-07-15T00:00:00,-0.2125
FUND09,2025-07-16T00:00:00,-0.4555
FUND09,2025-07-17T00:00:00,-0.1532
FUND09,2025-07-18T00:00:00,-0.2484
FUND09,2025-07-21T00:00:00,-0.2715
FUND09,2025-07-22T00:00:00,-0.3066
FUND09,2025-07-23T00:00:00,0.0508
FUND09,2025-07-24T00:00:00,-0.0157
FUND09,2025-07-25T00:00:00,-0.1569
FUND09,2025-07-28T00:00:00,0.6269
FUND09,2025-07-29T00:00:00,0.5408
FUND09,2025-07-30T00:00:00,0.7223
FUND09,2025-07-31T00:00:00,0.3721
FUND09,2025-08-01T00:00:00,0.0285
FUND09,2025-08-04T00:00:00,-0.3876
FUND09,2025-08-05T00:00:00,-0.7307
FUND09,2025-08-06T00:00:00,-0.4393
FUND09,2025-08-07T00:00:00,-0.0275
FUND09,2025-08-08T00:00:00,-0.172
FUND09,2025-08-11T00:00:00,0.0019
FUND09,2025-08-12T00:00:00,0.1661
FUND09,2025-08-13T00:00:00,0.4135
FUND09,2025-08-14T00:00:00,0.2717
FUND09,2025-08-15T00:00:00,0.2285
FUND09,2025-08-18T00:00:00,0.5756
FUND09,2025-08-19T00:00:00,0.6175
FUND09,2025-08-20T00:00:00,0.0533
FUND09,2025-08-21T00:00:00,-0.4704
FUND09,2025-08-22T00:00:00,-0.4475
FUND09,2025-08-25T00:00:00,-0.4262
FUND09,2025-08-26T00:00:00,-0.5191
FUND09,2025-08-27T00:00:00,-0.7815
FUND09,2025-08-28T00:00:00,-0.8283
FUND09,2025-08-29T00:00:00,-0.5571
FUND09,2025-09-01T00:00:00,-0.5575
FUND09,2025-09-02T00:00:00,-0.6034
FUND09,2025-09-03T00:00:00,-0.7854
FUND09,2025-09-04T00:00:00,-0.0708
FUND09,2025-09-05T00:00:00,-0.2687
FUND09,2025-09-08T00:00:00,-0.1866
FUND09,2025-09-09T00:00:00,-0.4413
FUND09,2025-09-10T00:00:00,-0.8633
FUND09,2025-09-11T00:00:00,-1.218
FUND09,2025-09-12T00:00:00,-1.5507
FUND09,2025-09-15T00:00:00,-1.3509
FUND09,2025-09-16T00:00:00,-1.5397
FUND09,2025-09-17T00:00:00,-1.7311
FUND09,2025-09-18T00:00:00,-1.9257
FUND09,2025-09-19T00:00:00,-2.2293
FUND09,2025-09-22T00:00:00,-2.6525
FUND09,2025-09-23T00:00:00,-2.7606
FUND09,2025-09-24T00:00:00,-3.1978
FUND09,2025-09-25T00:00:00,-3.4066
FUND09,2025-09-26T00:00:00,-3.3089
FUND09,2025-09-29T00:00:00,-3.182
FUND09,2025-09-30T00:00:00,-3.0103
FUND09,2025-10-01T00:00:00,-3.2098
FUND09,2025-10-02T00:00:00,-3.3159
FUND09,2025-10-03T00:00:00,-3.2756
FUND09,2025-10-06T00:00:00,-3.0367
FUND09,2025-10-07T00:00:00,-3.0038
FUND09,2025-10-08T00:00:00,-3.098
FUND09,2025-10-09T00:00:00,-3.3255
FUND09,2025-10-10T00:00:00,-3.7747
FUND09,2025-10-13T00:00:00,-3.8688
FUND09,2025-10-14T00:00:00,-3.871
FUND09,2025-10-15T00:00:00,-4.0398
FUND09,2025-10-16T00:00:00,-3.7082
FUND09,2025-10-17T00:00:00,-3.2605
FUND09,2025-10-20T00:00:00,-3.2881
FUND09,2025-10-21T00:00:00,-2.9389
FUND09,2025-10-22T00:00:00,-3.2317
FUND09,2025-10-23T00:00:00,-3.3626
FUND09,2025-10-24T00:00:00,-3.2942
FUND09,2025-10-27T00:00:00,-3.2896
FUND09,2025-10-28T00:00:00,-3.3967
FUND09,2025-10-29T00:00:00,-3.5222
FUND09,2025-10-30T00:00:00,-3.4324
FUND09,2025-10-31T00:00:00,-3.583
FUND09,2025-11-03T00:00:00,-3.5955
FUND09,2025-11-04T00:00:00,-3.8625
FUND09,2025-11-05T00:00:00,-3.8332
FUND09,2025-11-06T00:00:00,-4.1889
FUND09,2025-11-07T00:00:00,-4.0566
FUND09,2025-11-10T00:00:00,-4.2008
FUND09,2025-11-11T00:00:00,-4.629
FUND09,2025-11-12T00:00:00,-4.5836
FUND09,2025-11-13T00:00:00,-4.3232
FUND09,2025-11-14T00:00:00,-4.0966
FUND09,2025-11-17T00:00:00,-3.8678
FUND09,2025-11-18T00:00:00,-3.6359
FUND09,2025-11-19T00:00:00,-3.8368
FUND09,2025-11-20T00:00:00,-3.72
FUND09,2025-11-21T00:00:00,-3.6948
FUND09,2025-11-24T00:00:00,-3.4018
FUND10,2023-05-08T00:00:00,0.6955
FUND10,2023-05-09T00:00:00,0.3635
FUND10,2023-05-10T00:00:00,0.308
FUND10,2023-05-11T00:00:00,-0.0651
FUND10,2023-05-12T00:00:00,-0.0956
FUND10,2023-05-15T00:00:00,-0.1629
FUND10,2023-05-16T00:00:00,-0.4821
FUND10,2023-05-17T00:00:00,-0.4907
FUND10,2023-05-18T00:00:00,-0.5713
FUND10,2023-05-19T00:00:00,-0.8862
FUND10,2023-05-22T00:00:00,-0.7364
FUND10,2023-05-23T00:00:00,-0.6604
FUND10,2023-05-24T00:00:00,-0.9643
FUND10,2023-05-25T00:00:00,-1.3138
FUND10,2023-05-26T00:00:00,-1.4207
FUND10,2023-05-29T00:00:00,-1.8434
FUND10,2023-05-30T00:00:00,-1.7307
FUND10,2023-05-31T00:00:00,-1.7116
FUND10,2023-06-01T00:00:00,-1.5324
FUND10,2023-06-02T00:00:00,-1.1568
FUND10,2023-06-05T00:00:00,-1.1725
FUND10,2023-06-06T00:00:00,-1.0523
FUND10,2023-06-07T00:00:00,-0.7855
FUND10,2023-06-08T00:00:00,-1.1539
FUND10,2023-06-09T00:00:00,-0.8098
FUND10,2023-06-12T00:00:00,-0.4696
FUND10,2023-06-13T00:00:00,-0.263
FUND10,2023-06-14T00:00:00,-0.0018
FUND10,2023-06-15T00:00:00,-0.5008
FUND10,2023-06-16T00:00:00,-0.4642
FUND10,2023-06-19T00:00:00,-0.5387
FUND10,2023-06-20T00:00:00,-0.6604
FUND10,2023-06-21T00:00:00,-0.12
FUND10,2023-06-22T00:00:00,0.1854
FUND10,2023-06-23T00:00:00,-0.0064
FUND10,2023-06-26T00:00:00,-0.0232
FUND10,2023-06-27T00:00:00,0.0671
FUND10,2023-06-28T00:00:00,-0.3828
FUND10,2023-06-29T00:00:00,-0.0237
FUND10,2023-06-30T00:00:00,-0.0202
FUND10,2023-07-03T00:00:00,-0.0675
FUND10,2023-07-04T00:00:00,-0.1525
FUND10,2023-07-05T00:00:00,-0.2177
FUND10,2023-07-06T00:00:00,-0.4152
FUND10,2023-07-07T00:00:00,-0.2806
FUND10,2023-07-10T00:00:00,-0.0565
FUND10,2023-07-11T00:00:00,0.3033
FUND10,2023-07-12T00:00:00,0.2568
FUND10,2023-07-13T00:00:00,0.2317
FUND10,2023-07-14T00:00:00,-0.2796
FUND10,2023-07-17T00:00:00,0.149
FUND10,2023-07-18T00:00:00,-0.0577
FUND10,2023-07-19T00:00:00,0.0222
FUND10,2023-07-20T00:00:00,-0.079
FUND10,2023-07-21T00:00:00,0.1077
FUND10,2023-07-24T00:00:00,0.1215
FUND10,2023-07-25T00:00:00,-0.055
FUND10,2023-07-26T00:00:00,-0.0183
FUND10,2023-07-27T00:00:00,-0.1049
FUND10,2023-07-28T00:00:00,0.1881
FUND10,2023-07-31T00:00:00,0.2048
FUND10,2023-08-01T00:00:00,-0.3691
FUND10,2023-08-02T00:00:00,-0.3458
FUND10,2023-08-03T00:00:00,-0.6749
FUND10,2023-08-04T00:00:00,-0.486
FUND10,2023-08-07T00:00:00,-0.5907
FUND10,2023-08-08T00:00:00,-0.7444
FUND10,2023-08-09T00:00:00,-0.3799
FUND10,2023-08-10T00:00:00,-0.4033
FUND10,2023-08-11T00:00:00,-0.5674
FUND10,2023-08-14T00:00:00,-0.6638
FUND10,2023-08-15T00:00:00,-0.5215
FUND10,2023-08-16T00:00:00,-0.5566
FUND10,2023-08-17T00:00:00,-0.5944
FUND10,2023-08-18T00:00:00,-0.0609
FUND10,2023-08-21T00:00:00,-0.3832
FUND10,2023-08-22T00:00:00,-0.6033
FUND10,2023-08-23T00:00:00,-0.6291
FUND10,2023-08-24T00:00:00,-0.789
FUND10,2023-08-25T00:00:00,-0.3749
FUND10,2023-08-28T00:00:00,-0.3175
FUND10,2023-08-29T00:00:00,-0.1346
FUND10,2023-08-30T00:00:00,-0.4886
FUND10,2023-08-31T00:00:00,-0.4926
FUND10,2023-09-01T00:00:00,-0.6194
FUND10,2023-09-04T00:00:00,-0.3628
FUND10,2023-09-05T00:00:00,-0.5912
FUND10,2023-09-06T00:00:00,-0.4183
FUND10,2023-09-07T00:00:00,-0.6568
FUND10,2023-09-08T00:00:00,-0.7809
FUND10,2023-09-11T00:00:00,-0.5991
FUND10,2023-09-12T00:00:00,-0.6365
FUND10,2023-09-13T00:00:00,-0.4246
FUND10,2023-09-14T00:00:00,0.1502
FUND10,2023-09-15T00:00:00,0.196
FUND10,2023-09-18T00:00:00,0.3845
FUND10,2023-09-19T00:00:00,0.848
FUND10,2023-09-20T00:00:00,0.8501
FUND10,2023-09-21T00:00:00,0.9568
FUND10,2023-09-22T00:00:00,1.3369
FUND10,2023-09-25T00:00:00,1.2661
FUND10,2023-09-26T00:00:00,0.6084
FUND10,2023-09-27T00:00:00,0.2524
FUND10,2023-09-28T00:00:00,0.798
FUND10,2023-09-29T00:00:00,0.7723
FUND10,2023-10-02T00:00:00,1.0241
FUND10,2023-10-03T00:00:00,1.1479
FUND10,2023-10-04T00:00:00,1.4773
FUND10,2023-10-05T00:00:00,1.5245
FUND10,2023-10-06T00:00:00,1.4155
FUND10,2023-10-09T00:00:00,0.8778
FUND10,2023-10-10T00:00:00,1.1895
FUND10,2023-10-11T00:00:00,1.1686
FUND10,2023-10-12T00:00:00,1.6307
FUND10,2023-10-13T00:00:00,1.321
FUND10,2023-10-16T00:00:00,0.8732
FUND10,2023-10-17T00:00:00,0.8425
FUND10,2023-10-18T00:00:00,0.7381
FUND10,2023-10-19T00:00:00,1.2197
FUND10,2023-10-20T00:00:00,1.0534
FUND10,2023-10-23T00:00:00,1.1164
FUND10,2023-10-24T00:00:00,1.507
FUND10,2023-10-25T00:00:00,1.1382
FUND10,2023-10-26T00:00:00,1.0913
FUND10,2023-10-27T00:00:00,0.9907
FUND10,2023-10-30T00:00:00,1.3254
FUND10,2023-10-31T00:00:00,1.0852
FUND10,2023-11-01T00:00:00,1.4783
FUND10,2023-11-02T00:00:00,1.0417
FUND10,2023-11-03T00:00:00,0.9011
FUND10,2023-11-06T00:00:00,0.7917
FUND10,2023-11-07T00:00:00,0.5437
FUND10,2023-11-08T00:00:00,0.6108
FUND10,2023-11-09T00:00:00,0.4961
FUND10,2023-11-10T00:00:00,0.2848
FUND10,2023-11-13T00:00:00,0.016
FUND10,2023-11-14T00:00:00,-0.2581
FUND10,2023-11-15T00:00:00,-0.3129
FUND10,2023-11-16T00:00:00,-0.6037
FUND10,2023-11-17T00:00:00,-0.323
FUND10,2023-11-20T00:00:00,-0.7619
FUND10,2023-11-21T00:00:00,-0.4583
FUND10,2023-11-22T00:00:00,-0.7615
FUND10,2023-11-23T00:00:00,-0.8897
FUND10,2023-11-24T00:00:00,-1.0618
FUND10,2023-11-27T00:00:00,-0.7503
FUND10,2023-11-28T00:00:00,-0.9176
FUND10,2023-11-29T00:00:00,-0.9752
FUND10,2023-11-30T00:00:00,-0.6878
FUND10,2023-12-01T00:00:00,-0.9598
FUND10,2023-12-04T00:00:00,-1.2052
FUND10,2023-12-05T00:00:00,-1.2116
FUND10,2023-12-06T00:00:00,-1.1502
FUND10,2023-12-07T00:00:00,-1.1291
FUND10,2023-12-08T00:00:00,-0.9378
FUND10,2023-12-11T00:00:00,-1.1534
FUND10,2023-12-12T00:00:00,-1.1311
FUND10,2023-12-13T00:00:00,-1.3576
FUND10,2023-12-14T00:00:00,-1.523
FUND10,2023-12-15T00:00:00,-1.4281
FUND10,2023-12-18T00:00:00,-1.802
FUND10,2023-12-19T00:00:00,-2.1004
FUND10,2023-12-20T00:00:00,-1.9158
FUND10,2023-12-21T00:00:00,-1.7862
FUND10,2023-12-22T00:00:00,-2.0696
FUND10,2023-12-25T00:00:00,-2.0219
FUND10,2023-12-26T00:00:00,-1.7842
FUND10,2023-12-27T00:00:00,-1.8616
FUND10,2023-12-28T00:00:00,-1.6293
FUND10,2023-12-29T00:00:00,-1.8259
FUND10,2024-01-01T00:00:00,-1.3505
FUND10,2024-01-02T00:00:00,-1.214
FUND10,2024-01-03T00:00:00,-1.1073
FUND10,2024-01-04T00:00:00,-0.9206
FUND10,2024-01-05T00:00:00,-0.6198
FUND10,2024-01-08T00:00:00,-0.7327
FUND10,2024-01-09T00:00:00,-0.3172
FUND10,2024-01-10T00:00:00,-0.6632
FUND10,2024-01-11T00:00:00,-0.2752
FUND10,2024-01-12T00:00:00,-0.2754
FUND10,2024-01-15T00:00:00,-0.2939
FUND10,2024-01-16T00:00:00,-0.2379
FUND10,2024-01-17T00:00:00,-0.5861
FUND10,2024-01-18T00:00:00,-0.7142
FUND10,2024-01-19T00:00:00,-0.8064
FUND10,2024-01-22T00:00:00,-1.1234
FUND10,2024-01-23T00:00:00,-1.1849
FUND10,2024-01-24T00:00:00,-1.0326
FUND10,2024-01-25T00:00:00,-0.992
FUND10,2024-01-26T00:00:00,-1.1281
FUND10,2024-01-29T00:00:00,-1.0348
FUND10,2024-01-30T00:00:00,-0.5294
FUND10,2024-01-31T00:00:00,-0.1045
FUND10,2024-02-01T00:00:00,-0.3524
FUND10,2024-02-02T00:00:00,-0.2956
FUND10,2024-02-05T00:00:00,-0.1224
FUND10,2024-02-06T00:00:00,-0.4196
FUND10,2024-02-07T00:00:00,-0.6954
FUND10,2024-02-08T00:00:00,-0.7365
FUND10,2024-02-09T00:00:00,-0.7525
FUND10,2024-02-12T00:00:00,-0.4965
FUND10,2024-02-13T00:00:00,-0.8384
FUND10,2024-02-14T00:00:00,-0.9101
FUND10,2024-02-15T00:00:00,-1.0412
FUND10,2024-02-16T00:00:00,-1.3187
FUND10,2024-02-19T00:00:00,-0.9437
FUND10,2024-02-20T00:00:00,-0.7964
FUND10,2024-02-21T00:00:00,-0.6734
FUND10,2024-02-22T00:00:00,-1.0077
FUND10,2024-02-23T00:00:00,-1.014
FUND10,2024-02-26T00:00:00,-1.3984
FUND10,2024-02-27T00:00:00,-1.7787
FUND10,2024-02-28T00:00:00,-1.7522
FUND10,2024-02-29T00:00:00,-1.6922
FUND10,2024-03-01T00:00:00,-1.2512
FUND10,2024-03-04T00:00:00,-1.5253
FUND10,2024-03-05T00:00:00,-1.4938
FUND10,2024-03-06T00:00:00,-1.4963
FUND10,2024-03-07T00:00:00,-1.2513
FUND10,2024-03-08T00:00:00,-0.992
FUND10,2024-03-11T00:00:00,-0.9114
FUND10,2024-03-12T00:00:00,-0.7937
FUND10,2024-03-13T00:00:00,-0.4286
FUND10,2024-03-14T00:00:00,-0.227
FUND10,2024-03-15T00:00:00,-0.2393
FUND10,2024-03-18T00:00:00,0.2671
FUND10,2024-03-19T00:00:00,0.5283
FUND10,2024-03-20T00:00:00,0.2991
FUND10,2024-03-21T00:00:00,0.6377
FUND10,2024-03-22T00:00:00,0.5546
FUND10,2024-03-25T00:00:00,0.6363
FUND10,2024-03-26T00:00:00,0.1901
FUND10,2024-03-27T00:00:00,0.5083
FUND10,2024-03-28T00:00:00,0.6615
FUND10,2024-03-29T00:00:00,0.9914
FUND10,2024-04-01T00:00:00,0.7512
FUND10,2024-04-02T00:00:00,1.0999
FUND10,2024-04-03T00:00:00,1.1923
FUND10,2024-04-04T00:00:00,1.1264
FUND10,2024-04-05T00:00:00,1.2391
FUND10,2024-04-08T00:00:00,1.7756
FUND10,2024-04-09T00:00:00,2.1953
FUND10,2024-04-10T00:00:00,2.3695
FUND10,2024-04-11T00:00:00,2.5214
FUND10,2024-04-12T00:00:00,2.4267
FUND10,2024-04-15T00:00:00,2.8531
FUND10,2024-04-16T00:00:00,3.2023
FUND10,2024-04-17T00:00:00,3.129
FUND10,2024-04-18T00:00:00,2.8341
FUND10,2024-04-19T00:00:00,2.5972
FUND10,2024-04-22T00:00:00,2.6765
FUND10,2024-04-23T00:00:00,3.0519
FUND10,2024-04-24T00:00:00,2.563
FUND10,2024-04-25T00:00:00,2.2111
FUND10,2024-04-26T00:00:00,2.0416
FUND10,2024-04-29T00:00:00,1.8089
FUND10,2024-04-30T00:00:00,1.6951
FUND10,2024-05-01T00:00:00,1.4407
FUND10,2024-05-02T00:00:00,1.2353
FUND10,2024-05-03T00:00:00,1.5029
FUND10,2024-05-06T00:00:00,1.2242
FUND10,2024-05-07T00:00:00,1.2642
FUND10,2024-05-08T00:00:00,1.0663
FUND10,2024-05-09T00:00:00,0.6457
FUND10,2024-05-10T00:00:00,0.141
FUND10,2024-05-13T00:00:00,0.4479
FUND10,2024-05-14T00:00:00,0.5333
FUND10,2024-05-15T00:00:00,0.7975
FUND10,2024-05-16T00:00:00,0.7648
FUND10,2024-05-17T00:00:00,0.5156
FUND10,2024-05-20T00:00:00,0.4529
FUND10,2024-05-21T00:00:00,0.8706
FUND10,2024-05-22T00:00:00,0.9299
FUND10,2024-05-23T00:00:00,0.8887
FUND10,2024-05-24T00:00:00,0.9671
FUND10,2024-05-27T00:00:00,1.1075
FUND10,2024-05-28T00:00:00,0.7903
FUND10,2024-05-29T00:00:00,0.7554
FUND10,2024-05-30T00:00:00,0.9758
FUND10,2024-05-31T00:00:00,0.9308
FUND10,2024-06-03T00:00:00,0.8156
FUND10,2024-06-04T00:00:00,0.6684
FUND10,2024-06-05T00:00:00,0.0135
FUND10,2024-06-06T00:00:00,-0.0177
FUND10,2024-06-07T00:00:00,-0.0119
FUND10,2024-06-10T00:00:00,-0.2874
FUND10,2024-06-11T00:00:00,0.1308
FUND10,2024-06-12T00:00:00,0.05
FUND10,2024-06-13T00:00:00,-0.0032
FUND10,2024-06-14T00:00:00,-0.2823
FUND10,2024-06-17T00:00:00,-0.0647
FUND10,2024-06-18T00:00:00,-0.483
FUND10,2024-06-19T00:00:00,-0.2757
FUND10,2024-06-20T00:00:00,-0.3498
FUND10,2024-06-21T00:00:00,0.0933
FUND10,2024-06-24T00:00:00,-0.4738
FUND10,2024-06-25T00:00:00,-0.6754
FUND10,2024-06-26T00:00:00,-0.9531
FUND10,2024-06-27T00:00:00,-0.7965
FUND10,2024-06-28T00:00:00,-0.8748
FUND10,2024-07-01T00:00:00,-0.6145
FUND10,2024-07-02T00:00:00,-0.5234
FUND10,2024-07-03T00:00:00,-0.4051
FUND10,2024-07-04T00:00:00,-0.7965
FUND10,2024-07-05T00:00:00,-0.7794
FUND10,2024-07-08T00:00:00,-0.8572
FUND10,2024-07-09T00:00:00,-0.437
FUND10,2024-07-10T00:00:00,-0.6643
FUND10,2024-07-11T00:00:00,-0.5275
FUND10,2024-07-12T00:00:00,-0.5719
FUND10,2024-07-15T00:00:00,-0.7965
FUND10,2024-07-16T00:00:00,-0.2006
FUND10,2024-07-17T00:00:00,-0.5686
FUND10,2024-07-18T00:00:00,-0.4253
FUND10,2024-07-19T00:00:00,-0.5653
FUND10,2024-07-22T00:00:00,-0.9612
FUND10,2024-07-23T00:00:00,-1.0328
FUND10,2024-07-24T00:00:00,-1.0095
FUND10,2024-07-25T00:00:00,-1.1313
FUND10,2024-07-26T00:00:00,-1.1735
FUND10,2024-07-29T00:00:00,-1.1678
FUND10,2024-07-30T00:00:00,-0.5868
FUND10,2024-07-31T00:00:00,-0.8242
FUND10,2024-08-01T00:00:00,-0.9181
FUND10,2024-08-02T00:00:00,-1.1746
FUND10,2024-08-05T00:00:00,-0.7528
FUND10,2024-08-06T00:00:00,-0.863
FUND10,2024-08-07T00:00:00,-0.558
FUND10,2024-08-08T00:00:00,-0.9566
FUND10,2024-08-09T00:00:00,-0.9396
FUND10,2024-08-12T00:00:00,-1.441
FUND10,2024-08-13T00:00:00,-1.5354
FUND10,2024-08-14T00:00:00,-1.8753
FUND10,2024-08-15T00:00:00,-1.8535
FUND10,2024-08-16T00:00:00,-1.9269
FUND10,2024-08-19T00:00:00,-1.9552
FUND10,2024-08-20T00:00:00,-2.1327
FUND10,2024-08-21T00:00:00,-1.985
FUND10,2024-08-22T00:00:00,-1.7125
FUND10,2024-08-23T00:00:00,-1.2151
FUND10,2024-08-26T00:00:00,-1.0463
FUND10,2024-08-27T00:00:00,-0.9237
FUND10,2024-08-28T00:00:00,-0.7216
FUND10,2024-08-29T00:00:00,-0.6557
FUND10,2024-08-30T00:00:00,-0.8582
FUND10,2024-09-02T00:00:00,-1.3438
FUND10,2024-09-03T00:00:00,-1.4085
FUND10,2024-09-04T00:00:00,-1.3867
FUND10,2024-09-05T00:00:00,-1.3316
FUND10,2024-09-06T00:00:00,-1.2624
FUND10,2024-09-09T00:00:00,-1.7182
FUND10,2024-09-10T00:00:00,-1.6607
FUND10,2024-09-11T00:00:00,-1.7836
FUND10,2024-09-12T00:00:00,-2.036
FUND10,2024-09-13T00:00:00,-1.375
FUND10,2024-09-16T00:00:00,-1.3402
FUND10,2024-09-17T00:00:00,-1.9338
FUND10,2024-09-18T00:00:00,-1.6503
FUND10,2024-09-19T00:00:00,-1.6254
FUND10,2024-09-20T00:00:00,-1.2253
FUND10,2024-09-23T00:00:00,-1.3539
FUND10,2024-09-24T00:00:00,-1.6199
FUND10,2024-09-25T00:00:00,-1.4825
FUND10,2024-09-26T00:00:00,-1.8327
FUND10,2024-09-27T00:00:00,-1.9711
FUND10,2024-09-30T00:00:00,-1.8154
FUND10,2024-10-01T00:00:00,-1.7633
FUND10,2024-10-02T00:00:00,-1.7306
FUND10,2024-10-03T00:00:00,-1.8938
FUND10,2024-10-04T00:00:00,-1.9163
FUND10,2024-10-07T00:00:00,-1.7071
FUND10,2024-10-08T00:00:00,-1.5882
FUND10,2024-10-09T00:00:00,-0.9776
FUND10,2024-10-10T00:00:00,-0.9872
FUND10,2024-10-11T00:00:00,-0.7319
FUND10,2024-10-14T00:00:00,-0.6077
FUND10,2024-10-15T00:00:00,-0.7033
FUND10,2024-10-16T00:00:00,-0.4904
FUND10,2024-10-17T00:00:00,-0.4327
FUND10,2024-10-18T00:00:00,-0.1051
FUND10,2024-10-21T00:00:00,-0.2138
FUND10,2024-10-22T00:00:00,-0.0334
FUND10,2024-10-23T00:00:00,-0.3675
FUND10,2024-10-24T00:00:00,-0.349
FUND10,2024-10-25T00:00:00,-0.6629
FUND10,2024-10-28T00:00:00,-0.5787
FUND10,2024-10-29T00:00:00,-0.5698
FUND10,2024-10-30T00:00:00,-0.3247
FUND10,2024-10-31T00:00:00,-0.3492
FUND10,2024-11-01T00:00:00,0.0148
FUND10,2024-11-04T00:00:00,0.0503
FUND10,2024-11-05T00:00:00,0.0159
FUND10,2024-11-06T00:00:00,-0.1628
FUND10,2024-11-07T00:00:00,0.3519
FUND10,2024-11-08T00:00:00,0.4339
FUND10,2024-11-11T00:00:00,0.3238
FUND10,2024-11-12T00:00:00,-0.0478
FUND10,2024-11-13T00:00:00,-0.1691
FUND10,2024-11-14T00:00:00,-0.3267
FUND10,2024-11-15T00:00:00,-0.5104
FUND10,2024-11-18T00:00:00,-0.3889
FUND10,2024-11-19T00:00:00,-0.7403
FUND10,2024-11-20T00:00:00,-0.5497
FUND10,2024-11-21T00:00:00,-0.5765
FUND10,2024-11-22T00:00:00,-0.434
FUND10,2024-11-25T00:00:00,-0.3915
FUND10,2024-11-26T00:00:00,-0.1038
FUND10,2024-11-27T00:00:00,0.2779
FUND10,2024-11-28T00:00:00,0.304
FUND10,2024-11-29T00:00:00,0.3473
FUND10,2024-12-02T00:00:00,0.3732
FUND10,2024-12-03T00:00:00,-0.0185
FUND10,2024-12-04T00:00:00,-0.0821
FUND10,2024-12-05T00:00:00,-0.1634
FUND10,2024-12-06T00:00:00,-0.3124
FUND10,2024-12-09T00:00:00,-0.4527
FUND10,2024-12-10T00:00:00,0.0512
FUND10,2024-12-11T00:00:00,0.0036
FUND10,2024-12-12T00:00:00,0.2089
FUND10,2024-12-13T00:00:00,0.5177
FUND10,2024-12-16T00:00:00,0.7472
FUND10,2024-12-17T00:00:00,0.8072
FUND10,2024-12-18T00:00:00,0.8181
FUND10,2024-12-19T00:00:00,1.1192
FUND10,2024-12-20T00:00:00,1.3431
FUND10,2024-12-23T00:00:00,1.2008
FUND10,2024-12-24T00:00:00,0.9384
FUND10,2024-12-25T00:00:00,1.2042
FUND10,2024-12-26T00:00:00,1.254
FUND10,2024-12-27T00:00:00,0.8663
FUND10,2024-12-30T00:00:00,0.7877
FUND10,2024-12-31T00:00:00,0.6881
FUND10,2025-01-01T00:00:00,0.8393
FUND10,2025-01-02T00:00:00,1.0763
FUND10,2025-01-03T00:00:00,1.5594
FUND10,2025-01-06T00:00:00,2.2211
FUND10,2025-01-07T00:00:00,2.3736
FUND10,2025-01-08T00:00:00,2.7845
FUND10,2025-01-09T00:00:00,2.6979
FUND10,2025-01-10T00:00:00,2.3912
FUND10,2025-01-13T00:00:00,2.5816
FUND10,2025-01-14T00:00:00,2.5959
FUND10,2025-01-15T00:00:00,2.7679
FUND10,2025-01-16T00:00:00,3.2104
FUND10,2025-01-17T00:00:00,2.9025
FUND10,2025-01-20T00:00:00,2.7036
FUND10,2025-01-21T00:00:00,3.3802
FUND10,2025-01-22T00:00:00,3.3281
FUND10,2025-01-23T00:00:00,3.6413
FUND10,2025-01-24T00:00:00,3.303
FUND10,2025-01-27T00:00:00,3.3385
FUND10,2025-01-28T00:00:00,3.6002
FUND10,2025-01-29T00:00:00,3.5949
FUND10,2025-01-30T00:00:00,4.0099
FUND10,2025-01-31T00:00:00,3.9117
FUND10,2025-02-03T00:00:00,3.9211
FUND10,2025-02-04T00:00:00,4.1296
FUND10,2025-02-05T00:00:00,4.0466
FUND10,2025-02-06T00:00:00,3.6078
FUND10,2025-02-07T00:00:00,3.4292
FUND10,2025-02-10T00:00:00,3.426
FUND10,2025-02-11T00:00:00,3.3866
FUND10,2025-02-12T00:00:00,3.3005
FUND10,2025-02-13T00:00:00,2.8434
FUND10,2025-02-14T00:00:00,2.5349
FUND10,2025-02-17T00:00:00,2.6237
FUND10,2025-02-18T00:00:00,2.6227
FUND10,2025-02-19T00:00:00,2.8866
FUND10,2025-02-20T00:00:00,2.8427
FUND10,2025-02-21T00:00:00,2.5221
FUND10,2025-02-24T00:00:00,2.4293
FUND10,2025-02-25T00:00:00,2.2102
FUND10,2025-02-26T00:00:00,2.8347
FUND10,2025-02-27T00:00:00,2.7615
FUND10,2025-02-28T00:00:00,2.8822
FUND10,2025-03-03T00:00:00,3.2422
FUND10,2025-03-04T00:00:00,3.5442
FUND10,2025-03-05T00:00:00,3.3614
FUND10,2025-03-06T00:00:00,3.15
FUND10,2025-03-07T00:00:00,3.1194
FUND10,2025-03-10T00:00:00,2.7778
FUND10,2025-03-11T00:00:00,2.816
FUND10,2025-03-12T00:00:00,3.12
FUND10,2025-03-13T00:00:00,2.9052
FUND10,2025-03-14T00:00:00,2.7681
FUND10,2025-03-17T00:00:00,2.8949
FUND10,2025-03-18T00:00:00,3.2044
FUND10,2025-03-19T00:00:00,3.7003
FUND10,2025-03-20T00:00:00,3.9331
FUND10,2025-03-21T00:00:00,4.4062
FUND10,2025-03-24T00:00:00,4.5006
FUND10,2025-03-25T00:00:00,4.4083
FUND10,2025-03-26T00:00:00,4.2473
FUND10,2025-03-27T00:00:00,4.0612
FUND10,2025-03-28T00:00:00,4.2247
FUND10,2025-03-31T00:00:00,4.6225
FUND10,2025-04-01T00:00:00,4.3317
FUND10,2025-04-02T00:00:00,4.1397
FUND10,2025-04-03T00:00:00,4.4046
FUND10,2025-04-04T00:00:00,4.365
FUND10,2025-04-07T00:00:00,4.3847
FUND10,2025-04-08T00:00:00,4.5556
FUND10,2025-04-09T00:00:00,4.3248
FUND10,2025-04-10T00:00:00,4.3949
FUND10,2025-04-11T00:00:00,4.4967
FUND10,2025-04-14T00:00:00,4.3473
FUND10,2025-04-15T00:00:00,4.1634
FUND10,2025-04-16T00:00:00,4.1063
FUND10,2025-04-17T00:00:00,4.2785
FUND10,2025-04-18T00:00:00,3.8216
FUND10,2025-04-21T00:00:00,3.6924
FUND10,2025-04-22T00:00:00,3.8992
FUND10,2025-04-23T00:00:00,4.226
FUND10,2025-04-24T00:00:00,4.063
FUND10,2025-04-25T00:00:00,4.0909
FUND10,2025-04-28T00:00:00,3.853
FUND10,2025-04-29T00:00:00,4.3786
FUND10,2025-04-30T00:00:00,4.1279
FUND10,2025-05-01T00:00:00,3.7876
FUND10,2025-05-02T00:00:00,4.2347
FUND10,2025-05-05T00:00:00,4.567
FUND10,2025-05-06T00:00:00,4.6956
FUND10,2025-05-07T00:00:00,4.4643
FUND10,2025-05-08T00:00:00,4.447
FUND10,2025-05-09T00:00:00,4.2981
FUND10,2025-05-12T00:00:00,3.8517
FUND10,2025-05-13T00:00:00,4.1031
FUND10,2025-05-14T00:00:00,3.6985
FUND10,2025-05-15T00:00:00,4.0864
FUND10,2025-05-16T00:00:00,4.1975
FUND10,2025-05-19T00:00:00,4.5626
FUND10,2025-05-20T00:00:00,4.3816
FUND10,2025-05-21T00:00:00,4.7443
FUND10,2025-05-22T00:00:00,4.9511
FUND10,2025-05-23T00:00:00,4.9654
FUND10,2025-05-26T00:00:00,4.9027
FUND10,2025-05-27T00:00:00,4.8382
FUND10,2025-05-28T00:00:00,4.7921
FUND10,2025-05-29T00:00:00,4.0245
FUND10,2025-05-30T00:00:00,3.7623
FUND10,2025-06-02T00:00:00,3.9151
FUND10,2025-06-03T00:00:00,3.6977
FUND10,2025-06-04T00:00:00,3.5902
FUND10,2025-06-05T00:00:00,3.6153
FUND10,2025-06-06T00:00:00,3.3157
FUND10,2025-06-09T00:00:00,3.1074
FUND10,2025-06-10T00:00:00,3.095
FUND10,2025-06-11T00:00:00,3.1286
FUND10,2025-06-12T00:00:00,3.4805
FUND10,2025-06-13T00:00:00,3.219
FUND10,2025-06-16T00:00:00,3.2772
FUND10,2025-06-17T00:00:00,2.7826
FUND10,2025-06-18T00:00:00,2.7103
FUND10,2025-06-19T00:00:00,2.9595
FUND10,2025-06-20T00:00:00,3.2176
FUND10,2025-06-23T00:00:00,3.2557
FUND10,2025-06-24T00:00:00,3.1149
FUND10,2025-06-25T00:00:00,2.7663
FUND10,2025-06-26T00:00:00,2.4107
FUND10,2025-06-27T00:00:00,2.5568
FUND10,2025-06-30T00:00:00,2.5623
FUND10,2025-07-01T00:00:00,2.6423
FUND10,2025-07-02T00:00:00,2.2281
FUND10,2025-07-03T00:00:00,2.2563
FUND10,2025-07-04T00:00:00,2.2965
FUND10,2025-07-07T00:00:00,2.2557
FUND10,2025-07-08T00:00:00,1.9483
FUND10,2025-07-09T00:00:00,1.7282
FUND10,2025-07-10T00:00:00,1.6793
FUND10,2025-07-11T00:00:00,1.6352
FUND10,2025-07-14T00:00:00,1.6077
FUND10,2025-07-15T00:00:00,1.7321
FUND10,2025-07-16T00:00:00,1.5821
FUND10,2025-07-17T00:00:00,1.5283
FUND10,2025-07-18T00:00:00,1.4344
FUND10,2025-07-21T00:00:00,1.5392
FUND10,2025-07-22T00:00:00,1.6168
FUND10,2025-07-23T00:00:00,1.2665
FUND10,2025-07-24T00:00:00,1.1237
FUND10,2025-07-25T00:00:00,1.1736
FUND10,2025-07-28T00:00:00,0.6685
FUND10,2025-07-29T00:00:00,0.5435
FUND10,2025-07-30T00:00:00,0.4046
FUND10,2025-07-31T00:00:00,0.6582
FUND10,2025-08-01T00:00:00,0.5101
FUND10,2025-08-04T00:00:00,0.1142
FUND10,2025-08-05T00:00:00,0.0094
FUND10,2025-08-06T00:00:00,0.0129
FUND10,2025-08-07T00:00:00,-0.2312
FUND10,2025-08-08T00:00:00,-0.341
FUND10,2025-08-11T00:00:00,-0.4402
FUND10,2025-08-12T00:00:00,-0.6689
FUND10,2025-08-13T00:00:00,-0.5953
FUND10,2025-08-14T00:00:00,-0.4143
FUND10,2025-08-15T00:00:00,-0.4046
FUND10,2025-08-18T00:00:00,-0.5533
FUND10,2025-08-19T00:00:00,-0.665
FUND10,2025-08-20T00:00:00,-0.6929
FUND10,2025-08-21T00:00:00,-0.8775
FUND10,2025-08-22T00:00:00,-0.4521
FUND10,2025-08-25T00:00:00,-0.3823
FUND10,2025-08-26T00:00:00,-0.5127
FUND10,2025-08-27T00:00:00,-0.4149
FUND10,2025-08-28T00:00:00,-0.6142
FUND10,2025-08-29T00:00:00,-1.0066
FUND10,2025-09-01T00:00:00,-0.9359
FUND10,2025-09-02T00:00:00,-1.135
FUND10,2025-09-03T00:00:00,-1.2049
FUND10,2025-09-04T00:00:00,-0.9468
FUND10,2025-09-05T00:00:00,-1.1479
FUND10,2025-09-08T00:00:00,-1.4582
FUND10,2025-09-09T00:00:00,-1.636
FUND10,2025-09-10T00:00:00,-1.6635
FUND10,2025-09-11T00:00:00,-1.6538
FUND10,2025-09-12T00:00:00,-1.64
FUND10,2025-09-15T00:00:00,-1.6433
FUND10,2025-09-16T00:00:00,-2.2545
FUND10,2025-09-17T00:00:00,-1.7458
FUND10,2025-09-18T00:00:00,-1.3831
FUND10,2025-09-19T00:00:00,-1.3859
FUND10,2025-09-22T00:00:00,-1.4297
FUND10,2025-09-23T00:00:00,-1.6553
FUND10,2025-09-24T00:00:00,-1.9064
FUND10,2025-09-25T00:00:00,-2.2881
FUND10,2025-09-26T00:00:00,-2.4247
FUND10,2025-09-29T00:00:00,-1.9468
FUND10,2025-09-30T00:00:00,-1.7864
FUND10,2025-10-01T00:00:00,-2.0838
FUND10,2025-10-02T00:00:00,-1.919
FUND10,2025-10-03T00:00:00,-1.5048
FUND10,2025-10-06T00:00:00,-1.6207
FUND10,2025-10-07T00:00:00,-1.8439
FUND10,2025-10-08T00:00:00,-2.037
FUND10,2025-10-09T00:00:00,-1.9842
FUND10,2025-10-10T00:00:00,-1.5838
FUND10,2025-10-13T00:00:00,-1.3578
FUND10,2025-10-14T00:00:00,-1.2851
FUND10,2025-10-15T00:00:00,-1.0223
FUND10,2025-10-16T00:00:00,-1.3313
FUND10,2025-10-17T00:00:00,-0.9695
FUND10,2025-10-20T00:00:00,-1.2025
FUND10,2025-10-21T00:00:00,-1.1275
FUND10,2025-10-22T00:00:00,-1.2619
FUND10,2025-10-23T00:00:00,-1.3748
FUND10,2025-10-24T00:00:00,-1.5256
FUND10,2025-10-27T00:00:00,-1.7847
FUND10,2025-10-28T00:00:00,-1.6212
FUND10,2025-10-29T00:00:00,-1.2462
FUND10,2025-10-30T00:00:00,-0.9971
FUND10,2025-10-31T00:00:00,-1.0986
FUND10,2025-11-03T00:00:00,-1.1821
FUND10,2025-11-04T00:00:00,-0.9389
FUND10,2025-11-05T00:00:00,-0.9057
FUND10,2025-11-06T00:00:00,-0.7313
FUND10,2025-11-07T00:00:00,-0.3441
FUND10,2025-11-10T00:00:00,-0.1871
FUND10,2025-11-11T00:00:00,0.2281
FUND10,2025-11-12T00:00:00,0.513
FUND10,2025-11-13T00:00:00,0.735
FUND10,2025-11-14T00:00:00,0.5896
FUND10,2025-11-17T00:00:00,0.684
FUND10,2025-11-18T00:00:00,0.5861
FUND10,2025-11-19T00:00:00,0.3691
FUND10,2025-11-20T00:00:00,0.5654
FUND10,2025-11-21T00:00:00,0.3895
FUND10,2025-11-24T00:00:00,0.2378
FUND11,2023-05-08T00:00:00,1.2747
FUND11,2023-05-09T00:00:00,1.3096
FUND11,2023-05-10T00:00:00,1.5426
FUND11,2023-05-11T00:00:00,1.7198
FUND11,2023-05-12T00:00:00,2.2339
FUND11,2023-05-15T00:00:00,2.648
FUND11,2023-05-16T00:00:00,2.4423
FUND11,2023-05-17T00:00:00,2.6165
FUND11,2023-05-18T00:00:00,2.7964
FUND11,2023-05-19T00:00:00,2.8561
FUND11,2023-05-22T00:00:00,2.7547
FUND11,2023-05-23T00:00:00,2.6949
FUND11,2023-05-24T00:00:00,2.7803
FUND11,2023-05-25T00:00:00,2.5533
FUND11,2023-05-26T00:00:00,2.2636
FUND11,2023-05-29T00:00:00,2.4904
FUND11,2023-05-30T00:00:00,2.4316
FUND11,2023-05-31T00:00:00,2.1612
FUND11,2023-06-01T00:00:00,2.0095
FUND11,2023-06-02T00:00:00,1.9633
FUND11,2023-06-05T00:00:00,2.2065
FUND11,2023-06-06T00:00:00,2.1194
FUND11,2023-06-07T00:00:00,1.7668
FUND11,2023-06-08T00:00:00,1.3704
FUND11,2023-06-09T00:00:00,1.5884
FUND11,2023-06-12T00:00:00,1.5574
FUND11,2023-06-13T00:00:00,1.6144
FUND11,2023-06-14T00:00:00,2.0375
FUND11,2023-06-15T00:00:00,2.0445
FUND11,2023-06-16T00:00:00,2.1958
FUND11,2023-06-19T00:00:00,2.1014
FUND11,2023-06-20T00:00:00,1.7416
FUND11,2023-06-21T00:00:00,1.9061
FUND11,2023-06-22T00:00:00,1.8625
FUND11,2023-06-23T00:00:00,1.6471
FUND11,2023-06-26T00:00:00,1.7082
FUND11,2023-06-27T00:00:00,1.7194
FUND11,2023-06-28T00:00:00,1.7538
FUND11,2023-06-29T00:00:00,1.474
FUND11,2023-06-30T00:00:00,1.2961
FUND11,2023-07-03T00:00:00,1.308
FUND11,2023-07-04T00:00:00,1.3537
FUND11,2023-07-05T00:00:00,1.6283
FUND11,2023-07-06T00:00:00,1.563
FUND11,2023-07-07T00:00:00,1.7595
FUND11,2023-07-10T00:00:00,1.6083
FUND11,2023-07-11T00:00:00,1.2889
FUND11,2023-07-12T00:00:00,1.0419
FUND11,2023-07-13T00:00:00,1.4154
FUND11,2023-07-14T00:00:00,1.1749
FUND11,2023-07-17T00:00:00,1.0995
FUND11,2023-07-18T00:00:00,0.7009
FUND11,2023-07-19T00:00:00,0.5491
FUND11,2023-07-20T00:00:00,0.5924
FUND11,2023-07-21T00:00:00,0.8643
FUND11,2023-07-24T00:00:00,0.6905
FUND11,2023-07-25T00:00:00,1.1324
FUND11,2023-07-26T00:00:00,0.8835
FUND11,2023-07-27T00:00:00,0.8948
FUND11,2023-07-28T00:00:00,0.9568
FUND11,2023-07-31T00:00:00,1.2292
FUND11,2023-08-01T00:00:00,1.4424
FUND11,2023-08-02T00:00:00,1.0207
FUND11,2023-08-03T00:00:00,0.9315
FUND11,2023-08-04T00:00:00,1.1429
FUND11,2023-08-07T00:00:00,1.1659
FUND11,2023-08-08T00:00:00,1.1404
FUND11,2023-08-09T00:00:00,1.1769
FUND11,2023-08-10T00:00:00,1.6503
FUND11,2023-08-11T00:00:00,1.6473
FUND11,2023-08-14T00:00:00,1.6389
FUND11,2023-08-15T00:00:00,1.4291
FUND11,2023-08-16T00:00:00,1.2999
FUND11,2023-08-17T00:00:00,1.6283
FUND11,2023-08-18T00:00:00,2.179
FUND11,2023-08-21T00:00:00,2.1759
FUND11,2023-08-22T00:00:00,1.9692
FUND11,2023-08-23T00:00:00,1.7225
FUND11,2023-08-24T00:00:00,2.1766
FUND11,2023-08-25T00:00:00,2.132
FUND11,2023-08-28T00:00:00,2.1934
FUND11,2023-08-29T00:00:00,1.8243
FUND11,2023-08-30T00:00:00,1.9054
FUND11,2023-08-31T00:00:00,1.8269
FUND11,2023-09-01T00:00:00,2.032
FUND11,2023-09-04T00:00:00,1.8362
FUND11,2023-09-05T00:00:00,1.8598
FUND11,2023-09-06T00:00:00,2.3704
FUND11,2023-09-07T00:00:00,2.2482
FUND11,2023-09-08T00:00:00,2.0553
FUND11,2023-09-11T00:00:00,1.9327
FUND11,2023-09-12T00:00:00,1.6513
FUND11,2023-09-13T00:00:00,1.5208
FUND11,2023-09-14T00:00:00,1.5775
FUND11,2023-09-15T00:00:00,1.3577
FUND11,2023-09-18T00:00:00,1.3176
FUND11,2023-09-19T00:00:00,0.9127
FUND11,2023-09-20T00:00:00,0.3923
FUND11,2023-09-21T00:00:00,0.5844
FUND11,2023-09-22T00:00:00,0.5014
FUND11,2023-09-25T00:00:00,0.928
FUND11,2023-09-26T00:00:00,0.8887
FUND11,2023-09-27T00:00:00,1.214
FUND11,2023-09-28T00:00:00,1.9
FUND11,2023-09-29T00:00:00,1.6622
FUND11,2023-10-02T00:00:00,1.1474
FUND11,2023-10-03T00:00:00,0.9478
FUND11,2023-10-04T00:00:00,0.8286
FUND11,2023-10-05T00:00:00,0.9987
FUND11,2023-10-06T00:00:00,0.9458
FUND11,2023-10-09T00:00:00,0.6879
FUND11,2023-10-10T00:00:00,0.9754
FUND11,2023-10-11T00:00:00,1.0884
FUND11,2023-10-12T00:00:00,1.194
FUND11,2023-10-13T00:00:00,1.118
FUND11,2023-10-16T00:00:00,0.8611
FUND11,2023-10-17T00:00:00,0.7163
FUND11,2023-10-18T00:00:00,0.5083
FUND11,2023-10-19T00:00:00,0.1469
FUND11,2023-10-20T00:00:00,-0.2019
FUND11,2023-10-23T00:00:00,-0.3461
FUND11,2023-10-24T00:00:00,-0.3549
FUND11,2023-10-25T00:00:00,-0.87
FUND11,2023-10-26T00:00:00,-1.1393
FUND11,2023-10-27T00:00:00,-1.0544
FUND11,2023-10-30T00:00:00,-1.0192
FUND11,2023-10-31T00:00:00,-0.8445
FUND11,2023-11-01T00:00:00,-0.9775
FUND11,2023-11-02T00:00:00,-1.0219
FUND11,2023-11-03T00:00:00,-1.0497
FUND11,2023-11-06T00:00:00,-1.1885
FUND11,2023-11-07T00:00:00,-1.3688
FUND11,2023-11-08T00:00:00,-1.479
FUND11,2023-11-09T00:00:00,-1.4182
FUND11,2023-11-10T00:00:00,-1.2945
FUND11,2023-11-13T00:00:00,-1.0915
FUND11,2023-11-14T00:00:00,-0.5895
FUND11,2023-11-15T00:00:00,-0.201
FUND11,2023-11-16T00:00:00,-0.6174
FUND11,2023-11-17T00:00:00,-0.6286
FUND11,2023-11-20T00:00:00,-0.5644
FUND11,2023-11-21T00:00:00,-0.3712
FUND11,2023-11-22T00:00:00,-0.3018
FUND11,2023-11-23T00:00:00,-0.1522
FUND11,2023-11-24T00:00:00,-0.1542
FUND11,2023-11-27T00:00:00,-0.3614
FUND11,2023-11-28T00:00:00,-0.1599
FUND11,2023-11-29T00:00:00,0.0882
FUND11,2023-11-30T00:00:00,-0.0679
FUND11,2023-12-01T00:00:00,0.0388
FUND11,2023-12-04T00:00:00,0.1201
FUND11,2023-12-05T00:00:00,-0.0777
FUND11,2023-12-06T00:00:00,0.3943
FUND11,2023-12-07T00:00:00,0.3639
FUND11,2023-12-08T00:00:00,0.6347
FUND11,2023-12-11T00:00:00,0.3943
FUND11,2023-12-12T00:00:00,0.4571
FUND11,2023-12-13T00:00:00,0.8209
FUND11,2023-12-14T00:00:00,0.5539
FUND11,2023-12-15T00:00:00,0.5286
FUND11,2023-12-18T00:00:00,0.3648
FUND11,2023-12-19T00:00:00,0.5596
FUND11,2023-12-20T00:00:00,0.4532
FUND11,2023-12-21T00:00:00,0.3057
FUND11,2023-12-22T00:00:00,0.2308
FUND11,2023-12-25T00:00:00,0.0854
FUND11,2023-12-26T00:00:00,0.2777
FUND11,2023-12-27T00:00:00,0.5472
FUND11,2023-12-28T00:00:00,0.5632
FUND11,2023-12-29T00:00:00,0.4486
FUND11,2024-01-01T00:00:00,0.559
FUND11,2024-01-02T00:00:00,0.7165
FUND11,2024-01-03T00:00:00,0.8697
FUND11,2024-01-04T00:00:00,0.3598
FUND11,2024-01-05T00:00:00,0.287
FUND11,2024-01-08T00:00:00,0.2037
FUND11,2024-01-09T00:00:00,0.249
FUND11,2024-01-10T00:00:00,-0.0495
FUND11,2024-01-11T00:00:00,-0.0114
FUND11,2024-01-12T00:00:00,-0.1522
FUND11,2024-01-15T00:00:00,-0.1929
FUND11,2024-01-16T00:00:00,0.148
FUND11,2024-01-17T00:00:00,0.1504
FUND11,2024-01-18T00:00:00,0.2834
FUND11,2024-01-19T00:00:00,0.1661
FUND11,2024-01-22T00:00:00,-0.0762
FUND11,2024-01-23T00:00:00,0.3411
FUND11,2024-01-24T00:00:00,0.5696
FUND11,2024-01-25T00:00:00,0.5694
FUND11,2024-01-26T00:00:00,0.4088
FUND11,2024-01-29T00:00:00,0.1611
FUND11,2024-01-30T00:00:00,0.3504
FUND11,2024-01-31T00:00:00,-0.1583
FUND11,2024-02-01T00:00:00,-0.5848
FUND11,2024-02-02T00:00:00,-0.1447
FUND11,2024-02-05T00:00:00,-0.18
FUND11,2024-02-06T00:00:00,-0.0752
FUND11,2024-02-07T00:00:00,0.1604
FUND11,2024-02-08T00:00:00,-0.4106
FUND11,2024-02-09T00:00:00,-0.101
FUND11,2024-02-12T00:00:00,0.0568
FUND11,2024-02-13T00:00:00,-0.5982
FUND11,2024-02-14T00:00:00,-0.8115
FUND11,2024-02-15T00:00:00,-0.7639
FUND11,2024-02-16T00:00:00,-0.917
FUND11,2024-02-19T00:00:00,-0.8884
FUND11,2024-02-20T00:00:00,-0.9553
FUND11,2024-02-21T00:00:00,-1.1412
FUND11,2024-02-22T00:00:00,-1.1628
FUND11,2024-02-23T00:00:00,-0.8794
FUND11,2024-02-26T00:00:00,-0.6995
FUND11,2024-02-27T00:00:00,-0.5494
FUND11,2024-02-28T00:00:00,-0.1835
FUND11,2024-02-29T00:00:00,0.1471
FUND11,2024-03-01T00:00:00,0.1289
FUND11,2024-03-04T00:00:00,-0.1179
FUND11,2024-03-05T00:00:00,-0.5743
FUND11,2024-03-06T00:00:00,-0.4727
FUND11,2024-03-07T00:00:00,-0.8725
FUND11,2024-03-08T00:00:00,-0.5336
FUND11,2024-03-11T00:00:00,0.0029
FUND11,2024-03-12T00:00:00,-0.1346
FUND11,2024-03-13T00:00:00,-0.1754
FUND11,2024-03-14T00:00:00,-0.1312
FUND11,2024-03-15T00:00:00,-0.3609
FUND11,2024-03-18T00:00:00,-0.6537
FUND11,2024-03-19T00:00:00,-1.1442
FUND11,2024-03-20T00:00:00,-1.2204
FUND11,2024-03-21T00:00:00,-0.6863
FUND11,2024-03-22T00:00:00,-0.5098
FUND11,2024-03-25T00:00:00,-0.6159
FUND11,2024-03-26T00:00:00,-0.4941
FUND11,2024-03-27T00:00:00,-0.5828
FUND11,2024-03-28T00:00:00,-0.8158
FUND11,2024-03-29T00:00:00,-0.5486
FUND11,2024-04-01T00:00:00,-0.476
FUND11,2024-04-02T00:00:00,-0.9991
FUND11,2024-04-03T00:00:00,-0.9724
FUND11,2024-04-04T00:00:00,-1.0769
FUND11,2024-04-05T00:00:00,-1.3893
FUND11,2024-04-08T00:00:00,-1.7414
FUND11,2024-04-09T00:00:00,-1.9268
FUND11,2024-04-10T00:00:00,-1.9519
FUND11,2024-04-11T00:00:00,-2.3606
FUND11,2024-04-12T00:00:00,-2.2237
FUND11,2024-04-15T00:00:00,-1.9921
FUND11,2024-04-16T00:00:00,-2.1815
FUND11,2024-04-17T00:00:00,-2.7218
FUND11,2024-04-18T00:00:00,-2.7605
FUND11,2024-04-19T00:00:00,-2.7633
FUND11,2024-04-22T00:00:00,-2.6564
FUND11,2024-04-23T00:00:00,-2.5407
FUND11,2024-04-24T00:00:00,-2.5826
FUND11,2024-04-25T00:00:00,-2.7205
FUND11,2024-04-26T00:00:00,-3.0907
FUND11,2024-04-29T00:00:00,-3.2837
FUND11,2024-04-30T00:00:00,-3.3708
FUND11,2024-05-01T00:00:00,-3.7026
FUND11,2024-05-02T00:00:00,-3.7543
FUND11,2024-05-03T00:00:00,-4.1065
FUND11,2024-05-06T00:00:00,-4.1716
FUND11,2024-05-07T00:00:00,-4.4353
FUND11,2024-05-08T00:00:00,-4.9959
FUND11,2024-05-09T00:00:00,-4.8958
FUND11,2024-05-10T00:00:00,-5.0279
FUND11,2024-05-13T00:00:00,-5.137
FUND11,2024-05-14T00:00:00,-5.3713
FUND11,2024-05-15T00:00:00,-4.9984
FUND11,2024-05-16T00:00:00,-4.9741
FUND11,2024-05-17T00:00:00,-4.6353
FUND11,2024-05-20T00:00:00,-4.3537
FUND11,2024-05-21T00:00:00,-4.5626
FUND11,2024-05-22T00:00:00,-4.6337
FUND11,2024-05-23T00:00:00,-4.7586
FUND11,2024-05-24T00:00:00,-4.9253
FUND11,2024-05-27T00:00:00,-4.5591
FUND11,2024-05-28T00:00:00,-4.5875
FUND11,2024-05-29T00:00:00,-4.5923
FUND11,2024-05-30T00:00:00,-5.0177
FUND11,2024-05-31T00:00:00,-5.1987
FUND11,2024-06-03T00:00:00,-5.3802
FUND11,2024-06-04T00:00:00,-5.5035
FUND11,2024-06-05T00:00:00,-5.254
FUND11,2024-06-06T00:00:00,-5.5468
FUND11,2024-06-07T00:00:00,-5.7003
FUND11,2024-06-10T00:00:00,-5.3129
FUND11,2024-06-11T00:00:00,-4.8449
FUND11,2024-06-12T00:00:00,-4.8368
FUND11,2024-06-13T00:00:00,-4.528
FUND11,2024-06-14T00:00:00,-4.8452
FUND11,2024-06-17T00:00:00,-4.9489
FUND11,2024-06-18T00:00:00,-4.8373
FUND11,2024-06-19T00:00:00,-4.9099
FUND11,2024-06-20T00:00:00,-5.0678
FUND11,2024-06-21T00:00:00,-4.9421
FUND11,2024-06-24T00:00:00,-4.6082
FUND11,2024-06-25T00:00:00,-4.4612
FUND11,2024-06-26T00:00:00,-4.631
FUND11,2024-06-27T00:00:00,-4.231
FUND11,2024-06-28T00:00:00,-3.8897
FUND11,2024-07-01T00:00:00,-4.2523
FUND11,2024-07-02T00:00:00,-4.1842
FUND11,2024-07-03T00:00:00,-4.0567
FUND11,2024-07-04T00:00:00,-4.0149
FUND11,2024-07-05T00:00:00,-3.8848
FUND11,2024-07-08T00:00:00,-3.5785
FUND11,2024-07-09T00:00:00,-3.3554
FUND11,2024-07-10T00:00:00,-2.8888
FUND11,2024-07-11T00:00:00,-2.7506
FUND11,2024-07-12T00:00:00,-2.6286
FUND11,2024-07-15T00:00:00,-3.4063
FUND11,2024-07-16T00:00:00,-3.4688
FUND11,2024-07-17T00:00:00,-3.2495
FUND11,2024-07-18T00:00:00,-3.273
FUND11,2024-07-19T00:00:00,-3.2309
FUND11,2024-07-22T00:00:00,-2.9498
FUND11,2024-07-23T00:00:00,-3.0321
FUND11,2024-07-24T00:00:00,-2.8366
FUND11,2024-07-25T00:00:00,-3.2413
FUND11,2024-07-26T00:00:00,-3.1212
FUND11,2024-07-29T00:00:00,-2.9641
FUND11,2024-07-30T00:00:00,-2.8786
FUND11,2024-07-31T00:00:00,-2.758
FUND11,2024-08-01T00:00:00,-2.8352
FUND11,2024-08-02T00:00:00,-3.469
FUND11,2024-08-05T00:00:00,-3.5569
FUND11,2024-08-06T00:00:00,-3.1762
FUND11,2024-08-07T00:00:00,-3.0327
FUND11,2024-08-08T00:00:00,-2.6709
FUND11,2024-08-09T00:00:00,-2.4387
FUND11,2024-08-12T00:00:00,-1.9076
FUND11,2024-08-13T00:00:00,-1.6449
FUND11,2024-08-14T00:00:00,-1.4484
FUND11,2024-08-15T00:00:00,-1.4042
FUND11,2024-08-16T00:00:00,-1.8327
FUND11,2024-08-19T00:00:00,-1.7373
FUND11,2024-08-20T00:00:00,-1.8012
FUND11,2024-08-21T00:00:00,-1.341
FUND11,2024-08-22T00:00:00,-0.9337
FUND11,2024-08-23T00:00:00,-0.7147
FUND11,2024-08-26T00:00:00,-0.4663
FUND11,2024-08-27T00:00:00,-0.7411
FUND11,2024-08-28T00:00:00,-0.7289
FUND11,2024-08-29T00:00:00,-0.5746
FUND11,2024-08-30T00:00:00,-0.344
FUND11,2024-09-02T00:00:00,0.0256
FUND11,2024-09-03T00:00:00,0.1629
FUND11,2024-09-04T00:00:00,0.2955
FUND11,2024-09-05T00:00:00,0.1761
FUND11,2024-09-06T00:00:00,0.1593
FUND11,2024-09-09T00:00:00,0.0823
FUND11,2024-09-10T00:00:00,0.1076
FUND11,2024-09-11T00:00:00,0.1467
FUND11,2024-09-12T00:00:00,0.1301
FUND11,2024-09-13T00:00:00,0.1913
FUND11,2024-09-16T00:00:00,0.4588
FUND11,2024-09-17T00:00:00,0.8156
FUND11,2024-09-18T00:00:00,0.5149
FUND11,2024-09-19T00:00:00,0.3308
FUND11,2024-09-20T00:00:00,0.0177
FUND11,2024-09-23T00:00:00,-0.4019
FUND11,2024-09-24T00:00:00,-0.324
FUND11,2024-09-25T00:00:00,-0.0251
FUND11,2024-09-26T00:00:00,0.3255
FUND11,2024-09-27T00:00:00,0.9005
FUND11,2024-09-30T00:00:00,0.647
FUND11,2024-10-01T00:00:00,0.8086
FUND11,2024-10-02T00:00:00,0.8958
FUND11,2024-10-03T00:00:00,1.359
FUND11,2024-10-04T00:00:00,1.6702
FUND11,2024-10-07T00:00:00,1.6383
FUND11,2024-10-08T00:00:00,1.7159
FUND11,2024-10-09T00:00:00,1.5833
FUND11,2024-10-10T00:00:00,1.9059
FUND11,2024-10-11T00:00:00,1.9733
FUND11,2024-10-14T00:00:00,1.8424
FUND11,2024-10-15T00:00:00,1.1751
FUND11,2024-10-16T00:00:00,1.363
FUND11,2024-10-17T00:00:00,1.6883
FUND11,2024-10-18T00:00:00,1.4765
FUND11,2024-10-21T00:00:00,1.7458
FUND11,2024-10-22T00:00:00,1.6469
FUND11,2024-10-23T00:00:00,1.7862
FUND11,2024-10-24T00:00:00,1.8773
FUND11,2024-10-25T00:00:00,1.8346
FUND11,2024-10-28T00:00:00,1.7856
FUND11,2024-10-29T00:00:00,1.5966
FUND11,2024-10-30T00:00:00,1.6748
FUND11,2024-10-31T00:00:00,1.6348
FUND11,2024-11-01T00:00:00,1.1553
FUND11,2024-11-04T00:00:00,1.6519
FUND11,2024-11-05T00:00:00,1.7598
FUND11,2024-11-06T00:00:00,1.6584
FUND11,2024-11-07T00:00:00,1.8212
FUND11,2024-11-08T00:00:00,1.3751
FUND11,2024-11-11T00:00:00,1.044
FUND11,2024-11-12T00:00:00,1.148
FUND11,2024-11-13T00:00:00,0.9728
FUND11,2024-11-14T00:00:00,1.3434
FUND11,2024-11-15T00:00:00,1.3765
FUND11,2024-11-18T00:00:00,1.6309
FUND11,2024-11-19T00:00:00,1.9934
FUND11,2024-11-20T00:00:00,1.9302
FUND11,2024-11-21T00:00:00,1.5543
FUND11,2024-11-22T00:00:00,1.7943
FUND11,2024-11-25T00:00:00,1.7958
FUND11,2024-11-26T00:00:00,1.8994
FUND11,2024-11-27T00:00:00,1.628
FUND11,2024-11-28T00:00:00,2.1804
FUND11,2024-11-29T00:00:00,1.9842
FUND11,2024-12-02T00:00:00,1.9497
FUND11,2024-12-03T00:00:00,1.7962
FUND11,2024-12-04T00:00:00,1.7871
FUND11,2024-12-05T00:00:00,1.981
FUND11,2024-12-06T00:00:00,2.5496
FUND11,2024-12-09T00:00:00,2.7769
FUND11,2024-12-10T00:00:00,2.7497
FUND11,2024-12-11T00:00:00,2.7853
FUND11,2024-12-12T00:00:00,2.5634
FUND11,2024-12-13T00:00:00,2.4755
FUND11,2024-12-16T00:00:00,2.0847
FUND11,2024-12-17T00:00:00,1.7482
FUND11,2024-12-18T00:00:00,1.824
FUND11,2024-12-19T00:00:00,1.781
FUND11,2024-12-20T00:00:00,1.67
FUND11,2024-12-23T00:00:00,1.3782
FUND11,2024-12-24T00:00:00,1.4352
FUND11,2024-12-25T00:00:00,1.3733
FUND11,2024-12-26T00:00:00,1.0684
FUND11,2024-12-27T00:00:00,0.8988
FUND11,2024-12-30T00:00:00,0.5331
FUND11,2024-12-31T00:00:00,0.4525
FUND11,2025-01-01T00:00:00,0.6807
FUND11,2025-01-02T00:00:00,0.3963
FUND11,2025-01-03T00:00:00,0.5029
FUND11,2025-01-06T00:00:00,0.4677
FUND11,2025-01-07T00:00:00,0.3812
FUND11,2025-01-08T00:00:00,0.3107
FUND11,2025-01-09T00:00:00,0.3739
FUND11,2025-01-10T00:00:00,0.2315
FUND11,2025-01-13T00:00:00,0.1599
FUND11,2025-01-14T00:00:00,0.1362
FUND11,2025-01-15T00:00:00,0.186
FUND11,2025-01-16T00:00:00,0.6247
FUND11,2025-01-17T00:00:00,0.8741
FUND11,2025-01-20T00:00:00,0.5679
FUND11,2025-01-21T00:00:00,0.564
FUND11,2025-01-22T00:00:00,0.7137
FUND11,2025-01-23T00:00:00,0.5715
FUND11,2025-01-24T00:00:00,0.667
FUND11,2025-01-27T00:00:00,0.982
FUND11,2025-01-28T00:00:00,0.9369
FUND11,2025-01-29T00:00:00,0.5874
FUND11,2025-01-30T00:00:00,0.3361
FUND11,2025-01-31T00:00:00,0.0952
FUND11,2025-02-03T00:00:00,-0.0225
FUND11,2025-02-04T00:00:00,-0.2846
FUND11,2025-02-05T00:00:00,-0.3748
FUND11,2025-02-06T00:00:00,-0.8589
FUND11,2025-02-07T00:00:00,-0.8142
FUND11,2025-02-10T00:00:00,-0.8222
FUND11,2025-02-11T00:00:00,-0.9731
FUND11,2025-02-12T00:00:00,-0.5101
FUND11,2025-02-13T00:00:00,-0.517
FUND11,2025-02-14T00:00:00,-0.6506
FUND11,2025-02-17T00:00:00,-0.6043
FUND11,2025-02-18T00:00:00,-0.3298
FUND11,2025-02-19T00:00:00,-0.571
FUND11,2025-02-20T00:00:00,-1.2571
FUND11,2025-02-21T00:00:00,-1.3079
FUND11,2025-02-24T00:00:00,-1.6504
FUND11,2025-02-25T00:00:00,-1.5861
FUND11,2025-02-26T00:00:00,-1.7668
FUND11,2025-02-27T00:00:00,-1.0303
FUND11,2025-02-28T00:00:00,-0.6121
FUND11,2025-03-03T00:00:00,-0.2855
FUND11,2025-03-04T00:00:00,-0.1221
FUND11,2025-03-05T00:00:00,-0.2777
FUND11,2025-03-06T00:00:00,-0.3086
FUND11,2025-03-07T00:00:00,-0.3251
FUND11,2025-03-10T00:00:00,-0.5834
FUND11,2025-03-11T00:00:00,-0.9628
FUND11,2025-03-12T00:00:00,-0.7278
FUND11,2025-03-13T00:00:00,-0.9968
FUND11,2025-03-14T00:00:00,-0.6205
FUND11,2025-03-17T00:00:00,-0.6192
FUND11,2025-03-18T00:00:00,-0.7482
FUND11,2025-03-19T00:00:00,-1.2165
FUND11,2025-03-20T00:00:00,-1.4353
FUND11,2025-03-21T00:00:00,-1.6708
FUND11,2025-03-24T00:00:00,-1.6024
FUND11,2025-03-25T00:00:00,-1.8104
FUND11,2025-03-26T00:00:00,-1.9824
FUND11,2025-03-27T00:00:00,-1.7287
FUND11,2025-03-28T00:00:00,-1.6175
FUND11,2025-03-31T00:00:00,-1.7469
FUND11,2025-04-01T00:00:00,-1.3846
FUND11,2025-04-02T00:00:00,-1.6676
FUND11,2025-04-03T00:00:00,-2.181
FUND11,2025-04-04T00:00:00,-2.0744
FUND11,2025-04-07T00:00:00,-2.299
FUND11,2025-04-08T00:00:00,-2.5628
FUND11,2025-04-09T00:00:00,-2.5454
FUND11,2025-04-10T00:00:00,-2.913
FUND11,2025-04-11T00:00:00,-3.115
FUND11,2025-04-14T00:00:00,-3.0875
FUND11,2025-04-15T00:00:00,-3.2763
FUND11,2025-04-16T00:00:00,-3.5575
FUND11,2025-04-17T00:00:00,-3.4298
FUND11,2025-04-18T00:00:00,-3.4847
FUND11,2025-04-21T00:00:00,-3.1477
FUND11,2025-04-22T00:00:00,-2.6417
FUND11,2025-04-23T00:00:00,-3.1819
FUND11,2025-04-24T00:00:00,-3.2067
FUND11,2025-04-25T00:00:00,-2.8528
FUND11,2025-04-28T00:00:00,-2.913
FUND11,2025-04-29T00:00:00,-2.8299
FUND11,2025-04-30T00:00:00,-3.0131
FUND11,2025-05-01T00:00:00,-2.8095
FUND11,2025-05-02T00:00:00,-2.4356
FUND11,2025-05-05T00:00:00,-2.3303
FUND11,2025-05-06T00:00:00,-2.0765
FUND11,2025-05-07T00:00:00,-2.2241
FUND11,2025-05-08T00:00:00,-1.6998
FUND11,2025-05-09T00:00:00,-1.7158
FUND11,2025-05-12T00:00:00,-1.8229
FUND11,2025-05-13T00:00:00,-1.9194
FUND11,2025-05-14T00:00:00,-2.1603
FUND11,2025-05-15T00:00:00,-2.338
FUND11,2025-05-16T00:00:00,-2.3757
FUND11,2025-05-19T00:00:00,-2.1059
FUND11,2025-05-20T00:00:00,-1.6759
FUND11,2025-05-21T00:00:00,-1.7307
FUND11,2025-05-22T00:00:00,-1.8375
FUND11,2025-05-23T00:00:00,-1.9882
FUND11,2025-05-26T00:00:00,-1.9612
FUND11,2025-05-27T00:00:00,-1.9161
FUND11,2025-05-28T00:00:00,-1.9331
FUND11,2025-05-29T00:00:00,-1.1847
FUND11,2025-05-30T00:00:00,-0.9722
FUND11,2025-06-02T00:00:00,-1.2325
FUND11,2025-06-03T00:00:00,-1.3786
FUND11,2025-06-04T00:00:00,-1.0039
FUND11,2025-06-05T00:00:00,-1.2271
FUND11,2025-06-06T00:00:00,-1.316
FUND11,2025-06-09T00:00:00,-1.1179
FUND11,2025-06-10T00:00:00,-1.0196
FUND11,2025-06-11T00:00:00,-0.7684
FUND11,2025-06-12T00:00:00,-0.7625
FUND11,2025-06-13T00:00:00,-1.2156
FUND11,2025-06-16T00:00:00,-1.2178
FUND11,2025-06-17T00:00:00,-1.3576
FUND11,2025-06-18T00:00:00,-1.7514
FUND11,2025-06-19T00:00:00,-1.8887
FUND11,2025-06-20T00:00:00,-1.8663
FUND11,2025-06-23T00:00:00,-2.0753
FUND11,2025-06-24T00:00:00,-1.8516
FUND11,2025-06-25T00:00:00,-1.9591
FUND11,2025-06-26T00:00:00,-1.8604
FUND11,2025-06-27T00:00:00,-1.4054
FUND11,2025-06-30T00:00:00,-1.3974
FUND11,2025-07-01T00:00:00,-1.1511
FUND11,2025-07-02T00:00:00,-0.8306
FUND11,2025-07-03T00:00:00,-1.2158
FUND11,2025-07-04T00:00:00,-1.7371
FUND11,2025-07-07T00:00:00,-2.3534
FUND11,2025-07-08T00:00:00,-2.0662
FUND11,2025-07-09T00:00:00,-1.8617
FUND11,2025-07-10T00:00:00,-2.0736
FUND11,2025-07-11T00:00:00,-1.9688
FUND11,2025-07-14T00:00:00,-1.9317
FUND11,2025-07-15T00:00:00,-2.0513
FUND11,2025-07-16T00:00:00,-2.1261
FUND11,2025-07-17T00:00:00,-1.9229
FUND11,2025-07-18T00:00:00,-2.0829
FUND11,2025-07-21T00:00:00,-2.1185
FUND11,2025-07-22T00:00:00,-2.1528
FUND11,2025-07-23T00:00:00,-1.9145
FUND11,2025-07-24T00:00:00,-1.5294
FUND11,2025-07-25T00:00:00,-1.3356
FUND11,2025-07-28T00:00:00,-1.3751
FUND11,2025-07-29T00:00:00,-1.3975
FUND11,2025-07-30T00:00:00,-1.2292
FUND11,2025-07-31T00:00:00,-1.2718
FUND11,2025-08-01T00:00:00,-1.7077
FUND11,2025-08-04T00:00:00,-1.7533
FUND11,2025-08-05T00:00:00,-2.0043
FUND11,2025-08-06T00:00:00,-1.8099
FUND11,2025-08-07T00:00:00,-1.8779
FUND11,2025-08-08T00:00:00,-1.8591
FUND11,2025-08-11T00:00:00,-1.7135
FUND11,2025-08-12T00:00:00,-1.5762
FUND11,2025-08-13T00:00:00,-1.3655
FUND11,2025-08-14T00:00:00,-0.9874
FUND11,2025-08-15T00:00:00,-0.4818
FUND11,2025-08-18T00:00:00,-0.5342
FUND11,2025-08-19T00:00:00,-0.4012
FUND11,2025-08-20T00:00:00,-0.0915
FUND11,2025-08-21T00:00:00,-0.1044
FUND11,2025-08-22T00:00:00,0.2169
FUND11,2025-08-25T00:00:00,0.0554
FUND11,2025-08-26T00:00:00,-0.2316
FUND11,2025-08-27T00:00:00,0.1142
FUND11,2025-08-28T00:00:00,0.3473
FUND11,2025-08-29T00:00:00,0.3067
FUND11,2025-09-01T00:00:00,0.7118
FUND11,2025-09-02T00:00:00,0.8391
FUND11,2025-09-03T00:00:00,0.7752
FUND11,2025-09-04T00:00:00,0.8039
FUND11,2025-09-05T00:00:00,0.5816
FUND11,2025-09-08T00:00:00,0.4633
FUND11,2025-09-09T00:00:00,0.5315
FUND11,2025-09-10T00:00:00,0.1076
FUND11,2025-09-11T00:00:00,0.0229
FUND11,2025-09-12T00:00:00,0.1667
FUND11,2025-09-15T00:00:00,0.1894
FUND11,2025-09-16T00:00:00,0.4114
FUND11,2025-09-17T00:00:00,0.5645
FUND11,2025-09-18T00:00:00,0.8406
FUND11,2025-09-19T00:00:00,1.0829
FUND11,2025-09-22T00:00:00,0.6134
FUND11,2025-09-23T00:00:00,0.3558
FUND11,2025-09-24T00:00:00,0.5992
FUND11,2025-09-25T00:00:00,0.2372
FUND11,2025-09-26T00:00:00,0.3309
FUND11,2025-09-29T00:00:00,0.3525
FUND11,2025-09-30T00:00:00,0.1209
FUND11,2025-10-01T00:00:00,0.1098
FUND11,2025-10-02T00:00:00,-0.0992
FUND11,2025-10-03T00:00:00,-0.0673
FUND11,2025-10-06T00:00:00,0.0882
FUND11,2025-10-07T00:00:00,0.4106
FUND11,2025-10-08T00:00:00,0.0461
FUND11,2025-10-09T00:00:00,0.4258
FUND11,2025-10-10T00:00:00,0.7001
FUND11,2025-10-13T00:00:00,0.6069
FUND11,2025-10-14T00:00:00,0.6311
FUND11,2025-10-15T00:00:00,0.5901
FUND11,2025-10-16T00:00:00,0.9395
FUND11,2025-10-17T00:00:00,1.5896
FUND11,2025-10-20T00:00:00,1.8236
FUND11,2025-10-21T00:00:00,2.0477
FUND11,2025-10-22T00:00:00,1.8396
FUND11,2025-10-23T00:00:00,2.4418
FUND11,2025-10-24T00:00:00,2.5708
FUND11,2025-10-27T00:00:00,2.9404
FUND11,2025-10-28T00:00:00,2.7628
FUND11,2025-10-29T00:00:00,3.1909
FUND11,2025-10-30T00:00:00,3.1494
FUND11,2025-10-31T00:00:00,2.6451
FUND11,2025-11-03T00:00:00,2.9642
FUND11,2025-11-04T00:00:00,3.021
FUND11,2025-11-05T00:00:00,3.0993
FUND11,2025-11-06T00:00:00,2.9843
FUND11,2025-11-07T00:00:00,3.1703
FUND11,2025-11-10T00:00:00,3.5628
FUND11,2025-11-11T00:00:00,3.1166
FUND11,2025-11-12T00:00:00,2.7325
FUND11,2025-11-13T00:00:00,2.7091
FUND11,2025-11-14T00:00:00,2.6492
FUND11,2025-11-17T00:00:00,2.9437
FUND11,2025-11-18T00:00:00,3.7019
FUND11,2025-11-19T00:00:00,3.5739
FUND11,2025-11-20T00:00:00,3.4155
FUND11,2025-11-21T00:00:00,3.4865
FUND11,2025-11-24T00:00:00,3.6153
FUND12,2023-05-08T00:00:00,1.2971
FUND12,2023-05-09T00:00:00,1.1032
FUND12,2023-05-10T00:00:00,0.9455
FUND12,2023-05-11T00:00:00,0.8002
FUND12,2023-05-12T00:00:00,0.3985
FUND12,2023-05-15T00:00:00,0.2272
FUND12,2023-05-16T00:00:00,-0.0671
FUND12,2023-05-17T00:00:00,-0.3545
FUND12,2023-05-18T00:00:00,-0.6088
FUND12,2023-05-19T00:00:00,-0.5959
FUND12,2023-05-22T00:00:00,-0.6118
FUND12,2023-05-23T00:00:00,-0.6961
FUND12,2023-05-24T00:00:00,-1.1616
FUND12,2023-05-25T00:00:00,-1.4252
FUND12,2023-05-26T00:00:00,-1.4568
FUND12,2023-05-29T00:00:00,-1.6746
FUND12,2023-05-30T00:00:00,-1.5461
FUND12,2023-05-31T00:00:00,-1.5029
FUND12,2023-06-01T00:00:00,-1.3052
FUND12,2023-06-02T00:00:00,-1.0856
FUND12,2023-06-05T00:00:00,-1.1367
FUND12,2023-06-06T00:00:00,-1.1336
FUND12,2023-06-07T00:00:00,-1.1117
FUND12,2023-06-08T00:00:00,-0.9638
FUND12,2023-06-09T00:00:00,-1.1441
FUND12,2023-06-12T00:00:00,-0.9864
FUND12,2023-06-13T00:00:00,-0.86
FUND12,2023-06-14T00:00:00,-1.2788
FUND12,2023-06-15T00:00:00,-1.4519
FUND12,2023-06-16T00:00:00,-1.2758
FUND12,2023-06-19T00:00:00,-0.8169
FUND12,2023-06-20T00:00:00,-0.74
FUND12,2023-06-21T00:00:00,-0.6394
FUND12,2023-06-22T00:00:00,-0.689
FUND12,2023-06-23T00:00:00,-1.0923
FUND12,2023-06-26T00:00:00,-1.0524
FUND12,2023-06-27T00:00:00,-1.2434
FUND12,2023-06-28T00:00:00,-1.3021
FUND12,2023-06-29T00:00:00,-1.2257
FUND12,2023-06-30T00:00:00,-1.5074
FUND12,2023-07-03T00:00:00,-1.783
FUND12,2023-07-04T00:00:00,-1.8584
FUND12,2023-07-05T00:00:00,-2.0537
FUND12,2023-07-06T00:00:00,-2.0793
FUND12,2023-07-07T00:00:00,-2.1271
FUND12,2023-07-10T00:00:00,-2.316
FUND12,2023-07-11T00:00:00,-2.3568
FUND12,2023-07-12T00:00:00,-2.2531
FUND12,2023-07-13T00:00:00,-2.6963
FUND12,2023-07-14T00:00:00,-2.6786
FUND12,2023-07-17T00:00:00,-2.3945
FUND12,2023-07-18T00:00:00,-2.2445
FUND12,2023-07-19T00:00:00,-1.7744
FUND12,2023-07-20T00:00:00,-1.742
FUND12,2023-07-21T00:00:00,-1.9678
FUND12,2023-07-24T00:00:00,-1.5828
FUND12,2023-07-25T00:00:00,-1.525
FUND12,2023-07-26T00:00:00,-1.6953
FUND12,2023-07-27T00:00:00,-1.7362
FUND12,2023-07-28T00:00:00,-1.3641
FUND12,2023-07-31T00:00:00,-1.1868
FUND12,2023-08-01T00:00:00,-1.1374
FUND12,2023-08-02T00:00:00,-1.3409
FUND12,2023-08-03T00:00:00,-1.567
FUND12,2023-08-04T00:00:00,-1.7793
FUND12,2023-08-07T00:00:00,-1.5884
FUND12,2023-08-08T00:00:00,-2.0941
FUND12,2023-08-09T00:00:00,-1.8981
FUND12,2023-08-10T00:00:00,-1.6807
FUND12,2023-08-11T00:00:00,-1.5036
FUND12,2023-08-14T00:00:00,-1.6694
FUND12,2023-08-15T00:00:00,-1.3287
FUND12,2023-08-16T00:00:00,-1.1619
FUND12,2023-08-17T00:00:00,-1.6083
FUND12,2023-08-18T00:00:00,-1.5203
FUND12,2023-08-21T00:00:00,-1.2287
FUND12,2023-08-22T00:00:00,-0.9241
FUND12,2023-08-23T00:00:00,-0.8276
FUND12,2023-08-24T00:00:00,-1.0748
FUND12,2023-08-25T00:00:00,-0.6932
FUND12,2023-08-28T00:00:00,-0.7894
FUND12,2023-08-29T00:00:00,-1.0374
FUND12,2023-08-30T00:00:00,-1.3516
FUND12,2023-08-31T00:00:00,-1.3491
FUND12,2023-09-01T00:00:00,-1.2487
FUND12,2023-09-04T00:00:00,-1.3347
FUND12,2023-09-05T00:00:00,-1.7073
FUND12,2023-09-06T00:00:00,-1.5804
FUND12,2023-09-07T00:00:00,-1.4469
FUND12,2023-09-08T00:00:00,-1.1895
FUND12,2023-09-11T00:00:00,-1.2979
FUND12,2023-09-12T00:00:00,-0.9138
FUND12,2023-09-13T00:00:00,-0.553
FUND12,2023-09-14T00:00:00,-0.4923
FUND12,2023-09-15T00:00:00,-0.4361
FUND12,2023-09-18T00:00:00,-0.1278
FUND12,2023-09-19T00:00:00,0.0819
FUND12,2023-09-20T00:00:00,0.742
FUND12,2023-09-21T00:00:00,0.5788
FUND12,2023-09-22T00:00:00,1.0103
FUND12,2023-09-25T00:00:00,0.6865
FUND12,2023-09-26T00:00:00,0.3146
FUND12,2023-09-27T00:00:00,0.762
FUND12,2023-09-28T00:00:00,1.0185
FUND12,2023-09-29T00:00:00,1.2061
FUND12,2023-10-02T00:00:00,0.9632
FUND12,2023-10-03T00:00:00,1.1648
FUND12,2023-10-04T00:00:00,1.2817
FUND12,2023-10-05T00:00:00,1.1583
FUND12,2023-10-06T00:00:00,1.5429
FUND12,2023-10-09T00:00:00,2.252
FUND12,2023-10-10T00:00:00,1.7974
FUND12,2023-10-11T00:00:00,1.6916
FUND12,2023-10-12T00:00:00,1.8947
FUND12,2023-10-13T00:00:00,2.0179
FUND12,2023-10-16T00:00:00,2.1455
FUND12,2023-10-17T00:00:00,2.2631
FUND12,2023-10-18T00:00:00,2.2301
FUND12,2023-10-19T00:00:00,2.0798
FUND12,2023-10-20T00:00:00,1.9355
FUND12,2023-10-23T00:00:00,1.9393
FUND12,2023-10-24T00:00:00,2.0379
FUND12,2023-10-25T00:00:00,1.9265
FUND12,2023-10-26T00:00:00,1.8695
FUND12,2023-10-27T00:00:00,2.1701
FUND12,2023-10-30T00:00:00,2.1503
FUND12,2023-10-31T00:00:00,2.6763
FUND12,2023-11-01T00:00:00,2.6386
FUND12,2023-11-02T00:00:00,2.5202
FUND12,2023-11-03T00:00:00,2.7368
FUND12,2023-11-06T00:00:00,2.7957
FUND12,2023-11-07T00:00:00,2.8123
FUND12,2023-11-08T00:00:00,2.5913
FUND12,2023-11-09T00:00:00,2.7479
FUND12,2023-11-10T00:00:00,2.7091
FUND12,2023-11-13T00:00:00,2.5451
FUND12,2023-11-14T00:00:00,2.5127
FUND12,2023-11-15T00:00:00,2.6694
FUND12,2023-11-16T00:00:00,2.4936
FUND12,2023-11-17T00:00:00,2.4869
FUND12,2023-11-20T00:00:00,2.304
FUND12,2023-11-21T00:00:00,2.2939
FUND12,2023-11-22T00:00:00,2.1273
FUND12,2023-11-23T00:00:00,2.082
FUND12,2023-11-24T00:00:00,1.9156
FUND12,2023-11-27T00:00:00,1.8258
FUND12,2023-11-28T00:00:00,1.9311
FUND12,2023-11-29T00:00:00,1.7791
FUND12,2023-11-30T00:00:00,1.9023
FUND12,2023-12-01T00:00:00,1.7282
FUND12,2023-12-04T00:00:00,1.634
FUND12,2023-12-05T00:00:00,1.7013
FUND12,2023-12-06T00:00:00,1.7132
FUND12,2023-12-07T00:00:00,1.7596
FUND12,2023-12-08T00:00:00,2.0399
FUND12,2023-12-11T00:00:00,2.233
FUND12,2023-12-12T00:00:00,2.3757
FUND12,2023-12-13T00:00:00,2.2393
FUND12,2023-12-14T00:00:00,2.2272
FUND12,2023-12-15T00:00:00,2.1398
FUND12,2023-12-18T00:00:00,1.614
FUND12,2023-12-19T00:00:00,1.4581
FUND12,2023-12-20T00:00:00,1.3295
FUND12,2023-12-21T00:00:00,1.9734
FUND12,2023-12-22T00:00:00,1.7049
FUND12,2023-12-25T00:00:00,1.8238
FUND12,2023-12-26T00:00:00,1.9261
FUND12,2023-12-27T00:00:00,1.8626
FUND12,2023-12-28T00:00:00,1.8092
FUND12,2023-12-29T00:00:00,1.5391
FUND12,2024-01-01T00:00:00,1.5686
FUND12,2024-01-02T00:00:00,1.8916
FUND12,2024-01-03T00:00:00,2.1072
FUND12,2024-01-04T00:00:00,2.4569
FUND12,2024-01-05T00:00:00,2.5802
FUND12,2024-01-08T00:00:00,3.1547
FUND12,2024-01-09T00:00:00,3.8665
FUND12,2024-01-10T00:00:00,3.7167
FUND12,2024-01-11T00:00:00,3.7204
FUND12,2024-01-12T00:00:00,4.1123
FUND12,2024-01-15T00:00:00,4.1095
FUND12,2024-01-16T00:00:00,4.0212
FUND12,2024-01-17T00:00:00,3.7432
FUND12,2024-01-18T00:00:00,3.6793
FUND12,2024-01-19T00:00:00,3.968
FUND12,2024-01-22T00:00:00,3.251
FUND12,2024-01-23T00:00:00,3.3081
FUND12,2024-01-24T00:00:00,3.3111
FUND12,2024-01-25T00:00:00,3.7212
FUND12,2024-01-26T00:00:00,3.4417
FUND12,2024-01-29T00:00:00,3.3157
FUND12,2024-01-30T00:00:00,3.4863
FUND12,2024-01-31T00:00:00,3.7564
FUND12,2024-02-01T00:00:00,3.2944
FUND12,2024-02-02T00:00:00,3.5939
FUND12,2024-02-05T00:00:00,3.432
FUND12,2024-02-06T00:00:00,3.4575
FUND12,2024-02-07T00:00:00,3.1803
FUND12,2024-02-08T00:00:00,3.0987
FUND12,2024-02-09T00:00:00,2.4188
FUND12,2024-02-12T00:00:00,2.264
FUND12,2024-02-13T00:00:00,2.8363
FUND12,2024-02-14T00:00:00,3.0035
FUND12,2024-02-15T00:00:00,2.6346
FUND12,2024-02-16T00:00:00,2.7615
FUND12,2024-02-19T00:00:00,2.5617
FUND12,2024-02-20T00:00:00,2.4326
FUND12,2024-02-21T00:00:00,2.6301
FUND12,2024-02-22T00:00:00,2.952
FUND12,2024-02-23T00:00:00,3.0177
FUND12,2024-02-26T00:00:00,2.8783
FUND12,2024-02-27T00:00:00,2.5876
FUND12,2024-02-28T00:00:00,2.6665
FUND12,2024-02-29T00:00:00,2.5725
FUND12,2024-03-01T00:00:00,2.3867
FUND12,2024-03-04T00:00:00,1.9853
FUND12,2024-03-05T00:00:00,1.7369
FUND12,2024-03-06T00:00:00,1.7425
FUND12,2024-03-07T00:00:00,1.9802
FUND12,2024-03-08T00:00:00,1.6878
FUND12,2024-03-11T00:00:00,1.6728
FUND12,2024-03-12T00:00:00,1.457
FUND12,2024-03-13T00:00:00,1.5725
FUND12,2024-03-14T00:00:00,1.5995
FUND12,2024-03-15T00:00:00,1.7532
FUND12,2024-03-18T00:00:00,1.9537
FUND12,2024-03-19T00:00:00,1.937
FUND12,2024-03-20T00:00:00,1.3973
FUND12,2024-03-21T00:00:00,1.7145
FUND12,2024-03-22T00:00:00,1.5324
FUND12,2024-03-25T00:00:00,1.5225
FUND12,2024-03-26T00:00:00,1.1809
FUND12,2024-03-27T00:00:00,1.1712
FUND12,2024-03-28T00:00:00,1.1307
FUND12,2024-03-29T00:00:00,1.2097
FUND12,2024-04-01T00:00:00,0.9143
FUND12,2024-04-02T00:00:00,0.8919
FUND12,2024-04-03T00:00:00,0.9234
FUND12,2024-04-04T00:00:00,0.6652
FUND12,2024-04-05T00:00:00,0.6221
FUND12,2024-04-08T00:00:00,0.7861
FUND12,2024-04-09T00:00:00,0.8771
FUND12,2024-04-10T00:00:00,0.9316
FUND12,2024-04-11T00:00:00,0.914
FUND12,2024-04-12T00:00:00,0.813
FUND12,2024-04-15T00:00:00,0.1897
FUND12,2024-04-16T00:00:00,0.2905
FUND12,2024-04-17T00:00:00,0.4967
FUND12,2024-04-18T00:00:00,0.4642
FUND12,2024-04-19T00:00:00,0.4459
FUND12,2024-04-22T00:00:00,0.6473
FUND12,2024-04-23T00:00:00,0.9514
FUND12,2024-04-24T00:00:00,1.0457
FUND12,2024-04-25T00:00:00,0.8565
FUND12,2024-04-26T00:00:00,1.0
FUND12,2024-04-29T00:00:00,0.5459
FUND12,2024-04-30T00:00:00,0.6873
FUND12,2024-05-01T00:00:00,0.5337
FUND12,2024-05-02T00:00:00,0.4837
FUND12,2024-05-03T00:00:00,0.481
FUND12,2024-05-06T00:00:00,1.0645
FUND12,2024-05-07T00:00:00,0.9402
FUND12,2024-05-08T00:00:00,0.8001
FUND12,2024-05-09T00:00:00,0.471
FUND12,2024-05-10T00:00:00,0.4072
FUND12,2024-05-13T00:00:00,0.2166
FUND12,2024-05-14T00:00:00,0.2131
FUND12,2024-05-15T00:00:00,0.3142
FUND12,2024-05-16T00:00:00,0.5179
FUND12,2024-05-17T00:00:00,0.2146
FUND12,2024-05-20T00:00:00,0.1666
FUND12,2024-05-21T00:00:00,0.1134
FUND12,2024-05-22T00:00:00,0.2713
FUND12,2024-05-23T00:00:00,0.1382
FUND12,2024-05-24T00:00:00,0.0127
FUND12,2024-05-27T00:00:00,0.2648
FUND12,2024-05-28T00:00:00,0.015
FUND12,2024-05-29T00:00:00,-0.4583
FUND12,2024-05-30T00:00:00,-0.5247
FUND12,2024-05-31T00:00:00,-0.6816
FUND12,2024-06-03T00:00:00,-0.5739
FUND12,2024-06-04T00:00:00,-0.2725
FUND12,2024-06-05T00:00:00,-0.4313
FUND12,2024-06-06T00:00:00,-0.4673
FUND12,2024-06-07T00:00:00,-0.8539
FUND12,2024-06-10T00:00:00,-0.4408
FUND12,2024-06-11T00:00:00,-0.6465
FUND12,2024-06-12T00:00:00,-0.7009
FUND12,2024-06-13T00:00:00,-0.5373
FUND12,2024-06-14T00:00:00,-0.1606
FUND12,2024-06-17T00:00:00,-0.3047
FUND12,2024-06-18T00:00:00,-0.2726
FUND12,2024-06-19T00:00:00,-0.4132
FUND12,2024-06-20T00:00:00,-0.4127
FUND12,2024-06-21T00:00:00,-1.0338
FUND12,2024-06-24T00:00:00,-1.0529
FUND12,2024-06-25T00:00:00,-1.0426
FUND12,2024-06-26T00:00:00,-0.974
FUND12,2024-06-27T00:00:00,-1.1826
FUND12,2024-06-28T00:00:00,-1.1444
FUND12,2024-07-01T00:00:00,-1.4574
FUND12,2024-07-02T00:00:00,-0.9713
FUND12,2024-07-03T00:00:00,-0.8822
FUND12,2024-07-04T00:00:00,-0.6367
FUND12,2024-07-05T00:00:00,-0.4513
FUND12,2024-07-08T00:00:00,0.4146
FUND12,2024-07-09T00:00:00,0.3852
FUND12,2024-07-10T00:00:00,0.3899
FUND12,2024-07-11T00:00:00,0.0501
FUND12,2024-07-12T00:00:00,0.2006
FUND12,2024-07-15T00:00:00,0.263
FUND12,2024-07-16T00:00:00,0.2042
FUND12,2024-07-17T00:00:00,0.1913
FUND12,2024-07-18T00:00:00,0.0894
FUND12,2024-07-19T00:00:00,0.1745
FUND12,2024-07-22T00:00:00,-0.2596
FUND12,2024-07-23T00:00:00,-0.1588
FUND12,2024-07-24T00:00:00,0.199
FUND12,2024-07-25T00:00:00,0.1409
FUND12,2024-07-26T00:00:00,0.4595
FUND12,2024-07-29T00:00:00,0.7114
FUND12,2024-07-30T00:00:00,1.1966
FUND12,2024-07-31T00:00:00,1.7089
FUND12,2024-08-01T00:00:00,1.6233
FUND12,2024-08-02T00:00:00,1.782
FUND12,2024-08-05T00:00:00,2.0289
FUND12,2024-08-06T00:00:00,1.9828
FUND12,2024-08-07T00:00:00,1.7307
FUND12,2024-08-08T00:00:00,1.6897
FUND12,2024-08-09T00:00:00,1.4957
FUND12,2024-08-12T00:00:00,0.9836
FUND12,2024-08-13T00:00:00,0.6924
FUND12,2024-08-14T00:00:00,0.4293
FUND12,2024-08-15T00:00:00,0.5449
FUND12,2024-08-16T00:00:00,0.4107
FUND12,2024-08-19T00:00:00,0.8143
FUND12,2024-08-20T00:00:00,1.0971
FUND12,2024-08-21T00:00:00,0.8419
FUND12,2024-08-22T00:00:00,0.7764
FUND12,2024-08-23T00:00:00,0.6999
FUND12,2024-08-26T00:00:00,0.915
FUND12,2024-08-27T00:00:00,0.5944
FUND12,2024-08-28T00:00:00,0.5808
FUND12,2024-08-29T00:00:00,0.7535
FUND12,2024-08-30T00:00:00,0.8887
FUND12,2024-09-02T00:00:00,1.0568
FUND12,2024-09-03T00:00:00,1.1356
FUND12,2024-09-04T00:00:00,1.3389
FUND12,2024-09-05T00:00:00,1.3784
FUND12,2024-09-06T00:00:00,1.5605
FUND12,2024-09-09T00:00:00,1.1253
FUND12,2024-09-10T00:00:00,0.8493
FUND12,2024-09-11T00:00:00,0.9348
FUND12,2024-09-12T00:00:00,0.9231
FUND12,2024-09-13T00:00:00,1.0816
FUND12,2024-09-16T00:00:00,0.8293
FUND12,2024-09-17T00:00:00,0.6727
FUND12,2024-09-18T00:00:00,0.8066
FUND12,2024-09-19T00:00:00,0.5218
FUND12,2024-09-20T00:00:00,0.6396
FUND12,2024-09-23T00:00:00,0.8157
FUND12,2024-09-24T00:00:00,0.8632
FUND12,2024-09-25T00:00:00,0.7845
FUND12,2024-09-26T00:00:00,0.9355
FUND12,2024-09-27T00:00:00,1.6015
FUND12,2024-09-30T00:00:00,1.7639
FUND12,2024-10-01T00:00:00,2.1848
FUND12,2024-10-02T00:00:00,2.2144
FUND12,2024-10-03T00:00:00,2.2661
FUND12,2024-10-04T00:00:00,2.6408
FUND12,2024-10-07T00:00:00,2.372
FUND12,2024-10-08T00:00:00,1.9063
FUND12,2024-10-09T00:00:00,1.9604
FUND12,2024-10-10T00:00:00,2.5931
FUND12,2024-10-11T00:00:00,2.3674
FUND12,2024-10-14T00:00:00,2.5633
FUND12,2024-10-15T00:00:00,2.534
FUND12,2024-10-16T00:00:00,2.8433
FUND12,2024-10-17T00:00:00,3.0073
FUND12,2024-10-18T00:00:00,2.8897
FUND12,2024-10-21T00:00:00,3.1264
FUND12,2024-10-22T00:00:00,2.8375
FUND12,2024-10-23T00:00:00,2.7315
FUND12,2024-10-24T00:00:00,2.7559
FUND12,2024-10-25T00:00:00,3.5254
FUND12,2024-10-28T00:00:00,3.5119
FUND12,2024-10-29T00:00:00,3.7028
FUND12,2024-10-30T00:00:00,3.949
FUND12,2024-10-31T00:00:00,3.7876
FUND12,2024-11-01T00:00:00,3.8499
FUND12,2024-11-04T00:00:00,4.0434
FUND12,2024-11-05T00:00:00,3.4403
FUND12,2024-11-06T00:00:00,3.2916
FUND12,2024-11-07T00:00:00,3.2689
FUND12,2024-11-08T00:00:00,2.7043
FUND12,2024-11-11T00:00:00,2.0949
FUND12,2024-11-12T00:00:00,1.9931
FUND12,2024-11-13T00:00:00,2.0922
FUND12,2024-11-14T00:00:00,2.5714
FUND12,2024-11-15T00:00:00,2.6232
FUND12,2024-11-18T00:00:00,2.3887
FUND12,2024-11-19T00:00:00,2.7888
FUND12,2024-11-20T00:00:00,2.5063
FUND12,2024-11-21T00:00:00,2.6114
FUND12,2024-11-22T00:00:00,2.1243
FUND12,2024-11-25T00:00:00,2.6287
FUND12,2024-11-26T00:00:00,2.4714
FUND12,2024-11-27T00:00:00,2.7841
FUND12,2024-11-28T00:00:00,2.6959
FUND12,2024-11-29T00:00:00,2.4891
FUND12,2024-12-02T00:00:00,2.1152
FUND12,2024-12-03T00:00:00,2.0256
FUND12,2024-12-04T00:00:00,1.338
FUND12,2024-12-05T00:00:00,1.2417
FUND12,2024-12-06T00:00:00,1.236
FUND12,2024-12-09T00:00:00,1.0774
FUND12,2024-12-10T00:00:00,0.9062
FUND12,2024-12-11T00:00:00,0.9882
FUND12,2024-12-12T00:00:00,0.7448
FUND12,2024-12-13T00:00:00,0.7298
FUND12,2024-12-16T00:00:00,0.9874
FUND12,2024-12-17T00:00:00,0.6371
FUND12,2024-12-18T00:00:00,0.7492
FUND12,2024-12-19T00:00:00,0.7242
FUND12,2024-12-20T00:00:00,0.8162
FUND12,2024-12-23T00:00:00,0.7177
FUND12,2024-12-24T00:00:00,-0.0227
FUND12,2024-12-25T00:00:00,-0.2958
FUND12,2024-12-26T00:00:00,-0.1687
FUND12,2024-12-27T00:00:00,-0.1304
FUND12,2024-12-30T00:00:00,-0.3852
FUND12,2024-12-31T00:00:00,-0.0071
FUND12,2025-01-01T00:00:00,0.2859
FUND12,2025-01-02T00:00:00,-0.1793
FUND12,2025-01-03T00:00:00,-0.2608
FUND12,2025-01-06T00:00:00,-0.0743
FUND12,2025-01-07T00:00:00,0.1857
FUND12,2025-01-08T00:00:00,-0.1749
FUND12,2025-01-09T00:00:00,0.0273
FUND12,2025-01-10T00:00:00,-0.0853
FUND12,2025-01-13T00:00:00,0.0137
FUND12,2025-01-14T00:00:00,0.0656
FUND12,2025-01-15T00:00:00,0.2296
FUND12,2025-01-16T00:00:00,0.6755
FUND12,2025-01-17T00:00:00,0.3939
FUND12,2025-01-20T00:00:00,0.4481
FUND12,2025-01-21T00:00:00,0.7843
FUND12,2025-01-22T00:00:00,0.7894
FUND12,2025-01-23T00:00:00,0.5459
FUND12,2025-01-24T00:00:00,0.6799
FUND12,2025-01-27T00:00:00,0.4978
FUND12,2025-01-28T00:00:00,0.4849
FUND12,2025-01-29T00:00:00,0.7199
FUND12,2025-01-30T00:00:00,0.4824
FUND12,2025-01-31T00:00:00,0.3146
FUND12,2025-02-03T00:00:00,0.5201
FUND12,2025-02-04T00:00:00,0.4008
FUND12,2025-02-05T00:00:00,0.5742
FUND12,2025-02-06T00:00:00,0.2011
FUND12,2025-02-07T00:00:00,-0.1121
FUND12,2025-02-10T00:00:00,0.1558
FUND12,2025-02-11T00:00:00,0.3915
FUND12,2025-02-12T00:00:00,0.2345
FUND12,2025-02-13T00:00:00,-0.2486
FUND12,2025-02-14T00:00:00,-0.1949
FUND12,2025-02-17T00:00:00,-0.6341
FUND12,2025-02-18T00:00:00,-0.718
FUND12,2025-02-19T00:00:00,-0.7011
FUND12,2025-02-20T00:00:00,-0.8749
FUND12,2025-02-21T00:00:00,-0.9996
FUND12,2025-02-24T00:00:00,-1.3297
FUND12,2025-02-25T00:00:00,-1.1006
FUND12,2025-02-26T00:00:00,-1.0507
FUND12,2025-02-27T00:00:00,-1.014
FUND12,2025-02-28T00:00:00,-1.4657
FUND12,2025-03-03T00:00:00,-1.6741
FUND12,2025-03-04T00:00:00,-1.466
FUND12,2025-03-05T00:00:00,-1.6653
FUND12,2025-03-06T00:00:00,-1.7401
FUND12,2025-03-07T00:00:00,-2.2061
FUND12,2025-03-10T00:00:00,-2.4292
FUND12,2025-03-11T00:00:00,-2.2653
FUND12,2025-03-12T00:00:00,-2.004
FUND12,2025-03-13T00:00:00,-2.1113
FUND12,2025-03-14T00:00:00,-1.8114
FUND12,2025-03-17T00:00:00,-1.7837
FUND12,2025-03-18T00:00:00,-1.4828
FUND12,2025-03-19T00:00:00,-1.1321
FUND12,2025-03-20T00:00:00,-1.6539
FUND12,2025-03-21T00:00:00,-1.7117
FUND12,2025-03-24T00:00:00,-1.5213
FUND12,2025-03-25T00:00:00,-1.5373
FUND12,2025-03-26T00:00:00,-1.4064
FUND12,2025-03-27T00:00:00,-1.6086
FUND12,2025-03-28T00:00:00,-1.2508
FUND12,2025-03-31T00:00:00,-1.141
FUND12,2025-04-01T00:00:00,-1.2749
FUND12,2025-04-02T00:00:00,-1.6679
FUND12,2025-04-03T00:00:00,-1.5184
FUND12,2025-04-04T00:00:00,-1.5821
FUND12,2025-04-07T00:00:00,-1.5087
FUND12,2025-04-08T00:00:00,-1.3729
FUND12,2025-04-09T00:00:00,-1.133
FUND12,2025-04-10T00:00:00,-1.1772
FUND12,2025-04-11T00:00:00,-1.169
FUND12,2025-04-14T00:00:00,-1.2419
FUND12,2025-04-15T00:00:00,-1.0669
FUND12,2025-04-16T00:00:00,-0.9073
FUND12,2025-04-17T00:00:00,-0.4844
FUND12,2025-04-18T00:00:00,-0.2595
FUND12,2025-04-21T00:00:00,-0.2342
FUND12,2025-04-22T00:00:00,-0.0096
FUND12,2025-04-23T00:00:00,-0.0526
FUND12,2025-04-24T00:00:00,0.1377
FUND12,2025-04-25T00:00:00,0.3091
FUND12,2025-04-28T00:00:00,0.3978
FUND12,2025-04-29T00:00:00,0.8097
FUND12,2025-04-30T00:00:00,0.8172
FUND12,2025-05-01T00:00:00,0.5331
FUND12,2025-05-02T00:00:00,0.4847
FUND12,2025-05-05T00:00:00,0.8061
FUND12,2025-05-06T00:00:00,0.5763
FUND12,2025-05-07T00:00:00,0.5824
FUND12,2025-05-08T00:00:00,0.7906
FUND12,2025-05-09T00:00:00,0.5315
FUND12,2025-05-12T00:00:00,0.3245
FUND12,2025-05-13T00:00:00,0.1947
FUND12,2025-05-14T00:00:00,0.6133
FUND12,2025-05-15T00:00:00,0.5249
FUND12,2025-05-16T00:00:00,0.5851
FUND12,2025-05-19T00:00:00,0.4683
FUND12,2025-05-20T00:00:00,0.6308
FUND12,2025-05-21T00:00:00,0.2534
FUND12,2025-05-22T00:00:00,-0.0222
FUND12,2025-05-23T00:00:00,0.0314
FUND12,2025-05-26T00:00:00,-0.0899
FUND12,2025-05-27T00:00:00,-0.2791
FUND12,2025-05-28T00:00:00,-0.4049
FUND12,2025-05-29T00:00:00,-0.0527
FUND12,2025-05-30T00:00:00,-0.1521
FUND12,2025-06-02T00:00:00,-0.119
FUND12,2025-06-03T00:00:00,-0.1423
FUND12,2025-06-04T00:00:00,-0.3029
FUND12,2025-06-05T00:00:00,-0.0819
FUND12,2025-06-06T00:00:00,-0.4197
FUND12,2025-06-09T00:00:00,-0.5508
FUND12,2025-06-10T00:00:00,-0.9226
FUND12,2025-06-11T00:00:00,-1.1425
FUND12,2025-06-12T00:00:00,-0.8721
FUND12,2025-06-13T00:00:00,-0.6207
FUND12,2025-06-16T00:00:00,-1.0521
FUND12,2025-06-17T00:00:00,-1.0588
FUND12,2025-06-18T00:00:00,-0.7903
FUND12,2025-06-19T00:00:00,-0.3282
FUND12,2025-06-20T00:00:00,-0.0275
FUND12,2025-06-23T00:00:00,-0.1011
FUND12,2025-06-24T00:00:00,-0.1369
FUND12,2025-06-25T00:00:00,-0.4755
FUND12,2025-06-26T00:00:00,-0.2811
FUND12,2025-06-27T00:00:00,0.3698
FUND12,2025-06-30T00:00:00,0.1105
FUND12,2025-07-01T00:00:00,-0.0158
FUND12,2025-07-02T00:00:00,-0.2778
FUND12,2025-07-03T00:00:00,-0.5608
FUND12,2025-07-04T00:00:00,-0.7204
FUND12,2025-07-07T00:00:00,-0.2723
FUND12,2025-07-08T00:00:00,-0.6841
FUND12,2025-07-09T00:00:00,-0.5674
FUND12,2025-07-10T00:00:00,-0.3086
FUND12,2025-07-11T00:00:00,-0.1386
FUND12,2025-07-14T00:00:00,0.3979
FUND12,2025-07-15T00:00:00,0.316
FUND12,2025-07-16T00:00:00,0.0489
FUND12,2025-07-17T00:00:00,0.2252
FUND12,2025-07-18T00:00:00,0.2186
FUND12,2025-07-21T00:00:00,0.3524
FUND12,2025-07-22T00:00:00,0.2367
FUND12,2025-07-23T00:00:00,0.0461
FUND12,2025-07-24T00:00:00,0.218
FUND12,2025-07-25T00:00:00,0.2917
FUND12,2025-07-28T00:00:00,0.4306
FUND12,2025-07-29T00:00:00,0.6209
FUND12,2025-07-30T00:00:00,0.2516
FUND12,2025-07-31T00:00:00,0.2007
FUND12,2025-08-01T00:00:00,0.0992
FUND12,2025-08-04T00:00:00,-0.2403
FUND12,2025-08-05T00:00:00,0.2049
FUND12,2025-08-06T00:00:00,0.4167
FUND12,2025-08-07T00:00:00,0.4319
FUND12,2025-08-08T00:00:00,0.5761
FUND12,2025-08-11T00:00:00,0.6446
FUND12,2025-08-12T00:00:00,0.5777
FUND12,2025-08-13T00:00:00,0.6225
FUND12,2025-08-14T00:00:00,0.7796
FUND12,2025-08-15T00:00:00,0.7139
FUND12,2025-08-18T00:00:00,0.8282
FUND12,2025-08-19T00:00:00,0.658
FUND12,2025-08-20T00:00:00,0.6002
FUND12,2025-08-21T00:00:00,0.5714
FUND12,2025-08-22T00:00:00,0.2687
FUND12,2025-08-25T00:00:00,0.3033
FUND12,2025-08-26T00:00:00,0.4108
FUND12,2025-08-27T00:00:00,0.4096
FUND12,2025-08-28T00:00:00,0.1671
FUND12,2025-08-29T00:00:00,0.0581
FUND12,2025-09-01T00:00:00,-0.1861
FUND12,2025-09-02T00:00:00,0.0633
FUND12,2025-09-03T00:00:00,-0.0972
FUND12,2025-09-04T00:00:00,0.2665
FUND12,2025-09-05T00:00:00,0.4735
FUND12,2025-09-08T00:00:00,0.5788
FUND12,2025-09-09T00:00:00,0.18
FUND12,2025-09-10T00:00:00,-0.231
FUND12,2025-09-11T00:00:00,-0.0076
FUND12,2025-09-12T00:00:00,0.1421
FUND12,2025-09-15T00:00:00,0.2594
FUND12,2025-09-16T00:00:00,0.3013
FUND12,2025-09-17T00:00:00,0.0688
FUND12,2025-09-18T00:00:00,-0.1356
FUND12,2025-09-19T00:00:00,-0.299
FUND12,2025-09-22T00:00:00,-0.2185
FUND12,2025-09-23T00:00:00,-0.4603
FUND12,2025-09-24T00:00:00,-0.3591
FUND12,2025-09-25T00:00:00,-0.4481
FUND12,2025-09-26T00:00:00,-0.3633
FUND12,2025-09-29T00:00:00,-0.2003
FUND12,2025-09-30T00:00:00,-0.379
FUND12,2025-10-01T00:00:00,-0.1815
FUND12,2025-10-02T00:00:00,-0.1722
FUND12,2025-10-03T00:00:00,-0.1988
FUND12,2025-10-06T00:00:00,-0.2708
FUND12,2025-10-07T00:00:00,-0.1706
FUND12,2025-10-08T00:00:00,-0.4513
FUND12,2025-10-09T00:00:00,-0.3036
FUND12,2025-10-10T00:00:00,0.0035
FUND12,2025-10-13T00:00:00,-0.0221
FUND12,2025-10-14T00:00:00,0.5184
FUND12,2025-10-15T00:00:00,0.8444
FUND12,2025-10-16T00:00:00,1.1911
FUND12,2025-10-17T00:00:00,0.8967
FUND12,2025-10-20T00:00:00,1.2867
FUND12,2025-10-21T00:00:00,1.0846
FUND12,2025-10-22T00:00:00,0.7857
FUND12,2025-10-23T00:00:00,0.7667
FUND12,2025-10-24T00:00:00,0.7328
FUND12,2025-10-27T00:00:00,0.9506
FUND12,2025-10-28T00:00:00,1.0694
FUND12,2025-10-29T00:00:00,1.1332
FUND12,2025-10-30T00:00:00,0.8868
FUND12,2025-10-31T00:00:00,0.5534
FUND12,2025-11-03T00:00:00,0.9889
FUND12,2025-11-04T00:00:00,1.1927
FUND12,2025-11-05T00:00:00,1.3547
FUND12,2025-11-06T00:00:00,1.6198
FUND12,2025-11-07T00:00:00,2.0585
FUND12,2025-11-10T00:00:00,1.8479
FUND12,2025-11-11T00:00:00,1.5768
FUND12,2025-11-12T00:00:00,1.7112
FUND12,2025-11-13T00:00:00,1.4528
FUND12,2025-11-14T00:00:00,1.7702
FUND12,2025-11-17T00:00:00,1.4663
FUND12,2025-11-18T00:00:00,1.704
FUND12,2025-11-19T00:00:00,2.0993
FUND12,2025-11-20T00:00:00,1.6268
FUND12,2025-11-21T00:00:00,1.6235
FUND12,2025-11-24T00:00:00,1.5295
FUND13,2023-05-08T00:00:00,3.3861
FUND13,2023-05-09T00:00:00,3.025
FUND13,2023-05-10T00:00:00,2.5464
FUND13,2023-05-11T00:00:00,2.7202
FUND13,2023-05-12T00:00:00,2.8592
FUND13,2023-05-15T00:00:00,2.9509
FUND13,2023-05-16T00:00:00,2.6701
FUND13,2023-05-17T00:00:00,2.8174
FUND13,2023-05-18T00:00:00,2.8271
FUND13,2023-05-19T00:00:00,2.9547
FUND13,2023-05-22T00:00:00,2.8362
FUND13,2023-05-23T00:00:00,3.006
FUND13,2023-05-24T00:00:00,2.9391
FUND13,2023-05-25T00:00:00,2.8484
FUND13,2023-05-26T00:00:00,3.2216
FUND13,2023-05-29T00:00:00,3.3505
FUND13,2023-05-30T00:00:00,3.4833
FUND13,2023-05-31T00:00:00,3.5464
FUND13,2023-06-01T00:00:00,3.872
FUND13,2023-06-02T00:00:00,3.5849
FUND13,2023-06-05T00:00:00,3.7146
FUND13,2023-06-06T00:00:00,3.4121
FUND13,2023-06-07T00:00:00,3.3637
FUND13,2023-06-08T00:00:00,3.6064
FUND13,2023-06-09T00:00:00,3.3121
FUND13,2023-06-12T00:00:00,3.2823
FUND13,2023-06-13T00:00:00,3.327
FUND13,2023-06-14T00:00:00,3.7175
FUND13,2023-06-15T00:00:00,3.374
FUND13,2023-06-16T00:00:00,3.6807
FUND13,2023-06-19T00:00:00,3.7439
FUND13,2023-06-20T00:00:00,3.8934
FUND13,2023-06-21T00:00:00,3.9568
FUND13,2023-06-22T00:00:00,4.153
FUND13,2023-06-23T00:00:00,4.2293
FUND13,2023-06-26T00:00:00,4.2198
FUND13,2023-06-27T00:00:00,4.2563
FUND13,2023-06-28T00:00:00,4.4536
FUND13,2023-06-29T00:00:00,4.4192
FUND13,2023-06-30T00:00:00,4.0897
FUND13,2023-07-03T00:00:00,3.9659
FUND13,2023-07-04T00:00:00,3.8701
FUND13,2023-07-05T00:00:00,4.5815
FUND13,2023-07-06T00:00:00,4.3384
FUND13,2023-07-07T00:00:00,4.2425
FUND13,2023-07-10T00:00:00,4.4304
FUND13,2023-07-11T00:00:00,4.4395
FUND13,2023-07-12T00:00:00,4.6419
FUND13,2023-07-13T00:00:00,4.684
FUND13,2023-07-14T00:00:00,4.0632
FUND13,2023-07-17T00:00:00,4.1896
FUND13,2023-07-18T00:00:00,4.0523
FUND13,2023-07-19T00:00:00,3.6191
FUND13,2023-07-20T00:00:00,3.0947
FUND13,2023-07-21T00:00:00,3.4975
FUND13,2023-07-24T00:00:00,3.4883
FUND13,2023-07-25T00:00:00,3.1175
FUND13,2023-07-26T00:00:00,3.1366
FUND13,2023-07-27T00:00:00,3.0942
FUND13,2023-07-28T00:00:00,3.2215
FUND13,2023-07-31T00:00:00,2.688
FUND13,2023-08-01T00:00:00,2.6477
FUND13,2023-08-02T00:00:00,3.093
FUND13,2023-08-03T00:00:00,2.7432
FUND13,2023-08-04T00:00:00,2.728
FUND13,2023-08-07T00:00:00,2.8805
FUND13,2023-08-08T00:00:00,2.6155
FUND13,2023-08-09T00:00:00,2.4391
FUND13,2023-08-10T00:00:00,2.5836
FUND13,2023-08-11T00:00:00,2.5014
FUND13,2023-08-14T00:00:00,2.5755
FUND13,2023-08-15T00:00:00,2.6984
FUND13,2023-08-16T00:00:00,2.5937
FUND13,2023-08-17T00:00:00,2.5095
FUND13,2023-08-18T00:00:00,2.5042
FUND13,2023-08-21T00:00:00,2.0724
FUND13,2023-08-22T00:00:00,2.3718
FUND13,2023-08-23T00:00:00,2.5577
FUND13,2023-08-24T00:00:00,2.8023
FUND13,2023-08-25T00:00:00,2.5268
FUND13,2023-08-28T00:00:00,2.3583
FUND13,2023-08-29T00:00:00,2.5887
FUND13,2023-08-30T00:00:00,2.5592
FUND13,2023-08-31T00:00:00,2.4513
FUND13,2023-09-01T00:00:00,2.3061
FUND13,2023-09-04T00:00:00,2.3752
FUND13,2023-09-05T00:00:00,1.991
FUND13,2023-09-06T00:00:00,1.9724
FUND13,2023-09-07T00:00:00,1.8495
FUND13,2023-09-08T00:00:00,1.4093
FUND13,2023-09-11T00:00:00,1.5677
FUND13,2023-09-12T00:00:00,1.432
FUND13,2023-09-13T00:00:00,1.6621
FUND13,2023-09-14T00:00:00,1.9826
FUND13,2023-09-15T00:00:00,1.7527
FUND13,2023-09-18T00:00:00,1.615
FUND13,2023-09-19T00:00:00,1.7566
FUND13,2023-09-20T00:00:00,1.6503
FUND13,2023-09-21T00:00:00,1.3093
FUND13,2023-09-22T00:00:00,1.3361
FUND13,2023-09-25T00:00:00,1.5347
FUND13,2023-09-26T00:00:00,1.5604
FUND13,2023-09-27T00:00:00,1.7696
FUND13,2023-09-28T00:00:00,1.6831
FUND13,2023-09-29T00:00:00,1.4685
FUND13,2023-10-02T00:00:00,1.3133
FUND13,2023-10-03T00:00:00,1.1187
FUND13,2023-10-04T00:00:00,0.6949
FUND13,2023-10-05T00:00:00,0.5183
FUND13,2023-10-06T00:00:00,0.608
FUND13,2023-10-09T00:00:00,0.85
FUND13,2023-10-10T00:00:00,1.26
FUND13,2023-10-11T00:00:00,1.4656
FUND13,2023-10-12T00:00:00,1.5938
FUND13,2023-10-13T00:00:00,1.5752
FUND13,2023-10-16T00:00:00,1.5913
FUND13,2023-10-17T00:00:00,1.8839
FUND13,2023-10-18T00:00:00,1.4314
FUND13,2023-10-19T00:00:00,1.4688
FUND13,2023-10-20T00:00:00,1.2067
FUND13,2023-10-23T00:00:00,1.2492
FUND13,2023-10-24T00:00:00,1.596
FUND13,2023-10-25T00:00:00,1.5455
FUND13,2023-10-26T00:00:00,1.2
FUND13,2023-10-27T00:00:00,1.6657
FUND13,2023-10-30T00:00:00,1.5742
FUND13,2023-10-31T00:00:00,1.262
FUND13,2023-11-01T00:00:00,1.1627
FUND13,2023-11-02T00:00:00,0.9574
FUND13,2023-11-03T00:00:00,1.2118
FUND13,2023-11-06T00:00:00,1.3121
FUND13,2023-11-07T00:00:00,1.0105
FUND13,2023-11-08T00:00:00,0.5739
FUND13,2023-11-09T00:00:00,0.7432
FUND13,2023-11-10T00:00:00,0.9077
FUND13,2023-11-13T00:00:00,0.5177
FUND13,2023-11-14T00:00:00,0.6235
FUND13,2023-11-15T00:00:00,0.6699
FUND13,2023-11-16T00:00:00,0.617
FUND13,2023-11-17T00:00:00,0.969
FUND13,2023-11-20T00:00:00,0.9921
FUND13,2023-11-21T00:00:00,1.1366
FUND13,2023-11-22T00:00:00,1.4071
FUND13,2023-11-23T00:00:00,1.3527
FUND13,2023-11-24T00:00:00,1.1676
FUND13,2023-11-27T00:00:00,1.0474
FUND13,2023-11-28T00:00:00,1.3877
FUND13,2023-11-29T00:00:00,1.3609
FUND13,2023-11-30T00:00:00,0.9795
FUND13,2023-12-01T00:00:00,0.7533
FUND13,2023-12-04T00:00:00,1.0068
FUND13,2023-12-05T00:00:00,0.7994
FUND13,2023-12-06T00:00:00,0.5462
FUND13,2023-12-07T00:00:00,0.88
FUND13,2023-12-08T00:00:00,1.0171
FUND13,2023-12-11T00:00:00,1.2201
FUND13,2023-12-12T00:00:00,1.5308
FUND13,2023-12-13T00:00:00,1.2979
FUND13,2023-12-14T00:00:00,1.2395
FUND13,2023-12-15T00:00:00,1.3339
FUND13,2023-12-18T00:00:00,1.2986
FUND13,2023-12-19T00:00:00,1.0456
FUND13,2023-12-20T00:00:00,0.9586
FUND13,2023-12-21T00:00:00,1.2567
FUND13,2023-12-22T00:00:00,1.5485
FUND13,2023-12-25T00:00:00,1.9208
FUND13,2023-12-26T00:00:00,1.9069
FUND13,2023-12-27T00:00:00,1.6931
FUND13,2023-12-28T00:00:00,1.6917
FUND13,2023-12-29T00:00:00,1.4304
FUND13,2024-01-01T00:00:00,1.5038
FUND13,2024-01-02T00:00:00,1.2574
FUND13,2024-01-03T00:00:00,1.126
FUND13,2024-01-04T00:00:00,1.1225
FUND13,2024-01-05T00:00:00,0.8276
FUND13,2024-01-08T00:00:00,1.0872
FUND13,2024-01-09T00:00:00,1.3132
FUND13,2024-01-10T00:00:00,1.3834
FUND13,2024-01-11T00:00:00,1.5194
FUND13,2024-01-12T00:00:00,1.8925
FUND13,2024-01-15T00:00:00,1.7291
FUND13,2024-01-16T00:00:00,1.9299
FUND13,2024-01-17T00:00:00,2.1099
FUND13,2024-01-18T00:00:00,1.506
FUND13,2024-01-19T00:00:00,1.8523
FUND13,2024-01-22T00:00:00,2.0136
FUND13,2024-01-23T00:00:00,2.199
FUND13,2024-01-24T00:00:00,2.2619
FUND13,2024-01-25T00:00:00,2.373
FUND13,2024-01-26T00:00:00,2.5659
FUND13,2024-01-29T00:00:00,2.4105
FUND13,2024-01-30T00:00:00,2.3754
FUND13,2024-01-31T00:00:00,2.2128
FUND13,2024-02-01T00:00:00,2.1086
FUND13,2024-02-02T00:00:00,2.3096
FUND13,2024-02-05T00:00:00,2.2086
FUND13,2024-02-06T00:00:00,2.1052
FUND13,2024-02-07T00:00:00,2.2935
FUND13,2024-02-08T00:00:00,2.2314
FUND13,2024-02-09T00:00:00,2.3954
FUND13,2024-02-12T00:00:00,2.1548
FUND13,2024-02-13T00:00:00,1.5333
FUND13,2024-02-14T00:00:00,1.1258
FUND13,2024-02-15T00:00:00,0.9299
FUND13,2024-02-16T00:00:00,0.8589
FUND13,2024-02-19T00:00:00,0.6115
FUND13,2024-02-20T00:00:00,0.4546
FUND13,2024-02-21T00:00:00,0.7331
FUND13,2024-02-22T00:00:00,0.4129
FUND13,2024-02-23T00:00:00,0.1475
FUND13,2024-02-26T00:00:00,0.091
FUND13,2024-02-27T00:00:00,-0.181
FUND13,2024-02-28T00:00:00,0.0073
FUND13,2024-02-29T00:00:00,-0.0839
FUND13,2024-03-01T00:00:00,-0.7057
FUND13,2024-03-04T00:00:00,-0.7813
FUND13,2024-03-05T00:00:00,-0.5724
FUND13,2024-03-06T00:00:00,-0.4793
FUND13,2024-03-07T00:00:00,-0.2915
FUND13,2024-03-08T00:00:00,-0.4752
FUND13,2024-03-11T00:00:00,-0.2436
FUND13,2024-03-12T00:00:00,0.1955
FUND13,2024-03-13T00:00:00,0.2655
FUND13,2024-03-14T00:00:00,0.3056
FUND13,2024-03-15T00:00:00,-0.0247
FUND13,2024-03-18T00:00:00,0.1166
FUND13,2024-03-19T00:00:00,-0.2664
FUND13,2024-03-20T00:00:00,-0.6951
FUND13,2024-03-21T00:00:00,-1.0542
FUND13,2024-03-22T00:00:00,-1.4554
FUND13,2024-03-25T00:00:00,-0.8982
FUND13,2024-03-26T00:00:00,-1.0586
FUND13,2024-03-27T00:00:00,-1.0742
FUND13,2024-03-28T00:00:00,-0.2389
FUND13,2024-03-29T00:00:00,-0.5505
FUND13,2024-04-01T00:00:00,-0.5342
FUND13,2024-04-02T00:00:00,-0.6634
FUND13,2024-04-03T00:00:00,-0.6381
FUND13,2024-04-04T00:00:00,-0.5298
FUND13,2024-04-05T00:00:00,-0.5364
FUND13,2024-04-08T00:00:00,-0.2318
FUND13,2024-04-09T00:00:00,0.1904
FUND13,2024-04-10T00:00:00,0.3611
FUND13,2024-04-11T00:00:00,0.2226
FUND13,2024-04-12T00:00:00,0.1853
FUND13,2024-04-15T00:00:00,-0.1222
FUND13,2024-04-16T00:00:00,-0.1237
FUND13,2024-04-17T00:00:00,0.1952
FUND13,2024-04-18T00:00:00,0.083
FUND13,2024-04-19T00:00:00,-0.2397
FUND13,2024-04-22T00:00:00,-0.0192
FUND13,2024-04-23T00:00:00,-0.0561
FUND13,2024-04-24T00:00:00,0.3768
FUND13,2024-04-25T00:00:00,-0.3653
FUND13,2024-04-26T00:00:00,-0.4482
FUND13,2024-04-29T00:00:00,-0.25
FUND13,2024-04-30T00:00:00,-0.4406
FUND13,2024-05-01T00:00:00,-0.3346
FUND13,2024-05-02T00:00:00,-0.3005
FUND13,2024-05-03T00:00:00,0.0736
FUND13,2024-05-06T00:00:00,0.4127
FUND13,2024-05-07T00:00:00,0.7174
FUND13,2024-05-08T00:00:00,0.8785
FUND13,2024-05-09T00:00:00,0.5609
FUND13,2024-05-10T00:00:00,0.8316
FUND13,2024-05-13T00:00:00,0.7464
FUND13,2024-05-14T00:00:00,0.7914
FUND13,2024-05-15T00:00:00,0.6283
FUND13,2024-05-16T00:00:00,0.8643
FUND13,2024-05-17T00:00:00,0.4632
FUND13,2024-05-20T00:00:00,0.9391
FUND13,2024-05-21T00:00:00,0.865
FUND13,2024-05-22T00:00:00,0.7209
FUND13,2024-05-23T00:00:00,1.2819
FUND13,2024-05-24T00:00:00,1.4362
FUND13,2024-05-27T00:00:00,1.7353
FUND13,2024-05-28T00:00:00,1.765
FUND13,2024-05-29T00:00:00,1.8158
FUND13,2024-05-30T00:00:00,1.6919
FUND13,2024-05-31T00:00:00,1.1994
FUND13,2024-06-03T00:00:00,1.2301
FUND13,2024-06-04T00:00:00,1.283
FUND13,2024-06-05T00:00:00,1.5075
FUND13,2024-06-06T00:00:00,1.8053
FUND13,2024-06-07T00:00:00,2.0178
FUND13,2024-06-10T00:00:00,2.3388
FUND13,2024-06-11T00:00:00,2.357
FUND13,2024-06-12T00:00:00,1.9149
FUND13,2024-06-13T00:00:00,2.1732
FUND13,2024-06-14T00:00:00,1.9752
FUND13,2024-06-17T00:00:00,1.7887
FUND13,2024-06-18T00:00:00,2.2253
FUND13,2024-06-19T00:00:00,2.1476
FUND13,2024-06-20T00:00:00,2.1746
FUND13,2024-06-21T00:00:00,2.079
FUND13,2024-06-24T00:00:00,1.7527
FUND13,2024-06-25T00:00:00,1.5214
FUND13,2024-06-26T00:00:00,1.6705
FUND13,2024-06-27T00:00:00,1.9905
FUND13,2024-06-28T00:00:00,2.361
FUND13,2024-07-01T00:00:00,2.2975
FUND13,2024-07-02T00:00:00,2.4186
FUND13,2024-07-03T00:00:00,1.9192
FUND13,2024-07-04T00:00:00,1.9052
FUND13,2024-07-05T00:00:00,1.7433
FUND13,2024-07-08T00:00:00,1.6494
FUND13,2024-07-09T00:00:00,1.7159
FUND13,2024-07-10T00:00:00,1.6822
FUND13,2024-07-11T00:00:00,1.6764
FUND13,2024-07-12T00:00:00,1.8647
FUND13,2024-07-15T00:00:00,1.8114
FUND13,2024-07-16T00:00:00,1.8322
FUND13,2024-07-17T00:00:00,1.805
FUND13,2024-07-18T00:00:00,1.6308
FUND13,2024-07-19T00:00:00,1.7996
FUND13,2024-07-22T00:00:00,1.7278
FUND13,2024-07-23T00:00:00,1.6712
FUND13,2024-07-24T00:00:00,1.6211
FUND13,2024-07-25T00:00:00,2.0125
FUND13,2024-07-26T00:00:00,2.0591
FUND13,2024-07-29T00:00:00,1.6543
FUND13,2024-07-30T00:00:00,1.851
FUND13,2024-07-31T00:00:00,2.0363
FUND13,2024-08-01T00:00:00,1.907
FUND13,2024-08-02T00:00:00,2.3564
FUND13,2024-08-05T00:00:00,2.0894
FUND13,2024-08-06T00:00:00,1.6938
FUND13,2024-08-07T00:00:00,2.0341
FUND13,2024-08-08T00:00:00,2.208
FUND13,2024-08-09T00:00:00,2.0987
FUND13,2024-08-12T00:00:00,1.8856
FUND13,2024-08-13T00:00:00,1.6049
FUND13,2024-08-14T00:00:00,1.6103
FUND13,2024-08-15T00:00:00,1.8535
FUND13,2024-08-16T00:00:00,1.7208
FUND13,2024-08-19T00:00:00,2.1962
FUND13,2024-08-20T00:00:00,2.2852
FUND13,2024-08-21T00:00:00,2.2575
FUND13,2024-08-22T00:00:00,2.5822
FUND13,2024-08-23T00:00:00,2.4816
FUND13,2024-08-26T00:00:00,2.5674
FUND13,2024-08-27T00:00:00,3.059
FUND13,2024-08-28T00:00:00,2.8494
FUND13,2024-08-29T00:00:00,3.3349
FUND13,2024-08-30T00:00:00,3.1107
FUND13,2024-09-02T00:00:00,2.821
FUND13,2024-09-03T00:00:00,2.8129
FUND13,2024-09-04T00:00:00,3.1561
FUND13,2024-09-05T00:00:00,3.2767
FUND13,2024-09-06T00:00:00,3.3568
FUND13,2024-09-09T00:00:00,3.3557
FUND13,2024-09-10T00:00:00,3.4167
FUND13,2024-09-11T00:00:00,3.4311
FUND13,2024-09-12T00:00:00,3.6172
FUND13,2024-09-13T00:00:00,3.5533
FUND13,2024-09-16T00:00:00,3.5344
FUND13,2024-09-17T00:00:00,3.2264
FUND13,2024-09-18T00:00:00,3.0752
FUND13,2024-09-19T00:00:00,2.6056
FUND13,2024-09-20T00:00:00,3.0214
FUND13,2024-09-23T00:00:00,2.5323
FUND13,2024-09-24T00:00:00,2.8155
FUND13,2024-09-25T00:00:00,2.6104
FUND13,2024-09-26T00:00:00,2.3022
FUND13,2024-09-27T00:00:00,1.7382
FUND13,2024-09-30T00:00:00,1.5879
FUND13,2024-10-01T00:00:00,1.1524
FUND13,2024-10-02T00:00:00,0.7013
FUND13,2024-10-03T00:00:00,0.9679
FUND13,2024-10-04T00:00:00,1.2472
FUND13,2024-10-07T00:00:00,1.3937
FUND13,2024-10-08T00:00:00,1.319
FUND13,2024-10-09T00:00:00,1.2682
FUND13,2024-10-10T00:00:00,1.1543
FUND13,2024-10-11T00:00:00,0.9505
FUND13,2024-10-14T00:00:00,0.9434
FUND13,2024-10-15T00:00:00,0.8971
FUND13,2024-10-16T00:00:00,1.1243
FUND13,2024-10-17T00:00:00,1.175
FUND13,2024-10-18T00:00:00,1.3875
FUND13,2024-10-21T00:00:00,1.5815
FUND13,2024-10-22T00:00:00,1.4482
FUND13,2024-10-23T00:00:00,1.7911
FUND13,2024-10-24T00:00:00,2.1106
FUND13,2024-10-25T00:00:00,2.3156
FUND13,2024-10-28T00:00:00,2.9666
FUND13,2024-10-29T00:00:00,2.8207
FUND13,2024-10-30T00:00:00,2.3859
FUND13,2024-10-31T00:00:00,2.5358
FUND13,2024-11-01T00:00:00,2.5168
FUND13,2024-11-04T00:00:00,2.4711
FUND13,2024-11-05T00:00:00,2.1747
FUND13,2024-11-06T00:00:00,2.4409
FUND13,2024-11-07T00:00:00,2.9091
FUND13,2024-11-08T00:00:00,3.1037
FUND13,2024-11-11T00:00:00,3.5619
FUND13,2024-11-12T00:00:00,3.6467
FUND13,2024-11-13T00:00:00,3.6259
FUND13,2024-11-14T00:00:00,3.6437
FUND13,2024-11-15T00:00:00,3.5898
FUND13,2024-11-18T00:00:00,3.6558
FUND13,2024-11-19T00:00:00,3.6618
FUND13,2024-11-20T00:00:00,3.5481
FUND13,2024-11-21T00:00:00,3.7681
FUND13,2024-11-22T00:00:00,3.6629
FUND13,2024-11-25T00:00:00,3.6596
FUND13,2024-11-26T00:00:00,3.705
FUND13,2024-11-27T00:00:00,3.4292
FUND13,2024-11-28T00:00:00,2.7488
FUND13,2024-11-29T00:00:00,2.7124
FUND13,2024-12-02T00:00:00,2.5923
FUND13,2024-12-03T00:00:00,2.3118
FUND13,2024-12-04T00:00:00,2.1966
FUND13,2024-12-05T00:00:00,2.1156
FUND13,2024-12-06T00:00:00,2.1054
FUND13,2024-12-09T00:00:00,1.942
FUND13,2024-12-10T00:00:00,2.6049
FUND13,2024-12-11T00:00:00,2.2676
FUND13,2024-12-12T00:00:00,2.0095
FUND13,2024-12-13T00:00:00,2.1672
FUND13,2024-12-16T00:00:00,2.1941
FUND13,2024-12-17T00:00:00,2.3834
FUND13,2024-12-18T00:00:00,2.2955
FUND13,2024-12-19T00:00:00,2.4425
FUND13,2024-12-20T00:00:00,2.2589
FUND13,2024-12-23T00:00:00,2.0421
FUND13,2024-12-24T00:00:00,2.2417
FUND13,2024-12-25T00:00:00,2.3199
FUND13,2024-12-26T00:00:00,1.93
FUND13,2024-12-27T00:00:00,2.1798
FUND13,2024-12-30T00:00:00,2.3187
FUND13,2024-12-31T00:00:00,1.9946
FUND13,2025-01-01T00:00:00,1.873
FUND13,2025-01-02T00:00:00,1.401
FUND13,2025-01-03T00:00:00,1.5677
FUND13,2025-01-06T00:00:00,1.3531
FUND13,2025-01-07T00:00:00,1.5848
FUND13,2025-01-08T00:00:00,1.058
FUND13,2025-01-09T00:00:00,1.0991
FUND13,2025-01-10T00:00:00,1.1789
FUND13,2025-01-13T00:00:00,1.0483
FUND13,2025-01-14T00:00:00,0.8362
FUND13,2025-01-15T00:00:00,1.2357
FUND13,2025-01-16T00:00:00,1.1898
FUND13,2025-01-17T00:00:00,1.1464
FUND13,2025-01-20T00:00:00,0.9786
FUND13,2025-01-21T00:00:00,1.0208
FUND13,2025-01-22T00:00:00,1.2757
FUND13,2025-01-23T00:00:00,1.3888
FUND13,2025-01-24T00:00:00,0.7815
FUND13,2025-01-27T00:00:00,0.7912
FUND13,2025-01-28T00:00:00,0.8763
FUND13,2025-01-29T00:00:00,1.2367
FUND13,2025-01-30T00:00:00,1.6408
FUND13,2025-01-31T00:00:00,1.5835
FUND13,2025-02-03T00:00:00,1.1152
FUND13,2025-02-04T00:00:00,1.5658
FUND13,2025-02-05T00:00:00,1.756
FUND13,2025-02-06T00:00:00,1.8896
FUND13,2025-02-07T00:00:00,1.7195
FUND13,2025-02-10T00:00:00,1.7831
FUND13,2025-02-11T00:00:00,1.6984
FUND13,2025-02-12T00:00:00,1.6028
FUND13,2025-02-13T00:00:00,1.8067
FUND13,2025-02-14T00:00:00,1.8953
FUND13,2025-02-17T00:00:00,1.5664
FUND13,2025-02-18T00:00:00,1.0888
FUND13,2025-02-19T00:00:00,1.4961
FUND13,2025-02-20T00:00:00,1.2771
FUND13,2025-02-21T00:00:00,1.168
FUND13,2025-02-24T00:00:00,0.9221
FUND13,2025-02-25T00:00:00,0.9935
FUND13,2025-02-26T00:00:00,0.7797
FUND13,2025-02-27T00:00:00,0.3942
FUND13,2025-02-28T00:00:00,0.0519
FUND13,2025-03-03T00:00:00,0.0612
FUND13,2025-03-04T00:00:00,0.315
FUND13,2025-03-05T00:00:00,0.3365
FUND13,2025-03-06T00:00:00,0.364
FUND13,2025-03-07T00:00:00,0.2206
FUND13,2025-03-10T00:00:00,0.2054
FUND13,2025-03-11T00:00:00,0.2141
FUND13,2025-03-12T00:00:00,0.579
FUND13,2025-03-13T00:00:00,0.5887
FUND13,2025-03-14T00:00:00,0.407
FUND13,2025-03-17T00:00:00,0.1011
FUND13,2025-03-18T00:00:00,-0.0368
FUND13,2025-03-19T00:00:00,0.0447
FUND13,2025-03-20T00:00:00,-0.0183
FUND13,2025-03-21T00:00:00,0.0069
FUND13,2025-03-24T00:00:00,-0.0484
FUND13,2025-03-25T00:00:00,-0.0294
FUND13,2025-03-26T00:00:00,-0.0231
FUND13,2025-03-27T00:00:00,-0.1401
FUND13,2025-03-28T00:00:00,-0.1932
FUND13,2025-03-31T00:00:00,-0.0962
FUND13,2025-04-01T00:00:00,0.0363
FUND13,2025-04-02T00:00:00,0.3209
FUND13,2025-04-03T00:00:00,0.693
FUND13,2025-04-04T00:00:00,1.0997
FUND13,2025-04-07T00:00:00,1.2038
FUND13,2025-04-08T00:00:00,1.5989
FUND13,2025-04-09T00:00:00,1.4488
FUND13,2025-04-10T00:00:00,1.1159
FUND13,2025-04-11T00:00:00,1.0675
FUND13,2025-04-14T00:00:00,1.3246
FUND13,2025-04-15T00:00:00,0.9588
FUND13,2025-04-16T00:00:00,1.4502
FUND13,2025-04-17T00:00:00,1.6155
FUND13,2025-04-18T00:00:00,1.8172
FUND13,2025-04-21T00:00:00,1.8692
FUND13,2025-04-22T00:00:00,1.8675
FUND13,2025-04-23T00:00:00,1.8041
FUND13,2025-04-24T00:00:00,1.6036
FUND13,2025-04-25T00:00:00,1.9562
FUND13,2025-04-28T00:00:00,1.6561
FUND13,2025-04-29T00:00:00,1.1412
FUND13,2025-04-30T00:00:00,1.3305
FUND13,2025-05-01T00:00:00,1.5792
FUND13,2025-05-02T00:00:00,1.6352
FUND13,2025-05-05T00:00:00,1.453
FUND13,2025-05-06T00:00:00,1.5634
FUND13,2025-05-07T00:00:00,1.4189
FUND13,2025-05-08T00:00:00,1.6704
FUND13,2025-05-09T00:00:00,1.5307
FUND13,2025-05-12T00:00:00,2.0434
FUND13,2025-05-13T00:00:00,1.8352
FUND13,2025-05-14T00:00:00,1.8639
FUND13,2025-05-15T00:00:00,1.8183
FUND13,2025-05-16T00:00:00,1.8135
FUND13,2025-05-19T00:00:00,1.7966
FUND13,2025-05-20T00:00:00,1.8921
FUND13,2025-05-21T00:00:00,1.3888
FUND13,2025-05-22T00:00:00,1.3374
FUND13,2025-05-23T00:00:00,1.231
FUND13,2025-05-26T00:00:00,1.2623
FUND13,2025-05-27T00:00:00,1.5046
FUND13,2025-05-28T00:00:00,1.3784
FUND13,2025-05-29T00:00:00,1.5109
FUND13,2025-05-30T00:00:00,2.1391
FUND13,2025-06-02T00:00:00,2.1658
FUND13,2025-06-03T00:00:00,2.2781
FUND13,2025-06-04T00:00:00,2.1013
FUND13,2025-06-05T00:00:00,1.5733
FUND13,2025-06-06T00:00:00,1.7116
FUND13,2025-06-09T00:00:00,2.1659
FUND13,2025-06-10T00:00:00,1.9573
FUND13,2025-06-11T00:00:00,2.1741
FUND13,2025-06-12T00:00:00,1.5733
FUND13,2025-06-13T00:00:00,1.5256
FUND13,2025-06-16T00:00:00,1.0725
FUND13,2025-06-17T00:00:00,1.2569
FUND13,2025-06-18T00:00:00,1.1722
FUND13,2025-06-19T00:00:00,0.8351
FUND13,2025-06-20T00:00:00,0.7182
FUND13,2025-06-23T00:00:00,1.0252
FUND13,2025-06-24T00:00:00,1.7023
FUND13,2025-06-25T00:00:00,1.5968
FUND13,2025-06-26T00:00:00,1.4757
FUND13,2025-06-27T00:00:00,1.3691
FUND13,2025-06-30T00:00:00,1.5425
FUND13,2025-07-01T00:00:00,1.3785
FUND13,2025-07-02T00:00:00,1.511
FUND13,2025-07-03T00:00:00,1.6487
FUND13,2025-07-04T00:00:00,2.3022
FUND13,2025-07-07T00:00:00,1.7835
FUND13,2025-07-08T00:00:00,1.6856
FUND13,2025-07-09T00:00:00,1.8505
FUND13,2025-07-10T00:00:00,1.9418
FUND13,2025-07-11T00:00:00,2.0912
FUND13,2025-07-14T00:00:00,2.0744
FUND13,2025-07-15T00:00:00,2.135
FUND13,2025-07-16T00:00:00,2.0041
FUND13,2025-07-17T00:00:00,1.7525
FUND13,2025-07-18T00:00:00,1.7859
FUND13,2025-07-21T00:00:00,2.0117
FUND13,2025-07-22T00:00:00,2.3163
FUND13,2025-07-23T00:00:00,2.2889
FUND13,2025-07-24T00:00:00,2.1322
FUND13,2025-07-25T00:00:00,1.8702
FUND13,2025-07-28T00:00:00,1.8457
FUND13,2025-07-29T00:00:00,1.8481
FUND13,2025-07-30T00:00:00,2.0713
FUND13,2025-07-31T00:00:00,2.3171
FUND13,2025-08-01T00:00:00,2.2497
FUND13,2025-08-04T00:00:00,2.0867
FUND13,2025-08-05T00:00:00,1.9227
FUND13,2025-08-06T00:00:00,1.5871
FUND13,2025-08-07T00:00:00,1.5403
FUND13,2025-08-08T00:00:00,1.5227
FUND13,2025-08-11T00:00:00,1.6163
FUND13,2025-08-12T00:00:00,1.3016
FUND13,2025-08-13T00:00:00,1.1738
FUND13,2025-08-14T00:00:00,1.4812
FUND13,2025-08-15T00:00:00,1.4397
FUND13,2025-08-18T00:00:00,1.3785
FUND13,2025-08-19T00:00:00,1.3833
FUND13,2025-08-20T00:00:00,0.7844
FUND13,2025-08-21T00:00:00,0.8069
FUND13,2025-08-22T00:00:00,0.6452
FUND13,2025-08-25T00:00:00,0.1551
FUND13,2025-08-26T00:00:00,0.1491
FUND13,2025-08-27T00:00:00,0.2671
FUND13,2025-08-28T00:00:00,0.2595
FUND13,2025-08-29T00:00:00,0.2968
FUND13,2025-09-01T00:00:00,0.6924
FUND13,2025-09-02T00:00:00,1.5159
FUND13,2025-09-03T00:00:00,1.2498
FUND13,2025-09-04T00:00:00,1.2593
FUND13,2025-09-05T00:00:00,0.9551
FUND13,2025-09-08T00:00:00,1.1363
FUND13,2025-09-09T00:00:00,0.7025
FUND13,2025-09-10T00:00:00,1.1532
FUND13,2025-09-11T00:00:00,1.0527
FUND13,2025-09-12T00:00:00,0.9041
FUND13,2025-09-15T00:00:00,0.7951
FUND13,2025-09-16T00:00:00,0.9882
FUND13,2025-09-17T00:00:00,1.4113
FUND13,2025-09-18T00:00:00,1.1922
FUND13,2025-09-19T00:00:00,0.9148
FUND13,2025-09-22T00:00:00,0.9278
FUND13,2025-09-23T00:00:00,0.6026
FUND13,2025-09-24T00:00:00,0.6963
FUND13,2025-09-25T00:00:00,0.8319
FUND13,2025-09-26T00:00:00,0.7665
FUND13,2025-09-29T00:00:00,0.3854
FUND13,2025-09-30T00:00:00,-0.0342
FUND13,2025-10-01T00:00:00,0.1181
FUND13,2025-10-02T00:00:00,-0.2338
FUND13,2025-10-03T00:00:00,-0.2054
FUND13,2025-10-06T00:00:00,0.1122
FUND13,2025-10-07T00:00:00,-0.1712
FUND13,2025-10-08T00:00:00,-0.1617
FUND13,2025-10-09T00:00:00,0.0674
FUND13,2025-10-10T00:00:00,0.0091
FUND13,2025-10-13T00:00:00,-0.0129
FUND13,2025-10-14T00:00:00,0.186
FUND13,2025-10-15T00:00:00,0.1732
FUND13,2025-10-16T00:00:00,0.3809
FUND13,2025-10-17T00:00:00,0.23
FUND13,2025-10-20T00:00:00,0.478
FUND13,2025-10-21T00:00:00,0.2846
FUND13,2025-10-22T00:00:00,0.8022
FUND13,2025-10-23T00:00:00,0.6343
FUND13,2025-10-24T00:00:00,0.3247
FUND13,2025-10-27T00:00:00,0.1641
FUND13,2025-10-28T00:00:00,-0.0885
FUND13,2025-10-29T00:00:00,0.2552
FUND13,2025-10-30T00:00:00,0.1701
FUND13,2025-10-31T00:00:00,0.4965
FUND13,2025-11-03T00:00:00,0.3262
FUND13,2025-11-04T00:00:00,0.5004
FUND13,2025-11-05T00:00:00,0.4685
FUND13,2025-11-06T00:00:00,0.2875
FUND13,2025-11-07T00:00:00,0.3947
FUND13,2025-11-10T00:00:00,0.8381
FUND13,2025-11-11T00:00:00,0.7241
FUND13,2025-11-12T00:00:00,0.9257
FUND13,2025-11-13T00:00:00,0.4765
FUND13,2025-11-14T00:00:00,0.5969
FUND13,2025-11-17T00:00:00,0.7231
FUND13,2025-11-18T00:00:00,0.7125
FUND13,2025-11-19T00:00:00,0.6069
FUND13,2025-11-20T00:00:00,0.373
FUND13,2025-11-21T00:00:00,0.2191
FUND13,2025-11-24T00:00:00,0.4355
FUND14,2023-05-08T00:00:00,3.3436
FUND14,2023-05-09T00:00:00,3.5458
FUND14,2023-05-10T00:00:00,3.1331
FUND14,2023-05-11T00:00:00,3.2014
FUND14,2023-05-12T00:00:00,3.2712
FUND14,2023-05-15T00:00:00,3.0696
FUND14,2023-05-16T00:00:00,2.8716
FUND14,2023-05-17T00:00:00,2.9548
FUND14,2023-05-18T00:00:00,3.072
FUND14,2023-05-19T00:00:00,3.1176
FUND14,2023-05-22T00:00:00,2.3643
FUND14,2023-05-23T00:00:00,2.3411
FUND14,2023-05-24T00:00:00,2.295
FUND14,2023-05-25T00:00:00,2.2723
FUND14,2023-05-26T00:00:00,1.9092
FUND14,2023-05-29T00:00:00,1.7855
FUND14,2023-05-30T00:00:00,1.9565
FUND14,2023-05-31T00:00:00,2.154
FUND14,2023-06-01T00:00:00,2.0031
FUND14,2023-06-02T00:00:00,2.2095
FUND14,2023-06-05T00:00:00,2.1813
FUND14,2023-06-06T00:00:00,1.8494
FUND14,2023-06-07T00:00:00,1.5626
FUND14,2023-06-08T00:00:00,1.2946
FUND14,2023-06-09T00:00:00,1.0827
FUND14,2023-06-12T00:00:00,1.3426
FUND14,2023-06-13T00:00:00,1.7231
FUND14,2023-06-14T00:00:00,1.5683
FUND14,2023-06-15T00:00:00,1.547
FUND14,2023-06-16T00:00:00,1.3031
FUND14,2023-06-19T00:00:00,1.669
FUND14,2023-06-20T00:00:00,1.8211
FUND14,2023-06-21T00:00:00,1.9978
FUND14,2023-06-22T00:00:00,2.1696
FUND14,2023-06-23T00:00:00,1.9296
FUND14,2023-06-26T00:00:00,2.2422
FUND14,2023-06-27T00:00:00,1.9207
FUND14,2023-06-28T00:00:00,1.5752
FUND14,2023-06-29T00:00:00,1.9712
FUND14,2023-06-30T00:00:00,1.7047
FUND14,2023-07-03T00:00:00,1.9987
FUND14,2023-07-04T00:00:00,2.0962
FUND14,2023-07-05T00:00:00,1.9873
FUND14,2023-07-06T00:00:00,1.6583
FUND14,2023-07-07T00:00:00,1.5706
FUND14,2023-07-10T00:00:00,1.7471
FUND14,2023-07-11T00:00:00,1.6264
FUND14,2023-07-12T00:00:00,1.3727
FUND14,2023-07-13T00:00:00,1.5891
FUND14,2023-07-14T00:00:00,1.7926
FUND14,2023-07-17T00:00:00,2.0945
FUND14,2023-07-18T00:00:00,2.0084
FUND14,2023-07-19T00:00:00,2.2208
FUND14,2023-07-20T00:00:00,2.1116
FUND14,2023-07-21T00:00:00,1.9694
FUND14,2023-07-24T00:00:00,2.1136
FUND14,2023-07-25T00:00:00,2.476
FUND14,2023-07-26T00:00:00,2.4385
FUND14,2023-07-27T00:00:00,2.441
FUND14,2023-07-28T00:00:00,2.2777
FUND14,2023-07-31T00:00:00,2.088
FUND14,2023-08-01T00:00:00,1.8981
FUND14,2023-08-02T00:00:00,1.3374
FUND14,2023-08-03T00:00:00,1.6012
FUND14,2023-08-04T00:00:00,2.1098
FUND14,2023-08-07T00:00:00,2.0839
FUND14,2023-08-08T00:00:00,2.3352
FUND14,2023-08-09T00:00:00,2.5832
FUND14,2023-08-10T00:00:00,2.8491
FUND14,2023-08-11T00:00:00,2.7173
FUND14,2023-08-14T00:00:00,2.6979
FUND14,2023-08-15T00:00:00,2.6644
FUND14,2023-08-16T00:00:00,2.503
FUND14,2023-08-17T00:00:00,2.0177
FUND14,2023-08-18T00:00:00,2.1226
FUND14,2023-08-21T00:00:00,1.851
FUND14,2023-08-22T00:00:00,1.6409
FUND14,2023-08-23T00:00:00,1.5049
FUND14,2023-08-24T00:00:00,1.4709
FUND14,2023-08-25T00:00:00,1.0679
FUND14,2023-08-28T00:00:00,1.1164
FUND14,2023-08-29T00:00:00,0.9402
FUND14,2023-08-30T00:00:00,1.0204
FUND14,2023-08-31T00:00:00,0.9628
FUND14,2023-09-01T00:00:00,0.4723
FUND14,2023-09-04T00:00:00,0.8144
FUND14,2023-09-05T00:00:00,0.8219
FUND14,2023-09-06T00:00:00,0.7038
FUND14,2023-09-07T00:00:00,0.2325
FUND14,2023-09-08T00:00:00,-0.0396
FUND14,2023-09-11T00:00:00,-0.0571
FUND14,2023-09-12T00:00:00,0.0058
FUND14,2023-09-13T00:00:00,0.3183
FUND14,2023-09-14T00:00:00,0.6989
FUND14,2023-09-15T00:00:00,0.2161
FUND14,2023-09-18T00:00:00,0.3121
FUND14,2023-09-19T00:00:00,0.1148
FUND14,2023-09-20T00:00:00,0.3778
FUND14,2023-09-21T00:00:00,0.4552
FUND14,2023-09-22T00:00:00,0.792
FUND14,2023-09-25T00:00:00,1.4586
FUND14,2023-09-26T00:00:00,1.2794
FUND14,2023-09-27T00:00:00,1.2156
FUND14,2023-09-28T00:00:00,1.4004
FUND14,2023-09-29T00:00:00,1.3345
FUND14,2023-10-02T00:00:00,1.2024
FUND14,2023-10-03T00:00:00,1.2881
FUND14,2023-10-04T00:00:00,0.8511
FUND14,2023-10-05T00:00:00,1.0409
FUND14,2023-10-06T00:00:00,1.0008
FUND14,2023-10-09T00:00:00,0.9742
FUND14,2023-10-10T00:00:00,1.1488
FUND14,2023-10-11T00:00:00,1.3174
FUND14,2023-10-12T00:00:00,1.7608
FUND14,2023-10-13T00:00:00,2.0323
FUND14,2023-10-16T00:00:00,2.2749
FUND14,2023-10-17T00:00:00,2.0037
FUND14,2023-10-18T00:00:00,2.3808
FUND14,2023-10-19T00:00:00,2.5094
FUND14,2023-10-20T00:00:00,2.9836
FUND14,2023-10-23T00:00:00,2.6497
FUND14,2023-10-24T00:00:00,2.4465
FUND14,2023-10-25T00:00:00,2.4817
FUND14,2023-10-26T00:00:00,2.5205
FUND14,2023-10-27T00:00:00,2.4551
FUND14,2023-10-30T00:00:00,2.3328
FUND14,2023-10-31T00:00:00,2.9862
FUND14,2023-11-01T00:00:00,3.2754
FUND14,2023-11-02T00:00:00,3.4185
FUND14,2023-11-03T00:00:00,3.3971
FUND14,2023-11-06T00:00:00,2.9072
FUND14,2023-11-07T00:00:00,3.0626
FUND14,2023-11-08T00:00:00,3.3051
FUND14,2023-11-09T00:00:00,3.5538
FUND14,2023-11-10T00:00:00,3.4965
FUND14,2023-11-13T00:00:00,3.0689
FUND14,2023-11-14T00:00:00,3.1438
FUND14,2023-11-15T00:00:00,3.0005
FUND14,2023-11-16T00:00:00,2.8586
FUND14,2023-11-17T00:00:00,2.7886
FUND14,2023-11-20T00:00:00,2.7818
FUND14,2023-11-21T00:00:00,3.1896
FUND14,2023-11-22T00:00:00,3.1649
FUND14,2023-11-23T00:00:00,3.4685
FUND14,2023-11-24T00:00:00,3.2978
FUND14,2023-11-27T00:00:00,3.53
FUND14,2023-11-28T00:00:00,3.4966
FUND14,2023-11-29T00:00:00,3.4386
FUND14,2023-11-30T00:00:00,3.7834
FUND14,2023-12-01T00:00:00,3.6811
FUND14,2023-12-04T00:00:00,4.0184
FUND14,2023-12-05T00:00:00,3.7586
FUND14,2023-12-06T00:00:00,3.9095
FUND14,2023-12-07T00:00:00,3.5761
FUND14,2023-12-08T00:00:00,3.2009
FUND14,2023-12-11T00:00:00,3.4671
FUND14,2023-12-12T00:00:00,3.2027
FUND14,2023-12-13T00:00:00,3.111
FUND14,2023-12-14T00:00:00,2.9537
FUND14,2023-12-15T00:00:00,2.57
FUND14,2023-12-18T00:00:00,2.7645
FUND14,2023-12-19T00:00:00,2.866
FUND14,2023-12-20T00:00:00,2.6282
FUND14,2023-12-21T00:00:00,3.2557
FUND14,2023-12-22T00:00:00,3.02
FUND14,2023-12-25T00:00:00,2.8955
FUND14,2023-12-26T00:00:00,3.0339
FUND14,2023-12-27T00:00:00,2.9558
FUND14,2023-12-28T00:00:00,2.7886
FUND14,2023-12-29T00:00:00,3.0588
FUND14,2024-01-01T00:00:00,2.8643
FUND14,2024-01-02T00:00:00,2.8086
FUND14,2024-01-03T00:00:00,2.544
FUND14,2024-01-04T00:00:00,2.679
FUND14,2024-01-05T00:00:00,2.9253
FUND14,2024-01-08T00:00:00,2.6897
FUND14,2024-01-09T00:00:00,2.9541
FUND14,2024-01-10T00:00:00,2.8468
FUND14,2024-01-11T00:00:00,3.0908
FUND14,2024-01-12T00:00:00,3.2039
FUND14,2024-01-15T00:00:00,3.1534
FUND14,2024-01-16T00:00:00,3.3023
FUND14,2024-01-17T00:00:00,3.2033
FUND14,2024-01-18T00:00:00,3.1465
FUND14,2024-01-19T00:00:00,3.3536
FUND14,2024-01-22T00:00:00,3.2217
FUND14,2024-01-23T00:00:00,3.3215
FUND14,2024-01-24T00:00:00,2.7496
FUND14,2024-01-25T00:00:00,2.7856
FUND14,2024-01-26T00:00:00,2.2844
FUND14,2024-01-29T00:00:00,2.1799
FUND14,2024-01-30T00:00:00,2.4553
FUND14,2024-01-31T00:00:00,2.4646
FUND14,2024-02-01T00:00:00,2.3577
FUND14,2024-02-02T00:00:00,2.5965
FUND14,2024-02-05T00:00:00,2.7913
FUND14,2024-02-06T00:00:00,2.6541
FUND14,2024-02-07T00:00:00,2.9559
FUND14,2024-02-08T00:00:00,2.8363
FUND14,2024-02-09T00:00:00,2.6632
FUND14,2024-02-12T00:00:00,2.8099
FUND14,2024-02-13T00:00:00,2.9811
FUND14,2024-02-14T00:00:00,3.3283
FUND14,2024-02-15T00:00:00,3.3579
FUND14,2024-02-16T00:00:00,3.0406
FUND14,2024-02-19T00:00:00,2.9502
FUND14,2024-02-20T00:00:00,2.8847
FUND14,2024-02-21T00:00:00,2.6806
FUND14,2024-02-22T00:00:00,2.7674
FUND14,2024-02-23T00:00:00,2.8568
FUND14,2024-02-26T00:00:00,2.7493
FUND14,2024-02-27T00:00:00,3.1558
FUND14,2024-02-28T00:00:00,3.0783
FUND14,2024-02-29T00:00:00,3.2923
FUND14,2024-03-01T00:00:00,3.57
FUND14,2024-03-04T00:00:00,3.9443
FUND14,2024-03-05T00:00:00,3.8775
FUND14,2024-03-06T00:00:00,3.7708
FUND14,2024-03-07T00:00:00,3.8662
FUND14,2024-03-08T00:00:00,3.9011
FUND14,2024-03-11T00:00:00,4.371
FUND14,2024-03-12T00:00:00,3.9417
FUND14,2024-03-13T00:00:00,4.0574
FUND14,2024-03-14T00:00:00,4.0582
FUND14,2024-03-15T00:00:00,4.484
FUND14,2024-03-18T00:00:00,4.7522
FUND14,2024-03-19T00:00:00,4.6289
FUND14,2024-03-20T00:00:00,4.9293
FUND14,2024-03-21T00:00:00,4.6204
FUND14,2024-03-22T00:00:00,4.1575
FUND14,2024-03-25T00:00:00,3.8782
FUND14,2024-03-26T00:00:00,3.9183
FUND14,2024-03-27T00:00:00,3.6309
FUND14,2024-03-28T00:00:00,3.4744
FUND14,2024-03-29T00:00:00,3.814
FUND14,2024-04-01T00:00:00,3.9483
FUND14,2024-04-02T00:00:00,3.5886
FUND14,2024-04-03T00:00:00,3.5388
FUND14,2024-04-04T00:00:00,3.1858
FUND14,2024-04-05T00:00:00,3.6382
FUND14,2024-04-08T00:00:00,3.4811
FUND14,2024-04-09T00:00:00,3.4977
FUND14,2024-04-10T00:00:00,3.5309
FUND14,2024-04-11T00:00:00,3.3645
FUND14,2024-04-12T00:00:00,3.6806
FUND14,2024-04-15T00:00:00,3.5556
FUND14,2024-04-16T00:00:00,3.8076
FUND14,2024-04-17T00:00:00,3.539
FUND14,2024-04-18T00:00:00,3.3138
FUND14,2024-04-19T00:00:00,3.8267
FUND14,2024-04-22T00:00:00,3.0896
FUND14,2024-04-23T00:00:00,3.1457
FUND14,2024-04-24T00:00:00,3.3186
FUND14,2024-04-25T00:00:00,3.0658
FUND14,2024-04-26T00:00:00,3.5573
FUND14,2024-04-29T00:00:00,4.0745
FUND14,2024-04-30T00:00:00,3.9391
FUND14,2024-05-01T00:00:00,4.0015
FUND14,2024-05-02T00:00:00,3.9397
FUND14,2024-05-03T00:00:00,3.8064
FUND14,2024-05-06T00:00:00,3.5343
FUND14,2024-05-07T00:00:00,3.5253
FUND14,2024-05-08T00:00:00,3.5011
FUND14,2024-05-09T00:00:00,3.3064
FUND14,2024-05-10T00:00:00,3.1493
FUND14,2024-05-13T00:00:00,3.295
FUND14,2024-05-14T00:00:00,3.0471
FUND14,2024-05-15T00:00:00,2.973
FUND14,2024-05-16T00:00:00,2.8736
FUND14,2024-05-17T00:00:00,2.7029
FUND14,2024-05-20T00:00:00,2.7745
FUND14,2024-05-21T00:00:00,2.5677
FUND14,2024-05-22T00:00:00,2.9784
FUND14,2024-05-23T00:00:00,3.0139
FUND14,2024-05-24T00:00:00,3.1862
FUND14,2024-05-27T00:00:00,3.4976
FUND14,2024-05-28T00:00:00,3.4566
FUND14,2024-05-29T00:00:00,3.6613
FUND14,2024-05-30T00:00:00,3.272
FUND14,2024-05-31T00:00:00,3.673
FUND14,2024-06-03T00:00:00,3.6404
FUND14,2024-06-04T00:00:00,3.2831
FUND14,2024-06-05T00:00:00,3.5221
FUND14,2024-06-06T00:00:00,3.4655
FUND14,2024-06-07T00:00:00,3.1653
FUND14,2024-06-10T00:00:00,2.97
FUND14,2024-06-11T00:00:00,3.1367
FUND14,2024-06-12T00:00:00,3.3428
FUND14,2024-06-13T00:00:00,3.1261
FUND14,2024-06-14T00:00:00,3.2926
FUND14,2024-06-17T00:00:00,3.2378
FUND14,2024-06-18T00:00:00,3.6031
FUND14,2024-06-19T00:00:00,3.1554
FUND14,2024-06-20T00:00:00,3.1539
FUND14,2024-06-21T00:00:00,3.1954
FUND14,2024-06-24T00:00:00,2.8847
FUND14,2024-06-25T00:00:00,2.9278
FUND14,2024-06-26T00:00:00,3.1189
FUND14,2024-06-27T00:00:00,3.1133
FUND14,2024-06-28T00:00:00,2.7478
FUND14,2024-07-01T00:00:00,2.6725
FUND14,2024-07-02T00:00:00,2.5295
FUND14,2024-07-03T00:00:00,2.5696
FUND14,2024-07-04T00:00:00,2.2544
FUND14,2024-07-05T00:00:00,1.9435
FUND14,2024-07-08T00:00:00,1.6277
FUND14,2024-07-09T00:00:00,1.3272
FUND14,2024-07-10T00:00:00,1.4113
FUND14,2024-07-11T00:00:00,1.2035
FUND14,2024-07-12T00:00:00,1.0527
FUND14,2024-07-15T00:00:00,0.5839
FUND14,2024-07-16T00:00:00,0.6969
FUND14,2024-07-17T00:00:00,0.2187
FUND14,2024-07-18T00:00:00,0.2753
FUND14,2024-07-19T00:00:00,0.0998
FUND14,2024-07-22T00:00:00,0.1001
FUND14,2024-07-23T00:00:00,0.0714
FUND14,2024-07-24T00:00:00,0.0851
FUND14,2024-07-25T00:00:00,0.4114
FUND14,2024-07-26T00:00:00,0.8479
FUND14,2024-07-29T00:00:00,1.266
FUND14,2024-07-30T00:00:00,1.0142
FUND14,2024-07-31T00:00:00,0.9326
FUND14,2024-08-01T00:00:00,0.79
FUND14,2024-08-02T00:00:00,0.909
FUND14,2024-08-05T00:00:00,0.5906
FUND14,2024-08-06T00:00:00,0.8179
FUND14,2024-08-07T00:00:00,0.8362
FUND14,2024-08-08T00:00:00,0.8984
FUND14,2024-08-09T00:00:00,0.9685
FUND14,2024-08-12T00:00:00,1.1429
FUND14,2024-08-13T00:00:00,1.187
FUND14,2024-08-14T00:00:00,1.4656
FUND14,2024-08-15T00:00:00,1.8172
FUND14,2024-08-16T00:00:00,1.4427
FUND14,2024-08-19T00:00:00,1.433
FUND14,2024-08-20T00:00:00,1.489
FUND14,2024-08-21T00:00:00,1.6512
FUND14,2024-08-22T00:00:00,2.143
FUND14,2024-08-23T00:00:00,1.6703
FUND14,2024-08-26T00:00:00,2.3839
FUND14,2024-08-27T00:00:00,2.1894
FUND14,2024-08-28T00:00:00,2.0608
FUND14,2024-08-29T00:00:00,2.2709
FUND14,2024-08-30T00:00:00,1.8919
FUND14,2024-09-02T00:00:00,1.6764
FUND14,2024-09-03T00:00:00,1.9321
FUND14,2024-09-04T00:00:00,1.6936
FUND14,2024-09-05T00:00:00,1.7464
FUND14,2024-09-06T00:00:00,1.8299
FUND14,2024-09-09T00:00:00,2.2603
FUND14,2024-09-10T00:00:00,2.2812
FUND14,2024-09-11T00:00:00,2.5545
FUND14,2024-09-12T00:00:00,2.3698
FUND14,2024-09-13T00:00:00,2.2435
FUND14,2024-09-16T00:00:00,2.1977
FUND14,2024-09-17T00:00:00,1.7858
FUND14,2024-09-18T00:00:00,1.9362
FUND14,2024-09-19T00:00:00,1.9104
FUND14,2024-09-20T00:00:00,2.299
FUND14,2024-09-23T00:00:00,2.3022
FUND14,2024-09-24T00:00:00,2.3903
FUND14,2024-09-25T00:00:00,2.0981
FUND14,2024-09-26T00:00:00,1.4233
FUND14,2024-09-27T00:00:00,1.4594
FUND14,2024-09-30T00:00:00,1.2198
FUND14,2024-10-01T00:00:00,1.6363
FUND14,2024-10-02T00:00:00,1.5852
FUND14,2024-10-03T00:00:00,1.6768
FUND14,2024-10-04T00:00:00,1.7203
FUND14,2024-10-07T00:00:00,1.4367
FUND14,2024-10-08T00:00:00,1.7729
FUND14,2024-10-09T00:00:00,1.3097
FUND14,2024-10-10T00:00:00,1.2289
FUND14,2024-10-11T00:00:00,1.5213
FUND14,2024-10-14T00:00:00,1.5235
FUND14,2024-10-15T00:00:00,1.5158
FUND14,2024-10-16T00:00:00,1.3472
FUND14,2024-10-17T00:00:00,0.9792
FUND14,2024-10-18T00:00:00,0.6832
FUND14,2024-10-21T00:00:00,0.3425
FUND14,2024-10-22T00:00:00,-0.1511
FUND14,2024-10-23T00:00:00,-0.1657
FUND14,2024-10-24T00:00:00,-0.2517
FUND14,2024-10-25T00:00:00,-0.3004
FUND14,2024-10-28T00:00:00,-0.0977
FUND14,2024-10-29T00:00:00,0.1004
FUND14,2024-10-30T00:00:00,0.0658
FUND14,2024-10-31T00:00:00,-0.12
FUND14,2024-11-01T00:00:00,-0.5372
FUND14,2024-11-04T00:00:00,-0.3565
FUND14,2024-11-05T00:00:00,-0.3155
FUND14,2024-11-06T00:00:00,-0.7648
FUND14,2024-11-07T00:00:00,-0.7446
FUND14,2024-11-08T00:00:00,-0.4688
FUND14,2024-11-11T00:00:00,-0.2612
FUND14,2024-11-12T00:00:00,0.0498
FUND14,2024-11-13T00:00:00,0.0333
FUND14,2024-11-14T00:00:00,-0.3535
FUND14,2024-11-15T00:00:00,-0.1328
FUND14,2024-11-18T00:00:00,0.0717
FUND14,2024-11-19T00:00:00,0.5199
FUND14,2024-11-20T00:00:00,0.9961
FUND14,2024-11-21T00:00:00,0.8523
FUND14,2024-11-22T00:00:00,0.986
FUND14,2024-11-25T00:00:00,0.7672
FUND14,2024-11-26T00:00:00,0.8748
FUND14,2024-11-27T00:00:00,0.8222
FUND14,2024-11-28T00:00:00,0.8183
FUND14,2024-11-29T00:00:00,0.4804
FUND14,2024-12-02T00:00:00,0.6119
FUND14,2024-12-03T00:00:00,0.6967
FUND14,2024-12-04T00:00:00,1.0934
FUND14,2024-12-05T00:00:00,1.2652
FUND14,2024-12-06T00:00:00,1.0054
FUND14,2024-12-09T00:00:00,1.2024
FUND14,2024-12-10T00:00:00,1.1361
FUND14,2024-12-11T00:00:00,1.0929
FUND14,2024-12-12T00:00:00,1.2283
FUND14,2024-12-13T00:00:00,1.3774
FUND14,2024-12-16T00:00:00,0.8763
FUND14,2024-12-17T00:00:00,0.8761
FUND14,2024-12-18T00:00:00,0.5184
FUND14,2024-12-19T00:00:00,0.4458
FUND14,2024-12-20T00:00:00,0.6617
FUND14,2024-12-23T00:00:00,0.6326
FUND14,2024-12-24T00:00:00,0.4549
FUND14,2024-12-25T00:00:00,0.1445
FUND14,2024-12-26T00:00:00,-0.2732
FUND14,2024-12-27T00:00:00,0.0671
FUND14,2024-12-30T00:00:00,-0.0917
FUND14,2024-12-31T00:00:00,0.3303
FUND14,2025-01-01T00:00:00,0.7673
FUND14,2025-01-02T00:00:00,0.6362
FUND14,2025-01-03T00:00:00,0.769
FUND14,2025-01-06T00:00:00,0.952
FUND14,2025-01-07T00:00:00,0.9298
FUND14,2025-01-08T00:00:00,1.288
FUND14,2025-01-09T00:00:00,1.4701
FUND14,2025-01-10T00:00:00,1.4471
FUND14,2025-01-13T00:00:00,1.2585
FUND14,2025-01-14T00:00:00,1.2544
FUND14,2025-01-15T00:00:00,1.1254
FUND14,2025-01-16T00:00:00,1.1354
FUND14,2025-01-17T00:00:00,1.347
FUND14,2025-01-20T00:00:00,1.0237
FUND14,2025-01-21T00:00:00,1.187
FUND14,2025-01-22T00:00:00,1.4093
FUND14,2025-01-23T00:00:00,1.0845
FUND14,2025-01-24T00:00:00,1.0604
FUND14,2025-01-27T00:00:00,1.0317
FUND14,2025-01-28T00:00:00,0.8184
FUND14,2025-01-29T00:00:00,0.9082
FUND14,2025-01-30T00:00:00,1.0821
FUND14,2025-01-31T00:00:00,1.0515
FUND14,2025-02-03T00:00:00,1.0474
FUND14,2025-02-04T00:00:00,0.8657
FUND14,2025-02-05T00:00:00,0.987
FUND14,2025-02-06T00:00:00,1.2567
FUND14,2025-02-07T00:00:00,1.2075
FUND14,2025-02-10T00:00:00,1.5572
FUND14,2025-02-11T00:00:00,1.3521
FUND14,2025-02-12T00:00:00,1.5751
FUND14,2025-02-13T00:00:00,1.6791
FUND14,2025-02-14T00:00:00,1.7121
FUND14,2025-02-17T00:00:00,1.4739
FUND14,2025-02-18T00:00:00,1.4959
FUND14,2025-02-19T00:00:00,1.462
FUND14,2025-02-20T00:00:00,2.0793
FUND14,2025-02-21T00:00:00,1.911
FUND14,2025-02-24T00:00:00,2.3786
FUND14,2025-02-25T00:00:00,2.3073
FUND14,2025-02-26T00:00:00,2.5058
FUND14,2025-02-27T00:00:00,2.4436
FUND14,2025-02-28T00:00:00,2.3771
FUND14,2025-03-03T00:00:00,2.2456
FUND14,2025-03-04T00:00:00,2.1436
FUND14,2025-03-05T00:00:00,2.0727
FUND14,2025-03-06T00:00:00,2.1086
FUND14,2025-03-07T00:00:00,2.8936
FUND14,2025-03-10T00:00:00,2.6047
FUND14,2025-03-11T00:00:00,2.2871
FUND14,2025-03-12T00:00:00,2.2409
FUND14,2025-03-13T00:00:00,2.3798
FUND14,2025-03-14T00:00:00,2.3307
FUND14,2025-03-17T00:00:00,2.3759
FUND14,2025-03-18T00:00:00,2.2943
FUND14,2025-03-19T00:00:00,2.3387
FUND14,2025-03-20T00:00:00,2.3724
FUND14,2025-03-21T00:00:00,2.2729
FUND14,2025-03-24T00:00:00,2.2355
FUND14,2025-03-25T00:00:00,2.0083
FUND14,2025-03-26T00:00:00,1.6572
FUND14,2025-03-27T00:00:00,1.6881
FUND14,2025-03-28T00:00:00,1.726
FUND14,2025-03-31T00:00:00,2.0717
FUND14,2025-04-01T00:00:00,2.0016
FUND14,2025-04-02T00:00:00,1.7571
FUND14,2025-04-03T00:00:00,1.7544
FUND14,2025-04-04T00:00:00,1.9999
FUND14,2025-04-07T00:00:00,1.6134
FUND14,2025-04-08T00:00:00,1.4673
FUND14,2025-04-09T00:00:00,1.0934
FUND14,2025-04-10T00:00:00,1.1867
FUND14,2025-04-11T00:00:00,1.3844
FUND14,2025-04-14T00:00:00,1.5802
FUND14,2025-04-15T00:00:00,1.4697
FUND14,2025-04-16T00:00:00,1.1861
FUND14,2025-04-17T00:00:00,0.7295
FUND14,2025-04-18T00:00:00,0.3711
FUND14,2025-04-21T00:00:00,0.4531
FUND14,2025-04-22T00:00:00,0.5957
FUND14,2025-04-23T00:00:00,0.973
FUND14,2025-04-24T00:00:00,1.1689
FUND14,2025-04-25T00:00:00,0.782
FUND14,2025-04-28T00:00:00,0.681
FUND14,2025-04-29T00:00:00,0.7904
FUND14,2025-04-30T00:00:00,1.0871
FUND14,2025-05-01T00:00:00,1.3004
FUND14,2025-05-02T00:00:00,1.0851
FUND14,2025-05-05T00:00:00,1.0383
FUND14,2025-05-06T00:00:00,0.8535
FUND14,2025-05-07T00:00:00,0.3711
FUND14,2025-05-08T00:00:00,0.4535
FUND14,2025-05-09T00:00:00,0.4494
FUND14,2025-05-12T00:00:00,0.2503
FUND14,2025-05-13T00:00:00,-0.0762
FUND14,2025-05-14T00:00:00,-0.4206
FUND14,2025-05-15T00:00:00,-0.3247
FUND14,2025-05-16T00:00:00,-0.3053
FUND14,2025-05-19T00:00:00,-0.3624
FUND14,2025-05-20T00:00:00,-0.2173
FUND14,2025-05-21T00:00:00,0.0087
FUND14,2025-05-22T00:00:00,0.2959
FUND14,2025-05-23T00:00:00,-0.0905
FUND14,2025-05-26T00:00:00,-0.1243
FUND14,2025-05-27T00:00:00,-0.0816
FUND14,2025-05-28T00:00:00,-0.6143
FUND14,2025-05-29T00:00:00,-0.2319
FUND14,2025-05-30T00:00:00,-0.4536
FUND14,2025-06-02T00:00:00,-0.5677
FUND14,2025-06-03T00:00:00,-0.7474
FUND14,2025-06-04T00:00:00,-0.6366
FUND14,2025-06-05T00:00:00,-0.2205
FUND14,2025-06-06T00:00:00,0.0327
FUND14,2025-06-09T00:00:00,-0.1068
FUND14,2025-06-10T00:00:00,-0.3581
FUND14,2025-06-11T00:00:00,-0.4321
FUND14,2025-06-12T00:00:00,-0.7385
FUND14,2025-06-13T00:00:00,-0.9081
FUND14,2025-06-16T00:00:00,-1.1643
FUND14,2025-06-17T00:00:00,-0.9479
FUND14,2025-06-18T00:00:00,-1.2914
FUND14,2025-06-19T00:00:00,-1.4923
FUND14,2025-06-20T00:00:00,-1.5759
FUND14,2025-06-23T00:00:00,-0.9231
FUND14,2025-06-24T00:00:00,-0.7467
FUND14,2025-06-25T00:00:00,-0.9664
FUND14,2025-06-26T00:00:00,-1.2634
FUND14,2025-06-27T00:00:00,-0.6094
FUND14,2025-06-30T00:00:00,-0.7699
FUND14,2025-07-01T00:00:00,-0.5377
FUND14,2025-07-02T00:00:00,-0.136
FUND14,2025-07-03T00:00:00,-0.0801
FUND14,2025-07-04T00:00:00,0.1963
FUND14,2025-07-07T00:00:00,0.3573
FUND14,2025-07-08T00:00:00,0.1599
FUND14,2025-07-09T00:00:00,-0.0081
FUND14,2025-07-10T00:00:00,-0.0368
FUND14,2025-07-11T00:00:00,-0.0927
FUND14,2025-07-14T00:00:00,0.1663
FUND14,2025-07-15T00:00:00,0.1605
FUND14,2025-07-16T00:00:00,0.4349
FUND14,2025-07-17T00:00:00,0.5055
FUND14,2025-07-18T00:00:00,0.4959
FUND14,2025-07-21T00:00:00,0.065
FUND14,2025-07-22T00:00:00,0.2616
FUND14,2025-07-23T00:00:00,0.3331
FUND14,2025-07-24T00:00:00,0.6777
FUND14,2025-07-25T00:00:00,0.726
FUND14,2025-07-28T00:00:00,1.1366
FUND14,2025-07-29T00:00:00,1.1599
FUND14,2025-07-30T00:00:00,1.2635
FUND14,2025-07-31T00:00:00,1.0459
FUND14,2025-08-01T00:00:00,1.0969
FUND14,2025-08-04T00:00:00,0.8853
FUND14,2025-08-05T00:00:00,0.7918
FUND14,2025-08-06T00:00:00,0.8858
FUND14,2025-08-07T00:00:00,0.6905
FUND14,2025-08-08T00:00:00,0.3722
FUND14,2025-08-11T00:00:00,0.5103
FUND14,2025-08-12T00:00:00,0.8265
FUND14,2025-08-13T00:00:00,0.9277
FUND14,2025-08-14T00:00:00,1.0417
FUND14,2025-08-15T00:00:00,0.7875
FUND14,2025-08-18T00:00:00,0.5963
FUND14,2025-08-19T00:00:00,0.6702
FUND14,2025-08-20T00:00:00,1.1317
FUND14,2025-08-21T00:00:00,1.4892
FUND14,2025-08-22T00:00:00,1.717
FUND14,2025-08-25T00:00:00,1.7634
FUND14,2025-08-26T00:00:00,1.7786
FUND14,2025-08-27T00:00:00,2.1241
FUND14,2025-08-28T00:00:00,2.222
FUND14,2025-08-29T00:00:00,2.4715
FUND14,2025-09-01T00:00:00,2.4041
FUND14,2025-09-02T00:00:00,2.573
FUND14,2025-09-03T00:00:00,2.5035
FUND14,2025-09-04T00:00:00,2.4843
FUND14,2025-09-05T00:00:00,2.6798
FUND14,2025-09-08T00:00:00,2.551
FUND14,2025-09-09T00:00:00,2.3924
FUND14,2025-09-10T00:00:00,2.407
FUND14,2025-09-11T00:00:00,2.5009
FUND14,2025-09-12T00:00:00,2.4801
FUND14,2025-09-15T00:00:00,2.6466
FUND14,2025-09-16T00:00:00,2.8458
FUND14,2025-09-17T00:00:00,3.0064
FUND14,2025-09-18T00:00:00,2.9597
FUND14,2025-09-19T00:00:00,3.2934
FUND14,2025-09-22T00:00:00,3.2379
FUND14,2025-09-23T00:00:00,2.9969
FUND14,2025-09-24T00:00:00,2.7432
FUND14,2025-09-25T00:00:00,2.8947
FUND14,2025-09-26T00:00:00,3.3681
FUND14,2025-09-29T00:00:00,3.7696
FUND14,2025-09-30T00:00:00,4.0919
FUND14,2025-10-01T00:00:00,4.4882
FUND14,2025-10-02T00:00:00,4.3506
FUND14,2025-10-03T00:00:00,4.3856
FUND14,2025-10-06T00:00:00,4.6062
FUND14,2025-10-07T00:00:00,5.2638
FUND14,2025-10-08T00:00:00,4.6341
FUND14,2025-10-09T00:00:00,4.5362
FUND14,2025-10-10T00:00:00,4.1526
FUND14,2025-10-13T00:00:00,4.2963
FUND14,2025-10-14T00:00:00,4.6621
FUND14,2025-10-15T00:00:00,4.591
FUND14,2025-10-16T00:00:00,4.7442
FUND14,2025-10-17T00:00:00,4.923
FUND14,2025-10-20T00:00:00,4.9851
FUND14,2025-10-21T00:00:00,5.0121
FUND14,2025-10-22T00:00:00,5.3382
FUND14,2025-10-23T00:00:00,5.3468
FUND14,2025-10-24T00:00:00,5.5404
FUND14,2025-10-27T00:00:00,5.2869
FUND14,2025-10-28T00:00:00,5.1537
FUND14,2025-10-29T00:00:00,4.7613
FUND14,2025-10-30T00:00:00,4.4919
FUND14,2025-10-31T00:00:00,4.183
FUND14,2025-11-03T00:00:00,4.0166
FUND14,2025-11-04T00:00:00,3.8722
FUND14,2025-11-05T00:00:00,3.4613
FUND14,2025-11-06T00:00:00,3.1197
FUND14,2025-11-07T00:00:00,3.2856
FUND14,2025-11-10T00:00:00,2.5623
FUND14,2025-11-11T00:00:00,2.7595
FUND14,2025-11-12T00:00:00,2.7929
FUND14,2025-11-13T00:00:00,2.7776
FUND14,2025-11-14T00:00:00,2.4571
FUND14,2025-11-17T00:00:00,2.4417
FUND14,2025-11-18T00:00:00,2.4747
FUND14,2025-11-19T00:00:00,2.4875
FUND14,2025-11-20T00:00:00,2.2698
FUND14,2025-11-21T00:00:00,1.6671
FUND14,2025-11-24T00:00:00,2.1349
FUND15,2023-05-08T00:00:00,-1.6699
FUND15,2023-05-09T00:00:00,-1.7649
FUND15,2023-05-10T00:00:00,-1.7453
FUND15,2023-05-11T00:00:00,-1.5368
FUND15,2023-05-12T00:00:00,-1.5648
FUND15,2023-05-15T00:00:00,-1.543
FUND15,2023-05-16T00:00:00,-1.7745
FUND15,2023-05-17T00:00:00,-2.336
FUND15,2023-05-18T00:00:00,-1.9381
FUND15,2023-05-19T00:00:00,-2.0896
FUND15,2023-05-22T00:00:00,-1.5857
FUND15,2023-05-23T00:00:00,-1.5854
FUND15,2023-05-24T00:00:00,-1.6098
FUND15,2023-05-25T00:00:00,-1.837
FUND15,2023-05-26T00:00:00,-1.9042
FUND15,2023-05-29T00:00:00,-1.9631
FUND15,2023-05-30T00:00:00,-1.6903
FUND15,2023-05-31T00:00:00,-1.7591
FUND15,2023-06-01T00:00:00,-1.7991
FUND15,2023-06-02T00:00:00,-1.8503
FUND15,2023-06-05T00:00:00,-1.5054
FUND15,2023-06-06T00:00:00,-1.5746
FUND15,2023-06-07T00:00:00,-2.0023
FUND15,2023-06-08T00:00:00,-1.7068
FUND15,2023-06-09T00:00:00,-1.9096
FUND15,2023-06-12T00:00:00,-2.0732
FUND15,2023-06-13T00:00:00,-1.7062
FUND15,2023-06-14T00:00:00,-1.4019
FUND15,2023-06-15T00:00:00,-1.122
FUND15,2023-06-16T00:00:00,-1.1393
FUND15,2023-06-19T00:00:00,-1.2621
FUND15,2023-06-20T00:00:00,-1.2395
FUND15,2023-06-21T00:00:00,-1.4013
FUND15,2023-06-22T00:00:00,-1.4053
FUND15,2023-06-23T00:00:00,-1.713
FUND15,2023-06-26T00:00:00,-1.9151
FUND15,2023-06-27T00:00:00,-1.594
FUND15,2023-06-28T00:00:00,-1.5499
FUND15,2023-06-29T00:00:00,-1.5998
FUND15,2023-06-30T00:00:00,-1.5777
FUND15,2023-07-03T00:00:00,-1.6857
FUND15,2023-07-04T00:00:00,-1.3745
FUND15,2023-07-05T00:00:00,-1.2945
FUND15,2023-07-06T00:00:00,-1.2772
FUND15,2023-07-07T00:00:00,-1.0402
FUND15,2023-07-10T00:00:00,-0.5408
FUND15,2023-07-11T00:00:00,-0.2169
FUND15,2023-07-12T00:00:00,-0.4789
FUND15,2023-07-13T00:00:00,-0.6509
FUND15,2023-07-14T00:00:00,-0.2128
FUND15,2023-07-17T00:00:00,0.2042
FUND15,2023-07-18T00:00:00,-0.0915
FUND15,2023-07-19T00:00:00,0.2886
FUND15,2023-07-20T00:00:00,-0.0976
FUND15,2023-07-21T00:00:00,0.3999
FUND15,2023-07-24T00:00:00,0.4615
FUND15,2023-07-25T00:00:00,0.1727
FUND15,2023-07-26T00:00:00,0.1378
FUND15,2023-07-27T00:00:00,0.3581
FUND15,2023-07-28T00:00:00,0.292
FUND15,2023-07-31T00:00:00,0.3155
FUND15,2023-08-01T00:00:00,0.1906
FUND15,2023-08-02T00:00:00,0.4736
FUND15,2023-08-03T00:00:00,0.7593
FUND15,2023-08-04T00:00:00,0.8991
FUND15,2023-08-07T00:00:00,1.272
FUND15,2023-08-08T00:00:00,1.3021
FUND15,2023-08-09T00:00:00,1.4741
FUND15,2023-08-10T00:00:00,1.22
FUND15,2023-08-11T00:00:00,1.0896
FUND15,2023-08-14T00:00:00,1.1381
FUND15,2023-08-15T00:00:00,1.4108
FUND15,2023-08-16T00:00:00,1.5864
FUND15,2023-08-17T00:00:00,1.5985
FUND15,2023-08-18T00:00:00,0.9846
FUND15,2023-08-21T00:00:00,1.3954
FUND15,2023-08-22T00:00:00,1.2302
FUND15,2023-08-23T00:00:00,1.2802
FUND15,2023-08-24T00:00:00,1.5175
FUND15,2023-08-25T00:00:00,1.4715
FUND15,2023-08-28T00:00:00,1.4523
FUND15,2023-08-29T00:00:00,1.4371
FUND15,2023-08-30T00:00:00,1.2979
FUND15,2023-08-31T00:00:00,0.9539
FUND15,2023-09-01T00:00:00,0.78
FUND15,2023-09-04T00:00:00,0.5855
FUND15,2023-09-05T00:00:00,0.2703
FUND15,2023-09-06T00:00:00,0.3534
FUND15,2023-09-07T00:00:00,0.1834
FUND15,2023-09-08T00:00:00,0.3522
FUND15,2023-09-11T00:00:00,0.467
FUND15,2023-09-12T00:00:00,0.473
FUND15,2023-09-13T00:00:00,0.6913
FUND15,2023-09-14T00:00:00,0.4089
FUND15,2023-09-15T00:00:00,0.4725
FUND15,2023-09-18T00:00:00,0.2331
FUND15,2023-09-19T00:00:00,0.4413
FUND15,2023-09-20T00:00:00,0.5495
FUND15,2023-09-21T00:00:00,0.3948
FUND15,2023-09-22T00:00:00,0.9254
FUND15,2023-09-25T00:00:00,0.7694
FUND15,2023-09-26T00:00:00,1.1084
FUND15,2023-09-27T00:00:00,1.1922
FUND15,2023-09-28T00:00:00,1.5132
FUND15,2023-09-29T00:00:00,1.6813
FUND15,2023-10-02T00:00:00,1.9042
FUND15,2023-10-03T00:00:00,1.7192
FUND15,2023-10-04T00:00:00,2.1647
FUND15,2023-10-05T00:00:00,2.2722
FUND15,2023-10-06T00:00:00,2.1133
FUND15,2023-10-09T00:00:00,2.0509
FUND15,2023-10-10T00:00:00,2.0391
FUND15,2023-10-11T00:00:00,2.383
FUND15,2023-10-12T00:00:00,2.3881
FUND15,2023-10-13T00:00:00,2.615
FUND15,2023-10-16T00:00:00,3.0792
FUND15,2023-10-17T00:00:00,3.2748
FUND15,2023-10-18T00:00:00,3.0187
FUND15,2023-10-19T00:00:00,2.7185
FUND15,2023-10-20T00:00:00,2.598
FUND15,2023-10-23T00:00:00,2.6303
FUND15,2023-10-24T00:00:00,2.6087
FUND15,2023-10-25T00:00:00,2.5876
FUND15,2023-10-26T00:00:00,2.4762
FUND15,2023-10-27T00:00:00,2.8183
FUND15,2023-10-30T00:00:00,2.5091
FUND15,2023-10-31T00:00:00,2.4575
FUND15,2023-11-01T00:00:00,2.3846
FUND15,2023-11-02T00:00:00,2.2573
FUND15,2023-11-03T00:00:00,2.0721
FUND15,2023-11-06T00:00:00,2.3114
FUND15,2023-11-07T00:00:00,2.0647
FUND15,2023-11-08T00:00:00,2.1427
FUND15,2023-11-09T00:00:00,2.2557
FUND15,2023-11-10T00:00:00,2.236
FUND15,2023-11-13T00:00:00,2.163
FUND15,2023-11-14T00:00:00,2.0577
FUND15,2023-11-15T00:00:00,2.2805
FUND15,2023-11-16T00:00:00,2.3483
FUND15,2023-11-17T00:00:00,2.2513
FUND15,2023-11-20T00:00:00,1.9199
FUND15,2023-11-21T00:00:00,1.8431
FUND15,2023-11-22T00:00:00,1.3507
FUND15,2023-11-23T00:00:00,1.7017
FUND15,2023-11-24T00:00:00,1.3068
FUND15,2023-11-27T00:00:00,1.5104
FUND15,2023-11-28T00:00:00,1.468
FUND15,2023-11-29T00:00:00,1.5327
FUND15,2023-11-30T00:00:00,1.3565
FUND15,2023-12-01T00:00:00,1.5384
FUND15,2023-12-04T00:00:00,1.6093
FUND15,2023-12-05T00:00:00,1.4963
FUND15,2023-12-06T00:00:00,1.0226
FUND15,2023-12-07T00:00:00,0.9229
FUND15,2023-12-08T00:00:00,0.7041
FUND15,2023-12-11T00:00:00,0.2949
FUND15,2023-12-12T00:00:00,0.3501
FUND15,2023-12-13T00:00:00,0.1123
FUND15,2023-12-14T00:00:00,0.5051
FUND15,2023-12-15T00:00:00,0.604
FUND15,2023-12-18T00:00:00,0.0104
FUND15,2023-12-19T00:00:00,-0.0877
FUND15,2023-12-20T00:00:00,-0.1426
FUND15,2023-12-21T00:00:00,-0.2508
FUND15,2023-12-22T00:00:00,0.287
FUND15,2023-12-25T00:00:00,0.2906
FUND15,2023-12-26T00:00:00,0.1524
FUND15,2023-12-27T00:00:00,-0.0878
FUND15,2023-12-28T00:00:00,-0.2469
FUND15,2023-12-29T00:00:00,-0.0936
FUND15,2024-01-01T00:00:00,-0.1511
FUND15,2024-01-02T00:00:00,0.0883
FUND15,2024-01-03T00:00:00,0.034
FUND15,2024-01-04T00:00:00,0.359
FUND15,2024-01-05T00:00:00,0.5951
FUND15,2024-01-08T00:00:00,1.0514
FUND15,2024-01-09T00:00:00,1.9161
FUND15,2024-01-10T00:00:00,2.0393
FUND15,2024-01-11T00:00:00,2.0874
FUND15,2024-01-12T00:00:00,1.52
FUND15,2024-01-15T00:00:00,1.7673
FUND15,2024-01-16T00:00:00,1.8484
FUND15,2024-01-17T00:00:00,1.5743
FUND15,2024-01-18T00:00:00,2.0569
FUND15,2024-01-19T00:00:00,2.391
FUND15,2024-01-22T00:00:00,2.7211
FUND15,2024-01-23T00:00:00,2.8062
FUND15,2024-01-24T00:00:00,2.946
FUND15,2024-01-25T00:00:00,2.8874
FUND15,2024-01-26T00:00:00,2.7177
FUND15,2024-01-29T00:00:00,2.6489
FUND15,2024-01-30T00:00:00,2.1443
FUND15,2024-01-31T00:00:00,1.9234
FUND15,2024-02-01T00:00:00,1.8324
FUND15,2024-02-02T00:00:00,1.5187
FUND15,2024-02-05T00:00:00,1.5549
FUND15,2024-02-06T00:00:00,1.7003
FUND15,2024-02-07T00:00:00,1.6788
FUND15,2024-02-08T00:00:00,1.5999
FUND15,2024-02-09T00:00:00,2.1063
FUND15,2024-02-12T00:00:00,2.0303
FUND15,2024-02-13T00:00:00,2.4126
FUND15,2024-02-14T00:00:00,2.3904
FUND15,2024-02-15T00:00:00,1.9805
FUND15,2024-02-16T00:00:00,2.0569
FUND15,2024-02-19T00:00:00,1.6977
FUND15,2024-02-20T00:00:00,1.0878
FUND15,2024-02-21T00:00:00,1.3117
FUND15,2024-02-22T00:00:00,1.4573
FUND15,2024-02-23T00:00:00,1.536
FUND15,2024-02-26T00:00:00,1.8036
FUND15,2024-02-27T00:00:00,1.7891
FUND15,2024-02-28T00:00:00,2.12
FUND15,2024-02-29T00:00:00,2.0705
FUND15,2024-03-01T00:00:00,2.3004
FUND15,2024-03-04T00:00:00,2.4477
FUND15,2024-03-05T00:00:00,2.5009
FUND15,2024-03-06T00:00:00,2.9358
FUND15,2024-03-07T00:00:00,2.9333
FUND15,2024-03-08T00:00:00,2.9344
FUND15,2024-03-11T00:00:00,2.4497
FUND15,2024-03-12T00:00:00,2.6844
FUND15,2024-03-13T00:00:00,2.7812
FUND15,2024-03-14T00:00:00,2.6695
FUND15,2024-03-15T00:00:00,2.7518
FUND15,2024-03-18T00:00:00,2.2912
FUND15,2024-03-19T00:00:00,2.0608
FUND15,2024-03-20T00:00:00,1.7943
FUND15,2024-03-21T00:00:00,1.8263
FUND15,2024-03-22T00:00:00,1.7023
FUND15,2024-03-25T00:00:00,1.8519
FUND15,2024-03-26T00:00:00,1.8842
FUND15,2024-03-27T00:00:00,2.2404
FUND15,2024-03-28T00:00:00,2.2868
FUND15,2024-03-29T00:00:00,2.4652
FUND15,2024-04-01T00:00:00,2.3477
FUND15,2024-04-02T00:00:00,2.6229
FUND15,2024-04-03T00:00:00,2.7856
FUND15,2024-04-04T00:00:00,2.8556
FUND15,2024-04-05T00:00:00,2.746
FUND15,2024-04-08T00:00:00,2.4867
FUND15,2024-04-09T00:00:00,2.6711
FUND15,2024-04-10T00:00:00,2.4987
FUND15,2024-04-11T00:00:00,2.5756
FUND15,2024-04-12T00:00:00,2.4951
FUND15,2024-04-15T00:00:00,2.2395
FUND15,2024-04-16T00:00:00,1.9635
FUND15,2024-04-17T00:00:00,1.9656
FUND15,2024-04-18T00:00:00,1.8173
FUND15,2024-04-19T00:00:00,1.286
FUND15,2024-04-22T00:00:00,1.7047
FUND15,2024-04-23T00:00:00,1.7627
FUND15,2024-04-24T00:00:00,1.7497
FUND15,2024-04-25T00:00:00,1.7291
FUND15,2024-04-26T00:00:00,1.7623
FUND15,2024-04-29T00:00:00,1.5008
FUND15,2024-04-30T00:00:00,1.6544
FUND15,2024-05-01T00:00:00,1.3857
FUND15,2024-05-02T00:00:00,1.0596
FUND15,2024-05-03T00:00:00,0.9781
FUND15,2024-05-06T00:00:00,1.1098
FUND15,2024-05-07T00:00:00,1.1096
FUND15,2024-05-08T00:00:00,1.2366
FUND15,2024-05-09T00:00:00,1.0918
FUND15,2024-05-10T00:00:00,1.2948
FUND15,2024-05-13T00:00:00,1.3584
FUND15,2024-05-14T00:00:00,1.139
FUND15,2024-05-15T00:00:00,0.9225
FUND15,2024-05-16T00:00:00,0.9914
FUND15,2024-05-17T00:00:00,1.4948
FUND15,2024-05-20T00:00:00,1.1049
FUND15,2024-05-21T00:00:00,0.9145
FUND15,2024-05-22T00:00:00,1.2328
FUND15,2024-05-23T00:00:00,0.9129
FUND15,2024-05-24T00:00:00,0.6983
FUND15,2024-05-27T00:00:00,0.5676
FUND15,2024-05-28T00:00:00,0.6764
FUND15,2024-05-29T00:00:00,0.674
FUND15,2024-05-30T00:00:00,0.5282
FUND15,2024-05-31T00:00:00,0.6969
FUND15,2024-06-03T00:00:00,0.5078
FUND15,2024-06-04T00:00:00,0.7429
FUND15,2024-06-05T00:00:00,0.6632
FUND15,2024-06-06T00:00:00,0.9397
FUND15,2024-06-07T00:00:00,1.5716
FUND15,2024-06-10T00:00:00,1.485
FUND15,2024-06-11T00:00:00,1.3995
FUND15,2024-06-12T00:00:00,1.2931
FUND15,2024-06-13T00:00:00,1.2945
FUND15,2024-06-14T00:00:00,0.7977
FUND15,2024-06-17T00:00:00,0.8678
FUND15,2024-06-18T00:00:00,0.4873
FUND15,2024-06-19T00:00:00,0.2549
FUND15,2024-06-20T00:00:00,0.3848
FUND15,2024-06-21T00:00:00,0.4188
FUND15,2024-06-24T00:00:00,0.3017
FUND15,2024-06-25T00:00:00,0.7092
FUND15,2024-06-26T00:00:00,0.5834
FUND15,2024-06-27T00:00:00,0.2694
FUND15,2024-06-28T00:00:00,0.2427
FUND15,2024-07-01T00:00:00,-0.1465
FUND15,2024-07-02T00:00:00,-0.1277
FUND15,2024-07-03T00:00:00,-0.2781
FUND15,2024-07-04T00:00:00,-0.1535
FUND15,2024-07-05T00:00:00,-0.5563
FUND15,2024-07-08T00:00:00,-0.6128
FUND15,2024-07-09T00:00:00,-0.7829
FUND15,2024-07-10T00:00:00,-1.0125
FUND15,2024-07-11T00:00:00,-1.2644
FUND15,2024-07-12T00:00:00,-1.361
FUND15,2024-07-15T00:00:00,-1.3033
FUND15,2024-07-16T00:00:00,-1.7048
FUND15,2024-07-17T00:00:00,-2.0376
FUND15,2024-07-18T00:00:00,-1.978
FUND15,2024-07-19T00:00:00,-2.1806
FUND15,2024-07-22T00:00:00,-1.9158
FUND15,2024-07-23T00:00:00,-1.681
FUND15,2024-07-24T00:00:00,-2.1427
FUND15,2024-07-25T00:00:00,-2.4218
FUND15,2024-07-26T00:00:00,-2.4585
FUND15,2024-07-29T00:00:00,-2.6319
FUND15,2024-07-30T00:00:00,-2.6215
FUND15,2024-07-31T00:00:00,-2.9577
FUND15,2024-08-01T00:00:00,-2.5869
FUND15,2024-08-02T00:00:00,-2.7091
FUND15,2024-08-05T00:00:00,-2.8532
FUND15,2024-08-06T00:00:00,-2.7413
FUND15,2024-08-07T00:00:00,-3.3056
FUND15,2024-08-08T00:00:00,-3.4715
FUND15,2024-08-09T00:00:00,-3.3151
FUND15,2024-08-12T00:00:00,-3.1769
FUND15,2024-08-13T00:00:00,-3.1027
FUND15,2024-08-14T00:00:00,-3.0239
FUND15,2024-08-15T00:00:00,-3.0662
FUND15,2024-08-16T00:00:00,-2.699
FUND15,2024-08-19T00:00:00,-2.5423
FUND15,2024-08-20T00:00:00,-2.3823
FUND15,2024-08-21T00:00:00,-1.9241
FUND15,2024-08-22T00:00:00,-1.9361
FUND15,2024-08-23T00:00:00,-1.2933
FUND15,2024-08-26T00:00:00,-1.4847
FUND15,2024-08-27T00:00:00,-1.5718
FUND15,2024-08-28T00:00:00,-1.6017
FUND15,2024-08-29T00:00:00,-1.477
FUND15,2024-08-30T00:00:00,-1.6522
FUND15,2024-09-02T00:00:00,-1.0422
FUND15,2024-09-03T00:00:00,-1.3167
FUND15,2024-09-04T00:00:00,-1.1544
FUND15,2024-09-05T00:00:00,-0.6754
FUND15,2024-09-06T00:00:00,-0.6912
FUND15,2024-09-09T00:00:00,-0.8918
FUND15,2024-09-10T00:00:00,-0.9083
FUND15,2024-09-11T00:00:00,-0.6344
FUND15,2024-09-12T00:00:00,-0.2217
FUND15,2024-09-13T00:00:00,-0.3988
FUND15,2024-09-16T00:00:00,-0.8036
FUND15,2024-09-17T00:00:00,-0.9009
FUND15,2024-09-18T00:00:00,-0.2174
FUND15,2024-09-19T00:00:00,-0.0888
FUND15,2024-09-20T00:00:00,-0.5063
FUND15,2024-09-23T00:00:00,-0.1118
FUND15,2024-09-24T00:00:00,-0.2239
FUND15,2024-09-25T00:00:00,-0.4788
FUND15,2024-09-26T00:00:00,-0.5633
FUND15,2024-09-27T00:00:00,-0.7112
FUND15,2024-09-30T00:00:00,-0.784
FUND15,2024-10-01T00:00:00,-0.9039
FUND15,2024-10-02T00:00:00,-1.027
FUND15,2024-10-03T00:00:00,-0.6153
FUND15,2024-10-04T00:00:00,-0.888
FUND15,2024-10-07T00:00:00,-0.6179
FUND15,2024-10-08T00:00:00,-0.8078
FUND15,2024-10-09T00:00:00,-0.4784
FUND15,2024-10-10T00:00:00,-0.7212
FUND15,2024-10-11T00:00:00,-0.9278
FUND15,2024-10-14T00:00:00,-1.1756
FUND15,2024-10-15T00:00:00,-1.1113
FUND15,2024-10-16T00:00:00,-1.1474
FUND15,2024-10-17T00:00:00,-0.8526
FUND15,2024-10-18T00:00:00,-0.5747
FUND15,2024-10-21T00:00:00,-0.7231
FUND15,2024-10-22T00:00:00,-1.0544
FUND15,2024-10-23T00:00:00,-0.9107
FUND15,2024-10-24T00:00:00,-1.0001
FUND15,2024-10-25T00:00:00,-1.1408
FUND15,2024-10-28T00:00:00,-0.7998
FUND15,2024-10-29T00:00:00,-0.9875
FUND15,2024-10-30T00:00:00,-0.8298
FUND15,2024-10-31T00:00:00,-1.0196
FUND15,2024-11-01T00:00:00,-0.9684
FUND15,2024-11-04T00:00:00,-0.7485
FUND15,2024-11-05T00:00:00,-0.4567
FUND15,2024-11-06T00:00:00,-0.7942
FUND15,2024-11-07T00:00:00,-0.5918
FUND15,2024-11-08T00:00:00,-0.5997
FUND15,2024-11-11T00:00:00,-0.6408
FUND15,2024-11-12T00:00:00,-0.6327
FUND15,2024-11-13T00:00:00,-1.2203
FUND15,2024-11-14T00:00:00,-1.0106
FUND15,2024-11-15T00:00:00,-0.5214
FUND15,2024-11-18T00:00:00,-0.6658
FUND15,2024-11-19T00:00:00,-0.9603
FUND15,2024-11-20T00:00:00,-0.8637
FUND15,2024-11-21T00:00:00,-1.0213
FUND15,2024-11-22T00:00:00,-0.8841
FUND15,2024-11-25T00:00:00,-0.8259
FUND15,2024-11-26T00:00:00,-1.0264
FUND15,2024-11-27T00:00:00,-0.4912
FUND15,2024-11-28T00:00:00,-0.3346
FUND15,2024-11-29T00:00:00,-0.035
FUND15,2024-12-02T00:00:00,0.1801
FUND15,2024-12-03T00:00:00,0.2523
FUND15,2024-12-04T00:00:00,0.4958
FUND15,2024-12-05T00:00:00,0.1516
FUND15,2024-12-06T00:00:00,0.2307
FUND15,2024-12-09T00:00:00,0.3658
FUND15,2024-12-10T00:00:00,0.169
FUND15,2024-12-11T00:00:00,0.7702
FUND15,2024-12-12T00:00:00,0.952
FUND15,2024-12-13T00:00:00,0.6934
FUND15,2024-12-16T00:00:00,0.5954
FUND15,2024-12-17T00:00:00,0.3657
FUND15,2024-12-18T00:00:00,0.2034
FUND15,2024-12-19T00:00:00,0.4701
FUND15,2024-12-20T00:00:00,0.4225
FUND15,2024-12-23T00:00:00,0.6266
FUND15,2024-12-24T00:00:00,0.5094
FUND15,2024-12-25T00:00:00,0.5064
FUND15,2024-12-26T00:00:00,0.2966
FUND15,2024-12-27T00:00:00,0.0363
FUND15,2024-12-30T00:00:00,0.226
FUND15,2024-12-31T00:00:00,0.5394
FUND15,2025-01-01T00:00:00,0.4933
FUND15,2025-01-02T00:00:00,0.3353
FUND15,2025-01-03T00:00:00,0.8029
FUND15,2025-01-06T00:00:00,0.6465
FUND15,2025-01-07T00:00:00,1.0424
FUND15,2025-01-08T00:00:00,1.0899
FUND15,2025-01-09T00:00:00,0.6416
FUND15,2025-01-10T00:00:00,0.5064
FUND15,2025-01-13T00:00:00,0.6468
FUND15,2025-01-14T00:00:00,1.0428
FUND15,2025-01-15T00:00:00,0.7084
FUND15,2025-01-16T00:00:00,0.6572
FUND15,2025-01-17T00:00:00,0.6786
FUND15,2025-01-20T00:00:00,1.0624
FUND15,2025-01-21T00:00:00,1.3715
FUND15,2025-01-22T00:00:00,0.9861
FUND15,2025-01-23T00:00:00,1.1235
FUND15,2025-01-24T00:00:00,1.4012
FUND15,2025-01-27T00:00:00,0.6494
FUND15,2025-01-28T00:00:00,1.1976
FUND15,2025-01-29T00:00:00,1.6318
FUND15,2025-01-30T00:00:00,1.9221
FUND15,2025-01-31T00:00:00,1.7897
FUND15,2025-02-03T00:00:00,1.7009
FUND15,2025-02-04T00:00:00,1.8069
FUND15,2025-02-05T00:00:00,2.0729
FUND15,2025-02-06T00:00:00,2.0022
FUND15,2025-02-07T00:00:00,2.1981
FUND15,2025-02-10T00:00:00,2.1251
FUND15,2025-02-11T00:00:00,2.1788
FUND15,2025-02-12T00:00:00,2.2129
FUND15,2025-02-13T00:00:00,2.6225
FUND15,2025-02-14T00:00:00,2.3053
FUND15,2025-02-17T00:00:00,2.3869
FUND15,2025-02-18T00:00:00,2.5632
FUND15,2025-02-19T00:00:00,2.7613
FUND15,2025-02-20T00:00:00,2.6308
FUND15,2025-02-21T00:00:00,2.4928
FUND15,2025-02-24T00:00:00,2.4517
FUND15,2025-02-25T00:00:00,2.9061
FUND15,2025-02-26T00:00:00,2.606
FUND15,2025-02-27T00:00:00,2.871
FUND15,2025-02-28T00:00:00,2.7253
FUND15,2025-03-03T00:00:00,2.7884
FUND15,2025-03-04T00:00:00,3.0315
FUND15,2025-03-05T00:00:00,3.0895
FUND15,2025-03-06T00:00:00,3.7041
FUND15,2025-03-07T00:00:00,3.6603
FUND15,2025-03-10T00:00:00,3.5586
FUND15,2025-03-11T00:00:00,3.4794
FUND15,2025-03-12T00:00:00,3.3272
FUND15,2025-03-13T00:00:00,3.3858
FUND15,2025-03-14T00:00:00,3.1719
FUND15,2025-03-17T00:00:00,3.3706
FUND15,2025-03-18T00:00:00,3.4556
FUND15,2025-03-19T00:00:00,3.6171
FUND15,2025-03-20T00:00:00,3.7488
FUND15,2025-03-21T00:00:00,3.4873
FUND15,2025-03-24T00:00:00,3.7849
FUND15,2025-03-25T00:00:00,4.2354
FUND15,2025-03-26T00:00:00,4.1934
FUND15,2025-03-27T00:00:00,4.4823
FUND15,2025-03-28T00:00:00,4.6704
FUND15,2025-03-31T00:00:00,4.908
FUND15,2025-04-01T00:00:00,4.7743
FUND15,2025-04-02T00:00:00,4.8779
FUND15,2025-04-03T00:00:00,5.0588
FUND15,2025-04-04T00:00:00,4.8339
FUND15,2025-04-07T00:00:00,4.5217
FUND15,2025-04-08T00:00:00,4.3407
FUND15,2025-04-09T00:00:00,4.4722
FUND15,2025-04-10T00:00:00,4.5998
FUND15,2025-04-11T00:00:00,4.8221
FUND15,2025-04-14T00:00:00,4.767
FUND15,2025-04-15T00:00:00,4.7859
FUND15,2025-04-16T00:00:00,4.0572
FUND15,2025-04-17T00:00:00,3.9037
FUND15,2025-04-18T00:00:00,4.2264
FUND15,2025-04-21T00:00:00,4.1416
FUND15,2025-04-22T00:00:00,4.1776
FUND15,2025-04-23T00:00:00,4.6604
FUND15,2025-04-24T00:00:00,4.5364
FUND15,2025-04-25T00:00:00,4.3817
FUND15,2025-04-28T00:00:00,3.9413
FUND15,2025-04-29T00:00:00,3.9223
FUND15,2025-04-30T00:00:00,3.6011
FUND15,2025-05-01T00:00:00,4.0891
FUND15,2025-05-02T00:00:00,3.7479
FUND15,2025-05-05T00:00:00,3.767
FUND15,2025-05-06T00:00:00,3.6812
FUND15,2025-05-07T00:00:00,3.8101
FUND15,2025-05-08T00:00:00,3.8541
FUND15,2025-05-09T00:00:00,3.8701
FUND15,2025-05-12T00:00:00,3.6546
FUND15,2025-05-13T00:00:00,3.3982
FUND15,2025-05-14T00:00:00,3.5583
FUND15,2025-05-15T00:00:00,3.7923
FUND15,2025-05-16T00:00:00,3.7794
FUND15,2025-05-19T00:00:00,3.5367
FUND15,2025-05-20T00:00:00,3.226
FUND15,2025-05-21T00:00:00,2.8489
FUND15,2025-05-22T00:00:00,2.4286
FUND15,2025-05-23T00:00:00,2.6419
FUND15,2025-05-26T00:00:00,1.9866
FUND15,2025-05-27T00:00:00,1.7159
FUND15,2025-05-28T00:00:00,1.6768
FUND15,2025-05-29T00:00:00,1.4961
FUND15,2025-05-30T00:00:00,1.2932
FUND15,2025-06-02T00:00:00,1.8993
FUND15,2025-06-03T00:00:00,1.6494
FUND15,2025-06-04T00:00:00,0.8361
FUND15,2025-06-05T00:00:00,0.8682
FUND15,2025-06-06T00:00:00,1.0871
FUND15,2025-06-09T00:00:00,1.154
FUND15,2025-06-10T00:00:00,0.9741
FUND15,2025-06-11T00:00:00,0.3353
FUND15,2025-06-12T00:00:00,0.4985
FUND15,2025-06-13T00:00:00,0.3326
FUND15,2025-06-16T00:00:00,0.4377
FUND15,2025-06-17T00:00:00,0.5654
FUND15,2025-06-18T00:00:00,0.4532
FUND15,2025-06-19T00:00:00,0.2286
FUND15,2025-06-20T00:00:00,0.5223
FUND15,2025-06-23T00:00:00,0.7547
FUND15,2025-06-24T00:00:00,0.4844
FUND15,2025-06-25T00:00:00,0.0907
FUND15,2025-06-26T00:00:00,0.2885
FUND15,2025-06-27T00:00:00,0.4806
FUND15,2025-06-30T00:00:00,0.6935
FUND15,2025-07-01T00:00:00,0.4109
FUND15,2025-07-02T00:00:00,0.3579
FUND15,2025-07-03T00:00:00,0.4284
FUND15,2025-07-04T00:00:00,0.5121
FUND15,2025-07-07T00:00:00,0.2189
FUND15,2025-07-08T00:00:00,-0.0885
FUND15,2025-07-09T00:00:00,-0.493
FUND15,2025-07-10T00:00:00,-0.8781
FUND15,2025-07-11T00:00:00,-0.9486
FUND15,2025-07-14T00:00:00,-0.7965
FUND15,2025-07-15T00:00:00,-0.9245
FUND15,2025-07-16T00:00:00,-0.6979
FUND15,2025-07-17T00:00:00,-0.5865
FUND15,2025-07-18T00:00:00,-0.3996
FUND15,2025-07-21T00:00:00,-0.4875
FUND15,2025-07-22T00:00:00,-0.4874
FUND15,2025-07-23T00:00:00,-0.1719
FUND15,2025-07-24T00:00:00,-0.4626
FUND15,2025-07-25T00:00:00,-0.0993
FUND15,2025-07-28T00:00:00,-0.0188
FUND15,2025-07-29T00:00:00,-0.3266
FUND15,2025-07-30T00:00:00,-0.0384
FUND15,2025-07-31T00:00:00,-0.0621
FUND15,2025-08-01T00:00:00,0.0837
FUND15,2025-08-04T00:00:00,-0.0743
FUND15,2025-08-05T00:00:00,-0.0193
FUND15,2025-08-06T00:00:00,-0.1748
FUND15,2025-08-07T00:00:00,-0.3543
FUND15,2025-08-08T00:00:00,-0.1862
FUND15,2025-08-11T00:00:00,-0.3076
FUND15,2025-08-12T00:00:00,-0.0353
FUND15,2025-08-13T00:00:00,-0.2515
FUND15,2025-08-14T00:00:00,-0.6328
FUND15,2025-08-15T00:00:00,-1.0929
FUND15,2025-08-18T00:00:00,-1.2447
FUND15,2025-08-19T00:00:00,-1.1162
FUND15,2025-08-20T00:00:00,-0.6244
FUND15,2025-08-21T00:00:00,-0.5364
FUND15,2025-08-22T00:00:00,-0.4893
FUND15,2025-08-25T00:00:00,-0.4086
FUND15,2025-08-26T00:00:00,-0.2203
FUND15,2025-08-27T00:00:00,-0.2644
FUND15,2025-08-28T00:00:00,-0.3874
FUND15,2025-08-29T00:00:00,-0.4993
FUND15,2025-09-01T00:00:00,-0.2967
FUND15,2025-09-02T00:00:00,-0.3067
FUND15,2025-09-03T00:00:00,-0.0733
FUND15,2025-09-04T00:00:00,-0.3081
FUND15,2025-09-05T00:00:00,-0.3192
FUND15,2025-09-08T00:00:00,-0.3199
FUND15,2025-09-09T00:00:00,-0.3471
FUND15,2025-09-10T00:00:00,-0.6078
FUND15,2025-09-11T00:00:00,-0.3639
FUND15,2025-09-12T00:00:00,-0.6216
FUND15,2025-09-15T00:00:00,-0.4475
FUND15,2025-09-16T00:00:00,-0.459
FUND15,2025-09-17T00:00:00,-0.3667
FUND15,2025-09-18T00:00:00,-0.4795
FUND15,2025-09-19T00:00:00,-0.1199
FUND15,2025-09-22T00:00:00,-0.0092
FUND15,2025-09-23T00:00:00,-0.5915
FUND15,2025-09-24T00:00:00,-0.3911
FUND15,2025-09-25T00:00:00,0.051
FUND15,2025-09-26T00:00:00,-0.007
FUND15,2025-09-29T00:00:00,0.5936
FUND15,2025-09-30T00:00:00,0.8695
FUND15,2025-10-01T00:00:00,1.1409
FUND15,2025-10-02T00:00:00,1.2013
FUND15,2025-10-03T00:00:00,1.4497
FUND15,2025-10-06T00:00:00,1.4905
FUND15,2025-10-07T00:00:00,1.384
FUND15,2025-10-08T00:00:00,1.9886
FUND15,2025-10-09T00:00:00,2.0637
FUND15,2025-10-10T00:00:00,2.1813
FUND15,2025-10-13T00:00:00,2.4736
FUND15,2025-10-14T00:00:00,2.9853
FUND15,2025-10-15T00:00:00,3.4015
FUND15,2025-10-16T00:00:00,3.0198
FUND15,2025-10-17T00:00:00,3.1529
FUND15,2025-10-20T00:00:00,3.0197
FUND15,2025-10-21T00:00:00,3.0767
FUND15,2025-10-22T00:00:00,3.1504
FUND15,2025-10-23T00:00:00,2.5384
FUND15,2025-10-24T00:00:00,2.2304
FUND15,2025-10-27T00:00:00,1.8893
FUND15,2025-10-28T00:00:00,1.6038
FUND15,2025-10-29T00:00:00,1.8812
FUND15,2025-10-30T00:00:00,1.9489
FUND15,2025-10-31T00:00:00,1.723
FUND15,2025-11-03T00:00:00,1.9069
FUND15,2025-11-04T00:00:00,1.7867
FUND15,2025-11-05T00:00:00,1.9385
FUND15,2025-11-06T00:00:00,1.7389
FUND15,2025-11-07T00:00:00,1.7933
FUND15,2025-11-10T00:00:00,2.1921
FUND15,2025-11-11T00:00:00,2.1708
FUND15,2025-11-12T00:00:00,2.4401
FUND15,2025-11-13T00:00:00,2.5236
FUND15,2025-11-14T00:00:00,2.7431
FUND15,2025-11-17T00:00:00,2.4475
FUND15,2025-11-18T00:00:00,2.3062
FUND15,2025-11-19T00:00:00,2.3124
FUND15,2025-11-20T00:00:00,1.6277
FUND15,2025-11-21T00:00:00,1.6825
FUND15,2025-11-24T00:00:00,1.7581
FUND16,2023-05-08T00:00:00,2.0672
FUND16,2023-05-09T00:00:00,1.9958
FUND16,2023-05-10T00:00:00,1.9371
FUND16,2023-05-11T00:00:00,2.0404
FUND16,2023-05-12T00:00:00,1.7201
FUND16,2023-05-15T00:00:00,1.7641
FUND16,2023-05-16T00:00:00,1.9077
FUND16,2023-05-17T00:00:00,2.1381
FUND16,2023-05-18T00:00:00,1.9658
FUND16,2023-05-19T00:00:00,2.0381
FUND16,2023-05-22T00:00:00,2.0028
FUND16,2023-05-23T00:00:00,1.8606
FUND16,2023-05-24T00:00:00,1.5436
FUND16,2023-05-25T00:00:00,1.7396
FUND16,2023-05-26T00:00:00,1.367
FUND16,2023-05-29T00:00:00,1.4584
FUND16,2023-05-30T00:00:00,1.2645
FUND16,2023-05-31T00:00:00,1.6062
FUND16,2023-06-01T00:00:00,1.6266
FUND16,2023-06-02T00:00:00,1.7992
FUND16,2023-06-05T00:00:00,2.018
FUND16,2023-06-06T00:00:00,2.1193
FUND16,2023-06-07T00:00:00,2.4157
FUND16,2023-06-08T00:00:00,2.5276
FUND16,2023-06-09T00:00:00,2.5425
FUND16,2023-06-12T00:00:00,2.7166
FUND16,2023-06-13T00:00:00,2.6102
FUND16,2023-06-14T00:00:00,2.576
FUND16,2023-06-15T00:00:00,2.4072
FUND16,2023-06-16T00:00:00,2.4671
FUND16,2023-06-19T00:00:00,2.5759
FUND16,2023-06-20T00:00:00,2.8339
FUND16,2023-06-21T00:00:00,2.8193
FUND16,2023-06-22T00:00:00,2.9803
FUND16,2023-06-23T00:00:00,2.4367
FUND16,2023-06-26T00:00:00,2.6231
FUND16,2023-06-27T00:00:00,2.6187
FUND16,2023-06-28T00:00:00,2.4525
FUND16,2023-06-29T00:00:00,2.5063
FUND16,2023-06-30T00:00:00,2.779
FUND16,2023-07-03T00:00:00,2.5105
FUND16,2023-07-04T00:00:00,2.3185
FUND16,2023-07-05T00:00:00,2.5254
FUND16,2023-07-06T00:00:00,2.6338
FUND16,2023-07-07T00:00:00,2.4116
FUND16,2023-07-10T00:00:00,2.0307
FUND16,2023-07-11T00:00:00,2.6389
FUND16,2023-07-12T00:00:00,2.5678
FUND16,2023-07-13T00:00:00,2.6306
FUND16,2023-07-14T00:00:00,2.5595
FUND16,2023-07-17T00:00:00,2.5032
FUND16,2023-07-18T00:00:00,2.4309
FUND16,2023-07-19T00:00:00,2.4822
FUND16,2023-07-20T00:00:00,2.4299
FUND16,2023-07-21T00:00:00,2.6517
FUND16,2023-07-24T00:00:00,2.7377
FUND16,2023-07-25T00:00:00,2.6369
FUND16,2023-07-26T00:00:00,2.7614
FUND16,2023-07-27T00:00:00,2.9746
FUND16,2023-07-28T00:00:00,2.4718
FUND16,2023-07-31T00:00:00,2.6072
FUND16,2023-08-01T00:00:00,2.3964
FUND16,2023-08-02T00:00:00,2.2951
FUND16,2023-08-03T00:00:00,2.3015
FUND16,2023-08-04T00:00:00,2.4068
FUND16,2023-08-07T00:00:00,2.1942
FUND16,2023-08-08T00:00:00,2.5669
FUND16,2023-08-09T00:00:00,2.5495
FUND16,2023-08-10T00:00:00,2.3599
FUND16,2023-08-11T00:00:00,2.247
FUND16,2023-08-14T00:00:00,2.1793
FUND16,2023-08-15T00:00:00,2.7143
FUND16,2023-08-16T00:00:00,2.6569
FUND16,2023-08-17T00:00:00,2.5053
FUND16,2023-08-18T00:00:00,2.6135
FUND16,2023-08-21T00:00:00,2.36
FUND16,2023-08-22T00:00:00,2.3061
FUND16,2023-08-23T00:00:00,1.9117
FUND16,2023-08-24T00:00:00,1.9589
FUND16,2023-08-25T00:00:00,2.3967
FUND16,2023-08-28T00:00:00,2.4884
FUND16,2023-08-29T00:00:00,2.2932
FUND16,2023-08-30T00:00:00,2.3431
FUND16,2023-08-31T00:00:00,2.6196
FUND16,2023-09-01T00:00:00,2.2689
FUND16,2023-09-04T00:00:00,2.5217
FUND16,2023-09-05T00:00:00,2.1546
FUND16,2023-09-06T00:00:00,2.0445
FUND16,2023-09-07T00:00:00,1.7613
FUND16,2023-09-08T00:00:00,1.6516
FUND16,2023-09-11T00:00:00,1.5754
FUND16,2023-09-12T00:00:00,1.8801
FUND16,2023-09-13T00:00:00,2.0689
FUND16,2023-09-14T00:00:00,1.8238
FUND16,2023-09-15T00:00:00,2.0627
FUND16,2023-09-18T00:00:00,2.1275
FUND16,2023-09-19T00:00:00,2.3738
FUND16,2023-09-20T00:00:00,2.344
FUND16,2023-09-21T00:00:00,2.6235
FUND16,2023-09-22T00:00:00,2.347
FUND16,2023-09-25T00:00:00,2.5432
FUND16,2023-09-26T00:00:00,2.8005
FUND16,2023-09-27T00:00:00,3.1959
FUND16,2023-09-28T00:00:00,3.1564
FUND16,2023-09-29T00:00:00,3.6025
FUND16,2023-10-02T00:00:00,3.0457
FUND16,2023-10-03T00:00:00,3.2846
FUND16,2023-10-04T00:00:00,3.0443
FUND16,2023-10-05T00:00:00,3.048
FUND16,2023-10-06T00:00:00,2.5173
FUND16,2023-10-09T00:00:00,1.6343
FUND16,2023-10-10T00:00:00,1.4633
FUND16,2023-10-11T00:00:00,1.227
FUND16,2023-10-12T00:00:00,0.94
FUND16,2023-10-13T00:00:00,0.9728
FUND16,2023-10-16T00:00:00,0.3072
FUND16,2023-10-17T00:00:00,0.7173
FUND16,2023-10-18T00:00:00,0.7632
FUND16,2023-10-19T00:00:00,0.4352
FUND16,2023-10-20T00:00:00,-0.225
FUND16,2023-10-23T00:00:00,-0.1141
FUND16,2023-10-24T00:00:00,-0.6312
FUND16,2023-10-25T00:00:00,-0.8025
FUND16,2023-10-26T00:00:00,-0.8632
FUND16,2023-10-27T00:00:00,-0.8625
FUND16,2023-10-30T00:00:00,-0.7403
FUND16,2023-10-31T00:00:00,-0.8674
FUND16,2023-11-01T00:00:00,-1.2058
FUND16,2023-11-02T00:00:00,-0.8676
FUND16,2023-11-03T00:00:00,-0.9389
FUND16,2023-11-06T00:00:00,-1.0186
FUND16,2023-11-07T00:00:00,-0.6331
FUND16,2023-11-08T00:00:00,-0.8035
FUND16,2023-11-09T00:00:00,-1.0876
FUND16,2023-11-10T00:00:00,-0.9787
FUND16,2023-11-13T00:00:00,-0.7419
FUND16,2023-11-14T00:00:00,-0.9391
FUND16,2023-11-15T00:00:00,-0.8372
FUND16,2023-11-16T00:00:00,-0.7744
FUND16,2023-11-17T00:00:00,-1.0595
FUND16,2023-11-20T00:00:00,-0.9699
FUND16,2023-11-21T00:00:00,-0.8342
FUND16,2023-11-22T00:00:00,-0.7493
FUND16,2023-11-23T00:00:00,-0.5085
FUND16,2023-11-24T00:00:00,-0.3069
FUND16,2023-11-27T00:00:00,-0.7652
FUND16,2023-11-28T00:00:00,-1.0966
FUND16,2023-11-29T00:00:00,-1.0883
FUND16,2023-11-30T00:00:00,-1.0577
FUND16,2023-12-01T00:00:00,-1.1278
FUND16,2023-12-04T00:00:00,-1.3784
FUND16,2023-12-05T00:00:00,-0.8848
FUND16,2023-12-06T00:00:00,-0.8745
FUND16,2023-12-07T00:00:00,-1.0357
FUND16,2023-12-08T00:00:00,-0.9816
FUND16,2023-12-11T00:00:00,-1.2185
FUND16,2023-12-12T00:00:00,-1.3202
FUND16,2023-12-13T00:00:00,-1.3548
FUND16,2023-12-14T00:00:00,-1.3588
FUND16,2023-12-15T00:00:00,-1.4263
FUND16,2023-12-18T00:00:00,-1.3691
FUND16,2023-12-19T00:00:00,-1.8185
FUND16,2023-12-20T00:00:00,-1.6443
FUND16,2023-12-21T00:00:00,-1.727
FUND16,2023-12-22T00:00:00,-1.7886
FUND16,2023-12-25T00:00:00,-1.5966
FUND16,2023-12-26T00:00:00,-1.6219
FUND16,2023-12-27T00:00:00,-1.2067
FUND16,2023-12-28T00:00:00,-1.1964
FUND16,2023-12-29T00:00:00,-1.4866
FUND16,2024-01-01T00:00:00,-1.5378
FUND16,2024-01-02T00:00:00,-1.4773
FUND16,2024-01-03T00:00:00,-1.6309
FUND16,2024-01-04T00:00:00,-1.4708
FUND16,2024-01-05T00:00:00,-1.1087
FUND16,2024-01-08T00:00:00,-1.2661
FUND16,2024-01-09T00:00:00,-1.0376
FUND16,2024-01-10T00:00:00,-1.4468
FUND16,2024-01-11T00:00:00,-1.6748
FUND16,2024-01-12T00:00:00,-1.4326
FUND16,2024-01-15T00:00:00,-1.4435
FUND16,2024-01-16T00:00:00,-1.577
FUND16,2024-01-17T00:00:00,-1.8927
FUND16,2024-01-18T00:00:00,-1.9667
FUND16,2024-01-19T00:00:00,-1.7517
FUND16,2024-01-22T00:00:00,-1.7022
FUND16,2024-01-23T00:00:00,-1.9053
FUND16,2024-01-24T00:00:00,-2.0518
FUND16,2024-01-25T00:00:00,-2.0564
FUND16,2024-01-26T00:00:00,-1.5316
FUND16,2024-01-29T00:00:00,-1.7555
FUND16,2024-01-30T00:00:00,-1.8672
FUND16,2024-01-31T00:00:00,-2.0984
FUND16,2024-02-01T00:00:00,-2.2373
FUND16,2024-02-02T00:00:00,-2.5751
FUND16,2024-02-05T00:00:00,-2.2757
FUND16,2024-02-06T00:00:00,-2.0474
FUND16,2024-02-07T00:00:00,-2.2185
FUND16,2024-02-08T00:00:00,-1.8099
FUND16,2024-02-09T00:00:00,-1.034
FUND16,2024-02-12T00:00:00,-0.557
FUND16,2024-02-13T00:00:00,-0.5249
FUND16,2024-02-14T00:00:00,-0.5717
FUND16,2024-02-15T00:00:00,-0.26
FUND16,2024-02-16T00:00:00,-0.3906
FUND16,2024-02-19T00:00:00,-0.042
FUND16,2024-02-20T00:00:00,-0.3534
FUND16,2024-02-21T00:00:00,-0.7752
FUND16,2024-02-22T00:00:00,-0.1916
FUND16,2024-02-23T00:00:00,0.0692
FUND16,2024-02-26T00:00:00,0.4266
FUND16,2024-02-27T00:00:00,0.6552
FUND16,2024-02-28T00:00:00,0.4312
FUND16,2024-02-29T00:00:00,0.5185
FUND16,2024-03-01T00:00:00,0.6711
FUND16,2024-03-04T00:00:00,1.203
FUND16,2024-03-05T00:00:00,1.4378
FUND16,2024-03-06T00:00:00,1.8556
FUND16,2024-03-07T00:00:00,1.4619
FUND16,2024-03-08T00:00:00,1.4761
FUND16,2024-03-11T00:00:00,1.7394
FUND16,2024-03-12T00:00:00,1.511
FUND16,2024-03-13T00:00:00,1.5354
FUND16,2024-03-14T00:00:00,1.7566
FUND16,2024-03-15T00:00:00,1.8822
FUND16,2024-03-18T00:00:00,1.9734
FUND16,2024-03-19T00:00:00,1.8981
FUND16,2024-03-20T00:00:00,1.868
FUND16,2024-03-21T00:00:00,2.0048
FUND16,2024-03-22T00:00:00,2.2573
FUND16,2024-03-25T00:00:00,2.232
FUND16,2024-03-26T00:00:00,1.9813
FUND16,2024-03-27T00:00:00,2.1057
FUND16,2024-03-28T00:00:00,1.584
FUND16,2024-03-29T00:00:00,1.5636
FUND16,2024-04-01T00:00:00,1.5585
FUND16,2024-04-02T00:00:00,1.7478
FUND16,2024-04-03T00:00:00,1.7317
FUND16,2024-04-04T00:00:00,1.8923
FUND16,2024-04-05T00:00:00,2.4797
FUND16,2024-04-08T00:00:00,2.992
FUND16,2024-04-09T00:00:00,2.6664
FUND16,2024-04-10T00:00:00,2.6396
FUND16,2024-04-11T00:00:00,2.6068
FUND16,2024-04-12T00:00:00,2.6517
FUND16,2024-04-15T00:00:00,2.7208
FUND16,2024-04-16T00:00:00,2.8113
FUND16,2024-04-17T00:00:00,2.9419
FUND16,2024-04-18T00:00:00,3.1825
FUND16,2024-04-19T00:00:00,3.6445
FUND16,2024-04-22T00:00:00,3.7183
FUND16,2024-04-23T00:00:00,3.9044
FUND16,2024-04-24T00:00:00,3.5966
FUND16,2024-04-25T00:00:00,3.8912
FUND16,2024-04-26T00:00:00,3.7276
FUND16,2024-04-29T00:00:00,3.881
FUND16,2024-04-30T00:00:00,4.12
FUND16,2024-05-01T00:00:00,4.0594
FUND16,2024-05-02T00:00:00,4.2503
FUND16,2024-05-03T00:00:00,4.1551
FUND16,2024-05-06T00:00:00,3.8449
FUND16,2024-05-07T00:00:00,4.0504
FUND16,2024-05-08T00:00:00,4.0002
FUND16,2024-05-09T00:00:00,3.9084
FUND16,2024-05-10T00:00:00,4.0547
FUND16,2024-05-13T00:00:00,4.2152
FUND16,2024-05-14T00:00:00,4.4393
FUND16,2024-05-15T00:00:00,4.8346
FUND16,2024-05-16T00:00:00,5.3186
FUND16,2024-05-17T00:00:00,5.3436
FUND16,2024-05-20T00:00:00,5.6083
FUND16,2024-05-21T00:00:00,5.7782
FUND16,2024-05-22T00:00:00,5.8784
FUND16,2024-05-23T00:00:00,5.7959
FUND16,2024-05-24T00:00:00,5.4998
FUND16,2024-05-27T00:00:00,5.1751
FUND16,2024-05-28T00:00:00,5.0633
FUND16,2024-05-29T00:00:00,5.3008
FUND16,2024-05-30T00:00:00,5.2187
FUND16,2024-05-31T00:00:00,4.9053
FUND16,2024-06-03T00:00:00,4.817
FUND16,2024-06-04T00:00:00,4.7553
FUND16,2024-06-05T00:00:00,4.5033
FUND16,2024-06-06T00:00:00,4.3909
FUND16,2024-06-07T00:00:00,4.3221
FUND16,2024-06-10T00:00:00,4.3452
FUND16,2024-06-11T00:00:00,4.4111
FUND16,2024-06-12T00:00:00,4.4818
FUND16,2024-06-13T00:00:00,4.3391
FUND16,2024-06-14T00:00:00,4.1047
FUND16,2024-06-17T00:00:00,4.1647
FUND16,2024-06-18T00:00:00,4.2983
FUND16,2024-06-19T00:00:00,4.3684
FUND16,2024-06-20T00:00:00,4.3243
FUND16,2024-06-21T00:00:00,3.9722
FUND16,2024-06-24T00:00:00,4.1467
FUND16,2024-06-25T00:00:00,4.1833
FUND16,2024-06-26T00:00:00,4.4479
FUND16,2024-06-27T00:00:00,4.448
FUND16,2024-06-28T00:00:00,4.7912
FUND16,2024-07-01T00:00:00,4.2761
FUND16,2024-07-02T00:00:00,4.6916
FUND16,2024-07-03T00:00:00,4.9725
FUND16,2024-07-04T00:00:00,4.6296
FUND16,2024-07-05T00:00:00,4.4874
FUND16,2024-07-08T00:00:00,3.9319
FUND16,2024-07-09T00:00:00,3.7429
FUND16,2024-07-10T00:00:00,3.5163
FUND16,2024-07-11T00:00:00,3.4192
FUND16,2024-07-12T00:00:00,3.4147
FUND16,2024-07-15T00:00:00,2.847
FUND16,2024-07-16T00:00:00,2.6758
FUND16,2024-07-17T00:00:00,3.0725
FUND16,2024-07-18T00:00:00,3.2796
FUND16,2024-07-19T00:00:00,3.1586
FUND16,2024-07-22T00:00:00,3.098
FUND16,2024-07-23T00:00:00,3.22
FUND16,2024-07-24T00:00:00,3.355
FUND16,2024-07-25T00:00:00,3.2459
FUND16,2024-07-26T00:00:00,3.0851
FUND16,2024-07-29T00:00:00,3.1087
FUND16,2024-07-30T00:00:00,3.0676
FUND16,2024-07-31T00:00:00,2.856
FUND16,2024-08-01T00:00:00,3.4343
FUND16,2024-08-02T00:00:00,3.3522
FUND16,2024-08-05T00:00:00,3.5269
FUND16,2024-08-06T00:00:00,3.3646
FUND16,2024-08-07T00:00:00,3.0493
FUND16,2024-08-08T00:00:00,2.6943
FUND16,2024-08-09T00:00:00,2.2984
FUND16,2024-08-12T00:00:00,2.0993
FUND16,2024-08-13T00:00:00,2.381
FUND16,2024-08-14T00:00:00,2.2531
FUND16,2024-08-15T00:00:00,2.3356
FUND16,2024-08-16T00:00:00,2.2193
FUND16,2024-08-19T00:00:00,2.5368
FUND16,2024-08-20T00:00:00,2.5665
FUND16,2024-08-21T00:00:00,2.3304
FUND16,2024-08-22T00:00:00,2.5176
FUND16,2024-08-23T00:00:00,2.2229
FUND16,2024-08-26T00:00:00,2.1815
FUND16,2024-08-27T00:00:00,2.0551
FUND16,2024-08-28T00:00:00,1.9272
FUND16,2024-08-29T00:00:00,1.5984
FUND16,2024-08-30T00:00:00,1.7068
FUND16,2024-09-02T00:00:00,1.2674
FUND16,2024-09-03T00:00:00,0.8722
FUND16,2024-09-04T00:00:00,0.787
FUND16,2024-09-05T00:00:00,0.5639
FUND16,2024-09-06T00:00:00,0.781
FUND16,2024-09-09T00:00:00,1.0491
FUND16,2024-09-10T00:00:00,0.8636
FUND16,2024-09-11T00:00:00,0.9987
FUND16,2024-09-12T00:00:00,1.2052
FUND16,2024-09-13T00:00:00,1.019
FUND16,2024-09-16T00:00:00,1.1274
FUND16,2024-09-17T00:00:00,0.587
FUND16,2024-09-18T00:00:00,0.6429
FUND16,2024-09-19T00:00:00,0.4105
FUND16,2024-09-20T00:00:00,0.4593
FUND16,2024-09-23T00:00:00,0.1712
FUND16,2024-09-24T00:00:00,0.2033
FUND16,2024-09-25T00:00:00,0.4576
FUND16,2024-09-26T00:00:00,0.3098
FUND16,2024-09-27T00:00:00,0.1589
FUND16,2024-09-30T00:00:00,0.5875
FUND16,2024-10-01T00:00:00,0.7891
FUND16,2024-10-02T00:00:00,0.5969
FUND16,2024-10-03T00:00:00,0.5877
FUND16,2024-10-04T00:00:00,0.5306
FUND16,2024-10-07T00:00:00,0.9209
FUND16,2024-10-08T00:00:00,1.1037
FUND16,2024-10-09T00:00:00,1.1793
FUND16,2024-10-10T00:00:00,1.5745
FUND16,2024-10-11T00:00:00,2.1176
FUND16,2024-10-14T00:00:00,2.3428
FUND16,2024-10-15T00:00:00,1.9023
FUND16,2024-10-16T00:00:00,1.9502
FUND16,2024-10-17T00:00:00,1.8431
FUND16,2024-10-18T00:00:00,1.8487
FUND16,2024-10-21T00:00:00,1.9287
FUND16,2024-10-22T00:00:00,1.9008
FUND16,2024-10-23T00:00:00,1.7718
FUND16,2024-10-24T00:00:00,1.7904
FUND16,2024-10-25T00:00:00,2.2672
FUND16,2024-10-28T00:00:00,2.273
FUND16,2024-10-29T00:00:00,1.8867
FUND16,2024-10-30T00:00:00,1.5553
FUND16,2024-10-31T00:00:00,1.4532
FUND16,2024-11-01T00:00:00,1.1162
FUND16,2024-11-04T00:00:00,1.5833
FUND16,2024-11-05T00:00:00,1.0975
FUND16,2024-11-06T00:00:00,1.3059
FUND16,2024-11-07T00:00:00,1.393
FUND16,2024-11-08T00:00:00,2.1592
FUND16,2024-11-11T00:00:00,2.2321
FUND16,2024-11-12T00:00:00,2.1038
FUND16,2024-11-13T00:00:00,2.5302
FUND16,2024-11-14T00:00:00,3.1102
FUND16,2024-11-15T00:00:00,2.9204
FUND16,2024-11-18T00:00:00,3.2785
FUND16,2024-11-19T00:00:00,3.5393
FUND16,2024-11-20T00:00:00,3.23
FUND16,2024-11-21T00:00:00,3.1414
FUND16,2024-11-22T00:00:00,3.1867
FUND16,2024-11-25T00:00:00,3.3616
FUND16,2024-11-26T00:00:00,3.1408
FUND16,2024-11-27T00:00:00,3.3448
FUND16,2024-11-28T00:00:00,2.8869
FUND16,2024-11-29T00:00:00,2.5076
FUND16,2024-12-02T00:00:00,2.6368
FUND16,2024-12-03T00:00:00,2.8094
FUND16,2024-12-04T00:00:00,3.1035
FUND16,2024-12-05T00:00:00,3.1424
FUND16,2024-12-06T00:00:00,3.3522
FUND16,2024-12-09T00:00:00,2.9552
FUND16,2024-12-10T00:00:00,3.3273
FUND16,2024-12-11T00:00:00,3.5607
FUND16,2024-12-12T00:00:00,3.8161
FUND16,2024-12-13T00:00:00,3.6166
FUND16,2024-12-16T00:00:00,3.4659
FUND16,2024-12-17T00:00:00,3.3266
FUND16,2024-12-18T00:00:00,3.453
FUND16,2024-12-19T00:00:00,3.4171
FUND16,2024-12-20T00:00:00,3.6069
FUND16,2024-12-23T00:00:00,3.3203
FUND16,2024-12-24T00:00:00,3.2552
FUND16,2024-12-25T00:00:00,3.2744
FUND16,2024-12-26T00:00:00,3.1416
FUND16,2024-12-27T00:00:00,2.7039
FUND16,2024-12-30T00:00:00,2.7396
FUND16,2024-12-31T00:00:00,3.0951
FUND16,2025-01-01T00:00:00,3.2288
FUND16,2025-01-02T00:00:00,3.0063
FUND16,2025-01-03T00:00:00,3.1744
FUND16,2025-01-06T00:00:00,3.3345
FUND16,2025-01-07T00:00:00,3.3694
FUND16,2025-01-08T00:00:00,3.4513
FUND16,2025-01-09T00:00:00,3.4879
FUND16,2025-01-10T00:00:00,3.1568
FUND16,2025-01-13T00:00:00,2.9865
FUND16,2025-01-14T00:00:00,2.8717
FUND16,2025-01-15T00:00:00,3.0291
FUND16,2025-01-16T00:00:00,3.0389
FUND16,2025-01-17T00:00:00,2.8154
FUND16,2025-01-20T00:00:00,2.7004
FUND16,2025-01-21T00:00:00,3.1156
FUND16,2025-01-22T00:00:00,2.7811
FUND16,2025-01-23T00:00:00,2.7703
FUND16,2025-01-24T00:00:00,2.7198
FUND16,2025-01-27T00:00:00,2.8075
FUND16,2025-01-28T00:00:00,2.8016
FUND16,2025-01-29T00:00:00,2.7356
FUND16,2025-01-30T00:00:00,2.847
FUND16,2025-01-31T00:00:00,2.9875
FUND16,2025-02-03T00:00:00,2.8117
FUND16,2025-02-04T00:00:00,2.878
FUND16,2025-02-05T00:00:00,2.6671
FUND16,2025-02-06T00:00:00,2.6813
FUND16,2025-02-07T00:00:00,2.4673
FUND16,2025-02-10T00:00:00,2.2283
FUND16,2025-02-11T00:00:00,2.2775
FUND16,2025-02-12T00:00:00,2.6498
FUND16,2025-02-13T00:00:00,2.4709
FUND16,2025-02-14T00:00:00,2.1382
FUND16,2025-02-17T00:00:00,1.7758
FUND16,2025-02-18T00:00:00,2.3058
FUND16,2025-02-19T00:00:00,2.1453
FUND16,2025-02-20T00:00:00,2.4512
FUND16,2025-02-21T00:00:00,1.9068
FUND16,2025-02-24T00:00:00,1.4824
FUND16,2025-02-25T00:00:00,1.667
FUND16,2025-02-26T00:00:00,1.8151
FUND16,2025-02-27T00:00:00,1.6503
FUND16,2025-02-28T00:00:00,1.5073
FUND16,2025-03-03T00:00:00,1.1624
FUND16,2025-03-04T00:00:00,1.4236
FUND16,2025-03-05T00:00:00,1.8674
FUND16,2025-03-06T00:00:00,1.5475
FUND16,2025-03-07T00:00:00,1.8032
FUND16,2025-03-10T00:00:00,1.6654
FUND16,2025-03-11T00:00:00,1.7455
FUND16,2025-03-12T00:00:00,1.893
FUND16,2025-03-13T00:00:00,2.1812
FUND16,2025-03-14T00:00:00,1.8366
FUND16,2025-03-17T00:00:00,2.145
FUND16,2025-03-18T00:00:00,2.0201
FUND16,2025-03-19T00:00:00,1.5464
FUND16,2025-03-20T00:00:00,1.441
FUND16,2025-03-21T00:00:00,1.6919
FUND16,2025-03-24T00:00:00,1.7298
FUND16,2025-03-25T00:00:00,1.4719
FUND16,2025-03-26T00:00:00,1.5563
FUND16,2025-03-27T00:00:00,1.4038
FUND16,2025-03-28T00:00:00,0.9733
FUND16,2025-03-31T00:00:00,0.7112
FUND16,2025-04-01T00:00:00,0.6841
FUND16,2025-04-02T00:00:00,0.4867
FUND16,2025-04-03T00:00:00,0.5663
FUND16,2025-04-04T00:00:00,0.6988
FUND16,2025-04-07T00:00:00,0.75
FUND16,2025-04-08T00:00:00,0.6149
FUND16,2025-04-09T00:00:00,0.6332
FUND16,2025-04-10T00:00:00,0.5787
FUND16,2025-04-11T00:00:00,0.3724
FUND16,2025-04-14T00:00:00,0.917
FUND16,2025-04-15T00:00:00,0.9433
FUND16,2025-04-16T00:00:00,0.8744
FUND16,2025-04-17T00:00:00,0.5732
FUND16,2025-04-18T00:00:00,1.0168
FUND16,2025-04-21T00:00:00,0.9213
FUND16,2025-04-22T00:00:00,1.0946
FUND16,2025-04-23T00:00:00,1.1959
FUND16,2025-04-24T00:00:00,1.0625
FUND16,2025-04-25T00:00:00,0.4941
FUND16,2025-04-28T00:00:00,0.4672
FUND16,2025-04-29T00:00:00,0.4915
FUND16,2025-04-30T00:00:00,0.3203
FUND16,2025-05-01T00:00:00,0.3909
FUND16,2025-05-02T00:00:00,0.5612
FUND16,2025-05-05T00:00:00,0.67
FUND16,2025-05-06T00:00:00,0.5554
FUND16,2025-05-07T00:00:00,1.0783
FUND16,2025-05-08T00:00:00,1.4077
FUND16,2025-05-09T00:00:00,1.6097
FUND16,2025-05-12T00:00:00,1.8092
FUND16,2025-05-13T00:00:00,1.9229
FUND16,2025-05-14T00:00:00,1.5778
FUND16,2025-05-15T00:00:00,1.7843
FUND16,2025-05-16T00:00:00,1.8192
FUND16,2025-05-19T00:00:00,1.9581
FUND16,2025-05-20T00:00:00,1.936
FUND16,2025-05-21T00:00:00,1.8735
FUND16,2025-05-22T00:00:00,1.6699
FUND16,2025-05-23T00:00:00,1.6823
FUND16,2025-05-26T00:00:00,1.6816
FUND16,2025-05-27T00:00:00,0.8062
FUND16,2025-05-28T00:00:00,0.9812
FUND16,2025-05-29T00:00:00,1.0287
FUND16,2025-05-30T00:00:00,1.1932
FUND16,2025-06-02T00:00:00,1.1095
FUND16,2025-06-03T00:00:00,1.3728
FUND16,2025-06-04T00:00:00,1.1742
FUND16,2025-06-05T00:00:00,1.1826
FUND16,2025-06-06T00:00:00,1.2758
FUND16,2025-06-09T00:00:00,1.3164
FUND16,2025-06-10T00:00:00,1.2685
FUND16,2025-06-11T00:00:00,1.1467
FUND16,2025-06-12T00:00:00,1.1613
FUND16,2025-06-13T00:00:00,1.3196
FUND16,2025-06-16T00:00:00,1.1038
FUND16,2025-06-17T00:00:00,0.8517
FUND16,2025-06-18T00:00:00,0.7003
FUND16,2025-06-19T00:00:00,0.604
FUND16,2025-06-20T00:00:00,0.7641
FUND16,2025-06-23T00:00:00,0.788
FUND16,2025-06-24T00:00:00,0.589
FUND16,2025-06-25T00:00:00,0.5348
FUND16,2025-06-26T00:00:00,0.2504
FUND16,2025-06-27T00:00:00,0.7944
FUND16,2025-06-30T00:00:00,1.0714
FUND16,2025-07-01T00:00:00,1.1075
FUND16,2025-07-02T00:00:00,0.9963
FUND16,2025-07-03T00:00:00,1.3416
FUND16,2025-07-04T00:00:00,1.1812
FUND16,2025-07-07T00:00:00,1.5377
FUND16,2025-07-08T00:00:00,1.7411
FUND16,2025-07-09T00:00:00,1.3877
FUND16,2025-07-10T00:00:00,1.8112
FUND16,2025-07-11T00:00:00,1.6311
FUND16,2025-07-14T00:00:00,1.7215
FUND16,2025-07-15T00:00:00,1.861
FUND16,2025-07-16T00:00:00,1.8398
FUND16,2025-07-17T00:00:00,1.5315
FUND16,2025-07-18T00:00:00,1.2545
FUND16,2025-07-21T00:00:00,0.9714
FUND16,2025-07-22T00:00:00,1.0171
FUND16,2025-07-23T00:00:00,1.1109
FUND16,2025-07-24T00:00:00,0.8582
FUND16,2025-07-25T00:00:00,0.5845
FUND16,2025-07-28T00:00:00,0.8207
FUND16,2025-07-29T00:00:00,1.1472
FUND16,2025-07-30T00:00:00,1.182
FUND16,2025-07-31T00:00:00,1.2021
FUND16,2025-08-01T00:00:00,1.5914
FUND16,2025-08-04T00:00:00,1.8808
FUND16,2025-08-05T00:00:00,1.8845
FUND16,2025-08-06T00:00:00,1.7046
FUND16,2025-08-07T00:00:00,2.0463
FUND16,2025-08-08T00:00:00,2.1806
FUND16,2025-08-11T00:00:00,2.25
FUND16,2025-08-12T00:00:00,2.2271
FUND16,2025-08-13T00:00:00,2.1344
FUND16,2025-08-14T00:00:00,1.8575
FUND16,2025-08-15T00:00:00,1.965
FUND16,2025-08-18T00:00:00,1.7501
FUND16,2025-08-19T00:00:00,1.7839
FUND16,2025-08-20T00:00:00,1.8892
FUND16,2025-08-21T00:00:00,2.3268
FUND16,2025-08-22T00:00:00,2.216
FUND16,2025-08-25T00:00:00,2.3342
FUND16,2025-08-26T00:00:00,1.9776
FUND16,2025-08-27T00:00:00,1.484
FUND16,2025-08-28T00:00:00,1.6855
FUND16,2025-08-29T00:00:00,2.2874
FUND16,2025-09-01T00:00:00,2.3355
FUND16,2025-09-02T00:00:00,2.2803
FUND16,2025-09-03T00:00:00,2.7678
FUND16,2025-09-04T00:00:00,2.7284
FUND16,2025-09-05T00:00:00,3.0609
FUND16,2025-09-08T00:00:00,2.8546
FUND16,2025-09-09T00:00:00,2.8541
FUND16,2025-09-10T00:00:00,2.193
FUND16,2025-09-11T00:00:00,1.8768
FUND16,2025-09-12T00:00:00,1.3556
FUND16,2025-09-15T00:00:00,1.242
FUND16,2025-09-16T00:00:00,0.9638
FUND16,2025-09-17T00:00:00,1.1874
FUND16,2025-09-18T00:00:00,1.244
FUND16,2025-09-19T00:00:00,1.1515
FUND16,2025-09-22T00:00:00,0.7933
FUND16,2025-09-23T00:00:00,0.6622
FUND16,2025-09-24T00:00:00,0.8172
FUND16,2025-09-25T00:00:00,0.8004
FUND16,2025-09-26T00:00:00,0.7134
FUND16,2025-09-29T00:00:00,0.1892
FUND16,2025-09-30T00:00:00,0.79
FUND16,2025-10-01T00:00:00,0.5089
FUND16,2025-10-02T00:00:00,0.2622
FUND16,2025-10-03T00:00:00,0.2254
FUND16,2025-10-06T00:00:00,0.2933
FUND16,2025-10-07T00:00:00,-0.0719
FUND16,2025-10-08T00:00:00,-0.2044
FUND16,2025-10-09T00:00:00,0.1991
FUND16,2025-10-10T00:00:00,0.5647
FUND16,2025-10-13T00:00:00,0.7243
FUND16,2025-10-14T00:00:00,0.7206
FUND16,2025-10-15T00:00:00,1.0371
FUND16,2025-10-16T00:00:00,0.8468
FUND16,2025-10-17T00:00:00,0.9531
FUND16,2025-10-20T00:00:00,1.4695
FUND16,2025-10-21T00:00:00,1.638
FUND16,2025-10-22T00:00:00,1.3599
FUND16,2025-10-23T00:00:00,1.4628
FUND16,2025-10-24T00:00:00,1.2952
FUND16,2025-10-27T00:00:00,1.6398
FUND16,2025-10-28T00:00:00,1.4498
FUND16,2025-10-29T00:00:00,1.5339
FUND16,2025-10-30T00:00:00,1.5629
FUND16,2025-10-31T00:00:00,1.1235
FUND16,2025-11-03T00:00:00,0.5608
FUND16,2025-11-04T00:00:00,0.248
FUND16,2025-11-05T00:00:00,0.0582
FUND16,2025-11-06T00:00:00,-0.1563
FUND16,2025-11-07T00:00:00,0.2435
FUND16,2025-11-10T00:00:00,0.0759
FUND16,2025-11-11T00:00:00,-0.3324
FUND16,2025-11-12T00:00:00,-0.1559
FUND16,2025-11-13T00:00:00,-0.2021
FUND16,2025-11-14T00:00:00,-0.1944
FUND16,2025-11-17T00:00:00,-0.5717
FUND16,2025-11-18T00:00:00,-0.8021
FUND16,2025-11-19T00:00:00,-0.883
FUND16,2025-11-20T00:00:00,-0.6816
FUND16,2025-11-21T00:00:00,-0.3479
FUND16,2025-11-24T00:00:00,-0.3121
FUND17,2023-05-08T00:00:00,-0.491
FUND17,2023-05-09T00:00:00,-0.3437
FUND17,2023-05-10T00:00:00,0.1099
FUND17,2023-05-11T00:00:00,0.1992
FUND17,2023-05-12T00:00:00,0.3702
FUND17,2023-05-15T00:00:00,0.6437
FUND17,2023-05-16T00:00:00,0.4793
FUND17,2023-05-17T00:00:00,0.6464
FUND17,2023-05-18T00:00:00,0.9533
FUND17,2023-05-19T00:00:00,1.076
FUND17,2023-05-22T00:00:00,1.3106
FUND17,2023-05-23T00:00:00,1.3309
FUND17,2023-05-24T00:00:00,1.1478
FUND17,2023-05-25T00:00:00,0.9205
FUND17,2023-05-26T00:00:00,1.1568
FUND17,2023-05-29T00:00:00,0.9932
FUND17,2023-05-30T00:00:00,1.4274
FUND17,2023-05-31T00:00:00,1.3975
FUND17,2023-06-01T00:00:00,1.2629
FUND17,2023-06-02T00:00:00,1.3574
FUND17,2023-06-05T00:00:00,1.7181
FUND17,2023-06-06T00:00:00,2.0266
FUND17,2023-06-07T00:00:00,1.9945
FUND17,2023-06-08T00:00:00,2.0586
FUND17,2023-06-09T00:00:00,1.8707
FUND17,2023-06-12T00:00:00,2.1736
FUND17,2023-06-13T00:00:00,2.5277
FUND17,2023-06-14T00:00:00,2.7246
FUND17,2023-06-15T00:00:00,2.4813
FUND17,2023-06-16T00:00:00,2.8577
FUND17,2023-06-19T00:00:00,3.333
FUND17,2023-06-20T00:00:00,3.3595
FUND17,2023-06-21T00:00:00,3.5057
FUND17,2023-06-22T00:00:00,3.2679
FUND17,2023-06-23T00:00:00,3.4272
FUND17,2023-06-26T00:00:00,3.5308
FUND17,2023-06-27T00:00:00,3.2073
FUND17,2023-06-28T00:00:00,3.1305
FUND17,2023-06-29T00:00:00,2.8628
FUND17,2023-06-30T00:00:00,3.0982
FUND17,2023-07-03T00:00:00,2.7649
FUND17,2023-07-04T00:00:00,2.7223
FUND17,2023-07-05T00:00:00,2.7794
FUND17,2023-07-06T00:00:00,2.7694
FUND17,2023-07-07T00:00:00,2.7206
FUND17,2023-07-10T00:00:00,2.7399
FUND17,2023-07-11T00:00:00,2.5168
FUND17,2023-07-12T00:00:00,2.4685
FUND17,2023-07-13T00:00:00,2.7074
FUND17,2023-07-14T00:00:00,3.022
FUND17,2023-07-17T00:00:00,3.0684
FUND17,2023-07-18T00:00:00,3.0949
FUND17,2023-07-19T00:00:00,3.2702
FUND17,2023-07-20T00:00:00,3.2154
FUND17,2023-07-21T00:00:00,2.7778
FUND17,2023-07-24T00:00:00,2.7108
FUND17,2023-07-25T00:00:00,2.6766
FUND17,2023-07-26T00:00:00,2.838
FUND17,2023-07-27T00:00:00,2.9056
FUND17,2023-07-28T00:00:00,2.6056
FUND17,2023-07-31T00:00:00,2.9581
FUND17,2023-08-01T00:00:00,3.078
FUND17,2023-08-02T00:00:00,3.2435
FUND17,2023-08-03T00:00:00,3.2837
FUND17,2023-08-04T00:00:00,3.0261
FUND17,2023-08-07T00:00:00,2.9124
FUND17,2023-08-08T00:00:00,3.0781
FUND17,2023-08-09T00:00:00,2.9549
FUND17,2023-08-10T00:00:00,2.8029
FUND17,2023-08-11T00:00:00,2.5567
FUND17,2023-08-14T00:00:00,2.3513
FUND17,2023-08-15T00:00:00,2.4611
FUND17,2023-08-16T00:00:00,2.2006
FUND17,2023-08-17T00:00:00,2.6505
FUND17,2023-08-18T00:00:00,2.6191
FUND17,2023-08-21T00:00:00,2.4152
FUND17,2023-08-22T00:00:00,2.5106
FUND17,2023-08-23T00:00:00,2.0808
FUND17,2023-08-24T00:00:00,2.2649
FUND17,2023-08-25T00:00:00,1.8075
FUND17,2023-08-28T00:00:00,1.6972
FUND17,2023-08-29T00:00:00,1.9524
FUND17,2023-08-30T00:00:00,2.1807
FUND17,2023-08-31T00:00:00,1.9572
FUND17,2023-09-01T00:00:00,2.334
FUND17,2023-09-04T00:00:00,2.9115
FUND17,2023-09-05T00:00:00,3.052
FUND17,2023-09-06T00:00:00,2.798
FUND17,2023-09-07T00:00:00,2.8746
FUND17,2023-09-08T00:00:00,2.9592
FUND17,2023-09-11T00:00:00,2.8431
FUND17,2023-09-12T00:00:00,2.994
FUND17,2023-09-13T00:00:00,2.9894
FUND17,2023-09-14T00:00:00,3.131
FUND17,2023-09-15T00:00:00,3.1483
FUND17,2023-09-18T00:00:00,3.4977
FUND17,2023-09-19T00:00:00,3.5518
FUND17,2023-09-20T00:00:00,3.4106
FUND17,2023-09-21T00:00:00,3.3488
FUND17,2023-09-22T00:00:00,3.4351
FUND17,2023-09-25T00:00:00,3.4927
FUND17,2023-09-26T00:00:00,3.1164
FUND17,2023-09-27T00:00:00,3.9135
FUND17,2023-09-28T00:00:00,4.3148
FUND17,2023-09-29T00:00:00,3.7955
FUND17,2023-10-02T00:00:00,4.2058
FUND17,2023-10-03T00:00:00,4.1237
FUND17,2023-10-04T00:00:00,4.248
FUND17,2023-10-05T00:00:00,4.4113
FUND17,2023-10-06T00:00:00,4.5087
FUND17,2023-10-09T00:00:00,4.4855
FUND17,2023-10-10T00:00:00,4.2249
FUND17,2023-10-11T00:00:00,3.9489
FUND17,2023-10-12T00:00:00,3.6724
FUND17,2023-10-13T00:00:00,3.5708
FUND17,2023-10-16T00:00:00,3.2395
FUND17,2023-10-17T00:00:00,3.3512
FUND17,2023-10-18T00:00:00,3.0073
FUND17,2023-10-19T00:00:00,3.2294
FUND17,2023-10-20T00:00:00,3.2044
FUND17,2023-10-23T00:00:00,2.8174
FUND17,2023-10-24T00:00:00,3.0546
FUND17,2023-10-25T00:00:00,2.7943
FUND17,2023-10-26T00:00:00,3.231
FUND17,2023-10-27T00:00:00,3.2663
FUND17,2023-10-30T00:00:00,3.1411
FUND17,2023-10-31T00:00:00,3.2083
FUND17,2023-11-01T00:00:00,3.0928
FUND17,2023-11-02T00:00:00,2.9615
FUND17,2023-11-03T00:00:00,2.9395
FUND17,2023-11-06T00:00:00,2.88
FUND17,2023-11-07T00:00:00,3.0478
FUND17,2023-11-08T00:00:00,3.2627
FUND17,2023-11-09T00:00:00,3.3447
FUND17,2023-11-10T00:00:00,3.5247
FUND17,2023-11-13T00:00:00,3.5991
FUND17,2023-11-14T00:00:00,3.5981
FUND17,2023-11-15T00:00:00,3.5716
FUND17,2023-11-16T00:00:00,3.2273
FUND17,2023-11-17T00:00:00,3.5581
FUND17,2023-11-20T00:00:00,3.611
FUND17,2023-11-21T00:00:00,3.7889
FUND17,2023-11-22T00:00:00,3.8501
FUND17,2023-11-23T00:00:00,3.7688
FUND17,2023-11-24T00:00:00,3.8599
FUND17,2023-11-27T00:00:00,3.9163
FUND17,2023-11-28T00:00:00,4.0351
FUND17,2023-11-29T00:00:00,3.6731
FUND17,2023-11-30T00:00:00,3.829
FUND17,2023-12-01T00:00:00,4.3465
FUND17,2023-12-04T00:00:00,4.6516
FUND17,2023-12-05T00:00:00,4.546
FUND17,2023-12-06T00:00:00,4.0577
FUND17,2023-12-07T00:00:00,3.8926
FUND17,2023-12-08T00:00:00,4.2539
FUND17,2023-12-11T00:00:00,4.3592
FUND17,2023-12-12T00:00:00,4.1342
FUND17,2023-12-13T00:00:00,4.2775
FUND17,2023-12-14T00:00:00,4.5077
FUND17,2023-12-15T00:00:00,4.9872
FUND17,2023-12-18T00:00:00,5.1427
FUND17,2023-12-19T00:00:00,5.3581
FUND17,2023-12-20T00:00:00,5.4361
FUND17,2023-12-21T00:00:00,5.2153
FUND17,2023-12-22T00:00:00,5.0178
FUND17,2023-12-25T00:00:00,4.9028
FUND17,2023-12-26T00:00:00,4.8918
FUND17,2023-12-27T00:00:00,5.4143
FUND17,2023-12-28T00:00:00,5.6854
FUND17,2023-12-29T00:00:00,6.0194
FUND17,2024-01-01T00:00:00,5.9639
FUND17,2024-01-02T00:00:00,5.7165
FUND17,2024-01-03T00:00:00,5.8805
FUND17,2024-01-04T00:00:00,6.4916
FUND17,2024-01-05T00:00:00,5.7331
FUND17,2024-01-08T00:00:00,5.3432
FUND17,2024-01-09T00:00:00,4.911
FUND17,2024-01-10T00:00:00,5.3426
FUND17,2024-01-11T00:00:00,5.3711
FUND17,2024-01-12T00:00:00,5.2469
FUND17,2024-01-15T00:00:00,5.2549
FUND17,2024-01-16T00:00:00,5.254
FUND17,2024-01-17T00:00:00,4.9152
FUND17,2024-01-18T00:00:00,4.9371
FUND17,2024-01-19T00:00:00,4.856
FUND17,2024-01-22T00:00:00,4.7137
FUND17,2024-01-23T00:00:00,4.7419
FUND17,2024-01-24T00:00:00,4.8416
FUND17,2024-01-25T00:00:00,4.7188
FUND17,2024-01-26T00:00:00,4.3199
FUND17,2024-01-29T00:00:00,4.1676
FUND17,2024-01-30T00:00:00,4.6755
FUND17,2024-01-31T00:00:00,4.436
FUND17,2024-02-01T00:00:00,4.6421
FUND17,2024-02-02T00:00:00,4.817
FUND17,2024-02-05T00:00:00,4.5843
FUND17,2024-02-06T00:00:00,4.5534
FUND17,2024-02-07T00:00:00,4.5134
FUND17,2024-02-08T00:00:00,4.4315
FUND17,2024-02-09T00:00:00,4.036
FUND17,2024-02-12T00:00:00,3.6447
FUND17,2024-02-13T00:00:00,3.7228
FUND17,2024-02-14T00:00:00,4.2724
FUND17,2024-02-15T00:00:00,4.7038
FUND17,2024-02-16T00:00:00,4.7222
FUND17,2024-02-19T00:00:00,4.881
FUND17,2024-02-20T00:00:00,4.8002
FUND17,2024-02-21T00:00:00,5.1099
FUND17,2024-02-22T00:00:00,4.9567
FUND17,2024-02-23T00:00:00,4.8805
FUND17,2024-02-26T00:00:00,5.1725
FUND17,2024-02-27T00:00:00,4.7381
FUND17,2024-02-28T00:00:00,4.8948
FUND17,2024-02-29T00:00:00,4.7085
FUND17,2024-03-01T00:00:00,4.4498
FUND17,2024-03-04T00:00:00,4.4786
FUND17,2024-03-05T00:00:00,4.9067
FUND17,2024-03-06T00:00:00,5.1831
FUND17,2024-03-07T00:00:00,5.7062
FUND17,2024-03-08T00:00:00,5.2829
FUND17,2024-03-11T00:00:00,5.4968
FUND17,2024-03-12T00:00:00,5.2871
FUND17,2024-03-13T00:00:00,5.0782
FUND17,2024-03-14T00:00:00,4.7304
FUND17,2024-03-15T00:00:00,4.5001
FUND17,2024-03-18T00:00:00,3.9679
FUND17,2024-03-19T00:00:00,3.9546
FUND17,2024-03-20T00:00:00,3.8337
FUND17,2024-03-21T00:00:00,4.2277
FUND17,2024-03-22T00:00:00,3.9318
FUND17,2024-03-25T00:00:00,4.0286
FUND17,2024-03-26T00:00:00,3.7521
FUND17,2024-03-27T00:00:00,3.4203
FUND17,2024-03-28T00:00:00,3.461
FUND17,2024-03-29T00:00:00,3.7612
FUND17,2024-04-01T00:00:00,3.9719
FUND17,2024-04-02T00:00:00,4.2399
FUND17,2024-04-03T00:00:00,4.5689
FUND17,2024-04-04T00:00:00,4.6367
FUND17,2024-04-05T00:00:00,4.4473
FUND17,2024-04-08T00:00:00,4.1725
FUND17,2024-04-09T00:00:00,4.5587
FUND17,2024-04-10T00:00:00,4.83
FUND17,2024-04-11T00:00:00,4.8029
FUND17,2024-04-12T00:00:00,4.1683
FUND17,2024-04-15T00:00:00,3.9301
FUND17,2024-04-16T00:00:00,3.8821
FUND17,2024-04-17T00:00:00,3.829
FUND17,2024-04-18T00:00:00,3.4384
FUND17,2024-04-19T00:00:00,3.3421
FUND17,2024-04-22T00:00:00,2.9217
FUND17,2024-04-23T00:00:00,2.9645
FUND17,2024-04-24T00:00:00,2.7394
FUND17,2024-04-25T00:00:00,2.9589
FUND17,2024-04-26T00:00:00,3.0957
FUND17,2024-04-29T00:00:00,3.0175
FUND17,2024-04-30T00:00:00,2.7368
FUND17,2024-05-01T00:00:00,2.6687
FUND17,2024-05-02T00:00:00,2.2428
FUND17,2024-05-03T00:00:00,2.2925
FUND17,2024-05-06T00:00:00,2.2588
FUND17,2024-05-07T00:00:00,2.2535
FUND17,2024-05-08T00:00:00,2.2389
FUND17,2024-05-09T00:00:00,2.2042
FUND17,2024-05-10T00:00:00,2.8221
FUND17,2024-05-13T00:00:00,3.3309
FUND17,2024-05-14T00:00:00,3.4686
FUND17,2024-05-15T00:00:00,2.905
FUND17,2024-05-16T00:00:00,2.937
FUND17,2024-05-17T00:00:00,2.8721
FUND17,2024-05-20T00:00:00,2.8082
FUND17,2024-05-21T00:00:00,2.3619
FUND17,2024-05-22T00:00:00,2.3659
FUND17,2024-05-23T00:00:00,2.1884
FUND17,2024-05-24T00:00:00,2.2634
FUND17,2024-05-27T00:00:00,2.2674
FUND17,2024-05-28T00:00:00,2.1205
FUND17,2024-05-29T00:00:00,1.8715
FUND17,2024-05-30T00:00:00,2.1428
FUND17,2024-05-31T00:00:00,2.0099
FUND17,2024-06-03T00:00:00,1.9168
FUND17,2024-06-04T00:00:00,1.9262
FUND17,2024-06-05T00:00:00,1.9683
FUND17,2024-06-06T00:00:00,1.9705
FUND17,2024-06-07T00:00:00,2.1719
FUND17,2024-06-10T00:00:00,2.3546
FUND17,2024-06-11T00:00:00,2.1695
FUND17,2024-06-12T00:00:00,2.1708
FUND17,2024-06-13T00:00:00,1.953
FUND17,2024-06-14T00:00:00,2.2369
FUND17,2024-06-17T00:00:00,2.2898
FUND17,2024-06-18T00:00:00,2.5149
FUND17,2024-06-19T00:00:00,2.2775
FUND17,2024-06-20T00:00:00,2.2235
FUND17,2024-06-21T00:00:00,2.1921
FUND17,2024-06-24T00:00:00,2.0743
FUND17,2024-06-25T00:00:00,1.6769
FUND17,2024-06-26T00:00:00,1.7735
FUND17,2024-06-27T00:00:00,2.0211
FUND17,2024-06-28T00:00:00,2.0376
FUND17,2024-07-01T00:00:00,1.5117
FUND17,2024-07-02T00:00:00,1.899
FUND17,2024-07-03T00:00:00,2.067
FUND17,2024-07-04T00:00:00,2.2525
FUND17,2024-07-05T00:00:00,2.2427
FUND17,2024-07-08T00:00:00,2.7387
FUND17,2024-07-09T00:00:00,2.29
FUND17,2024-07-10T00:00:00,1.9803
FUND17,2024-07-11T00:00:00,1.847
FUND17,2024-07-12T00:00:00,1.8868
FUND17,2024-07-15T00:00:00,1.9968
FUND17,2024-07-16T00:00:00,2.0412
FUND17,2024-07-17T00:00:00,2.4993
FUND17,2024-07-18T00:00:00,2.6557
FUND17,2024-07-19T00:00:00,2.9337
FUND17,2024-07-22T00:00:00,3.349
FUND17,2024-07-23T00:00:00,3.3209
FUND17,2024-07-24T00:00:00,3.7124
FUND17,2024-07-25T00:00:00,3.57
FUND17,2024-07-26T00:00:00,3.6764
FUND17,2024-07-29T00:00:00,3.6664
FUND17,2024-07-30T00:00:00,3.9772
FUND17,2024-07-31T00:00:00,3.8635
FUND17,2024-08-01T00:00:00,4.1352
FUND17,2024-08-02T00:00:00,3.6675
FUND17,2024-08-05T00:00:00,3.3242
FUND17,2024-08-06T00:00:00,2.8505
FUND17,2024-08-07T00:00:00,2.5727
FUND17,2024-08-08T00:00:00,2.2523
FUND17,2024-08-09T00:00:00,2.3294
FUND17,2024-08-12T00:00:00,1.9683
FUND17,2024-08-13T00:00:00,1.799
FUND17,2024-08-14T00:00:00,1.8646
FUND17,2024-08-15T00:00:00,2.0904
FUND17,2024-08-16T00:00:00,2.1235
FUND17,2024-08-19T00:00:00,2.011
FUND17,2024-08-20T00:00:00,2.2445
FUND17,2024-08-21T00:00:00,2.4418
FUND17,2024-08-22T00:00:00,2.1736
FUND17,2024-08-23T00:00:00,2.0914
FUND17,2024-08-26T00:00:00,2.212
FUND17,2024-08-27T00:00:00,1.5634
FUND17,2024-08-28T00:00:00,1.9415
FUND17,2024-08-29T00:00:00,1.8263
FUND17,2024-08-30T00:00:00,1.9481
FUND17,2024-09-02T00:00:00,2.2704
FUND17,2024-09-03T00:00:00,2.3991
FUND17,2024-09-04T00:00:00,2.2101
FUND17,2024-09-05T00:00:00,2.1655
FUND17,2024-09-06T00:00:00,2.1312
FUND17,2024-09-09T00:00:00,2.1657
FUND17,2024-09-10T00:00:00,2.3097
FUND17,2024-09-11T00:00:00,2.1671
FUND17,2024-09-12T00:00:00,1.7605
FUND17,2024-09-13T00:00:00,1.8347
FUND17,2024-09-16T00:00:00,1.4599
FUND17,2024-09-17T00:00:00,1.7248
FUND17,2024-09-18T00:00:00,2.2076
FUND17,2024-09-19T00:00:00,2.3771
FUND17,2024-09-20T00:00:00,2.4271
FUND17,2024-09-23T00:00:00,2.0755
FUND17,2024-09-24T00:00:00,2.1054
FUND17,2024-09-25T00:00:00,2.4554
FUND17,2024-09-26T00:00:00,2.5181
FUND17,2024-09-27T00:00:00,2.5454
FUND17,2024-09-30T00:00:00,2.5236
FUND17,2024-10-01T00:00:00,2.5527
FUND17,2024-10-02T00:00:00,2.8032
FUND17,2024-10-03T00:00:00,2.9252
FUND17,2024-10-04T00:00:00,3.4919
FUND17,2024-10-07T00:00:00,3.5845
FUND17,2024-10-08T00:00:00,3.3704
FUND17,2024-10-09T00:00:00,3.4519
FUND17,2024-10-10T00:00:00,3.2512
FUND17,2024-10-11T00:00:00,3.0789
FUND17,2024-10-14T00:00:00,2.5483
FUND17,2024-10-15T00:00:00,2.804
FUND17,2024-10-16T00:00:00,2.9092
FUND17,2024-10-17T00:00:00,3.1554
FUND17,2024-10-18T00:00:00,3.0525
FUND17,2024-10-21T00:00:00,3.3485
FUND17,2024-10-22T00:00:00,3.1097
FUND17,2024-10-23T00:00:00,3.2781
FUND17,2024-10-24T00:00:00,3.2854
FUND17,2024-10-25T00:00:00,3.4122
FUND17,2024-10-28T00:00:00,3.5535
FUND17,2024-10-29T00:00:00,3.3979
FUND17,2024-10-30T00:00:00,3.2174
FUND17,2024-10-31T00:00:00,2.7986
FUND17,2024-11-01T00:00:00,2.6874
FUND17,2024-11-04T00:00:00,3.1162
FUND17,2024-11-05T00:00:00,3.0941
FUND17,2024-11-06T00:00:00,2.8303
FUND17,2024-11-07T00:00:00,2.7505
FUND17,2024-11-08T00:00:00,2.861
FUND17,2024-11-11T00:00:00,2.6071
FUND17,2024-11-12T00:00:00,2.8139
FUND17,2024-11-13T00:00:00,2.6977
FUND17,2024-11-14T00:00:00,2.4856
FUND17,2024-11-15T00:00:00,2.6749
FUND17,2024-11-18T00:00:00,2.5805
FUND17,2024-11-19T00:00:00,2.6194
FUND17,2024-11-20T00:00:00,2.5488
FUND17,2024-11-21T00:00:00,2.5025
FUND17,2024-11-22T00:00:00,2.2477
FUND17,2024-11-25T00:00:00,2.1214
FUND17,2024-11-26T00:00:00,1.9887
FUND17,2024-11-27T00:00:00,1.9247
FUND17,2024-11-28T00:00:00,1.8681
FUND17,2024-11-29T00:00:00,1.8141
FUND17,2024-12-02T00:00:00,1.63
FUND17,2024-12-03T00:00:00,1.1381
FUND17,2024-12-04T00:00:00,1.223
FUND17,2024-12-05T00:00:00,1.2071
FUND17,2024-12-06T00:00:00,1.6402
FUND17,2024-12-09T00:00:00,1.561
FUND17,2024-12-10T00:00:00,1.697
FUND17,2024-12-11T00:00:00,1.7369
FUND17,2024-12-12T00:00:00,1.9724
FUND17,2024-12-13T00:00:00,1.8129
FUND17,2024-12-16T00:00:00,1.9778
FUND17,2024-12-17T00:00:00,2.053
FUND17,2024-12-18T00:00:00,1.9231
FUND17,2024-12-19T00:00:00,2.1003
FUND17,2024-12-20T00:00:00,2.3905
FUND17,2024-12-23T00:00:00,2.4027
FUND17,2024-12-24T00:00:00,2.2259
FUND17,2024-12-25T00:00:00,1.942
FUND17,2024-12-26T00:00:00,2.3958
FUND17,2024-12-27T00:00:00,2.3048
FUND17,2024-12-30T00:00:00,2.5508
FUND17,2024-12-31T00:00:00,2.6214
FUND17,2025-01-01T00:00:00,2.4539
FUND17,2025-01-02T00:00:00,2.5322
FUND17,2025-01-03T00:00:00,2.3567
FUND17,2025-01-06T00:00:00,2.2874
FUND17,2025-01-07T00:00:00,2.3737
FUND17,2025-01-08T00:00:00,2.1605
FUND17,2025-01-09T00:00:00,2.3006
FUND17,2025-01-10T00:00:00,2.1769
FUND17,2025-01-13T00:00:00,2.424
FUND17,2025-01-14T00:00:00,2.4203
FUND17,2025-01-15T00:00:00,2.6877
FUND17,2025-01-16T00:00:00,2.8296
FUND17,2025-01-17T00:00:00,2.7703
FUND17,2025-01-20T00:00:00,3.0445
FUND17,2025-01-21T00:00:00,3.0284
FUND17,2025-01-22T00:00:00,2.6115
FUND17,2025-01-23T00:00:00,2.47
FUND17,2025-01-24T00:00:00,2.3145
FUND17,2025-01-27T00:00:00,2.7596
FUND17,2025-01-28T00:00:00,2.9737
FUND17,2025-01-29T00:00:00,2.6375
FUND17,2025-01-30T00:00:00,2.5458
FUND17,2025-01-31T00:00:00,2.4599
FUND17,2025-02-03T00:00:00,2.3445
FUND17,2025-02-04T00:00:00,2.7054
FUND17,2025-02-05T00:00:00,2.7602
FUND17,2025-02-06T00:00:00,2.7498
FUND17,2025-02-07T00:00:00,2.3998
FUND17,2025-02-10T00:00:00,2.3396
FUND17,2025-02-11T00:00:00,2.6882
FUND17,2025-02-12T00:00:00,2.6753
FUND17,2025-02-13T00:00:00,2.7888
FUND17,2025-02-14T00:00:00,2.6767
FUND17,2025-02-17T00:00:00,3.1781
FUND17,2025-02-18T00:00:00,3.1469
FUND17,2025-02-19T00:00:00,3.3968
FUND17,2025-02-20T00:00:00,3.2892
FUND17,2025-02-21T00:00:00,3.2459
FUND17,2025-02-24T00:00:00,3.0438
FUND17,2025-02-25T00:00:00,3.3973
FUND17,2025-02-26T00:00:00,3.2835
FUND17,2025-02-27T00:00:00,2.9747
FUND17,2025-02-28T00:00:00,2.9312
FUND17,2025-03-03T00:00:00,2.8205
FUND17,2025-03-04T00:00:00,3.3832
FUND17,2025-03-05T00:00:00,3.5456
FUND17,2025-03-06T00:00:00,4.2287
FUND17,2025-03-07T00:00:00,4.37
FUND17,2025-03-10T00:00:00,4.4812
FUND17,2025-03-11T00:00:00,4.381
FUND17,2025-03-12T00:00:00,4.4374
FUND17,2025-03-13T00:00:00,4.1844
FUND17,2025-03-14T00:00:00,4.3027
FUND17,2025-03-17T00:00:00,4.4224
FUND17,2025-03-18T00:00:00,4.5305
FUND17,2025-03-19T00:00:00,4.9582
FUND17,2025-03-20T00:00:00,4.8367
FUND17,2025-03-21T00:00:00,4.579
FUND17,2025-03-24T00:00:00,4.4682
FUND17,2025-03-25T00:00:00,4.3468
FUND17,2025-03-26T00:00:00,4.0777
FUND17,2025-03-27T00:00:00,4.2917
FUND17,2025-03-28T00:00:00,4.4262
FUND17,2025-03-31T00:00:00,4.1202
FUND17,2025-04-01T00:00:00,4.1628
FUND17,2025-04-02T00:00:00,3.8741
FUND17,2025-04-03T00:00:00,4.046
FUND17,2025-04-04T00:00:00,3.9801
FUND17,2025-04-07T00:00:00,4.1399
FUND17,2025-04-08T00:00:00,4.3886
FUND17,2025-04-09T00:00:00,4.7527
FUND17,2025-04-10T00:00:00,4.5811
FUND17,2025-04-11T00:00:00,4.3665
FUND17,2025-04-14T00:00:00,4.3695
FUND17,2025-04-15T00:00:00,4.5807
FUND17,2025-04-16T00:00:00,4.4024
FUND17,2025-04-17T00:00:00,4.1908
FUND17,2025-04-18T00:00:00,3.9151
FUND17,2025-04-21T00:00:00,4.4326
FUND17,2025-04-22T00:00:00,4.5393
FUND17,2025-04-23T00:00:00,4.7807
FUND17,2025-04-24T00:00:00,4.6147
FUND17,2025-04-25T00:00:00,4.6918
FUND17,2025-04-28T00:00:00,4.6286
FUND17,2025-04-29T00:00:00,4.5813
FUND17,2025-04-30T00:00:00,4.4121
FUND17,2025-05-01T00:00:00,4.6534
FUND17,2025-05-02T00:00:00,4.7212
FUND17,2025-05-05T00:00:00,4.7062
FUND17,2025-05-06T00:00:00,4.9349
FUND17,2025-05-07T00:00:00,4.8608
FUND17,2025-05-08T00:00:00,4.5257
FUND17,2025-05-09T00:00:00,4.1763
FUND17,2025-05-12T00:00:00,4.0983
FUND17,2025-05-13T00:00:00,3.6497
FUND17,2025-05-14T00:00:00,4.402
FUND17,2025-05-15T00:00:00,4.4716
FUND17,2025-05-16T00:00:00,4.6864
FUND17,2025-05-19T00:00:00,4.5811
FUND17,2025-05-20T00:00:00,4.5983
FUND17,2025-05-21T00:00:00,4.2007
FUND17,2025-05-22T00:00:00,4.4661
FUND17,2025-05-23T00:00:00,4.5815
FUND17,2025-05-26T00:00:00,4.204
FUND17,2025-05-27T00:00:00,4.2511
FUND17,2025-05-28T00:00:00,4.3826
FUND17,2025-05-29T00:00:00,4.336
FUND17,2025-05-30T00:00:00,4.4833
FUND17,2025-06-02T00:00:00,4.5815
FUND17,2025-06-03T00:00:00,4.7258
FUND17,2025-06-04T00:00:00,4.7247
FUND17,2025-06-05T00:00:00,4.8805
FUND17,2025-06-06T00:00:00,4.9815
FUND17,2025-06-09T00:00:00,5.1836
FUND17,2025-06-10T00:00:00,5.1275
FUND17,2025-06-11T00:00:00,4.9012
FUND17,2025-06-12T00:00:00,4.6186
FUND17,2025-06-13T00:00:00,4.6296
FUND17,2025-06-16T00:00:00,4.694
FUND17,2025-06-17T00:00:00,4.2951
FUND17,2025-06-18T00:00:00,4.2721
FUND17,2025-06-19T00:00:00,4.3872
FUND17,2025-06-20T00:00:00,4.6762
FUND17,2025-06-23T00:00:00,4.7945
FUND17,2025-06-24T00:00:00,4.5383
FUND17,2025-06-25T00:00:00,4.2769
FUND17,2025-06-26T00:00:00,4.3659
FUND17,2025-06-27T00:00:00,4.4883
FUND17,2025-06-30T00:00:00,4.4149
FUND17,2025-07-01T00:00:00,4.2809
FUND17,2025-07-02T00:00:00,4.4391
FUND17,2025-07-03T00:00:00,4.4201
FUND17,2025-07-04T00:00:00,4.4433
FUND17,2025-07-07T00:00:00,4.6165
FUND17,2025-07-08T00:00:00,4.5209
FUND17,2025-07-09T00:00:00,4.1628
FUND17,2025-07-10T00:00:00,4.1276
FUND17,2025-07-11T00:00:00,3.916
FUND17,2025-07-14T00:00:00,3.7355
FUND17,2025-07-15T00:00:00,3.7776
FUND17,2025-07-16T00:00:00,3.8721
FUND17,2025-07-17T00:00:00,3.9356
FUND17,2025-07-18T00:00:00,3.7584
FUND17,2025-07-21T00:00:00,3.7904
FUND17,2025-07-22T00:00:00,3.6412
FUND17,2025-07-23T00:00:00,3.7786
FUND17,2025-07-24T00:00:00,4.2443
FUND17,2025-07-25T00:00:00,4.3402
FUND17,2025-07-28T00:00:00,4.5368
FUND17,2025-07-29T00:00:00,4.7182
FUND17,2025-07-30T00:00:00,4.7234
FUND17,2025-07-31T00:00:00,4.6485
FUND17,2025-08-01T00:00:00,4.2616
FUND17,2025-08-04T00:00:00,4.3614
FUND17,2025-08-05T00:00:00,4.6281
FUND17,2025-08-06T00:00:00,4.7357
FUND17,2025-08-07T00:00:00,4.7044
FUND17,2025-08-08T00:00:00,4.8521
FUND17,2025-08-11T00:00:00,4.7854
FUND17,2025-08-12T00:00:00,4.3809
FUND17,2025-08-13T00:00:00,4.346
FUND17,2025-08-14T00:00:00,4.1117
FUND17,2025-08-15T00:00:00,4.2122
FUND17,2025-08-18T00:00:00,4.5469
FUND17,2025-08-19T00:00:00,4.2761
FUND17,2025-08-20T00:00:00,4.4247
FUND17,2025-08-21T00:00:00,4.4405
FUND17,2025-08-22T00:00:00,5.0196
FUND17,2025-08-25T00:00:00,4.8089
FUND17,2025-08-26T00:00:00,5.0653
FUND17,2025-08-27T00:00:00,4.6633
FUND17,2025-08-28T00:00:00,4.8191
FUND17,2025-08-29T00:00:00,4.9286
FUND17,2025-09-01T00:00:00,4.9688
FUND17,2025-09-02T00:00:00,4.8081
FUND17,2025-09-03T00:00:00,5.0537
FUND17,2025-09-04T00:00:00,4.8538
FUND17,2025-09-05T00:00:00,4.8996
FUND17,2025-09-08T00:00:00,4.9046
FUND17,2025-09-09T00:00:00,5.2446
FUND17,2025-09-10T00:00:00,4.7782
FUND17,2025-09-11T00:00:00,4.5344
FUND17,2025-09-12T00:00:00,4.9994
FUND17,2025-09-15T00:00:00,5.2093
FUND17,2025-09-16T00:00:00,5.617
FUND17,2025-09-17T00:00:00,5.6171
FUND17,2025-09-18T00:00:00,5.2223
FUND17,2025-09-19T00:00:00,5.0309
FUND17,2025-09-22T00:00:00,5.0701
FUND17,2025-09-23T00:00:00,5.0496
FUND17,2025-09-24T00:00:00,5.5573
FUND17,2025-09-25T00:00:00,5.6757
FUND17,2025-09-26T00:00:00,5.3534
FUND17,2025-09-29T00:00:00,5.519
FUND17,2025-09-30T00:00:00,4.9517
FUND17,2025-10-01T00:00:00,5.0119
FUND17,2025-10-02T00:00:00,5.1266
FUND17,2025-10-03T00:00:00,4.849
FUND17,2025-10-06T00:00:00,4.6443
FUND17,2025-10-07T00:00:00,4.6171
FUND17,2025-10-08T00:00:00,4.7199
FUND17,2025-10-09T00:00:00,4.2408
FUND17,2025-10-10T00:00:00,4.1179
FUND17,2025-10-13T00:00:00,4.0974
FUND17,2025-10-14T00:00:00,3.9064
FUND17,2025-10-15T00:00:00,3.8648
FUND17,2025-10-16T00:00:00,3.8991
FUND17,2025-10-17T00:00:00,4.1104
FUND17,2025-10-20T00:00:00,3.842
FUND17,2025-10-21T00:00:00,4.4414
FUND17,2025-10-22T00:00:00,4.2043
FUND17,2025-10-23T00:00:00,4.0173
FUND17,2025-10-24T00:00:00,3.956
FUND17,2025-10-27T00:00:00,4.0326
FUND17,2025-10-28T00:00:00,4.3477
FUND17,2025-10-29T00:00:00,4.2534
FUND17,2025-10-30T00:00:00,3.828
FUND17,2025-10-31T00:00:00,3.708
FUND17,2025-11-03T00:00:00,3.4977
FUND17,2025-11-04T00:00:00,2.9515
FUND17,2025-11-05T00:00:00,2.6737
FUND17,2025-11-06T00:00:00,2.6853
FUND17,2025-11-07T00:00:00,2.6243
FUND17,2025-11-10T00:00:00,2.0991
FUND17,2025-11-11T00:00:00,2.237
FUND17,2025-11-12T00:00:00,2.7078
FUND17,2025-11-13T00:00:00,2.5448
FUND17,2025-11-14T00:00:00,2.8447
FUND17,2025-11-17T00:00:00,2.4567
FUND17,2025-11-18T00:00:00,2.6088
FUND17,2025-11-19T00:00:00,2.6745
FUND17,2025-11-20T00:00:00,2.6995
FUND17,2025-11-21T00:00:00,2.8159
FUND17,2025-11-24T00:00:00,2.6834
FUND18,2023-05-08T00:00:00,2.7238
FUND18,2023-05-09T00:00:00,2.6159
FUND18,2023-05-10T00:00:00,2.746
FUND18,2023-05-11T00:00:00,3.1315
FUND18,2023-05-12T00:00:00,3.3141
FUND18,2023-05-15T00:00:00,3.5021
FUND18,2023-05-16T00:00:00,3.4661
FUND18,2023-05-17T00:00:00,3.5878
FUND18,2023-05-18T00:00:00,3.5475
FUND18,2023-05-19T00:00:00,3.4382
FUND18,2023-05-22T00:00:00,3.5479
FUND18,2023-05-23T00:00:00,3.6062
FUND18,2023-05-24T00:00:00,3.3281
FUND18,2023-05-25T00:00:00,3.0892
FUND18,2023-05-26T00:00:00,2.5981
FUND18,2023-05-29T00:00:00,2.1729
FUND18,2023-05-30T00:00:00,2.1486
FUND18,2023-05-31T00:00:00,2.1956
FUND18,2023-06-01T00:00:00,2.3479
FUND18,2023-06-02T00:00:00,2.1449
FUND18,2023-06-05T00:00:00,2.5455
FUND18,2023-06-06T00:00:00,2.2869
FUND18,2023-06-07T00:00:00,2.5018
FUND18,2023-06-08T00:00:00,2.573
FUND18,2023-06-09T00:00:00,2.4258
FUND18,2023-06-12T00:00:00,1.9905
FUND18,2023-06-13T00:00:00,1.9816
FUND18,2023-06-14T00:00:00,1.6718
FUND18,2023-06-15T00:00:00,2.1683
FUND18,2023-06-16T00:00:00,2.0184
FUND18,2023-06-19T00:00:00,1.9286
FUND18,2023-06-20T00:00:00,2.0217
FUND18,2023-06-21T00:00:00,1.8574
FUND18,2023-06-22T00:00:00,1.774
FUND18,2023-06-23T00:00:00,1.8144
FUND18,2023-06-26T00:00:00,1.6875
FUND18,2023-06-27T00:00:00,1.3884
FUND18,2023-06-28T00:00:00,1.1974
FUND18,2023-06-29T00:00:00,1.0963
FUND18,2023-06-30T00:00:00,1.2628
FUND18,2023-07-03T00:00:00,1.1327
FUND18,2023-07-04T00:00:00,1.9139
FUND18,2023-07-05T00:00:00,1.9652
FUND18,2023-07-06T00:00:00,1.4611
FUND18,2023-07-07T00:00:00,1.2635
FUND18,2023-07-10T00:00:00,1.555
FUND18,2023-07-11T00:00:00,1.814
FUND18,2023-07-12T00:00:00,1.386
FUND18,2023-07-13T00:00:00,1.2392
FUND18,2023-07-14T00:00:00,1.4249
FUND18,2023-07-17T00:00:00,1.3123
FUND18,2023-07-18T00:00:00,0.7462
FUND18,2023-07-19T00:00:00,0.7353
FUND18,2023-07-20T00:00:00,0.9045
FUND18,2023-07-21T00:00:00,0.6004
FUND18,2023-07-24T00:00:00,0.3209
FUND18,2023-07-25T00:00:00,0.3934
FUND18,2023-07-26T00:00:00,0.2594
FUND18,2023-07-27T00:00:00,0.5769
FUND18,2023-07-28T00:00:00,0.7962
FUND18,2023-07-31T00:00:00,0.6582
FUND18,2023-08-01T00:00:00,0.5319
FUND18,2023-08-02T00:00:00,0.4524
FUND18,2023-08-03T00:00:00,-0.1226
FUND18,2023-08-04T00:00:00,0.0044
FUND18,2023-08-07T00:00:00,-0.0279
FUND18,2023-08-08T00:00:00,-0.5711
FUND18,2023-08-09T00:00:00,-1.2988
FUND18,2023-08-10T00:00:00,-1.1414
FUND18,2023-08-11T00:00:00,-1.3225
FUND18,2023-08-14T00:00:00,-1.3864
FUND18,2023-08-15T00:00:00,-0.817
FUND18,2023-08-16T00:00:00,-1.1855
FUND18,2023-08-17T00:00:00,-1.1754
FUND18,2023-08-18T00:00:00,-0.8111
FUND18,2023-08-21T00:00:00,-0.7487
FUND18,2023-08-22T00:00:00,-1.0791
FUND18,2023-08-23T00:00:00,-0.7309
FUND18,2023-08-24T00:00:00,-0.5409
FUND18,2023-08-25T00:00:00,-0.6491
FUND18,2023-08-28T00:00:00,-0.5129
FUND18,2023-08-29T00:00:00,-0.5727
FUND18,2023-08-30T00:00:00,-0.5441
FUND18,2023-08-31T00:00:00,-0.6554
FUND18,2023-09-01T00:00:00,-0.1745
FUND18,2023-09-04T00:00:00,-0.3768
FUND18,2023-09-05T00:00:00,-0.4248
FUND18,2023-09-06T00:00:00,-0.279
FUND18,2023-09-07T00:00:00,-0.3639
FUND18,2023-09-08T00:00:00,-0.789
FUND18,2023-09-11T00:00:00,-0.8403
FUND18,2023-09-12T00:00:00,-0.8702
FUND18,2023-09-13T00:00:00,-0.8297
FUND18,2023-09-14T00:00:00,-1.0333
FUND18,2023-09-15T00:00:00,-0.9866
FUND18,2023-09-18T00:00:00,-1.0054
FUND18,2023-09-19T00:00:00,-1.1306
FUND18,2023-09-20T00:00:00,-1.5154
FUND18,2023-09-21T00:00:00,-1.5745
FUND18,2023-09-22T00:00:00,-1.6125
FUND18,2023-09-25T00:00:00,-1.397
FUND18,2023-09-26T00:00:00,-1.4477
FUND18,2023-09-27T00:00:00,-1.5499
FUND18,2023-09-28T00:00:00,-1.57
FUND18,2023-09-29T00:00:00,-0.9278
FUND18,2023-10-02T00:00:00,-0.7363
FUND18,2023-10-03T00:00:00,-0.8029
FUND18,2023-10-04T00:00:00,-1.1482
FUND18,2023-10-05T00:00:00,-0.9599
FUND18,2023-10-06T00:00:00,-1.1976
FUND18,2023-10-09T00:00:00,-1.3223
FUND18,2023-10-10T00:00:00,-1.176
FUND18,2023-10-11T00:00:00,-1.2918
FUND18,2023-10-12T00:00:00,-0.9275
FUND18,2023-10-13T00:00:00,-0.5557
FUND18,2023-10-16T00:00:00,-0.4569
FUND18,2023-10-17T00:00:00,-0.7121
FUND18,2023-10-18T00:00:00,-0.7778
FUND18,2023-10-19T00:00:00,-0.9848
FUND18,2023-10-20T00:00:00,-0.7745
FUND18,2023-10-23T00:00:00,-1.0475
FUND18,2023-10-24T00:00:00,-1.2274
FUND18,2023-10-25T00:00:00,-1.3158
FUND18,2023-10-26T00:00:00,-1.2557
FUND18,2023-10-27T00:00:00,-1.2849
FUND18,2023-10-30T00:00:00,-1.452
FUND18,2023-10-31T00:00:00,-1.3114
FUND18,2023-11-01T00:00:00,-1.4419
FUND18,2023-11-02T00:00:00,-1.3161
FUND18,2023-11-03T00:00:00,-1.337
FUND18,2023-11-06T00:00:00,-1.1375
FUND18,2023-11-07T00:00:00,-1.5163
FUND18,2023-11-08T00:00:00,-1.711
FUND18,2023-11-09T00:00:00,-1.1665
FUND18,2023-11-10T00:00:00,-1.0364
FUND18,2023-11-13T00:00:00,-1.288
FUND18,2023-11-14T00:00:00,-1.402
FUND18,2023-11-15T00:00:00,-0.8029
FUND18,2023-11-16T00:00:00,-0.7636
FUND18,2023-11-17T00:00:00,-0.6634
FUND18,2023-11-20T00:00:00,-1.0638
FUND18,2023-11-21T00:00:00,-0.459
FUND18,2023-11-22T00:00:00,-0.5118
FUND18,2023-11-23T00:00:00,-0.5803
FUND18,2023-11-24T00:00:00,-0.7458
FUND18,2023-11-27T00:00:00,-1.0443
FUND18,2023-11-28T00:00:00,-1.1732
FUND18,2023-11-29T00:00:00,-1.3313
FUND18,2023-11-30T00:00:00,-1.3991
FUND18,2023-12-01T00:00:00,-1.4257
FUND18,2023-12-04T00:00:00,-1.6197
FUND18,2023-12-05T00:00:00,-1.5252
FUND18,2023-12-06T00:00:00,-1.2426
FUND18,2023-12-07T00:00:00,-0.9601
FUND18,2023-12-08T00:00:00,-1.2924
FUND18,2023-12-11T00:00:00,-1.3228
FUND18,2023-12-12T00:00:00,-1.2092
FUND18,2023-12-13T00:00:00,-1.1786
FUND18,2023-12-14T00:00:00,-1.3741
FUND18,2023-12-15T00:00:00,-0.8768
FUND18,2023-12-18T00:00:00,-0.7362
FUND18,2023-12-19T00:00:00,-0.9978
FUND18,2023-12-20T00:00:00,-1.1127
FUND18,2023-12-21T00:00:00,-0.9475
FUND18,2023-12-22T00:00:00,-1.0272
FUND18,2023-12-25T00:00:00,-1.3971
FUND18,2023-12-26T00:00:00,-1.4273
FUND18,2023-12-27T00:00:00,-1.7273
FUND18,2023-12-28T00:00:00,-2.0626
FUND18,2023-12-29T00:00:00,-2.2971
FUND18,2024-01-01T00:00:00,-2.716
FUND18,2024-01-02T00:00:00,-2.6854
FUND18,2024-01-03T00:00:00,-2.5657
FUND18,2024-01-04T00:00:00,-2.7771
FUND18,2024-01-05T00:00:00,-3.2862
FUND18,2024-01-08T00:00:00,-3.1066
FUND18,2024-01-09T00:00:00,-3.2574
FUND18,2024-01-10T00:00:00,-3.3958
FUND18,2024-01-11T00:00:00,-3.6734
FUND18,2024-01-12T00:00:00,-3.6247
FUND18,2024-01-15T00:00:00,-3.8707
FUND18,2024-01-16T00:00:00,-3.9358
FUND18,2024-01-17T00:00:00,-3.881
FUND18,2024-01-18T00:00:00,-4.0934
FUND18,2024-01-19T00:00:00,-4.1753
FUND18,2024-01-22T00:00:00,-3.8023
FUND18,2024-01-23T00:00:00,-3.9942
FUND18,2024-01-24T00:00:00,-3.5608
FUND18,2024-01-25T00:00:00,-3.6915
FUND18,2024-01-26T00:00:00,-3.8371
FUND18,2024-01-29T00:00:00,-3.9984
FUND18,2024-01-30T00:00:00,-3.8733
FUND18,2024-01-31T00:00:00,-3.9782
FUND18,2024-02-01T00:00:00,-3.8354
FUND18,2024-02-02T00:00:00,-4.0592
FUND18,2024-02-05T00:00:00,-3.9265
FUND18,2024-02-06T00:00:00,-3.9729
FUND18,2024-02-07T00:00:00,-3.5992
FUND18,2024-02-08T00:00:00,-3.718
FUND18,2024-02-09T00:00:00,-3.6164
FUND18,2024-02-12T00:00:00,-3.2524
FUND18,2024-02-13T00:00:00,-3.1496
FUND18,2024-02-14T00:00:00,-3.1983
FUND18,2024-02-15T00:00:00,-3.4774
FUND18,2024-02-16T00:00:00,-3.5479
FUND18,2024-02-19T00:00:00,-3.4711
FUND18,2024-02-20T00:00:00,-3.2408
FUND18,2024-02-21T00:00:00,-3.0381
FUND18,2024-02-22T00:00:00,-3.3123
FUND18,2024-02-23T00:00:00,-3.1243
FUND18,2024-02-26T00:00:00,-2.9389
FUND18,2024-02-27T00:00:00,-2.8399
FUND18,2024-02-28T00:00:00,-2.6126
FUND18,2024-02-29T00:00:00,-2.5561
FUND18,2024-03-01T00:00:00,-2.5411
FUND18,2024-03-04T00:00:00,-2.2988
FUND18,2024-03-05T00:00:00,-2.1761
FUND18,2024-03-06T00:00:00,-1.7688
FUND18,2024-03-07T00:00:00,-1.7901
FUND18,2024-03-08T00:00:00,-1.8192
FUND18,2024-03-11T00:00:00,-1.74
FUND18,2024-03-12T00:00:00,-1.6183
FUND18,2024-03-13T00:00:00,-1.4913
FUND18,2024-03-14T00:00:00,-1.625
FUND18,2024-03-15T00:00:00,-1.6387
FUND18,2024-03-18T00:00:00,-1.5746
FUND18,2024-03-19T00:00:00,-1.5601
FUND18,2024-03-20T00:00:00,-1.7105
FUND18,2024-03-21T00:00:00,-1.7256
FUND18,2024-03-22T00:00:00,-1.7516
FUND18,2024-03-25T00:00:00,-1.6656
FUND18,2024-03-26T00:00:00,-2.0217
FUND18,2024-03-27T00:00:00,-1.8282
FUND18,2024-03-28T00:00:00,-1.6836
FUND18,2024-03-29T00:00:00,-1.3747
FUND18,2024-04-01T00:00:00,-1.0528
FUND18,2024-04-02T00:00:00,-0.709
FUND18,2024-04-03T00:00:00,-0.5081
FUND18,2024-04-04T00:00:00,-0.4708
FUND18,2024-04-05T00:00:00,-0.578
FUND18,2024-04-08T00:00:00,-0.6492
FUND18,2024-04-09T00:00:00,-0.7594
FUND18,2024-04-10T00:00:00,-1.0696
FUND18,2024-04-11T00:00:00,-1.1697
FUND18,2024-04-12T00:00:00,-1.2297
FUND18,2024-04-15T00:00:00,-0.9136
FUND18,2024-04-16T00:00:00,-0.8096
FUND18,2024-04-17T00:00:00,-0.5055
FUND18,2024-04-18T00:00:00,-0.1151
FUND18,2024-04-19T00:00:00,-0.3839
FUND18,2024-04-22T00:00:00,-0.3178
FUND18,2024-04-23T00:00:00,-0.4132
FUND18,2024-04-24T00:00:00,-0.3519
FUND18,2024-04-25T00:00:00,-0.5748
FUND18,2024-04-26T00:00:00,-0.6071
FUND18,2024-04-29T00:00:00,-0.5455
FUND18,2024-04-30T00:00:00,0.0401
FUND18,2024-05-01T00:00:00,0.1655
FUND18,2024-05-02T00:00:00,0.0789
FUND18,2024-05-03T00:00:00,0.2687
FUND18,2024-05-06T00:00:00,0.587
FUND18,2024-05-07T00:00:00,0.3813
FUND18,2024-05-08T00:00:00,-0.1456
FUND18,2024-05-09T00:00:00,0.5519
FUND18,2024-05-10T00:00:00,0.8596
FUND18,2024-05-13T00:00:00,0.8161
FUND18,2024-05-14T00:00:00,0.9255
FUND18,2024-05-15T00:00:00,1.0077
FUND18,2024-05-16T00:00:00,1.7447
FUND18,2024-05-17T00:00:00,2.1527
FUND18,2024-05-20T00:00:00,2.2573
FUND18,2024-05-21T00:00:00,2.0628
FUND18,2024-05-22T00:00:00,1.7855
FUND18,2024-05-23T00:00:00,2.0907
FUND18,2024-05-24T00:00:00,1.95
FUND18,2024-05-27T00:00:00,1.7277
FUND18,2024-05-28T00:00:00,1.7064
FUND18,2024-05-29T00:00:00,1.6736
FUND18,2024-05-30T00:00:00,2.0371
FUND18,2024-05-31T00:00:00,2.0386
FUND18,2024-06-03T00:00:00,1.7206
FUND18,2024-06-04T00:00:00,1.3915
FUND18,2024-06-05T00:00:00,1.2229
FUND18,2024-06-06T00:00:00,1.0782
FUND18,2024-06-07T00:00:00,0.84
FUND18,2024-06-10T00:00:00,0.782
FUND18,2024-06-11T00:00:00,1.1144
FUND18,2024-06-12T00:00:00,1.1747
FUND18,2024-06-13T00:00:00,1.1628
FUND18,2024-06-14T00:00:00,1.3137
FUND18,2024-06-17T00:00:00,1.0545
FUND18,2024-06-18T00:00:00,0.9364
FUND18,2024-06-19T00:00:00,1.0126
FUND18,2024-06-20T00:00:00,1.0171
FUND18,2024-06-21T00:00:00,1.0277
FUND18,2024-06-24T00:00:00,0.5929
FUND18,2024-06-25T00:00:00,0.7263
FUND18,2024-06-26T00:00:00,0.5799
FUND18,2024-06-27T00:00:00,1.0127
FUND18,2024-06-28T00:00:00,0.849
FUND18,2024-07-01T00:00:00,0.7718
FUND18,2024-07-02T00:00:00,1.0353
FUND18,2024-07-03T00:00:00,1.0968
FUND18,2024-07-04T00:00:00,1.0179
FUND18,2024-07-05T00:00:00,0.6292
FUND18,2024-07-08T00:00:00,0.7106
FUND18,2024-07-09T00:00:00,0.6569
FUND18,2024-07-10T00:00:00,0.3102
FUND18,2024-07-11T00:00:00,0.3795
FUND18,2024-07-12T00:00:00,0.5543
FUND18,2024-07-15T00:00:00,0.5943
FUND18,2024-07-16T00:00:00,0.5736
FUND18,2024-07-17T00:00:00,0.5246
FUND18,2024-07-18T00:00:00,0.4439
FUND18,2024-07-19T00:00:00,0.4838
FUND18,2024-07-22T00:00:00,0.6027
FUND18,2024-07-23T00:00:00,0.4048
FUND18,2024-07-24T00:00:00,0.2747
FUND18,2024-07-25T00:00:00,0.4478
FUND18,2024-07-26T00:00:00,0.2687
FUND18,2024-07-29T00:00:00,0.3816
FUND18,2024-07-30T00:00:00,0.3713
FUND18,2024-07-31T00:00:00,-0.037
FUND18,2024-08-01T00:00:00,-0.1679
FUND18,2024-08-02T00:00:00,-0.1962
FUND18,2024-08-05T00:00:00,-0.1692
FUND18,2024-08-06T00:00:00,-0.2956
FUND18,2024-08-07T00:00:00,-0.4141
FUND18,2024-08-08T00:00:00,-0.8843
FUND18,2024-08-09T00:00:00,-0.48
FUND18,2024-08-12T00:00:00,-0.0676
FUND18,2024-08-13T00:00:00,-0.2578
FUND18,2024-08-14T00:00:00,-0.0795
FUND18,2024-08-15T00:00:00,0.2402
FUND18,2024-08-16T00:00:00,0.2877
FUND18,2024-08-19T00:00:00,-0.2458
FUND18,2024-08-20T00:00:00,-0.7704
FUND18,2024-08-21T00:00:00,-0.563
FUND18,2024-08-22T00:00:00,-0.8733
FUND18,2024-08-23T00:00:00,-0.8204
FUND18,2024-08-26T00:00:00,-0.69
FUND18,2024-08-27T00:00:00,-0.4441
FUND18,2024-08-28T00:00:00,-0.298
FUND18,2024-08-29T00:00:00,-0.1058
FUND18,2024-08-30T00:00:00,-0.181
FUND18,2024-09-02T00:00:00,0.0521
FUND18,2024-09-03T00:00:00,-0.0662
FUND18,2024-09-04T00:00:00,0.1058
FUND18,2024-09-05T00:00:00,0.0983
FUND18,2024-09-06T00:00:00,0.2084
FUND18,2024-09-09T00:00:00,0.4524
FUND18,2024-09-10T00:00:00,0.5723
FUND18,2024-09-11T00:00:00,0.8835
FUND18,2024-09-12T00:00:00,0.7753
FUND18,2024-09-13T00:00:00,0.6784
FUND18,2024-09-16T00:00:00,0.7672
FUND18,2024-09-17T00:00:00,0.8601
FUND18,2024-09-18T00:00:00,0.7788
FUND18,2024-09-19T00:00:00,0.839
FUND18,2024-09-20T00:00:00,0.4142
FUND18,2024-09-23T00:00:00,0.3701
FUND18,2024-09-24T00:00:00,0.6946
FUND18,2024-09-25T00:00:00,0.6911
FUND18,2024-09-26T00:00:00,0.6501
FUND18,2024-09-27T00:00:00,1.0912
FUND18,2024-09-30T00:00:00,1.1316
FUND18,2024-10-01T00:00:00,1.3209
FUND18,2024-10-02T00:00:00,0.8706
FUND18,2024-10-03T00:00:00,0.941
FUND18,2024-10-04T00:00:00,0.8878
FUND18,2024-10-07T00:00:00,1.3128
FUND18,2024-10-08T00:00:00,1.6316
FUND18,2024-10-09T00:00:00,2.1664
FUND18,2024-10-10T00:00:00,2.083
FUND18,2024-10-11T00:00:00,1.4368
FUND18,2024-10-14T00:00:00,1.284
FUND18,2024-10-15T00:00:00,1.1931
FUND18,2024-10-16T00:00:00,0.9768
FUND18,2024-10-17T00:00:00,0.9011
FUND18,2024-10-18T00:00:00,0.4598
FUND18,2024-10-21T00:00:00,0.3101
FUND18,2024-10-22T00:00:00,0.516
FUND18,2024-10-23T00:00:00,0.5304
FUND18,2024-10-24T00:00:00,0.593
FUND18,2024-10-25T00:00:00,0.1955
FUND18,2024-10-28T00:00:00,0.6813
FUND18,2024-10-29T00:00:00,0.4333
FUND18,2024-10-30T00:00:00,0.5723
FUND18,2024-10-31T00:00:00,0.2525
FUND18,2024-11-01T00:00:00,-0.1555
FUND18,2024-11-04T00:00:00,-0.1994
FUND18,2024-11-05T00:00:00,-0.2761
FUND18,2024-11-06T00:00:00,-0.146
FUND18,2024-11-07T00:00:00,-0.2601
FUND18,2024-11-08T00:00:00,0.1773
FUND18,2024-11-11T00:00:00,0.2597
FUND18,2024-11-12T00:00:00,0.2837
FUND18,2024-11-13T00:00:00,-0.0369
FUND18,2024-11-14T00:00:00,-0.403
FUND18,2024-11-15T00:00:00,-0.8623
FUND18,2024-11-18T00:00:00,-0.9513
FUND18,2024-11-19T00:00:00,-0.6697
FUND18,2024-11-20T00:00:00,-0.5865
FUND18,2024-11-21T00:00:00,-0.3486
FUND18,2024-11-22T00:00:00,-0.3771
FUND18,2024-11-25T00:00:00,-0.3255
FUND18,2024-11-26T00:00:00,0.0061
FUND18,2024-11-27T00:00:00,0.0787
FUND18,2024-11-28T00:00:00,0.2104
FUND18,2024-11-29T00:00:00,0.2108
FUND18,2024-12-02T00:00:00,0.2449
FUND18,2024-12-03T00:00:00,0.09
FUND18,2024-12-04T00:00:00,0.1085
FUND18,2024-12-05T00:00:00,0.2948
FUND18,2024-12-06T00:00:00,0.3057
FUND18,2024-12-09T00:00:00,-0.1126
FUND18,2024-12-10T00:00:00,-0.3372
FUND18,2024-12-11T00:00:00,-0.0839
FUND18,2024-12-12T00:00:00,0.1623
FUND18,2024-12-13T00:00:00,0.0683
FUND18,2024-12-16T00:00:00,-0.0307
FUND18,2024-12-17T00:00:00,0.1021
FUND18,2024-12-18T00:00:00,-0.2427
FUND18,2024-12-19T00:00:00,-0.0806
FUND18,2024-12-20T00:00:00,0.0509
FUND18,2024-12-23T00:00:00,-0.0877
FUND18,2024-12-24T00:00:00,0.706
FUND18,2024-12-25T00:00:00,0.3899
FUND18,2024-12-26T00:00:00,0.3627
FUND18,2024-12-27T00:00:00,0.0577
FUND18,2024-12-30T00:00:00,-0.3193
FUND18,2024-12-31T00:00:00,-0.4388
FUND18,2025-01-01T00:00:00,-0.6824
FUND18,2025-01-02T00:00:00,-0.853
FUND18,2025-01-03T00:00:00,-0.9806
FUND18,2025-01-06T00:00:00,-0.9593
FUND18,2025-01-07T00:00:00,-1.0214
FUND18,2025-01-08T00:00:00,-0.9511
FUND18,2025-01-09T00:00:00,-0.963
FUND18,2025-01-10T00:00:00,-0.7814
FUND18,2025-01-13T00:00:00,-1.2604
FUND18,2025-01-14T00:00:00,-1.4005
FUND18,2025-01-15T00:00:00,-1.2548
FUND18,2025-01-16T00:00:00,-1.6585
FUND18,2025-01-17T00:00:00,-1.7888
FUND18,2025-01-20T00:00:00,-1.8446
FUND18,2025-01-21T00:00:00,-2.0384
FUND18,2025-01-22T00:00:00,-1.6109
FUND18,2025-01-23T00:00:00,-2.1478
FUND18,2025-01-24T00:00:00,-2.0017
FUND18,2025-01-27T00:00:00,-2.0581
FUND18,2025-01-28T00:00:00,-1.7383
FUND18,2025-01-29T00:00:00,-1.7047
FUND18,2025-01-30T00:00:00,-1.9838
FUND18,2025-01-31T00:00:00,-2.0608
FUND18,2025-02-03T00:00:00,-2.2371
FUND18,2025-02-04T00:00:00,-2.0693
FUND18,2025-02-05T00:00:00,-2.0529
FUND18,2025-02-06T00:00:00,-2.1555
FUND18,2025-02-07T00:00:00,-2.2139
FUND18,2025-02-10T00:00:00,-2.5324
FUND18,2025-02-11T00:00:00,-2.7522
FUND18,2025-02-12T00:00:00,-2.7215
FUND18,2025-02-13T00:00:00,-2.8828
FUND18,2025-02-14T00:00:00,-2.298
FUND18,2025-02-17T00:00:00,-1.9444
FUND18,2025-02-18T00:00:00,-1.6114
FUND18,2025-02-19T00:00:00,-1.7344
FUND18,2025-02-20T00:00:00,-1.6478
FUND18,2025-02-21T00:00:00,-0.9746
FUND18,2025-02-24T00:00:00,-0.8317
FUND18,2025-02-25T00:00:00,-1.0378
FUND18,2025-02-26T00:00:00,-1.1612
FUND18,2025-02-27T00:00:00,-1.3965
FUND18,2025-02-28T00:00:00,-1.0694
FUND18,2025-03-03T00:00:00,-1.0062
FUND18,2025-03-04T00:00:00,-1.0465
FUND18,2025-03-05T00:00:00,-0.7525
FUND18,2025-03-06T00:00:00,-0.6546
FUND18,2025-03-07T00:00:00,-0.307
FUND18,2025-03-10T00:00:00,-0.2207
FUND18,2025-03-11T00:00:00,-0.4795
FUND18,2025-03-12T00:00:00,-0.3442
FUND18,2025-03-13T00:00:00,-0.1841
FUND18,2025-03-14T00:00:00,-0.3556
FUND18,2025-03-17T00:00:00,-0.5528
FUND18,2025-03-18T00:00:00,-0.4836
FUND18,2025-03-19T00:00:00,0.3261
FUND18,2025-03-20T00:00:00,0.7126
FUND18,2025-03-21T00:00:00,0.8851
FUND18,2025-03-24T00:00:00,0.9892
FUND18,2025-03-25T00:00:00,0.7638
FUND18,2025-03-26T00:00:00,0.8
FUND18,2025-03-27T00:00:00,0.7285
FUND18,2025-03-28T00:00:00,0.7935
FUND18,2025-03-31T00:00:00,0.833
FUND18,2025-04-01T00:00:00,0.2487
FUND18,2025-04-02T00:00:00,0.4458
FUND18,2025-04-03T00:00:00,0.1888
FUND18,2025-04-04T00:00:00,0.135
FUND18,2025-04-07T00:00:00,0.1768
FUND18,2025-04-08T00:00:00,0.3769
FUND18,2025-04-09T00:00:00,0.6157
FUND18,2025-04-10T00:00:00,0.6454
FUND18,2025-04-11T00:00:00,0.522
FUND18,2025-04-14T00:00:00,0.8773
FUND18,2025-04-15T00:00:00,1.0442
FUND18,2025-04-16T00:00:00,0.6973
FUND18,2025-04-17T00:00:00,0.6271
FUND18,2025-04-18T00:00:00,0.4365
FUND18,2025-04-21T00:00:00,0.3124
FUND18,2025-04-22T00:00:00,-0.0467
FUND18,2025-04-23T00:00:00,0.1953
FUND18,2025-04-24T00:00:00,-0.1812
FUND18,2025-04-25T00:00:00,0.1253
FUND18,2025-04-28T00:00:00,0.2454
FUND18,2025-04-29T00:00:00,0.1875
FUND18,2025-04-30T00:00:00,0.3223
FUND18,2025-05-01T00:00:00,0.3464
FUND18,2025-05-02T00:00:00,0.455
FUND18,2025-05-05T00:00:00,0.4098
FUND18,2025-05-06T00:00:00,0.4539
FUND18,2025-05-07T00:00:00,0.4451
FUND18,2025-05-08T00:00:00,0.2591
FUND18,2025-05-09T00:00:00,0.5146
FUND18,2025-05-12T00:00:00,0.7855
FUND18,2025-05-13T00:00:00,0.8471
FUND18,2025-05-14T00:00:00,0.5996
FUND18,2025-05-15T00:00:00,0.4573
FUND18,2025-05-16T00:00:00,0.2418
FUND18,2025-05-19T00:00:00,0.4802
FUND18,2025-05-20T00:00:00,0.827
FUND18,2025-05-21T00:00:00,0.5489
FUND18,2025-05-22T00:00:00,0.6757
FUND18,2025-05-23T00:00:00,0.4674
FUND18,2025-05-26T00:00:00,0.2128
FUND18,2025-05-27T00:00:00,0.5954
FUND18,2025-05-28T00:00:00,0.4384
FUND18,2025-05-29T00:00:00,0.789
FUND18,2025-05-30T00:00:00,0.7905
FUND18,2025-06-02T00:00:00,0.7211
FUND18,2025-06-03T00:00:00,0.5307
FUND18,2025-06-04T00:00:00,0.7915
FUND18,2025-06-05T00:00:00,0.9701
FUND18,2025-06-06T00:00:00,0.7705
FUND18,2025-06-09T00:00:00,0.8696
FUND18,2025-06-10T00:00:00,0.9128
FUND18,2025-06-11T00:00:00,1.2026
FUND18,2025-06-12T00:00:00,1.3872
FUND18,2025-06-13T00:00:00,1.6584
FUND18,2025-06-16T00:00:00,1.7395
FUND18,2025-06-17T00:00:00,2.0118
FUND18,2025-06-18T00:00:00,1.769
FUND18,2025-06-19T00:00:00,1.9204
FUND18,2025-06-20T00:00:00,1.8
FUND18,2025-06-23T00:00:00,1.6262
FUND18,2025-06-24T00:00:00,1.6881
FUND18,2025-06-25T00:00:00,2.053
FUND18,2025-06-26T00:00:00,1.6199
FUND18,2025-06-27T00:00:00,1.4237
FUND18,2025-06-30T00:00:00,1.1451
FUND18,2025-07-01T00:00:00,1.4348
FUND18,2025-07-02T00:00:00,1.39
FUND18,2025-07-03T00:00:00,1.7493
FUND18,2025-07-04T00:00:00,1.6858
FUND18,2025-07-07T00:00:00,1.8281
FUND18,2025-07-08T00:00:00,1.4845
FUND18,2025-07-09T00:00:00,1.2705
FUND18,2025-07-10T00:00:00,1.204
FUND18,2025-07-11T00:00:00,1.2039
FUND18,2025-07-14T00:00:00,1.0422
FUND18,2025-07-15T00:00:00,1.1353
FUND18,2025-07-16T00:00:00,0.9477
FUND18,2025-07-17T00:00:00,0.7902
FUND18,2025-07-18T00:00:00,0.5607
FUND18,2025-07-21T00:00:00,0.7691
FUND18,2025-07-22T00:00:00,0.3653
FUND18,2025-07-23T00:00:00,-0.2224
FUND18,2025-07-24T00:00:00,-0.6592
FUND18,2025-07-25T00:00:00,-0.325
FUND18,2025-07-28T00:00:00,-0.5408
FUND18,2025-07-29T00:00:00,-0.3614
FUND18,2025-07-30T00:00:00,-0.4391
FUND18,2025-07-31T00:00:00,-0.6096
FUND18,2025-08-01T00:00:00,-0.6653
FUND18,2025-08-04T00:00:00,-0.5866
FUND18,2025-08-05T00:00:00,-0.28
FUND18,2025-08-06T00:00:00,-0.6715
FUND18,2025-08-07T00:00:00,-0.0082
FUND18,2025-08-08T00:00:00,0.188
FUND18,2025-08-11T00:00:00,0.2747
FUND18,2025-08-12T00:00:00,0.5061
FUND18,2025-08-13T00:00:00,0.0952
FUND18,2025-08-14T00:00:00,0.0326
FUND18,2025-08-15T00:00:00,-0.1221
FUND18,2025-08-18T00:00:00,0.0511
FUND18,2025-08-19T00:00:00,-0.1983
FUND18,2025-08-20T00:00:00,0.0768
FUND18,2025-08-21T00:00:00,0.1529
FUND18,2025-08-22T00:00:00,-0.2065
FUND18,2025-08-25T00:00:00,-0.1754
FUND18,2025-08-26T00:00:00,0.3199
FUND18,2025-08-27T00:00:00,0.3941
FUND18,2025-08-28T00:00:00,0.6895
FUND18,2025-08-29T00:00:00,0.7142
FUND18,2025-09-01T00:00:00,0.8678
FUND18,2025-09-02T00:00:00,0.8774
FUND18,2025-09-03T00:00:00,1.1686
FUND18,2025-09-04T00:00:00,1.1183
FUND18,2025-09-05T00:00:00,1.0204
FUND18,2025-09-08T00:00:00,1.2722
FUND18,2025-09-09T00:00:00,0.8671
FUND18,2025-09-10T00:00:00,1.2114
FUND18,2025-09-11T00:00:00,1.3545
FUND18,2025-09-12T00:00:00,1.3842
FUND18,2025-09-15T00:00:00,1.0849
FUND18,2025-09-16T00:00:00,1.0974
FUND18,2025-09-17T00:00:00,1.1465
FUND18,2025-09-18T00:00:00,1.2832
FUND18,2025-09-19T00:00:00,1.2808
FUND18,2025-09-22T00:00:00,1.5562
FUND18,2025-09-23T00:00:00,1.4517
FUND18,2025-09-24T00:00:00,1.2465
FUND18,2025-09-25T00:00:00,1.4021
FUND18,2025-09-26T00:00:00,1.8686
FUND18,2025-09-29T00:00:00,2.0924
FUND18,2025-09-30T00:00:00,1.9679
FUND18,2025-10-01T00:00:00,1.7356
FUND18,2025-10-02T00:00:00,1.5016
FUND18,2025-10-03T00:00:00,1.7234
FUND18,2025-10-06T00:00:00,1.8205
FUND18,2025-10-07T00:00:00,1.8943
FUND18,2025-10-08T00:00:00,2.0589
FUND18,2025-10-09T00:00:00,2.2604
FUND18,2025-10-10T00:00:00,2.4735
FUND18,2025-10-13T00:00:00,1.9135
FUND18,2025-10-14T00:00:00,1.9573
FUND18,2025-10-15T00:00:00,1.8062
FUND18,2025-10-16T00:00:00,1.251
FUND18,2025-10-17T00:00:00,1.0432
FUND18,2025-10-20T00:00:00,1.2277
FUND18,2025-10-21T00:00:00,0.9394
FUND18,2025-10-22T00:00:00,1.1263
FUND18,2025-10-23T00:00:00,1.1196
FUND18,2025-10-24T00:00:00,1.0854
FUND18,2025-10-27T00:00:00,0.9417
FUND18,2025-10-28T00:00:00,0.9592
FUND18,2025-10-29T00:00:00,1.0124
FUND18,2025-10-30T00:00:00,1.3409
FUND18,2025-10-31T00:00:00,1.3211
FUND18,2025-11-03T00:00:00,1.2
FUND18,2025-11-04T00:00:00,1.1114
FUND18,2025-11-05T00:00:00,1.2629
FUND18,2025-11-06T00:00:00,1.0104
FUND18,2025-11-07T00:00:00,1.181
FUND18,2025-11-10T00:00:00,0.7773
FUND18,2025-11-11T00:00:00,1.4553
FUND18,2025-11-12T00:00:00,1.4578
FUND18,2025-11-13T00:00:00,1.6478
FUND18,2025-11-14T00:00:00,1.4398
FUND18,2025-11-17T00:00:00,1.9141
FUND18,2025-11-18T00:00:00,1.9406
FUND18,2025-11-19T00:00:00,1.9041
FUND18,2025-11-20T00:00:00,2.1707
FUND18,2025-11-21T00:00:00,2.4921
FUND18,2025-11-24T00:00:00,2.3323
FUND19,2023-05-08T00:00:00,-0.1072
FUND19,2023-05-09T00:00:00,-0.3404
FUND19,2023-05-10T00:00:00,-0.1738
FUND19,2023-05-11T00:00:00,-0.1828
FUND19,2023-05-12T00:00:00,-0.0495
FUND19,2023-05-15T00:00:00,-0.1706
FUND19,2023-05-16T00:00:00,-0.4668
FUND19,2023-05-17T00:00:00,-0.3783
FUND19,2023-05-18T00:00:00,-0.0757
FUND19,2023-05-19T00:00:00,-0.0122
FUND19,2023-05-22T00:00:00,0.2614
FUND19,2023-05-23T00:00:00,-0.0391
FUND19,2023-05-24T00:00:00,0.4403
FUND19,2023-05-25T00:00:00,0.7727
FUND19,2023-05-26T00:00:00,1.0896
FUND19,2023-05-29T00:00:00,1.066
FUND19,2023-05-30T00:00:00,1.4425
FUND19,2023-05-31T00:00:00,1.3482
FUND19,2023-06-01T00:00:00,1.1768
FUND19,2023-06-02T00:00:00,1.095
FUND19,2023-06-05T00:00:00,1.5541
FUND19,2023-06-06T00:00:00,2.0075
FUND19,2023-06-07T00:00:00,2.1442
FUND19,2023-06-08T00:00:00,2.5658
FUND19,2023-06-09T00:00:00,2.7201
FUND19,2023-06-12T00:00:00,2.7795
FUND19,2023-06-13T00:00:00,2.8576
FUND19,2023-06-14T00:00:00,3.1918
FUND19,2023-06-15T00:00:00,3.2274
FUND19,2023-06-16T00:00:00,3.5404
FUND19,2023-06-19T00:00:00,3.3525
FUND19,2023-06-20T00:00:00,3.6056
FUND19,2023-06-21T00:00:00,3.8008
FUND19,2023-06-22T00:00:00,3.7645
FUND19,2023-06-23T00:00:00,3.9139
FUND19,2023-06-26T00:00:00,4.1238
FUND19,2023-06-27T00:00:00,4.3038
FUND19,2023-06-28T00:00:00,4.2013
FUND19,2023-06-29T00:00:00,4.2748
FUND19,2023-06-30T00:00:00,4.1282
FUND19,2023-07-03T00:00:00,4.3318
FUND19,2023-07-04T00:00:00,4.2445
FUND19,2023-07-05T00:00:00,3.4324
FUND19,2023-07-06T00:00:00,3.2918
FUND19,2023-07-07T00:00:00,3.3828
FUND19,2023-07-10T00:00:00,3.608
FUND19,2023-07-11T00:00:00,3.8521
FUND19,2023-07-12T00:00:00,4.0695
FUND19,2023-07-13T00:00:00,4.2399
FUND19,2023-07-14T00:00:00,4.051
FUND19,2023-07-17T00:00:00,4.2859
FUND19,2023-07-18T00:00:00,4.0794
FUND19,2023-07-19T00:00:00,4.4183
FUND19,2023-07-20T00:00:00,4.3638
FUND19,2023-07-21T00:00:00,4.3801
FUND19,2023-07-24T00:00:00,4.1619
FUND19,2023-07-25T00:00:00,4.4195
FUND19,2023-07-26T00:00:00,4.22
FUND19,2023-07-27T00:00:00,3.8052
FUND19,2023-07-28T00:00:00,3.4781
FUND19,2023-07-31T00:00:00,3.0432
FUND19,2023-08-01T00:00:00,2.9807
FUND19,2023-08-02T00:00:00,2.7557
FUND19,2023-08-03T00:00:00,2.559
FUND19,2023-08-04T00:00:00,2.8299
FUND19,2023-08-07T00:00:00,2.4879
FUND19,2023-08-08T00:00:00,2.6022
FUND19,2023-08-09T00:00:00,3.0186
FUND19,2023-08-10T00:00:00,3.025
FUND19,2023-08-11T00:00:00,3.172
FUND19,2023-08-14T00:00:00,3.5067
FUND19,2023-08-15T00:00:00,3.4676
FUND19,2023-08-16T00:00:00,3.572
FUND19,2023-08-17T00:00:00,3.6261
FUND19,2023-08-18T00:00:00,3.9804
FUND19,2023-08-21T00:00:00,4.0285
FUND19,2023-08-22T00:00:00,3.9478
FUND19,2023-08-23T00:00:00,3.5364
FUND19,2023-08-24T00:00:00,3.4031
FUND19,2023-08-25T00:00:00,2.8427
FUND19,2023-08-28T00:00:00,2.7567
FUND19,2023-08-29T00:00:00,2.4591
FUND19,2023-08-30T00:00:00,2.6327
FUND19,2023-08-31T00:00:00,2.5425
FUND19,2023-09-01T00:00:00,2.5463
FUND19,2023-09-04T00:00:00,2.4231
FUND19,2023-09-05T00:00:00,2.098
FUND19,2023-09-06T00:00:00,2.0293
FUND19,2023-09-07T00:00:00,1.9657
FUND19,2023-09-08T00:00:00,1.9691
FUND19,2023-09-11T00:00:00,2.0383
FUND19,2023-09-12T00:00:00,2.198
FUND19,2023-09-13T00:00:00,2.1153
FUND19,2023-09-14T00:00:00,2.2083
FUND19,2023-09-15T00:00:00,2.1395
FUND19,2023-09-18T00:00:00,1.9893
FUND19,2023-09-19T00:00:00,2.1632
FUND19,2023-09-20T00:00:00,2.4288
FUND19,2023-09-21T00:00:00,1.8536
FUND19,2023-09-22T00:00:00,1.9061
FUND19,2023-09-25T00:00:00,2.04
FUND19,2023-09-26T00:00:00,2.4253
FUND19,2023-09-27T00:00:00,2.416
FUND19,2023-09-28T00:00:00,2.32
FUND19,2023-09-29T00:00:00,2.2658
FUND19,2023-10-02T00:00:00,2.419
FUND19,2023-10-03T00:00:00,2.6592
FUND19,2023-10-04T00:00:00,2.6809
FUND19,2023-10-05T00:00:00,2.9041
FUND19,2023-10-06T00:00:00,2.9865
FUND19,2023-10-09T00:00:00,2.4587
FUND19,2023-10-10T00:00:00,2.3712
FUND19,2023-10-11T00:00:00,2.183
FUND19,2023-10-12T00:00:00,2.302
FUND19,2023-10-13T00:00:00,2.3925
FUND19,2023-10-16T00:00:00,2.4457
FUND19,2023-10-17T00:00:00,2.5126
FUND19,2023-10-18T00:00:00,2.3151
FUND19,2023-10-19T00:00:00,2.3011
FUND19,2023-10-20T00:00:00,2.14
FUND19,2023-10-23T00:00:00,2.4702
FUND19,2023-10-24T00:00:00,2.2921
FUND19,2023-10-25T00:00:00,1.9501
FUND19,2023-10-26T00:00:00,1.7249
FUND19,2023-10-27T00:00:00,2.0779
FUND19,2023-10-30T00:00:00,1.9731
FUND19,2023-10-31T00:00:00,1.9975
FUND19,2023-11-01T00:00:00,1.741
FUND19,2023-11-02T00:00:00,1.6678
FUND19,2023-11-03T00:00:00,1.7773
FUND19,2023-11-06T00:00:00,1.884
FUND19,2023-11-07T00:00:00,1.9591
FUND19,2023-11-08T00:00:00,2.7201
FUND19,2023-11-09T00:00:00,2.603
FUND19,2023-11-10T00:00:00,2.282
FUND19,2023-11-13T00:00:00,2.0304
FUND19,2023-11-14T00:00:00,1.7111
FUND19,2023-11-15T00:00:00,1.7906
FUND19,2023-11-16T00:00:00,1.9255
FUND19,2023-11-17T00:00:00,2.1699
FUND19,2023-11-20T00:00:00,1.8404
FUND19,2023-11-21T00:00:00,1.9306
FUND19,2023-11-22T00:00:00,1.2855
FUND19,2023-11-23T00:00:00,1.0533
FUND19,2023-11-24T00:00:00,1.1607
FUND19,2023-11-27T00:00:00,1.0745
FUND19,2023-11-28T00:00:00,1.0515
FUND19,2023-11-29T00:00:00,1.2942
FUND19,2023-11-30T00:00:00,0.9498
FUND19,2023-12-01T00:00:00,1.4422
FUND19,2023-12-04T00:00:00,1.7703
FUND19,2023-12-05T00:00:00,2.2088
FUND19,2023-12-06T00:00:00,2.2801
FUND19,2023-12-07T00:00:00,2.28
FUND19,2023-12-08T00:00:00,2.2485
FUND19,2023-12-11T00:00:00,2.4319
FUND19,2023-12-12T00:00:00,2.6188
FUND19,2023-12-13T00:00:00,2.4346
FUND19,2023-12-14T00:00:00,2.5535
FUND19,2023-12-15T00:00:00,2.721
FUND19,2023-12-18T00:00:00,2.5678
FUND19,2023-12-19T00:00:00,2.5465
FUND19,2023-12-20T00:00:00,1.893
FUND19,2023-12-21T00:00:00,1.8109
FUND19,2023-12-22T00:00:00,1.9042
FUND19,2023-12-25T00:00:00,1.8987
FUND19,2023-12-26T00:00:00,1.7119
FUND19,2023-12-27T00:00:00,1.5971
FUND19,2023-12-28T00:00:00,1.5601
FUND19,2023-12-29T00:00:00,1.6102
FUND19,2024-01-01T00:00:00,1.3924
FUND19,2024-01-02T00:00:00,1.4882
FUND19,2024-01-03T00:00:00,1.2603
FUND19,2024-01-04T00:00:00,1.1381
FUND19,2024-01-05T00:00:00,1.1375
FUND19,2024-01-08T00:00:00,0.952
FUND19,2024-01-09T00:00:00,1.2598
FUND19,2024-01-10T00:00:00,1.289
FUND19,2024-01-11T00:00:00,1.237
FUND19,2024-01-12T00:00:00,1.5378
FUND19,2024-01-15T00:00:00,1.6326
FUND19,2024-01-16T00:00:00,1.6507
FUND19,2024-01-17T00:00:00,1.7409
FUND19,2024-01-18T00:00:00,1.6868
FUND19,2024-01-19T00:00:00,1.6901
FUND19,2024-01-22T00:00:00,1.7736
FUND19,2024-01-23T00:00:00,1.8266
FUND19,2024-01-24T00:00:00,1.5517
FUND19,2024-01-25T00:00:00,2.1348
FUND19,2024-01-26T00:00:00,2.1414
FUND19,2024-01-29T00:00:00,1.9373
FUND19,2024-01-30T00:00:00,1.5468
FUND19,2024-01-31T00:00:00,1.1335
FUND19,2024-02-01T00:00:00,0.8556
FUND19,2024-02-02T00:00:00,0.9405
FUND19,2024-02-05T00:00:00,1.0272
FUND19,2024-02-06T00:00:00,1.0844
FUND19,2024-02-07T00:00:00,1.1508
FUND19,2024-02-08T00:00:00,0.5524
FUND19,2024-02-09T00:00:00,0.3926
FUND19,2024-02-12T00:00:00,0.7353
FUND19,2024-02-13T00:00:00,0.7362
FUND19,2024-02-14T00:00:00,0.8921
FUND19,2024-02-15T00:00:00,0.6832
FUND19,2024-02-16T00:00:00,0.6534
FUND19,2024-02-19T00:00:00,0.6249
FUND19,2024-02-20T00:00:00,1.0312
FUND19,2024-02-21T00:00:00,0.9502
FUND19,2024-02-22T00:00:00,0.8857
FUND19,2024-02-23T00:00:00,0.961
FUND19,2024-02-26T00:00:00,0.6873
FUND19,2024-02-27T00:00:00,0.713
FUND19,2024-02-28T00:00:00,0.6893
FUND19,2024-02-29T00:00:00,0.9008
FUND19,2024-03-01T00:00:00,0.4882
FUND19,2024-03-04T00:00:00,0.3183
FUND19,2024-03-05T00:00:00,0.0072
FUND19,2024-03-06T00:00:00,0.6483
FUND19,2024-03-07T00:00:00,0.5008
FUND19,2024-03-08T00:00:00,0.572
FUND19,2024-03-11T00:00:00,0.7209
FUND19,2024-03-12T00:00:00,0.5234
FUND19,2024-03-13T00:00:00,0.3539
FUND19,2024-03-14T00:00:00,0.3507
FUND19,2024-03-15T00:00:00,0.5693
FUND19,2024-03-18T00:00:00,0.4387
FUND19,2024-03-19T00:00:00,0.4064
FUND19,2024-03-20T00:00:00,0.3331
FUND19,2024-03-21T00:00:00,0.0803
FUND19,2024-03-22T00:00:00,-0.0203
FUND19,2024-03-25T00:00:00,0.1008
FUND19,2024-03-26T00:00:00,-0.0291
FUND19,2024-03-27T00:00:00,0.0759
FUND19,2024-03-28T00:00:00,0.0683
FUND19,2024-03-29T00:00:00,0.5548
FUND19,2024-04-01T00:00:00,0.6185
FUND19,2024-04-02T00:00:00,0.3088
FUND19,2024-04-03T00:00:00,0.3569
FUND19,2024-04-04T00:00:00,0.6186
FUND19,2024-04-05T00:00:00,0.045
FUND19,2024-04-08T00:00:00,-0.0933
FUND19,2024-04-09T00:00:00,-0.4194
FUND19,2024-04-10T00:00:00,-0.0366
FUND19,2024-04-11T00:00:00,0.1173
FUND19,2024-04-12T00:00:00,0.1411
FUND19,2024-04-15T00:00:00,0.0777
FUND19,2024-04-16T00:00:00,-0.1147
FUND19,2024-04-17T00:00:00,-0.0528
FUND19,2024-04-18T00:00:00,-0.2
FUND19,2024-04-19T00:00:00,-0.7215
FUND19,2024-04-22T00:00:00,-0.9165
FUND19,2024-04-23T00:00:00,-0.8454
FUND19,2024-04-24T00:00:00,-0.1688
FUND19,2024-04-25T00:00:00,-0.3566
FUND19,2024-04-26T00:00:00,-0.8922
FUND19,2024-04-29T00:00:00,-1.1192
FUND19,2024-04-30T00:00:00,-1.3482
FUND19,2024-05-01T00:00:00,-0.9494
FUND19,2024-05-02T00:00:00,-0.9505
FUND19,2024-05-03T00:00:00,-0.9788
FUND19,2024-05-06T00:00:00,-0.8786
FUND19,2024-05-07T00:00:00,-1.0786
FUND19,2024-05-08T00:00:00,-1.297
FUND19,2024-05-09T00:00:00,-1.2038
FUND19,2024-05-10T00:00:00,-1.0945
FUND19,2024-05-13T00:00:00,-0.9357
FUND19,2024-05-14T00:00:00,-1.2821
FUND19,2024-05-15T00:00:00,-1.131
FUND19,2024-05-16T00:00:00,-1.0215
FUND19,2024-05-17T00:00:00,-1.3178
FUND19,2024-05-20T00:00:00,-1.0778
FUND19,2024-05-21T00:00:00,-1.41
FUND19,2024-05-22T00:00:00,-1.4088
FUND19,2024-05-23T00:00:00,-1.6336
FUND19,2024-05-24T00:00:00,-1.6765
FUND19,2024-05-27T00:00:00,-1.58
FUND19,2024-05-28T00:00:00,-1.6392
FUND19,2024-05-29T00:00:00,-1.7657
FUND19,2024-05-30T00:00:00,-2.1238
FUND19,2024-05-31T00:00:00,-2.0047
FUND19,2024-06-03T00:00:00,-1.7991
FUND19,2024-06-04T00:00:00,-1.5768
FUND19,2024-06-05T00:00:00,-1.4325
FUND19,2024-06-06T00:00:00,-1.3352
FUND19,2024-06-07T00:00:00,-1.5376
FUND19,2024-06-10T00:00:00,-1.4959
FUND19,2024-06-11T00:00:00,-1.266
FUND19,2024-06-12T00:00:00,-1.0888
FUND19,2024-06-13T00:00:00,-0.9301
FUND19,2024-06-14T00:00:00,-0.6774
FUND19,2024-06-17T00:00:00,-1.0804
FUND19,2024-06-18T00:00:00,-1.0842
FUND19,2024-06-19T00:00:00,-1.1368
FUND19,2024-06-20T00:00:00,-1.2783
FUND19,2024-06-21T00:00:00,-1.2174
FUND19,2024-06-24T00:00:00,-1.4558
FUND19,2024-06-25T00:00:00,-1.9657
FUND19,2024-06-26T00:00:00,-1.9292
FUND19,2024-06-27T00:00:00,-1.6209
FUND19,2024-06-28T00:00:00,-1.8137
FUND19,2024-07-01T00:00:00,-1.6769
FUND19,2024-07-02T00:00:00,-1.7863
FUND19,2024-07-03T00:00:00,-1.6334
FUND19,2024-07-04T00:00:00,-1.8305
FUND19,2024-07-05T00:00:00,-1.6712
FUND19,2024-07-08T00:00:00,-1.7612
FUND19,2024-07-09T00:00:00,-1.6416
FUND19,2024-07-10T00:00:00,-2.2051
FUND19,2024-07-11T00:00:00,-1.979
FUND19,2024-07-12T00:00:00,-1.9645
FUND19,2024-07-15T00:00:00,-1.9318
FUND19,2024-07-16T00:00:00,-1.8374
FUND19,2024-07-17T00:00:00,-1.9305
FUND19,2024-07-18T00:00:00,-1.7085
FUND19,2024-07-19T00:00:00,-1.717
FUND19,2024-07-22T00:00:00,-1.0779
FUND19,2024-07-23T00:00:00,-0.6859
FUND19,2024-07-24T00:00:00,-0.6667
FUND19,2024-07-25T00:00:00,-0.7314
FUND19,2024-07-26T00:00:00,-0.7358
FUND19,2024-07-29T00:00:00,-0.6321
FUND19,2024-07-30T00:00:00,-0.34
FUND19,2024-07-31T00:00:00,-0.017
FUND19,2024-08-01T00:00:00,0.497
FUND19,2024-08-02T00:00:00,0.1848
FUND19,2024-08-05T00:00:00,0.1786
FUND19,2024-08-06T00:00:00,0.5406
FUND19,2024-08-07T00:00:00,0.3272
FUND19,2024-08-08T00:00:00,0.5595
FUND19,2024-08-09T00:00:00,0.8393
FUND19,2024-08-12T00:00:00,0.9228
FUND19,2024-08-13T00:00:00,1.0268
FUND19,2024-08-14T00:00:00,0.6038
FUND19,2024-08-15T00:00:00,0.5408
FUND19,2024-08-16T00:00:00,0.8762
FUND19,2024-08-19T00:00:00,1.2611
FUND19,2024-08-20T00:00:00,1.4459
FUND19,2024-08-21T00:00:00,1.0511
FUND19,2024-08-22T00:00:00,1.3287
FUND19,2024-08-23T00:00:00,1.5806
FUND19,2024-08-26T00:00:00,1.8622
FUND19,2024-08-27T00:00:00,1.5391
FUND19,2024-08-28T00:00:00,1.5377
FUND19,2024-08-29T00:00:00,1.7649
FUND19,2024-08-30T00:00:00,2.0981
FUND19,2024-09-02T00:00:00,2.3861
FUND19,2024-09-03T00:00:00,3.0689
FUND19,2024-09-04T00:00:00,3.0989
FUND19,2024-09-05T00:00:00,3.0752
FUND19,2024-09-06T00:00:00,3.0636
FUND19,2024-09-09T00:00:00,3.2854
FUND19,2024-09-10T00:00:00,3.7158
FUND19,2024-09-11T00:00:00,4.0728
FUND19,2024-09-12T00:00:00,4.2308
FUND19,2024-09-13T00:00:00,4.1244
FUND19,2024-09-16T00:00:00,3.8834
FUND19,2024-09-17T00:00:00,4.0415
FUND19,2024-09-18T00:00:00,3.9833
FUND19,2024-09-19T00:00:00,4.1649
FUND19,2024-09-20T00:00:00,4.2948
FUND19,2024-09-23T00:00:00,4.2364
FUND19,2024-09-24T00:00:00,4.4599
FUND19,2024-09-25T00:00:00,4.5196
FUND19,2024-09-26T00:00:00,4.6064
FUND19,2024-09-27T00:00:00,4.695
FUND19,2024-09-30T00:00:00,4.5372
FUND19,2024-10-01T00:00:00,4.5999
FUND19,2024-10-02T00:00:00,4.9052
FUND19,2024-10-03T00:00:00,4.9522
FUND19,2024-10-04T00:00:00,4.5935
FUND19,2024-10-07T00:00:00,4.7225
FUND19,2024-10-08T00:00:00,4.6693
FUND19,2024-10-09T00:00:00,4.4378
FUND19,2024-10-10T00:00:00,4.6605
FUND19,2024-10-11T00:00:00,4.3823
FUND19,2024-10-14T00:00:00,4.3625
FUND19,2024-10-15T00:00:00,4.2068
FUND19,2024-10-16T00:00:00,4.224
FUND19,2024-10-17T00:00:00,4.4936
FUND19,2024-10-18T00:00:00,4.2912
FUND19,2024-10-21T00:00:00,5.0308
FUND19,2024-10-22T00:00:00,5.0634
FUND19,2024-10-23T00:00:00,5.0605
FUND19,2024-10-24T00:00:00,4.801
FUND19,2024-10-25T00:00:00,5.0356
FUND19,2024-10-28T00:00:00,5.5244
FUND19,2024-10-29T00:00:00,5.819
FUND19,2024-10-30T00:00:00,5.935
FUND19,2024-10-31T00:00:00,5.8573
FUND19,2024-11-01T00:00:00,5.8355
FUND19,2024-11-04T00:00:00,5.9898
FUND19,2024-11-05T00:00:00,5.9008
FUND19,2024-11-06T00:00:00,5.864
FUND19,2024-11-07T00:00:00,5.7858
FUND19,2024-11-08T00:00:00,5.8397
FUND19,2024-11-11T00:00:00,5.9073
FUND19,2024-11-12T00:00:00,6.1728
FUND19,2024-11-13T00:00:00,6.3475
FUND19,2024-11-14T00:00:00,6.5237
FUND19,2024-11-15T00:00:00,6.39
FUND19,2024-11-18T00:00:00,6.0393
FUND19,2024-11-19T00:00:00,5.8598
FUND19,2024-11-20T00:00:00,6.2124
FUND19,2024-11-21T00:00:00,5.4065
FUND19,2024-11-22T00:00:00,5.373
FUND19,2024-11-25T00:00:00,5.0882
FUND19,2024-11-26T00:00:00,5.0168
FUND19,2024-11-27T00:00:00,4.6479
FUND19,2024-11-28T00:00:00,4.5198
FUND19,2024-11-29T00:00:00,4.4964
FUND19,2024-12-02T00:00:00,4.4441
FUND19,2024-12-03T00:00:00,4.3987
FUND19,2024-12-04T00:00:00,4.6511
FUND19,2024-12-05T00:00:00,4.4221
FUND19,2024-12-06T00:00:00,4.3639
FUND19,2024-12-09T00:00:00,4.7453
FUND19,2024-12-10T00:00:00,4.9078
FUND19,2024-12-11T00:00:00,5.052
FUND19,2024-12-12T00:00:00,4.9386
FUND19,2024-12-13T00:00:00,5.0017
FUND19,2024-12-16T00:00:00,4.9356
FUND19,2024-12-17T00:00:00,4.8503
FUND19,2024-12-18T00:00:00,5.1614
FUND19,2024-12-19T00:00:00,5.1762
FUND19,2024-12-20T00:00:00,4.6916
FUND19,2024-12-23T00:00:00,4.8096
FUND19,2024-12-24T00:00:00,4.6879
FUND19,2024-12-25T00:00:00,5.1179
FUND19,2024-12-26T00:00:00,4.9019
FUND19,2024-12-27T00:00:00,4.9716
FUND19,2024-12-30T00:00:00,4.7966
FUND19,2024-12-31T00:00:00,5.3835
FUND19,2025-01-01T00:00:00,5.2661
FUND19,2025-01-02T00:00:00,5.5827
FUND19,2025-01-03T00:00:00,5.5728
FUND19,2025-01-06T00:00:00,5.5173
FUND19,2025-01-07T00:00:00,5.2982
FUND19,2025-01-08T00:00:00,5.1405
FUND19,2025-01-09T00:00:00,5.2573
FUND19,2025-01-10T00:00:00,5.5107
FUND19,2025-01-13T00:00:00,5.2139
FUND19,2025-01-14T00:00:00,4.5089
FUND19,2025-01-15T00:00:00,4.728
FUND19,2025-01-16T00:00:00,4.5276
FUND19,2025-01-17T00:00:00,4.5875
FUND19,2025-01-20T00:00:00,4.6231
FUND19,2025-01-21T00:00:00,4.8474
FUND19,2025-01-22T00:00:00,4.8512
FUND19,2025-01-23T00:00:00,4.371
FUND19,2025-01-24T00:00:00,4.7556
FUND19,2025-01-27T00:00:00,4.615
FUND19,2025-01-28T00:00:00,4.8942
FUND19,2025-01-29T00:00:00,4.684
FUND19,2025-01-30T00:00:00,4.5992
FUND19,2025-01-31T00:00:00,4.4227
FUND19,2025-02-03T00:00:00,4.7048
FUND19,2025-02-04T00:00:00,4.574
FUND19,2025-02-05T00:00:00,4.3222
FUND19,2025-02-06T00:00:00,4.5624
FUND19,2025-02-07T00:00:00,4.363
FUND19,2025-02-10T00:00:00,3.8327
FUND19,2025-02-11T00:00:00,3.7719
FUND19,2025-02-12T00:00:00,3.821
FUND19,2025-02-13T00:00:00,3.5335
FUND19,2025-02-14T00:00:00,3.6488
FUND19,2025-02-17T00:00:00,3.4162
FUND19,2025-02-18T00:00:00,3.4686
FUND19,2025-02-19T00:00:00,3.1317
FUND19,2025-02-20T00:00:00,3.3967
FUND19,2025-02-21T00:00:00,3.62
FUND19,2025-02-24T00:00:00,3.2638
FUND19,2025-02-25T00:00:00,3.1738
FUND19,2025-02-26T00:00:00,3.1235
FUND19,2025-02-27T00:00:00,3.5334
FUND19,2025-02-28T00:00:00,3.4784
FUND19,2025-03-03T00:00:00,3.4408
FUND19,2025-03-04T00:00:00,3.3216
FUND19,2025-03-05T00:00:00,3.0394
FUND19,2025-03-06T00:00:00,2.638
FUND19,2025-03-07T00:00:00,2.788
FUND19,2025-03-10T00:00:00,2.6032
FUND19,2025-03-11T00:00:00,2.9673
FUND19,2025-03-12T00:00:00,3.0262
FUND19,2025-03-13T00:00:00,3.3475
FUND19,2025-03-14T00:00:00,2.8125
FUND19,2025-03-17T00:00:00,2.6316
FUND19,2025-03-18T00:00:00,2.5657
FUND19,2025-03-19T00:00:00,2.6153
FUND19,2025-03-20T00:00:00,2.1102
FUND19,2025-03-21T00:00:00,1.9373
FUND19,2025-03-24T00:00:00,2.2195
FUND19,2025-03-25T00:00:00,2.1743
FUND19,2025-03-26T00:00:00,2.066
FUND19,2025-03-27T00:00:00,2.5816
FUND19,2025-03-28T00:00:00,2.4988
FUND19,2025-03-31T00:00:00,2.4434
FUND19,2025-04-01T00:00:00,2.6194
FUND19,2025-04-02T00:00:00,2.7488
FUND19,2025-04-03T00:00:00,2.1444
FUND19,2025-04-04T00:00:00,2.1451
FUND19,2025-04-07T00:00:00,2.2144
FUND19,2025-04-08T00:00:00,2.0735
FUND19,2025-04-09T00:00:00,1.7651
FUND19,2025-04-10T00:00:00,2.0545
FUND19,2025-04-11T00:00:00,2.2155
FUND19,2025-04-14T00:00:00,1.9011
FUND19,2025-04-15T00:00:00,1.5381
FUND19,2025-04-16T00:00:00,1.4507
FUND19,2025-04-17T00:00:00,1.5804
FUND19,2025-04-18T00:00:00,1.6844
FUND19,2025-04-21T00:00:00,1.6962
FUND19,2025-04-22T00:00:00,2.0311
FUND19,2025-04-23T00:00:00,1.8869
FUND19,2025-04-24T00:00:00,2.079
FUND19,2025-04-25T00:00:00,1.8605
FUND19,2025-04-28T00:00:00,1.2522
FUND19,2025-04-29T00:00:00,1.1311
FUND19,2025-04-30T00:00:00,1.1567
FUND19,2025-05-01T00:00:00,1.2901
FUND19,2025-05-02T00:00:00,1.1459
FUND19,2025-05-05T00:00:00,1.0096
FUND19,2025-05-06T00:00:00,0.9799
FUND19,2025-05-07T00:00:00,0.2824
FUND19,2025-05-08T00:00:00,0.1944
FUND19,2025-05-09T00:00:00,-0.0303
FUND19,2025-05-12T00:00:00,-0.0348
FUND19,2025-05-13T00:00:00,-0.0251
FUND19,2025-05-14T00:00:00,0.03
FUND19,2025-05-15T00:00:00,-0.0237
FUND19,2025-05-16T00:00:00,0.2187
FUND19,2025-05-19T00:00:00,0.4843
FUND19,2025-05-20T00:00:00,1.007
FUND19,2025-05-21T00:00:00,0.8334
FUND19,2025-05-22T00:00:00,0.9709
FUND19,2025-05-23T00:00:00,1.1461
FUND19,2025-05-26T00:00:00,1.2786
FUND19,2025-05-27T00:00:00,1.1376
FUND19,2025-05-28T00:00:00,0.7908
FUND19,2025-05-29T00:00:00,1.0569
FUND19,2025-05-30T00:00:00,0.8483
FUND19,2025-06-02T00:00:00,1.0117
FUND19,2025-06-03T00:00:00,0.8463
FUND19,2025-06-04T00:00:00,0.6445
FUND19,2025-06-05T00:00:00,0.5361
FUND19,2025-06-06T00:00:00,0.6049
FUND19,2025-06-09T00:00:00,0.2596
FUND19,2025-06-10T00:00:00,0.5642
FUND19,2025-06-11T00:00:00,0.7071
FUND19,2025-06-12T00:00:00,0.6786
FUND19,2025-06-13T00:00:00,1.1551
FUND19,2025-06-16T00:00:00,1.4689
FUND19,2025-06-17T00:00:00,1.1629
FUND19,2025-06-18T00:00:00,1.1339
FUND19,2025-06-19T00:00:00,1.4303
FUND19,2025-06-20T00:00:00,1.4269
FUND19,2025-06-23T00:00:00,1.2408
FUND19,2025-06-24T00:00:00,0.909
FUND19,2025-06-25T00:00:00,1.1343
FUND19,2025-06-26T00:00:00,0.6924
FUND19,2025-06-27T00:00:00,0.4988
FUND19,2025-06-30T00:00:00,0.5109
FUND19,2025-07-01T00:00:00,0.6658
FUND19,2025-07-02T00:00:00,0.8334
FUND19,2025-07-03T00:00:00,0.5691
FUND19,2025-07-04T00:00:00,-0.2468
FUND19,2025-07-07T00:00:00,-0.4008
FUND19,2025-07-08T00:00:00,-0.4528
FUND19,2025-07-09T00:00:00,-0.3574
FUND19,2025-07-10T00:00:00,-0.2574
FUND19,2025-07-11T00:00:00,-0.2438
FUND19,2025-07-14T00:00:00,-0.0367
FUND19,2025-07-15T00:00:00,-0.5276
FUND19,2025-07-16T00:00:00,-0.5089
FUND19,2025-07-17T00:00:00,-0.9577
FUND19,2025-07-18T00:00:00,-0.6535
FUND19,2025-07-21T00:00:00,-0.4529
FUND19,2025-07-22T00:00:00,-0.5815
FUND19,2025-07-23T00:00:00,-0.4917
FUND19,2025-07-24T00:00:00,-0.2201
FUND19,2025-07-25T00:00:00,0.2351
FUND19,2025-07-28T00:00:00,-0.223
FUND19,2025-07-29T00:00:00,0.0092
FUND19,2025-07-30T00:00:00,0.0635
FUND19,2025-07-31T00:00:00,0.1271
FUND19,2025-08-01T00:00:00,0.1139
FUND19,2025-08-04T00:00:00,0.3335
FUND19,2025-08-05T00:00:00,0.1057
FUND19,2025-08-06T00:00:00,0.5274
FUND19,2025-08-07T00:00:00,1.3484
FUND19,2025-08-08T00:00:00,0.9585
FUND19,2025-08-11T00:00:00,0.7244
FUND19,2025-08-12T00:00:00,0.913
FUND19,2025-08-13T00:00:00,0.8704
FUND19,2025-08-14T00:00:00,0.6056
FUND19,2025-08-15T00:00:00,0.6364
FUND19,2025-08-18T00:00:00,0.4923
FUND19,2025-08-19T00:00:00,0.1567
FUND19,2025-08-20T00:00:00,0.5019
FUND19,2025-08-21T00:00:00,0.2081
FUND19,2025-08-22T00:00:00,-0.1125
FUND19,2025-08-25T00:00:00,-0.1037
FUND19,2025-08-26T00:00:00,-0.1937
FUND19,2025-08-27T00:00:00,-0.1868
FUND19,2025-08-28T00:00:00,-0.2367
FUND19,2025-08-29T00:00:00,0.3593
FUND19,2025-09-01T00:00:00,0.7631
FUND19,2025-09-02T00:00:00,0.6436
FUND19,2025-09-03T00:00:00,0.5036
FUND19,2025-09-04T00:00:00,0.3977
FUND19,2025-09-05T00:00:00,0.5031
FUND19,2025-09-08T00:00:00,0.8064
FUND19,2025-09-09T00:00:00,0.6656
FUND19,2025-09-10T00:00:00,1.306
FUND19,2025-09-11T00:00:00,1.2148
FUND19,2025-09-12T00:00:00,1.3317
FUND19,2025-09-15T00:00:00,1.6641
FUND19,2025-09-16T00:00:00,1.9484
FUND19,2025-09-17T00:00:00,1.7101
FUND19,2025-09-18T00:00:00,1.2353
FUND19,2025-09-19T00:00:00,0.8442
FUND19,2025-09-22T00:00:00,0.8684
FUND19,2025-09-23T00:00:00,0.5863
FUND19,2025-09-24T00:00:00,0.5676
FUND19,2025-09-25T00:00:00,0.5299
FUND19,2025-09-26T00:00:00,0.4002
FUND19,2025-09-29T00:00:00,0.3643
FUND19,2025-09-30T00:00:00,0.3141
FUND19,2025-10-01T00:00:00,0.3716
FUND19,2025-10-02T00:00:00,0.2829
FUND19,2025-10-03T00:00:00,0.1901
FUND19,2025-10-06T00:00:00,0.0014
FUND19,2025-10-07T00:00:00,0.1363
FUND19,2025-10-08T00:00:00,0.194
FUND19,2025-10-09T00:00:00,0.6928
FUND19,2025-10-10T00:00:00,0.6767
FUND19,2025-10-13T00:00:00,0.9975
FUND19,2025-10-14T00:00:00,0.6974
FUND19,2025-10-15T00:00:00,0.5023
FUND19,2025-10-16T00:00:00,0.1284
FUND19,2025-10-17T00:00:00,-0.4518
FUND19,2025-10-20T00:00:00,-0.6673
FUND19,2025-10-21T00:00:00,-0.4116
FUND19,2025-10-22T00:00:00,-0.5025
FUND19,2025-10-23T00:00:00,-0.4952
FUND19,2025-10-24T00:00:00,-0.2446
FUND19,2025-10-27T00:00:00,-0.1266
FUND19,2025-10-28T00:00:00,0.0787
FUND19,2025-10-29T00:00:00,-0.0839
FUND19,2025-10-30T00:00:00,0.0034
FUND19,2025-10-31T00:00:00,-0.1172
FUND19,2025-11-03T00:00:00,-0.0908
FUND19,2025-11-04T00:00:00,-0.3579
FUND19,2025-11-05T00:00:00,-0.7523
FUND19,2025-11-06T00:00:00,-0.6603
FUND19,2025-11-07T00:00:00,0.0427
FUND19,2025-11-10T00:00:00,0.2354
FUND19,2025-11-11T00:00:00,0.3968
FUND19,2025-11-12T00:00:00,0.6745
FUND19,2025-11-13T00:00:00,0.8139
FUND19,2025-11-14T00:00:00,0.936
FUND19,2025-11-17T00:00:00,0.9387
FUND19,2025-11-18T00:00:00,1.2713
FUND19,2025-11-19T00:00:00,1.0699
FUND19,2025-11-20T00:00:00,0.8368
FUND19,2025-11-21T00:00:00,0.7298
FUND19,2025-11-24T00:00:00,0.686
FUND20,2023-05-08T00:00:00,1.9544
FUND20,2023-05-09T00:00:00,1.8648
FUND20,2023-05-10T00:00:00,1.5007
FUND20,2023-05-11T00:00:00,1.7412
FUND20,2023-05-12T00:00:00,1.737
FUND20,2023-05-15T00:00:00,1.8581
FUND20,2023-05-16T00:00:00,1.5947
FUND20,2023-05-17T00:00:00,1.2424
FUND20,2023-05-18T00:00:00,1.2118
FUND20,2023-05-19T00:00:00,1.5707
FUND20,2023-05-22T00:00:00,1.4853
FUND20,2023-05-23T00:00:00,1.2546
FUND20,2023-05-24T00:00:00,0.9384
FUND20,2023-05-25T00:00:00,1.2733
FUND20,2023-05-26T00:00:00,1.3072
FUND20,2023-05-29T00:00:00,1.1357
FUND20,2023-05-30T00:00:00,1.136
FUND20,2023-05-31T00:00:00,0.755
FUND20,2023-06-01T00:00:00,0.8982
FUND20,2023-06-02T00:00:00,1.0341
FUND20,2023-06-05T00:00:00,0.5869
FUND20,2023-06-06T00:00:00,0.8715
FUND20,2023-06-07T00:00:00,0.4309
FUND20,2023-06-08T00:00:00,0.072
FUND20,2023-06-09T00:00:00,0.1222
FUND20,2023-06-12T00:00:00,0.225
FUND20,2023-06-13T00:00:00,0.6261
FUND20,2023-06-14T00:00:00,0.3708
FUND20,2023-06-15T00:00:00,0.3771
FUND20,2023-06-16T00:00:00,0.4423
FUND20,2023-06-19T00:00:00,0.7528
FUND20,2023-06-20T00:00:00,1.0266
FUND20,2023-06-21T00:00:00,1.2366
FUND20,2023-06-22T00:00:00,1.624
FUND20,2023-06-23T00:00:00,1.6629
FUND20,2023-06-26T00:00:00,1.5193
FUND20,2023-06-27T00:00:00,1.3997
FUND20,2023-06-28T00:00:00,1.5206
FUND20,2023-06-29T00:00:00,1.1874
FUND20,2023-06-30T00:00:00,1.1873
FUND20,2023-07-03T00:00:00,1.3378
FUND20,2023-07-04T00:00:00,1.5376
FUND20,2023-07-05T00:00:00,1.477
FUND20,2023-07-06T00:00:00,1.3449
FUND20,2023-07-07T00:00:00,1.3597
FUND20,2023-07-10T00:00:00,1.1589
FUND20,2023-07-11T00:00:00,1.272
FUND20,2023-07-12T00:00:00,1.2642
FUND20,2023-07-13T00:00:00,1.3394
FUND20,2023-07-14T00:00:00,1.3272
FUND20,2023-07-17T00:00:00,0.9744
FUND20,2023-07-18T00:00:00,0.8478
FUND20,2023-07-19T00:00:00,0.8939
FUND20,2023-07-20T00:00:00,0.8579
FUND20,2023-07-21T00:00:00,0.5689
FUND20,2023-07-24T00:00:00,0.3226
FUND20,2023-07-25T00:00:00,0.1916
FUND20,2023-07-26T00:00:00,0.4154
FUND20,2023-07-27T00:00:00,0.6039
FUND20,2023-07-28T00:00:00,0.9712
FUND20,2023-07-31T00:00:00,0.8447
FUND20,2023-08-01T00:00:00,0.6453
FUND20,2023-08-02T00:00:00,0.6383
FUND20,2023-08-03T00:00:00,0.5441
FUND20,2023-08-04T00:00:00,0.2185
FUND20,2023-08-07T00:00:00,0.1782
FUND20,2023-08-08T00:00:00,0.3494
FUND20,2023-08-09T00:00:00,0.0552
FUND20,2023-08-10T00:00:00,0.1255
FUND20,2023-08-11T00:00:00,0.1248
FUND20,2023-08-14T00:00:00,0.3988
FUND20,2023-08-15T00:00:00,0.263
FUND20,2023-08-16T00:00:00,0.3537
FUND20,2023-08-17T00:00:00,0.2217
FUND20,2023-08-18T00:00:00,0.0486
FUND20,2023-08-21T00:00:00,0.6099
FUND20,2023-08-22T00:00:00,0.4273
FUND20,2023-08-23T00:00:00,0.3158
FUND20,2023-08-24T00:00:00,-0.0156
FUND20,2023-08-25T00:00:00,-0.4254
FUND20,2023-08-28T00:00:00,-0.7909
FUND20,2023-08-29T00:00:00,-0.4566
FUND20,2023-08-30T00:00:00,-0.2932
FUND20,2023-08-31T00:00:00,-0.694
FUND20,2023-09-01T00:00:00,-0.8585
FUND20,2023-09-04T00:00:00,-0.4785
FUND20,2023-09-05T00:00:00,-0.2763
FUND20,2023-09-06T00:00:00,0.0378
FUND20,2023-09-07T00:00:00,0.3154
FUND20,2023-09-08T00:00:00,0.4983
FUND20,2023-09-11T00:00:00,0.2444
FUND20,2023-09-12T00:00:00,0.3809
FUND20,2023-09-13T00:00:00,0.1639
FUND20,2023-09-14T00:00:00,-0.1122
FUND20,2023-09-15T00:00:00,-0.2094
FUND20,2023-09-18T00:00:00,0.2237
FUND20,2023-09-19T00:00:00,0.098
FUND20,2023-09-20T00:00:00,0.4504
FUND20,2023-09-21T00:00:00,0.7095
FUND20,2023-09-22T00:00:00,0.4625
FUND20,2023-09-25T00:00:00,0.7295
FUND20,2023-09-26T00:00:00,0.7612
FUND20,2023-09-27T00:00:00,1.2989
FUND20,2023-09-28T00:00:00,1.5083
FUND20,2023-09-29T00:00:00,1.6042
FUND20,2023-10-02T00:00:00,1.5632
FUND20,2023-10-03T00:00:00,1.5867
FUND20,2023-10-04T00:00:00,1.9944
FUND20,2023-10-05T00:00:00,1.7534
FUND20,2023-10-06T00:00:00,2.0945
FUND20,2023-10-09T00:00:00,2.0768
FUND20,2023-10-10T00:00:00,1.8963
FUND20,2023-10-11T00:00:00,1.7663
FUND20,2023-10-12T00:00:00,2.2758
FUND20,2023-10-13T00:00:00,2.1769
FUND20,2023-10-16T00:00:00,2.2418
FUND20,2023-10-17T00:00:00,2.0035
FUND20,2023-10-18T00:00:00,2.4017
FUND20,2023-10-19T00:00:00,2.2671
FUND20,2023-10-20T00:00:00,2.4348
FUND20,2023-10-23T00:00:00,2.034
FUND20,2023-10-24T00:00:00,2.4681
FUND20,2023-10-25T00:00:00,2.3151
FUND20,2023-10-26T00:00:00,2.0202
FUND20,2023-10-27T00:00:00,2.0934
FUND20,2023-10-30T00:00:00,2.0584
FUND20,2023-10-31T00:00:00,1.8969
FUND20,2023-11-01T00:00:00,1.7728
FUND20,2023-11-02T00:00:00,2.2067
FUND20,2023-11-03T00:00:00,2.4978
FUND20,2023-11-06T00:00:00,2.4447
FUND20,2023-11-07T00:00:00,2.1755
FUND20,2023-11-08T00:00:00,1.8523
FUND20,2023-11-09T00:00:00,1.7029
FUND20,2023-11-10T00:00:00,1.8707
FUND20,2023-11-13T00:00:00,2.2091
FUND20,2023-11-14T00:00:00,1.8012
FUND20,2023-11-15T00:00:00,1.3872
FUND20,2023-11-16T00:00:00,1.6758
FUND20,2023-11-17T00:00:00,1.5551
FUND20,2023-11-20T00:00:00,1.733
FUND20,2023-11-21T00:00:00,1.8456
FUND20,2023-11-22T00:00:00,1.9195
FUND20,2023-11-23T00:00:00,2.1653
FUND20,2023-11-24T00:00:00,2.1295
FUND20,2023-11-27T00:00:00,3.0033
FUND20,2023-11-28T00:00:00,3.1892
FUND20,2023-11-29T00:00:00,3.3043
FUND20,2023-11-30T00:00:00,3.2408
FUND20,2023-12-01T00:00:00,3.2339
FUND20,2023-12-04T00:00:00,3.1445
FUND20,2023-12-05T00:00:00,3.07
FUND20,2023-12-06T00:00:00,3.1245
FUND20,2023-12-07T00:00:00,3.0712
FUND20,2023-12-08T00:00:00,3.4132
FUND20,2023-12-11T00:00:00,3.0943
FUND20,2023-12-12T00:00:00,3.1942
FUND20,2023-12-13T00:00:00,3.3643
FUND20,2023-12-14T00:00:00,2.9931
FUND20,2023-12-15T00:00:00,3.1318
FUND20,2023-12-18T00:00:00,2.9812
FUND20,2023-12-19T00:00:00,2.9945
FUND20,2023-12-20T00:00:00,2.9335
FUND20,2023-12-21T00:00:00,3.3011
FUND20,2023-12-22T00:00:00,3.8012
FUND20,2023-12-25T00:00:00,3.7035
FUND20,2023-12-26T00:00:00,3.577
FUND20,2023-12-27T00:00:00,3.7707
FUND20,2023-12-28T00:00:00,4.007
FUND20,2023-12-29T00:00:00,5.0927
FUND20,2024-01-01T00:00:00,5.0359
FUND20,2024-01-02T00:00:00,4.4322
FUND20,2024-01-03T00:00:00,4.2549
FUND20,2024-01-04T00:00:00,4.6051
FUND20,2024-01-05T00:00:00,4.661
FUND20,2024-01-08T00:00:00,4.6965
FUND20,2024-01-09T00:00:00,4.5233
FUND20,2024-01-10T00:00:00,4.1059
FUND20,2024-01-11T00:00:00,3.9005
FUND20,2024-01-12T00:00:00,3.3952
FUND20,2024-01-15T00:00:00,3.6188
FUND20,2024-01-16T00:00:00,3.8198
FUND20,2024-01-17T00:00:00,4.2888
FUND20,2024-01-18T00:00:00,4.248
FUND20,2024-01-19T00:00:00,4.2768
FUND20,2024-01-22T00:00:00,3.6808
FUND20,2024-01-23T00:00:00,3.584
FUND20,2024-01-24T00:00:00,3.7184
FUND20,2024-01-25T00:00:00,3.3875
FUND20,2024-01-26T00:00:00,3.4495
FUND20,2024-01-29T00:00:00,3.2652
FUND20,2024-01-30T00:00:00,2.8115
FUND20,2024-01-31T00:00:00,2.618
FUND20,2024-02-01T00:00:00,2.5294
FUND20,2024-02-02T00:00:00,2.2598
FUND20,2024-02-05T00:00:00,2.3366
FUND20,2024-02-06T00:00:00,2.247
FUND20,2024-02-07T00:00:00,1.9044
FUND20,2024-02-08T00:00:00,1.9412
FUND20,2024-02-09T00:00:00,1.6319
FUND20,2024-02-12T00:00:00,2.2519
FUND20,2024-02-13T00:00:00,2.1621
FUND20,2024-02-14T00:00:00,2.4683
FUND20,2024-02-15T00:00:00,2.3463
FUND20,2024-02-16T00:00:00,2.1824
FUND20,2024-02-19T00:00:00,2.2091
FUND20,2024-02-20T00:00:00,2.1958
FUND20,2024-02-21T00:00:00,2.2132
FUND20,2024-02-22T00:00:00,1.9883
FUND20,2024-02-23T00:00:00,1.5826
FUND20,2024-02-26T00:00:00,1.3581
FUND20,2024-02-27T00:00:00,1.0964
FUND20,2024-02-28T00:00:00,1.0987
FUND20,2024-02-29T00:00:00,0.9619
FUND20,2024-03-01T00:00:00,0.5139
FUND20,2024-03-04T00:00:00,0.612
FUND20,2024-03-05T00:00:00,0.5355
FUND20,2024-03-06T00:00:00,0.5796
FUND20,2024-03-07T00:00:00,0.695
FUND20,2024-03-08T00:00:00,0.4912
FUND20,2024-03-11T00:00:00,0.5488
FUND20,2024-03-12T00:00:00,0.7078
FUND20,2024-03-13T00:00:00,0.9995
FUND20,2024-03-14T00:00:00,1.1793
FUND20,2024-03-15T00:00:00,0.9002
FUND20,2024-03-18T00:00:00,0.8197
FUND20,2024-03-19T00:00:00,1.118
FUND20,2024-03-20T00:00:00,1.445
FUND20,2024-03-21T00:00:00,1.4211
FUND20,2024-03-22T00:00:00,1.3571
FUND20,2024-03-25T00:00:00,1.3318
FUND20,2024-03-26T00:00:00,1.1971
FUND20,2024-03-27T00:00:00,1.1169
FUND20,2024-03-28T00:00:00,0.8888
FUND20,2024-03-29T00:00:00,1.2849
FUND20,2024-04-01T00:00:00,0.9028
FUND20,2024-04-02T00:00:00,0.5843
FUND20,2024-04-03T00:00:00,0.6919
FUND20,2024-04-04T00:00:00,0.5943
FUND20,2024-04-05T00:00:00,0.6877
FUND20,2024-04-08T00:00:00,0.8627
FUND20,2024-04-09T00:00:00,1.0528
FUND20,2024-04-10T00:00:00,1.1945
FUND20,2024-04-11T00:00:00,1.4473
FUND20,2024-04-12T00:00:00,0.8866
FUND20,2024-04-15T00:00:00,0.9099
FUND20,2024-04-16T00:00:00,0.7531
FUND20,2024-04-17T00:00:00,0.6008
FUND20,2024-04-18T00:00:00,0.7509
FUND20,2024-04-19T00:00:00,0.4275
FUND20,2024-04-22T00:00:00,0.2549
FUND20,2024-04-23T00:00:00,0.1061
FUND20,2024-04-24T00:00:00,0.1658
FUND20,2024-04-25T00:00:00,0.1831
FUND20,2024-04-26T00:00:00,-0.2624
FUND20,2024-04-29T00:00:00,-0.2881
FUND20,2024-04-30T00:00:00,-0.0941
FUND20,2024-05-01T00:00:00,0.4378
FUND20,2024-05-02T00:00:00,0.5083
FUND20,2024-05-03T00:00:00,0.0226
FUND20,2024-05-06T00:00:00,0.5953
FUND20,2024-05-07T00:00:00,0.7614
FUND20,2024-05-08T00:00:00,0.6772
FUND20,2024-05-09T00:00:00,0.4623
FUND20,2024-05-10T00:00:00,0.4622
FUND20,2024-05-13T00:00:00,0.0837
FUND20,2024-05-14T00:00:00,-0.0459
FUND20,2024-05-15T00:00:00,0.2784
FUND20,2024-05-16T00:00:00,0.1143
FUND20,2024-05-17T00:00:00,0.3528
FUND20,2024-05-20T00:00:00,-0.0562
FUND20,2024-05-21T00:00:00,-0.3441
FUND20,2024-05-22T00:00:00,-0.3361
FUND20,2024-05-23T00:00:00,-0.2753
FUND20,2024-05-24T00:00:00,-0.3877
FUND20,2024-05-27T00:00:00,0.201
FUND20,2024-05-28T00:00:00,0.3905
FUND20,2024-05-29T00:00:00,-0.1489
FUND20,2024-05-30T00:00:00,0.2737
FUND20,2024-05-31T00:00:00,0.3689
FUND20,2024-06-03T00:00:00,0.4476
FUND20,2024-06-04T00:00:00,0.8685
FUND20,2024-06-05T00:00:00,0.4382
FUND20,2024-06-06T00:00:00,0.2198
FUND20,2024-06-07T00:00:00,0.3439
FUND20,2024-06-10T00:00:00,0.4521
FUND20,2024-06-11T00:00:00,0.2279
FUND20,2024-06-12T00:00:00,0.4393
FUND20,2024-06-13T00:00:00,0.4918
FUND20,2024-06-14T00:00:00,0.7966
FUND20,2024-06-17T00:00:00,0.4958
FUND20,2024-06-18T00:00:00,0.5953
FUND20,2024-06-19T00:00:00,0.4798
FUND20,2024-06-20T00:00:00,0.2602
FUND20,2024-06-21T00:00:00,0.6775
FUND20,2024-06-24T00:00:00,0.5437
FUND20,2024-06-25T00:00:00,0.6167
FUND20,2024-06-26T00:00:00,0.6393
FUND20,2024-06-27T00:00:00,1.0071
FUND20,2024-06-28T00:00:00,1.0753
FUND20,2024-07-01T00:00:00,1.7436
FUND20,2024-07-02T00:00:00,1.8216
FUND20,2024-07-03T00:00:00,1.8687
FUND20,2024-07-04T00:00:00,2.294
FUND20,2024-07-05T00:00:00,2.0814
FUND20,2024-07-08T00:00:00,1.8392
FUND20,2024-07-09T00:00:00,1.9157
FUND20,2024-07-10T00:00:00,2.1464
FUND20,2024-07-11T00:00:00,2.0045
FUND20,2024-07-12T00:00:00,2.2164
FUND20,2024-07-15T00:00:00,1.5673
FUND20,2024-07-16T00:00:00,1.6611
FUND20,2024-07-17T00:00:00,1.313
FUND20,2024-07-18T00:00:00,1.1952
FUND20,2024-07-19T00:00:00,1.1122
FUND20,2024-07-22T00:00:00,1.2298
FUND20,2024-07-23T00:00:00,1.1748
FUND20,2024-07-24T00:00:00,0.7425
FUND20,2024-07-25T00:00:00,0.4763
FUND20,2024-07-26T00:00:00,0.4474
FUND20,2024-07-29T00:00:00,0.5195
FUND20,2024-07-30T00:00:00,0.6769
FUND20,2024-07-31T00:00:00,0.5584
FUND20,2024-08-01T00:00:00,0.9049
FUND20,2024-08-02T00:00:00,1.177
FUND20,2024-08-05T00:00:00,1.5276
FUND20,2024-08-06T00:00:00,1.5201
FUND20,2024-08-07T00:00:00,0.9067
FUND20,2024-08-08T00:00:00,0.9497
FUND20,2024-08-09T00:00:00,1.0751
FUND20,2024-08-12T00:00:00,0.7632
FUND20,2024-08-13T00:00:00,0.8587
FUND20,2024-08-14T00:00:00,0.7828
FUND20,2024-08-15T00:00:00,0.4223
FUND20,2024-08-16T00:00:00,0.7428
FUND20,2024-08-19T00:00:00,0.6257
FUND20,2024-08-20T00:00:00,0.3902
FUND20,2024-08-21T00:00:00,0.6231
FUND20,2024-08-22T00:00:00,0.4177
FUND20,2024-08-23T00:00:00,0.615
FUND20,2024-08-26T00:00:00,1.0812
FUND20,2024-08-27T00:00:00,1.3008
FUND20,2024-08-28T00:00:00,1.3293
FUND20,2024-08-29T00:00:00,1.2765
FUND20,2024-08-30T00:00:00,1.417
FUND20,2024-09-02T00:00:00,1.2968
FUND20,2024-09-03T00:00:00,1.351
FUND20,2024-09-04T00:00:00,1.0427
FUND20,2024-09-05T00:00:00,1.0812
FUND20,2024-09-06T00:00:00,1.311
FUND20,2024-09-09T00:00:00,0.9967
FUND20,2024-09-10T00:00:00,1.2871
FUND20,2024-09-11T00:00:00,1.5253
FUND20,2024-09-12T00:00:00,1.6215
FUND20,2024-09-13T00:00:00,1.6432
FUND20,2024-09-16T00:00:00,1.7887
FUND20,2024-09-17T00:00:00,2.0766
FUND20,2024-09-18T00:00:00,2.1097
FUND20,2024-09-19T00:00:00,2.1778
FUND20,2024-09-20T00:00:00,2.4309
FUND20,2024-09-23T00:00:00,2.9521
FUND20,2024-09-24T00:00:00,3.1575
FUND20,2024-09-25T00:00:00,3.214
FUND20,2024-09-26T00:00:00,3.5434
FUND20,2024-09-27T00:00:00,3.1667
FUND20,2024-09-30T00:00:00,3.1349
FUND20,2024-10-01T00:00:00,2.96
FUND20,2024-10-02T00:00:00,2.954
FUND20,2024-10-03T00:00:00,2.5115
FUND20,2024-10-04T00:00:00,2.2242
FUND20,2024-10-07T00:00:00,2.2602
FUND20,2024-10-08T00:00:00,2.0243
FUND20,2024-10-09T00:00:00,1.9917
FUND20,2024-10-10T00:00:00,2.0983
FUND20,2024-10-11T00:00:00,1.6522
FUND20,2024-10-14T00:00:00,1.0892
FUND20,2024-10-15T00:00:00,1.4583
FUND20,2024-10-16T00:00:00,1.2734
FUND20,2024-10-17T00:00:00,1.3725
FUND20,2024-10-18T00:00:00,1.2082
FUND20,2024-10-21T00:00:00,1.0398
FUND20,2024-10-22T00:00:00,1.2605
FUND20,2024-10-23T00:00:00,1.428
FUND20,2024-10-24T00:00:00,1.0666
FUND20,2024-10-25T00:00:00,0.8635
FUND20,2024-10-28T00:00:00,0.6973
FUND20,2024-10-29T00:00:00,0.6871
FUND20,2024-10-30T00:00:00,0.857
FUND20,2024-10-31T00:00:00,1.062
FUND20,2024-11-01T00:00:00,1.0026
FUND20,2024-11-04T00:00:00,0.6931
FUND20,2024-11-05T00:00:00,0.61
FUND20,2024-11-06T00:00:00,0.5896
FUND20,2024-11-07T00:00:00,0.7819
FUND20,2024-11-08T00:00:00,1.0163
FUND20,2024-11-11T00:00:00,1.0059
FUND20,2024-11-12T00:00:00,1.1825
FUND20,2024-11-13T00:00:00,1.0812
FUND20,2024-11-14T00:00:00,1.0436
FUND20,2024-11-15T00:00:00,0.8473
FUND20,2024-11-18T00:00:00,1.2847
FUND20,2024-11-19T00:00:00,1.044
FUND20,2024-11-20T00:00:00,1.5264
FUND20,2024-11-21T00:00:00,1.6752
FUND20,2024-11-22T00:00:00,1.8947
FUND20,2024-11-25T00:00:00,1.8932
FUND20,2024-11-26T00:00:00,1.5621
FUND20,2024-11-27T00:00:00,1.8277
FUND20,2024-11-28T00:00:00,1.9574
FUND20,2024-11-29T00:00:00,1.892
FUND20,2024-12-02T00:00:00,1.7185
FUND20,2024-12-03T00:00:00,1.9199
FUND20,2024-12-04T00:00:00,1.8107
FUND20,2024-12-05T00:00:00,1.7917
FUND20,2024-12-06T00:00:00,1.0802
FUND20,2024-12-09T00:00:00,0.6817
FUND20,2024-12-10T00:00:00,0.5807
FUND20,2024-12-11T00:00:00,1.0302
FUND20,2024-12-12T00:00:00,1.2101
FUND20,2024-12-13T00:00:00,0.6723
FUND20,2024-12-16T00:00:00,0.7347
FUND20,2024-12-17T00:00:00,0.3033
FUND20,2024-12-18T00:00:00,0.0048
FUND20,2024-12-19T00:00:00,-0.008
FUND20,2024-12-20T00:00:00,-0.0417
FUND20,2024-12-23T00:00:00,-0.1447
FUND20,2024-12-24T00:00:00,0.0493
FUND20,2024-12-25T00:00:00,-0.2883
FUND20,2024-12-26T00:00:00,0.1578
FUND20,2024-12-27T00:00:00,0.1494
FUND20,2024-12-30T00:00:00,0.082
FUND20,2024-12-31T00:00:00,0.2395
FUND20,2025-01-01T00:00:00,-0.0362
FUND20,2025-01-02T00:00:00,-0.2085
FUND20,2025-01-03T00:00:00,-0.2998
FUND20,2025-01-06T00:00:00,-0.308
FUND20,2025-01-07T00:00:00,-0.5419
FUND20,2025-01-08T00:00:00,-0.6265
FUND20,2025-01-09T00:00:00,-0.7867
FUND20,2025-01-10T00:00:00,-1.103
FUND20,2025-01-13T00:00:00,-1.4045
FUND20,2025-01-14T00:00:00,-1.6928
FUND20,2025-01-15T00:00:00,-1.4718
FUND20,2025-01-16T00:00:00,-1.7167
FUND20,2025-01-17T00:00:00,-1.6819
FUND20,2025-01-20T00:00:00,-1.7031
FUND20,2025-01-21T00:00:00,-1.6437
FUND20,2025-01-22T00:00:00,-2.031
FUND20,2025-01-23T00:00:00,-1.8705
FUND20,2025-01-24T00:00:00,-1.8282
FUND20,2025-01-27T00:00:00,-1.8837
FUND20,2025-01-28T00:00:00,-2.1058
FUND20,2025-01-29T00:00:00,-2.5013
FUND20,2025-01-30T00:00:00,-3.0558
FUND20,2025-01-31T00:00:00,-2.6399
FUND20,2025-02-03T00:00:00,-2.8274
FUND20,2025-02-04T00:00:00,-2.4958
FUND20,2025-02-05T00:00:00,-2.4593
FUND20,2025-02-06T00:00:00,-2.1617
FUND20,2025-02-07T00:00:00,-1.8779
FUND20,2025-02-10T00:00:00,-2.1314
FUND20,2025-02-11T00:00:00,-1.9537
FUND20,2025-02-12T00:00:00,-1.4738
FUND20,2025-02-13T00:00:00,-1.4874
FUND20,2025-02-14T00:00:00,-1.1248
FUND20,2025-02-17T00:00:00,-0.7166
FUND20,2025-02-18T00:00:00,-1.2251
FUND20,2025-02-19T00:00:00,-1.2991
FUND20,2025-02-20T00:00:00,-1.3472
FUND20,2025-02-21T00:00:00,-1.1061
FUND20,2025-02-24T00:00:00,-1.1443
FUND20,2025-02-25T00:00:00,-1.1257
FUND20,2025-02-26T00:00:00,-1.0555
FUND20,2025-02-27T00:00:00,-0.7696
FUND20,2025-02-28T00:00:00,-0.6394
FUND20,2025-03-03T00:00:00,-0.6121
FUND20,2025-03-04T00:00:00,-0.7475
FUND20,2025-03-05T00:00:00,-1.2508
FUND20,2025-03-06T00:00:00,-1.1713
FUND20,2025-03-07T00:00:00,-1.0049
FUND20,2025-03-10T00:00:00,-0.8499
FUND20,2025-03-11T00:00:00,-0.8083
FUND20,2025-03-12T00:00:00,-0.9547
FUND20,2025-03-13T00:00:00,-1.0497
FUND20,2025-03-14T00:00:00,-1.2135
FUND20,2025-03-17T00:00:00,-1.512
FUND20,2025-03-18T00:00:00,-1.4631
FUND20,2025-03-19T00:00:00,-1.6716
FUND20,2025-03-20T00:00:00,-1.6963
FUND20,2025-03-21T00:00:00,-1.6522
FUND20,2025-03-24T00:00:00,-1.6411
FUND20,2025-03-25T00:00:00,-1.7215
FUND20,2025-03-26T00:00:00,-2.1546
FUND20,2025-03-27T00:00:00,-1.9869
FUND20,2025-03-28T00:00:00,-2.197
FUND20,2025-03-31T00:00:00,-2.2756
FUND20,2025-04-01T00:00:00,-2.0168
FUND20,2025-04-02T00:00:00,-1.9158
FUND20,2025-04-03T00:00:00,-2.0646
FUND20,2025-04-04T00:00:00,-1.9656
FUND20,2025-04-07T00:00:00,-2.0789
FUND20,2025-04-08T00:00:00,-2.2034
FUND20,2025-04-09T00:00:00,-1.9277
FUND20,2025-04-10T00:00:00,-2.1128
FUND20,2025-04-11T00:00:00,-2.0535
FUND20,2025-04-14T00:00:00,-1.9986
FUND20,2025-04-15T00:00:00,-1.5355
FUND20,2025-04-16T00:00:00,-1.4615
FUND20,2025-04-17T00:00:00,-1.3673
FUND20,2025-04-18T00:00:00,-1.2617
FUND20,2025-04-21T00:00:00,-1.0485
FUND20,2025-04-22T00:00:00,-0.9337
FUND20,2025-04-23T00:00:00,-0.9514
FUND20,2025-04-24T00:00:00,-0.4204
FUND20,2025-04-25T00:00:00,-0.1892
FUND20,2025-04-28T00:00:00,0.2549
FUND20,2025-04-29T00:00:00,0.2604
FUND20,2025-04-30T00:00:00,0.4172
FUND20,2025-05-01T00:00:00,0.38
FUND20,2025-05-02T00:00:00,0.446
FUND20,2025-05-05T00:00:00,0.3222
FUND20,2025-05-06T00:00:00,-0.2064
FUND20,2025-05-07T00:00:00,-0.0544
FUND20,2025-05-08T00:00:00,0.3861
FUND20,2025-05-09T00:00:00,0.6437
FUND20,2025-05-12T00:00:00,0.4433
FUND20,2025-05-13T00:00:00,0.6931
FUND20,2025-05-14T00:00:00,0.9572
FUND20,2025-05-15T00:00:00,1.1292
FUND20,2025-05-16T00:00:00,1.4702
FUND20,2025-05-19T00:00:00,1.5149
FUND20,2025-05-20T00:00:00,1.6164
FUND20,2025-05-21T00:00:00,1.5174
FUND20,2025-05-22T00:00:00,1.7622
FUND20,2025-05-23T00:00:00,1.7818
FUND20,2025-05-26T00:00:00,1.83
FUND20,2025-05-27T00:00:00,1.8327
FUND20,2025-05-28T00:00:00,2.0795
FUND20,2025-05-29T00:00:00,2.0526
FUND20,2025-05-30T00:00:00,1.8638
FUND20,2025-06-02T00:00:00,1.9118
FUND20,2025-06-03T00:00:00,2.2869
FUND20,2025-06-04T00:00:00,2.8734
FUND20,2025-06-05T00:00:00,2.7357
FUND20,2025-06-06T00:00:00,2.8591
FUND20,2025-06-09T00:00:00,2.846
FUND20,2025-06-10T00:00:00,2.6186
FUND20,2025-06-11T00:00:00,2.6276
FUND20,2025-06-12T00:00:00,2.4622
FUND20,2025-06-13T00:00:00,2.2279
FUND20,2025-06-16T00:00:00,2.36
FUND20,2025-06-17T00:00:00,2.267
FUND20,2025-06-18T00:00:00,2.091
FUND20,2025-06-19T00:00:00,2.1934
FUND20,2025-06-20T00:00:00,2.0507
FUND20,2025-06-23T00:00:00,2.0071
FUND20,2025-06-24T00:00:00,2.5477
FUND20,2025-06-25T00:00:00,2.6975
FUND20,2025-06-26T00:00:00,2.4857
FUND20,2025-06-27T00:00:00,2.1721
FUND20,2025-06-30T00:00:00,2.2111
FUND20,2025-07-01T00:00:00,2.0502
FUND20,2025-07-02T00:00:00,1.8335
FUND20,2025-07-03T00:00:00,1.8516
FUND20,2025-07-04T00:00:00,1.6797
FUND20,2025-07-07T00:00:00,1.848
FUND20,2025-07-08T00:00:00,1.7731
FUND20,2025-07-09T00:00:00,1.9859
FUND20,2025-07-10T00:00:00,1.6645
FUND20,2025-07-11T00:00:00,1.7318
FUND20,2025-07-14T00:00:00,1.6893
FUND20,2025-07-15T00:00:00,1.4682
FUND20,2025-07-16T00:00:00,1.6918
FUND20,2025-07-17T00:00:00,1.6808
FUND20,2025-07-18T00:00:00,2.1441
FUND20,2025-07-21T00:00:00,2.4544
FUND20,2025-07-22T00:00:00,2.115
FUND20,2025-07-23T00:00:00,2.1616
FUND20,2025-07-24T00:00:00,2.1238
FUND20,2025-07-25T00:00:00,2.0759
FUND20,2025-07-28T00:00:00,2.1645
FUND20,2025-07-29T00:00:00,2.2797
FUND20,2025-07-30T00:00:00,2.7712
FUND20,2025-07-31T00:00:00,2.1511
FUND20,2025-08-01T00:00:00,2.6318
FUND20,2025-08-04T00:00:00,2.3937
FUND20,2025-08-05T00:00:00,1.9985
FUND20,2025-08-06T00:00:00,1.8935
FUND20,2025-08-07T00:00:00,2.3775
FUND20,2025-08-08T00:00:00,2.5687
FUND20,2025-08-11T00:00:00,3.0405
FUND20,2025-08-12T00:00:00,2.9155
FUND20,2025-08-13T00:00:00,2.75
FUND20,2025-08-14T00:00:00,2.6801
FUND20,2025-08-15T00:00:00,3.1259
FUND20,2025-08-18T00:00:00,3.2339
FUND20,2025-08-19T00:00:00,2.9241
FUND20,2025-08-20T00:00:00,2.77
FUND20,2025-08-21T00:00:00,2.8099
FUND20,2025-08-22T00:00:00,3.2934
FUND20,2025-08-25T00:00:00,2.9488
FUND20,2025-08-26T00:00:00,3.3626
FUND20,2025-08-27T00:00:00,3.7029
FUND20,2025-08-28T00:00:00,3.7211
FUND20,2025-08-29T00:00:00,3.334
FUND20,2025-09-01T00:00:00,3.2396
FUND20,2025-09-02T00:00:00,3.3689
FUND20,2025-09-03T00:00:00,3.4712
FUND20,2025-09-04T00:00:00,3.4918
FUND20,2025-09-05T00:00:00,3.6931
FUND20,2025-09-08T00:00:00,3.8317
FUND20,2025-09-09T00:00:00,4.0809
FUND20,2025-09-10T00:00:00,4.2198
FUND20,2025-09-11T00:00:00,3.99
FUND20,2025-09-12T00:00:00,3.7171
FUND20,2025-09-15T00:00:00,4.1124
FUND20,2025-09-16T00:00:00,3.6248
FUND20,2025-09-17T00:00:00,3.5516
FUND20,2025-09-18T00:00:00,3.4696
FUND20,2025-09-19T00:00:00,3.4478
FUND20,2025-09-22T00:00:00,3.4747
FUND20,2025-09-23T00:00:00,3.5398
FUND20,2025-09-24T00:00:00,3.5587
FUND20,2025-09-25T00:00:00,3.636
FUND20,2025-09-26T00:00:00,3.62
FUND20,2025-09-29T00:00:00,3.7815
FUND20,2025-09-30T00:00:00,3.7804
FUND20,2025-10-01T00:00:00,3.6495
FUND20,2025-10-02T00:00:00,3.5406
FUND20,2025-10-03T00:00:00,3.6655
FUND20,2025-10-06T00:00:00,3.5691
FUND20,2025-10-07T00:00:00,3.2608
FUND20,2025-10-08T00:00:00,3.0771
FUND20,2025-10-09T00:00:00,3.3949
FUND20,2025-10-10T00:00:00,3.1629
FUND20,2025-10-13T00:00:00,2.973
FUND20,2025-10-14T00:00:00,3.2836
FUND20,2025-10-15T00:00:00,3.3258
FUND20,2025-10-16T00:00:00,3.2267
FUND20,2025-10-17T00:00:00,3.3472
FUND20,2025-10-20T00:00:00,3.563
FUND20,2025-10-21T00:00:00,3.6779
FUND20,2025-10-22T00:00:00,3.5293
FUND20,2025-10-23T00:00:00,3.231
FUND20,2025-10-24T00:00:00,3.1366
FUND20,2025-10-27T00:00:00,3.1983
FUND20,2025-10-28T00:00:00,3.5527
FUND20,2025-10-29T00:00:00,3.459
FUND20,2025-10-30T00:00:00,3.6258
FUND20,2025-10-31T00:00:00,3.4957
FUND20,2025-11-03T00:00:00,3.1245
FUND20,2025-11-04T00:00:00,3.0452
FUND20,2025-11-05T00:00:00,3.2966
FUND20,2025-11-06T00:00:00,3.5514
FUND20,2025-11-07T00:00:00,3.3119
FUND20,2025-11-10T00:00:00,2.9922
FUND20,2025-11-11T00:00:00,3.3371
FUND20,2025-11-12T00:00:00,3.1892
FUND20,2025-11-13T00:00:00,3.2425
FUND20,2025-11-14T00:00:00,3.0848
FUND20,2025-11-17T00:00:00,3.1901
FUND20,2025-11-18T00:00:00,3.5436
FUND20,2025-11-19T00:00:00,3.5373
FUND20,2025-11-20T00:00:00,3.4033
FUND20,2025-11-21T00:00:00,2.9743
FUND20,2025-11-24T00:00:00,3.0954
FUND21,2023-05-08T00:00:00,0.6426
FUND21,2023-05-09T00:00:00,0.5836
FUND21,2023-05-10T00:00:00,0.6536
FUND21,2023-05-11T00:00:00,0.6674
FUND21,2023-05-12T00:00:00,0.292
FUND21,2023-05-15T00:00:00,0.5814
FUND21,2023-05-16T00:00:00,0.6221
FUND21,2023-05-17T00:00:00,0.7098
FUND21,2023-05-18T00:00:00,0.5892
FUND21,2023-05-19T00:00:00,0.6475
FUND21,2023-05-22T00:00:00,0.7047
FUND21,2023-05-23T00:00:00,0.699
FUND21,2023-05-24T00:00:00,0.6433
FUND21,2023-05-25T00:00:00,0.6202
FUND21,2023-05-26T00:00:00,0.4708
FUND21,2023-05-29T00:00:00,0.6023
FUND21,2023-05-30T00:00:00,0.717
FUND21,2023-05-31T00:00:00,0.4563
FUND21,2023-06-01T00:00:00,0.889
FUND21,2023-06-02T00:00:00,1.5169
FUND21,2023-06-05T00:00:00,1.9778
FUND21,2023-06-06T00:00:00,1.8689
FUND21,2023-06-07T00:00:00,2.0667
FUND21,2023-06-08T00:00:00,1.8124
FUND21,2023-06-09T00:00:00,1.9347
FUND21,2023-06-12T00:00:00,1.9524
FUND21,2023-06-13T00:00:00,2.1023
FUND21,2023-06-14T00:00:00,2.093
FUND21,2023-06-15T00:00:00,2.0296
FUND21,2023-06-16T00:00:00,2.0975
FUND21,2023-06-19T00:00:00,1.9708
FUND21,2023-06-20T00:00:00,1.8278
FUND21,2023-06-21T00:00:00,1.3689
FUND21,2023-06-22T00:00:00,1.1065
FUND21,2023-06-23T00:00:00,1.0026
FUND21,2023-06-26T00:00:00,0.4601
FUND21,2023-06-27T00:00:00,0.2458
FUND21,2023-06-28T00:00:00,0.1031
FUND21,2023-06-29T00:00:00,0.0912
FUND21,2023-06-30T00:00:00,0.1052
FUND21,2023-07-03T00:00:00,-0.0059
FUND21,2023-07-04T00:00:00,-0.2575
FUND21,2023-07-05T00:00:00,-0.1762
FUND21,2023-07-06T00:00:00,-0.4392
FUND21,2023-07-07T00:00:00,-0.4969
FUND21,2023-07-10T00:00:00,-0.567
FUND21,2023-07-11T00:00:00,-0.2793
FUND21,2023-07-12T00:00:00,-0.5515
FUND21,2023-07-13T00:00:00,-1.0022
FUND21,2023-07-14T00:00:00,-0.9304
FUND21,2023-07-17T00:00:00,-1.089
FUND21,2023-07-18T00:00:00,-0.8882
FUND21,2023-07-19T00:00:00,-0.4896
FUND21,2023-07-20T00:00:00,-0.3618
FUND21,2023-07-21T00:00:00,-0.0265
FUND21,2023-07-24T00:00:00,0.1778
FUND21,2023-07-25T00:00:00,0.3424
FUND21,2023-07-26T00:00:00,0.6118
FUND21,2023-07-27T00:00:00,0.9416
FUND21,2023-07-28T00:00:00,0.9938
FUND21,2023-07-31T00:00:00,1.0979
FUND21,2023-08-01T00:00:00,1.1068
FUND21,2023-08-02T00:00:00,1.0481
FUND21,2023-08-03T00:00:00,1.1784
FUND21,2023-08-04T00:00:00,1.3984
FUND21,2023-08-07T00:00:00,1.6327
FUND21,2023-08-08T00:00:00,1.3675
FUND21,2023-08-09T00:00:00,1.0192
FUND21,2023-08-10T00:00:00,0.8844
FUND21,2023-08-11T00:00:00,1.2282
FUND21,2023-08-14T00:00:00,0.9054
FUND21,2023-08-15T00:00:00,0.6035
FUND21,2023-08-16T00:00:00,0.7954
FUND21,2023-08-17T00:00:00,0.7976
FUND21,2023-08-18T00:00:00,1.3246
FUND21,2023-08-21T00:00:00,1.3411
FUND21,2023-08-22T00:00:00,1.7533
FUND21,2023-08-23T00:00:00,1.8319
FUND21,2023-08-24T00:00:00,2.1511
FUND21,2023-08-25T00:00:00,2.0222
FUND21,2023-08-28T00:00:00,1.9327
FUND21,2023-08-29T00:00:00,1.7975
FUND21,2023-08-30T00:00:00,1.9349
FUND21,2023-08-31T00:00:00,1.953
FUND21,2023-09-01T00:00:00,2.315
FUND21,2023-09-04T00:00:00,2.2758
FUND21,2023-09-05T00:00:00,2.3857
FUND21,2023-09-06T00:00:00,2.1939
FUND21,2023-09-07T00:00:00,2.5177
FUND21,2023-09-08T00:00:00,2.4072
FUND21,2023-09-11T00:00:00,2.9193
FUND21,2023-09-12T00:00:00,2.7748
FUND21,2023-09-13T00:00:00,2.6672
FUND21,2023-09-14T00:00:00,2.8004
FUND21,2023-09-15T00:00:00,3.0879
FUND21,2023-09-18T00:00:00,2.9838
FUND21,2023-09-19T00:00:00,2.7714
FUND21,2023-09-20T00:00:00,2.3058
FUND21,2023-09-21T00:00:00,2.2271
FUND21,2023-09-22T00:00:00,1.9412
FUND21,2023-09-25T00:00:00,2.0994
FUND21,2023-09-26T00:00:00,2.0369
FUND21,2023-09-27T00:00:00,2.1372
FUND21,2023-09-28T00:00:00,2.1403
FUND21,2023-09-29T00:00:00,2.21
FUND21,2023-10-02T00:00:00,2.1307
FUND21,2023-10-03T00:00:00,2.2765
FUND21,2023-10-04T00:00:00,2.8784
FUND21,2023-10-05T00:00:00,2.116
FUND21,2023-10-06T00:00:00,1.9666
FUND21,2023-10-09T00:00:00,1.9762
FUND21,2023-10-10T00:00:00,1.9382
FUND21,2023-10-11T00:00:00,2.272
FUND21,2023-10-12T00:00:00,2.3238
FUND21,2023-10-13T00:00:00,1.8867
FUND21,2023-10-16T00:00:00,1.7184
FUND21,2023-10-17T00:00:00,1.6019
FUND21,2023-10-18T00:00:00,1.5956
FUND21,2023-10-19T00:00:00,1.7007
FUND21,2023-10-20T00:00:00,2.0241
FUND21,2023-10-23T00:00:00,2.1287
FUND21,2023-10-24T00:00:00,2.4417
FUND21,2023-10-25T00:00:00,2.384
FUND21,2023-10-26T00:00:00,2.4665
FUND21,2023-10-27T00:00:00,2.5427
FUND21,2023-10-30T00:00:00,2.871
FUND21,2023-10-31T00:00:00,2.9486
FUND21,2023-11-01T00:00:00,3.0311
FUND21,2023-11-02T00:00:00,2.9929
FUND21,2023-11-03T00:00:00,3.0552
FUND21,2023-11-06T00:00:00,3.1297
FUND21,2023-11-07T00:00:00,3.2141
FUND21,2023-11-08T00:00:00,3.4285
FUND21,2023-11-09T00:00:00,3.2895
FUND21,2023-11-10T00:00:00,3.1707
FUND21,2023-11-13T00:00:00,3.262
FUND21,2023-11-14T00:00:00,3.0061
FUND21,2023-11-15T00:00:00,3.4273
FUND21,2023-11-16T00:00:00,3.5235
FUND21,2023-11-17T00:00:00,3.3929
FUND21,2023-11-20T00:00:00,3.4623
FUND21,2023-11-21T00:00:00,3.3714
FUND21,2023-11-22T00:00:00,3.1013
FUND21,2023-11-23T00:00:00,2.8252
FUND21,2023-11-24T00:00:00,2.8756
FUND21,2023-11-27T00:00:00,2.303
FUND21,2023-11-28T00:00:00,1.7436
FUND21,2023-11-29T00:00:00,1.5373
FUND21,2023-11-30T00:00:00,1.3013
FUND21,2023-12-01T00:00:00,1.4053
FUND21,2023-12-04T00:00:00,0.9522
FUND21,2023-12-05T00:00:00,0.91
FUND21,2023-12-06T00:00:00,1.5105
FUND21,2023-12-07T00:00:00,1.594
FUND21,2023-12-08T00:00:00,1.3503
FUND21,2023-12-11T00:00:00,1.4257
FUND21,2023-12-12T00:00:00,1.4299
FUND21,2023-12-13T00:00:00,1.2433
FUND21,2023-12-14T00:00:00,1.5471
FUND21,2023-12-15T00:00:00,1.4144
FUND21,2023-12-18T00:00:00,1.5529
FUND21,2023-12-19T00:00:00,1.8046
FUND21,2023-12-20T00:00:00,1.4976
FUND21,2023-12-21T00:00:00,1.9485
FUND21,2023-12-22T00:00:00,1.5114
FUND21,2023-12-25T00:00:00,1.3106
FUND21,2023-12-26T00:00:00,1.2765
FUND21,2023-12-27T00:00:00,1.5231
FUND21,2023-12-28T00:00:00,1.2751
FUND21,2023-12-29T00:00:00,1.4288
FUND21,2024-01-01T00:00:00,1.2745
FUND21,2024-01-02T00:00:00,1.0655
FUND21,2024-01-03T00:00:00,0.9361
FUND21,2024-01-04T00:00:00,0.6891
FUND21,2024-01-05T00:00:00,0.8239
FUND21,2024-01-08T00:00:00,1.1285
FUND21,2024-01-09T00:00:00,0.7386
FUND21,2024-01-10T00:00:00,0.9772
FUND21,2024-01-11T00:00:00,0.8133
FUND21,2024-01-12T00:00:00,0.9467
FUND21,2024-01-15T00:00:00,0.8865
FUND21,2024-01-16T00:00:00,1.0679
FUND21,2024-01-17T00:00:00,1.0779
FUND21,2024-01-18T00:00:00,0.7808
FUND21,2024-01-19T00:00:00,0.6084
FUND21,2024-01-22T00:00:00,0.6772
FUND21,2024-01-23T00:00:00,0.5931
FUND21,2024-01-24T00:00:00,1.0088
FUND21,2024-01-25T00:00:00,0.8974
FUND21,2024-01-26T00:00:00,1.0564
FUND21,2024-01-29T00:00:00,0.6042
FUND21,2024-01-30T00:00:00,0.4572
FUND21,2024-01-31T00:00:00,0.3471
FUND21,2024-02-01T00:00:00,0.48
FUND21,2024-02-02T00:00:00,0.3594
FUND21,2024-02-05T00:00:00,0.5336
FUND21,2024-02-06T00:00:00,0.1303
FUND21,2024-02-07T00:00:00,0.3359
FUND21,2024-02-08T00:00:00,0.6908
FUND21,2024-02-09T00:00:00,0.5419
FUND21,2024-02-12T00:00:00,0.1932
FUND21,2024-02-13T00:00:00,0.4688
FUND21,2024-02-14T00:00:00,0.6176
FUND21,2024-02-15T00:00:00,0.5311
FUND21,2024-02-16T00:00:00,0.6919
FUND21,2024-02-19T00:00:00,0.9202
FUND21,2024-02-20T00:00:00,0.7774
FUND21,2024-02-21T00:00:00,0.8188
FUND21,2024-02-22T00:00:00,1.0266
FUND21,2024-02-23T00:00:00,1.1055
FUND21,2024-02-26T00:00:00,1.2759
FUND21,2024-02-27T00:00:00,0.8568
FUND21,2024-02-28T00:00:00,1.1579
FUND21,2024-02-29T00:00:00,1.0024
FUND21,2024-03-01T00:00:00,0.8823
FUND21,2024-03-04T00:00:00,0.9992
FUND21,2024-03-05T00:00:00,1.4033
FUND21,2024-03-06T00:00:00,1.0796
FUND21,2024-03-07T00:00:00,1.1661
FUND21,2024-03-08T00:00:00,1.1866
FUND21,2024-03-11T00:00:00,1.1639
FUND21,2024-03-12T00:00:00,1.4724
FUND21,2024-03-13T00:00:00,1.403
FUND21,2024-03-14T00:00:00,1.2574
FUND21,2024-03-15T00:00:00,1.2817
FUND21,2024-03-18T00:00:00,1.3588
FUND21,2024-03-19T00:00:00,1.6444
FUND21,2024-03-20T00:00:00,1.2573
FUND21,2024-03-21T00:00:00,1.5363
FUND21,2024-03-22T00:00:00,1.2174
FUND21,2024-03-25T00:00:00,1.2957
FUND21,2024-03-26T00:00:00,1.1822
FUND21,2024-03-27T00:00:00,1.3462
FUND21,2024-03-28T00:00:00,1.512
FUND21,2024-03-29T00:00:00,1.4025
FUND21,2024-04-01T00:00:00,1.6371
FUND21,2024-04-02T00:00:00,1.84
FUND21,2024-04-03T00:00:00,1.6243
FUND21,2024-04-04T00:00:00,1.7833
FUND21,2024-04-05T00:00:00,1.8717
FUND21,2024-04-08T00:00:00,2.087
FUND21,2024-04-09T00:00:00,2.2236
FUND21,2024-04-10T00:00:00,1.6913
FUND21,2024-04-11T00:00:00,1.5448
FUND21,2024-04-12T00:00:00,1.0533
FUND21,2024-04-15T00:00:00,0.4583
FUND21,2024-04-16T00:00:00,0.3391
FUND21,2024-04-17T00:00:00,0.5797
FUND21,2024-04-18T00:00:00,0.5643
FUND21,2024-04-19T00:00:00,-0.104
FUND21,2024-04-22T00:00:00,-0.0843
FUND21,2024-04-23T00:00:00,0.1336
FUND21,2024-04-24T00:00:00,0.1286
FUND21,2024-04-25T00:00:00,-0.1483
FUND21,2024-04-26T00:00:00,0.3731
FUND21,2024-04-29T00:00:00,0.5715
FUND21,2024-04-30T00:00:00,0.4244
FUND21,2024-05-01T00:00:00,0.2859
FUND21,2024-05-02T00:00:00,0.2089
FUND21,2024-05-03T00:00:00,0.3474
FUND21,2024-05-06T00:00:00,0.35
FUND21,2024-05-07T00:00:00,0.3371
FUND21,2024-05-08T00:00:00,0.3917
FUND21,2024-05-09T00:00:00,0.4567
FUND21,2024-05-10T00:00:00,0.4338
FUND21,2024-05-13T00:00:00,0.1484
FUND21,2024-05-14T00:00:00,0.521
FUND21,2024-05-15T00:00:00,0.4777
FUND21,2024-05-16T00:00:00,0.2291
FUND21,2024-05-17T00:00:00,0.0633
FUND21,2024-05-20T00:00:00,-0.0446
FUND21,2024-05-21T00:00:00,-0.2697
FUND21,2024-05-22T00:00:00,-0.2772
FUND21,2024-05-23T00:00:00,0.055
FUND21,2024-05-24T00:00:00,0.3113
FUND21,2024-05-27T00:00:00,0.5355
FUND21,2024-05-28T00:00:00,0.8094
FUND21,2024-05-29T00:00:00,0.5638
FUND21,2024-05-30T00:00:00,1.0179
FUND21,2024-05-31T00:00:00,1.1212
FUND21,2024-06-03T00:00:00,1.3803
FUND21,2024-06-04T00:00:00,1.3266
FUND21,2024-06-05T00:00:00,1.3631
FUND21,2024-06-06T00:00:00,1.3962
FUND21,2024-06-07T00:00:00,1.7034
FUND21,2024-06-10T00:00:00,1.9124
FUND21,2024-06-11T00:00:00,2.0313
FUND21,2024-06-12T00:00:00,1.8152
FUND21,2024-06-13T00:00:00,2.0235
FUND21,2024-06-14T00:00:00,2.3921
FUND21,2024-06-17T00:00:00,2.4475
FUND21,2024-06-18T00:00:00,2.2539
FUND21,2024-06-19T00:00:00,1.6446
FUND21,2024-06-20T00:00:00,1.799
FUND21,2024-06-21T00:00:00,2.0739
FUND21,2024-06-24T00:00:00,1.7146
FUND21,2024-06-25T00:00:00,1.6688
FUND21,2024-06-26T00:00:00,1.986
FUND21,2024-06-27T00:00:00,1.5365
FUND21,2024-06-28T00:00:00,1.4193
FUND21,2024-07-01T00:00:00,0.8673
FUND21,2024-07-02T00:00:00,1.1557
FUND21,2024-07-03T00:00:00,1.3508
FUND21,2024-07-04T00:00:00,1.1807
FUND21,2024-07-05T00:00:00,1.1123
FUND21,2024-07-08T00:00:00,1.241
FUND21,2024-07-09T00:00:00,0.7065
FUND21,2024-07-10T00:00:00,0.9969
FUND21,2024-07-11T00:00:00,0.5983
FUND21,2024-07-12T00:00:00,0.3328
FUND21,2024-07-15T00:00:00,0.6088
FUND21,2024-07-16T00:00:00,0.378
FUND21,2024-07-17T00:00:00,0.4344
FUND21,2024-07-18T00:00:00,0.3588
FUND21,2024-07-19T00:00:00,0.157
FUND21,2024-07-22T00:00:00,0.1468
FUND21,2024-07-23T00:00:00,-0.2101
FUND21,2024-07-24T00:00:00,0.0898
FUND21,2024-07-25T00:00:00,-0.1312
FUND21,2024-07-26T00:00:00,0.1799
FUND21,2024-07-29T00:00:00,0.0833
FUND21,2024-07-30T00:00:00,0.0199
FUND21,2024-07-31T00:00:00,-0.0818
FUND21,2024-08-01T00:00:00,-0.3801
FUND21,2024-08-02T00:00:00,-0.2577
FUND21,2024-08-05T00:00:00,-0.4049
FUND21,2024-08-06T00:00:00,0.1995
FUND21,2024-08-07T00:00:00,0.2761
FUND21,2024-08-08T00:00:00,0.383
FUND21,2024-08-09T00:00:00,0.2372
FUND21,2024-08-12T00:00:00,0.4614
FUND21,2024-08-13T00:00:00,0.3431
FUND21,2024-08-14T00:00:00,0.2895
FUND21,2024-08-15T00:00:00,0.2151
FUND21,2024-08-16T00:00:00,0.7303
FUND21,2024-08-19T00:00:00,0.6533
FUND21,2024-08-20T00:00:00,1.1574
FUND21,2024-08-21T00:00:00,1.0596
FUND21,2024-08-22T00:00:00,0.8244
FUND21,2024-08-23T00:00:00,1.0555
FUND21,2024-08-26T00:00:00,0.7716
FUND21,2024-08-27T00:00:00,0.4262
FUND21,2024-08-28T00:00:00,0.5846
FUND21,2024-08-29T00:00:00,0.9817
FUND21,2024-08-30T00:00:00,0.7381
FUND21,2024-09-02T00:00:00,0.9419
FUND21,2024-09-03T00:00:00,0.7516
FUND21,2024-09-04T00:00:00,0.4808
FUND21,2024-09-05T00:00:00,0.6463
FUND21,2024-09-06T00:00:00,0.7219
FUND21,2024-09-09T00:00:00,0.8302
FUND21,2024-09-10T00:00:00,0.8676
FUND21,2024-09-11T00:00:00,0.8002
FUND21,2024-09-12T00:00:00,0.6486
FUND21,2024-09-13T00:00:00,0.2312
FUND21,2024-09-16T00:00:00,0.4002
FUND21,2024-09-17T00:00:00,0.1667
FUND21,2024-09-18T00:00:00,0.0314
FUND21,2024-09-19T00:00:00,0.4723
FUND21,2024-09-20T00:00:00,0.4767
FUND21,2024-09-23T00:00:00,0.5433
FUND21,2024-09-24T00:00:00,0.5188
FUND21,2024-09-25T00:00:00,0.6288
FUND21,2024-09-26T00:00:00,0.4911
FUND21,2024-09-27T00:00:00,0.2568
FUND21,2024-09-30T00:00:00,0.1162
FUND21,2024-10-01T00:00:00,0.0759
FUND21,2024-10-02T00:00:00,-0.2397
FUND21,2024-10-03T00:00:00,-0.629
FUND21,2024-10-04T00:00:00,-0.9256
FUND21,2024-10-07T00:00:00,-0.9203
FUND21,2024-10-08T00:00:00,-0.7312
FUND21,2024-10-09T00:00:00,-0.5627
FUND21,2024-10-10T00:00:00,-1.0281
FUND21,2024-10-11T00:00:00,-1.3021
FUND21,2024-10-14T00:00:00,-1.527
FUND21,2024-10-15T00:00:00,-1.4526
FUND21,2024-10-16T00:00:00,-1.3967
FUND21,2024-10-17T00:00:00,-1.3699
FUND21,2024-10-18T00:00:00,-1.5149
FUND21,2024-10-21T00:00:00,-1.2534
FUND21,2024-10-22T00:00:00,-1.3648
FUND21,2024-10-23T00:00:00,-1.2757
FUND21,2024-10-24T00:00:00,-1.4074
FUND21,2024-10-25T00:00:00,-1.4162
FUND21,2024-10-28T00:00:00,-1.1414
FUND21,2024-10-29T00:00:00,-0.8711
FUND21,2024-10-30T00:00:00,-1.2767
FUND21,2024-10-31T00:00:00,-1.3128
FUND21,2024-11-01T00:00:00,-1.6476
FUND21,2024-11-04T00:00:00,-1.3368
FUND21,2024-11-05T00:00:00,-1.4293
FUND21,2024-11-06T00:00:00,-1.5345
FUND21,2024-11-07T00:00:00,-0.8951
FUND21,2024-11-08T00:00:00,-0.7711
FUND21,2024-11-11T00:00:00,-1.1153
FUND21,2024-11-12T00:00:00,-0.7331
FUND21,2024-11-13T00:00:00,-0.8997
FUND21,2024-11-14T00:00:00,-0.6914
FUND21,2024-11-15T00:00:00,-0.8689
FUND21,2024-11-18T00:00:00,-1.1955
FUND21,2024-11-19T00:00:00,-1.0864
FUND21,2024-11-20T00:00:00,-0.9418
FUND21,2024-11-21T00:00:00,-0.8534
FUND21,2024-11-22T00:00:00,-0.9815
FUND21,2024-11-25T00:00:00,-1.0326
FUND21,2024-11-26T00:00:00,-0.5438
FUND21,2024-11-27T00:00:00,-0.7255
FUND21,2024-11-28T00:00:00,-0.877
FUND21,2024-11-29T00:00:00,-0.9169
FUND21,2024-12-02T00:00:00,-1.025
FUND21,2024-12-03T00:00:00,-0.9835
FUND21,2024-12-04T00:00:00,-0.9779
FUND21,2024-12-05T00:00:00,-0.3769
FUND21,2024-12-06T00:00:00,-0.6823
FUND21,2024-12-09T00:00:00,-0.7322
FUND21,2024-12-10T00:00:00,-1.379
FUND21,2024-12-11T00:00:00,-1.288
FUND21,2024-12-12T00:00:00,-1.5826
FUND21,2024-12-13T00:00:00,-1.6515
FUND21,2024-12-16T00:00:00,-1.3902
FUND21,2024-12-17T00:00:00,-1.4873
FUND21,2024-12-18T00:00:00,-1.2477
FUND21,2024-12-19T00:00:00,-1.6971
FUND21,2024-12-20T00:00:00,-1.6606
FUND21,2024-12-23T00:00:00,-1.4334
FUND21,2024-12-24T00:00:00,-1.7897
FUND21,2024-12-25T00:00:00,-1.5338
FUND21,2024-12-26T00:00:00,-1.3613
FUND21,2024-12-27T00:00:00,-1.2356
FUND21,2024-12-30T00:00:00,-0.8555
FUND21,2024-12-31T00:00:00,-1.0443
FUND21,2025-01-01T00:00:00,-1.1454
FUND21,2025-01-02T00:00:00,-1.4408
FUND21,2025-01-03T00:00:00,-1.0955
FUND21,2025-01-06T00:00:00,-1.0624
FUND21,2025-01-07T00:00:00,-0.8328
FUND21,2025-01-08T00:00:00,-0.4879
FUND21,2025-01-09T00:00:00,-0.5517
FUND21,2025-01-10T00:00:00,-1.1798
FUND21,2025-01-13T00:00:00,-1.2542
FUND21,2025-01-14T00:00:00,-1.2073
FUND21,2025-01-15T00:00:00,-0.9118
FUND21,2025-01-16T00:00:00,-0.6558
FUND21,2025-01-17T00:00:00,-0.418
FUND21,2025-01-20T00:00:00,-0.8082
FUND21,2025-01-21T00:00:00,-0.7707
FUND21,2025-01-22T00:00:00,-0.6276
FUND21,2025-01-23T00:00:00,-0.5669
FUND21,2025-01-24T00:00:00,-0.4568
FUND21,2025-01-27T00:00:00,-0.7687
FUND21,2025-01-28T00:00:00,-0.5928
FUND21,2025-01-29T00:00:00,-0.8346
FUND21,2025-01-30T00:00:00,-0.8682
FUND21,2025-01-31T00:00:00,-0.9503
FUND21,2025-02-03T00:00:00,-1.1745
FUND21,2025-02-04T00:00:00,-1.0969
FUND21,2025-02-05T00:00:00,-0.8071
FUND21,2025-02-06T00:00:00,-0.7079
FUND21,2025-02-07T00:00:00,-0.4925
FUND21,2025-02-10T00:00:00,-0.6496
FUND21,2025-02-11T00:00:00,-0.8887
FUND21,2025-02-12T00:00:00,-0.9593
FUND21,2025-02-13T00:00:00,-0.6551
FUND21,2025-02-14T00:00:00,-0.4324
FUND21,2025-02-17T00:00:00,-0.4462
FUND21,2025-02-18T00:00:00,-0.4029
FUND21,2025-02-19T00:00:00,-0.3601
FUND21,2025-02-20T00:00:00,-0.2778
FUND21,2025-02-21T00:00:00,-0.1277
FUND21,2025-02-24T00:00:00,-0.3703
FUND21,2025-02-25T00:00:00,-0.4459
FUND21,2025-02-26T00:00:00,-0.4975
FUND21,2025-02-27T00:00:00,-0.4007
FUND21,2025-02-28T00:00:00,-0.3214
FUND21,2025-03-03T00:00:00,-0.38
FUND21,2025-03-04T00:00:00,-0.5181
FUND21,2025-03-05T00:00:00,-0.4971
FUND21,2025-03-06T00:00:00,-0.1358
FUND21,2025-03-07T00:00:00,0.108
FUND21,2025-03-10T00:00:00,0.0682
FUND21,2025-03-11T00:00:00,0.2287
FUND21,2025-03-12T00:00:00,0.2432
FUND21,2025-03-13T00:00:00,0.173
FUND21,2025-03-14T00:00:00,-0.118
FUND21,2025-03-17T00:00:00,0.0687
FUND21,2025-03-18T00:00:00,-0.2084
FUND21,2025-03-19T00:00:00,-0.3841
FUND21,2025-03-20T00:00:00,-0.4511
FUND21,2025-03-21T00:00:00,-0.5178
FUND21,2025-03-24T00:00:00,-0.3274
FUND21,2025-03-25T00:00:00,-0.0504
FUND21,2025-03-26T00:00:00,-0.1631
FUND21,2025-03-27T00:00:00,-0.1172
FUND21,2025-03-28T00:00:00,-0.0571
FUND21,2025-03-31T00:00:00,-0.0585
FUND21,2025-04-01T00:00:00,-0.542
FUND21,2025-04-02T00:00:00,-0.1995
FUND21,2025-04-03T00:00:00,-0.0901
FUND21,2025-04-04T00:00:00,-0.2375
FUND21,2025-04-07T00:00:00,0.1615
FUND21,2025-04-08T00:00:00,-0.0025
FUND21,2025-04-09T00:00:00,-0.0621
FUND21,2025-04-10T00:00:00,-0.4459
FUND21,2025-04-11T00:00:00,-0.382
FUND21,2025-04-14T00:00:00,-0.3608
FUND21,2025-04-15T00:00:00,-0.1185
FUND21,2025-04-16T00:00:00,-0.0176
FUND21,2025-04-17T00:00:00,0.1736
FUND21,2025-04-18T00:00:00,0.0413
FUND21,2025-04-21T00:00:00,-0.3645
FUND21,2025-04-22T00:00:00,-0.5741
FUND21,2025-04-23T00:00:00,-0.5897
FUND21,2025-04-24T00:00:00,0.0946
FUND21,2025-04-25T00:00:00,-0.2143
FUND21,2025-04-28T00:00:00,-0.5514
FUND21,2025-04-29T00:00:00,-0.4275
FUND21,2025-04-30T00:00:00,-0.4613
FUND21,2025-05-01T00:00:00,-0.4515
FUND21,2025-05-02T00:00:00,-0.0505
FUND21,2025-05-05T00:00:00,-0.448
FUND21,2025-05-06T00:00:00,-0.2684
FUND21,2025-05-07T00:00:00,-0.516
FUND21,2025-05-08T00:00:00,-0.1009
FUND21,2025-05-09T00:00:00,-0.4968
FUND21,2025-05-12T00:00:00,-0.9845
FUND21,2025-05-13T00:00:00,-0.7585
FUND21,2025-05-14T00:00:00,-0.7438
FUND21,2025-05-15T00:00:00,-0.8721
FUND21,2025-05-16T00:00:00,-0.7682
FUND21,2025-05-19T00:00:00,-0.7339
FUND21,2025-05-20T00:00:00,-0.4303
FUND21,2025-05-21T00:00:00,-0.6533
FUND21,2025-05-22T00:00:00,-0.9089
FUND21,2025-05-23T00:00:00,-1.0379
FUND21,2025-05-26T00:00:00,-0.9546
FUND21,2025-05-27T00:00:00,-0.7243
FUND21,2025-05-28T00:00:00,-0.6263
FUND21,2025-05-29T00:00:00,-0.6932
FUND21,2025-05-30T00:00:00,-0.7357
FUND21,2025-06-02T00:00:00,-0.5026
FUND21,2025-06-03T00:00:00,-0.3417
FUND21,2025-06-04T00:00:00,-0.4352
FUND21,2025-06-05T00:00:00,-0.1832
FUND21,2025-06-06T00:00:00,-0.1961
FUND21,2025-06-09T00:00:00,0.0034
FUND21,2025-06-10T00:00:00,-0.076
FUND21,2025-06-11T00:00:00,-0.1416
FUND21,2025-06-12T00:00:00,0.4127
FUND21,2025-06-13T00:00:00,0.4622
FUND21,2025-06-16T00:00:00,0.762
FUND21,2025-06-17T00:00:00,0.6
FUND21,2025-06-18T00:00:00,0.9893
FUND21,2025-06-19T00:00:00,1.0905
FUND21,2025-06-20T00:00:00,1.1555
FUND21,2025-06-23T00:00:00,1.0499
FUND21,2025-06-24T00:00:00,0.918
FUND21,2025-06-25T00:00:00,0.9011
FUND21,2025-06-26T00:00:00,0.7393
FUND21,2025-06-27T00:00:00,0.7605
FUND21,2025-06-30T00:00:00,1.0247
FUND21,2025-07-01T00:00:00,1.2943
FUND21,2025-07-02T00:00:00,1.7907
FUND21,2025-07-03T00:00:00,1.8385
FUND21,2025-07-04T00:00:00,1.8008
FUND21,2025-07-07T00:00:00,1.6841
FUND21,2025-07-08T00:00:00,1.7093
FUND21,2025-07-09T00:00:00,1.7571
FUND21,2025-07-10T00:00:00,1.6421
FUND21,2025-07-11T00:00:00,1.6186
FUND21,2025-07-14T00:00:00,1.4961
FUND21,2025-07-15T00:00:00,1.6459
FUND21,2025-07-16T00:00:00,1.5817
FUND21,2025-07-17T00:00:00,1.3087
FUND21,2025-07-18T00:00:00,1.5635
FUND21,2025-07-21T00:00:00,1.7834
FUND21,2025-07-22T00:00:00,2.1222
FUND21,2025-07-23T00:00:00,2.2489
FUND21,2025-07-24T00:00:00,2.1436
FUND21,2025-07-25T00:00:00,2.5231
FUND21,2025-07-28T00:00:00,2.4076
FUND21,2025-07-29T00:00:00,2.0395
FUND21,2025-07-30T00:00:00,2.046
FUND21,2025-07-31T00:00:00,2.1862
FUND21,2025-08-01T00:00:00,2.0444
FUND21,2025-08-04T00:00:00,1.8477
FUND21,2025-08-05T00:00:00,1.7853
FUND21,2025-08-06T00:00:00,1.7213
FUND21,2025-08-07T00:00:00,2.0285
FUND21,2025-08-08T00:00:00,2.0672
FUND21,2025-08-11T00:00:00,1.5833
FUND21,2025-08-12T00:00:00,2.0702
FUND21,2025-08-13T00:00:00,2.0335
FUND21,2025-08-14T00:00:00,2.1754
FUND21,2025-08-15T00:00:00,1.8958
FUND21,2025-08-18T00:00:00,2.1321
FUND21,2025-08-19T00:00:00,2.1793
FUND21,2025-08-20T00:00:00,2.0961
FUND21,2025-08-21T00:00:00,1.9342
FUND21,2025-08-22T00:00:00,2.2625
FUND21,2025-08-25T00:00:00,2.3377
FUND21,2025-08-26T00:00:00,2.5925
FUND21,2025-08-27T00:00:00,2.8348
FUND21,2025-08-28T00:00:00,3.0005
FUND21,2025-08-29T00:00:00,3.289
FUND21,2025-09-01T00:00:00,4.0283
FUND21,2025-09-02T00:00:00,4.1043
FUND21,2025-09-03T00:00:00,4.1271
FUND21,2025-09-04T00:00:00,3.9588
FUND21,2025-09-05T00:00:00,3.3475
FUND21,2025-09-08T00:00:00,3.5683
FUND21,2025-09-09T00:00:00,3.7363
FUND21,2025-09-10T00:00:00,4.4406
FUND21,2025-09-11T00:00:00,4.2308
FUND21,2025-09-12T00:00:00,4.3619
FUND21,2025-09-15T00:00:00,4.5471
FUND21,2025-09-16T00:00:00,4.455
FUND21,2025-09-17T00:00:00,4.4437
FUND21,2025-09-18T00:00:00,4.6855
FUND21,2025-09-19T00:00:00,4.9696
FUND21,2025-09-22T00:00:00,5.0236
FUND21,2025-09-23T00:00:00,4.9707
FUND21,2025-09-24T00:00:00,4.7817
FUND21,2025-09-25T00:00:00,4.774
FUND21,2025-09-26T00:00:00,4.9687
FUND21,2025-09-29T00:00:00,4.8896
FUND21,2025-09-30T00:00:00,4.6851
FUND21,2025-10-01T00:00:00,4.7115
FUND21,2025-10-02T00:00:00,4.8613
FUND21,2025-10-03T00:00:00,4.9402
FUND21,2025-10-06T00:00:00,5.2121
FUND21,2025-10-07T00:00:00,4.9832
FUND21,2025-10-08T00:00:00,4.9641
FUND21,2025-10-09T00:00:00,4.8694
FUND21,2025-10-10T00:00:00,5.175
FUND21,2025-10-13T00:00:00,5.1148
FUND21,2025-10-14T00:00:00,5.0073
FUND21,2025-10-15T00:00:00,5.2613
FUND21,2025-10-16T00:00:00,4.9715
FUND21,2025-10-17T00:00:00,4.9717
FUND21,2025-10-20T00:00:00,5.032
FUND21,2025-10-21T00:00:00,5.4218
FUND21,2025-10-22T00:00:00,4.9128
FUND21,2025-10-23T00:00:00,4.988
FUND21,2025-10-24T00:00:00,4.7849
FUND21,2025-10-27T00:00:00,5.0445
FUND21,2025-10-28T00:00:00,5.1754
FUND21,2025-10-29T00:00:00,4.9428
FUND21,2025-10-30T00:00:00,4.8991
FUND21,2025-10-31T00:00:00,4.6474
FUND21,2025-11-03T00:00:00,4.2933
FUND21,2025-11-04T00:00:00,4.1384
FUND21,2025-11-05T00:00:00,3.593
FUND21,2025-11-06T00:00:00,3.4241
FUND21,2025-11-07T00:00:00,3.0887
FUND21,2025-11-10T00:00:00,3.2964
FUND21,2025-11-11T00:00:00,3.1136
FUND21,2025-11-12T00:00:00,3.2132
FUND21,2025-11-13T00:00:00,3.2958
FUND21,2025-11-14T00:00:00,3.2147
FUND21,2025-11-17T00:00:00,3.403
FUND21,2025-11-18T00:00:00,3.1604
FUND21,2025-11-19T00:00:00,2.7964
FUND21,2025-11-20T00:00:00,2.4861
FUND21,2025-11-21T00:00:00,2.5752
FUND21,2025-11-24T00:00:00,2.4215
FUND22,2023-05-08T00:00:00,-0.772
FUND22,2023-05-09T00:00:00,-0.869
FUND22,2023-05-10T00:00:00,-0.85
FUND22,2023-05-11T00:00:00,-0.7532
FUND22,2023-05-12T00:00:00,-0.4224
FUND22,2023-05-15T00:00:00,-0.0891
FUND22,2023-05-16T00:00:00,0.0908
FUND22,2023-05-17T00:00:00,0.3845
FUND22,2023-05-18T00:00:00,0.3742
FUND22,2023-05-19T00:00:00,0.3105
FUND22,2023-05-22T00:00:00,0.498
FUND22,2023-05-23T00:00:00,0.3481
FUND22,2023-05-24T00:00:00,0.7592
FUND22,2023-05-25T00:00:00,0.5875
FUND22,2023-05-26T00:00:00,0.7219
FUND22,2023-05-29T00:00:00,0.7766
FUND22,2023-05-30T00:00:00,0.7683
FUND22,2023-05-31T00:00:00,0.8554
FUND22,2023-06-01T00:00:00,0.3459
FUND22,2023-06-02T00:00:00,0.0766
FUND22,2023-06-05T00:00:00,0.1544
FUND22,2023-06-06T00:00:00,0.049
FUND22,2023-06-07T00:00:00,0.0988
FUND22,2023-06-08T00:00:00,0.1303
FUND22,2023-06-09T00:00:00,0.6584
FUND22,2023-06-12T00:00:00,0.778
FUND22,2023-06-13T00:00:00,1.1571
FUND22,2023-06-14T00:00:00,1.0534
FUND22,2023-06-15T00:00:00,0.5084
FUND22,2023-06-16T00:00:00,0.0944
FUND22,2023-06-19T00:00:00,0.2529
FUND22,2023-06-20T00:00:00,0.4968
FUND22,2023-06-21T00:00:00,0.713
FUND22,2023-06-22T00:00:00,0.5068
FUND22,2023-06-23T00:00:00,0.7344
FUND22,2023-06-26T00:00:00,0.6644
FUND22,2023-06-27T00:00:00,0.7113
FUND22,2023-06-28T00:00:00,0.628
FUND22,2023-06-29T00:00:00,0.7862
FUND22,2023-06-30T00:00:00,1.027
FUND22,2023-07-03T00:00:00,0.85
FUND22,2023-07-04T00:00:00,1.0637
FUND22,2023-07-05T00:00:00,0.9009
FUND22,2023-07-06T00:00:00,1.1666
FUND22,2023-07-07T00:00:00,1.2055
FUND22,2023-07-10T00:00:00,1.3814
FUND22,2023-07-11T00:00:00,1.0664
FUND22,2023-07-12T00:00:00,1.2009
FUND22,2023-07-13T00:00:00,1.5882
FUND22,2023-07-14T00:00:00,1.9283
FUND22,2023-07-17T00:00:00,2.2216
FUND22,2023-07-18T00:00:00,2.6531
FUND22,2023-07-19T00:00:00,2.5826
FUND22,2023-07-20T00:00:00,2.4427
FUND22,2023-07-21T00:00:00,2.3701
FUND22,2023-07-24T00:00:00,2.714
FUND22,2023-07-25T00:00:00,3.1173
FUND22,2023-07-26T00:00:00,3.1462
FUND22,2023-07-27T00:00:00,3.2788
FUND22,2023-07-28T00:00:00,2.9793
FUND22,2023-07-31T00:00:00,3.2116
FUND22,2023-08-01T00:00:00,3.2689
FUND22,2023-08-02T00:00:00,3.4202
FUND22,2023-08-03T00:00:00,3.4177
FUND22,2023-08-04T00:00:00,3.3349
FUND22,2023-08-07T00:00:00,3.3267
FUND22,2023-08-08T00:00:00,3.5118
FUND22,2023-08-09T00:00:00,3.2271
FUND22,2023-08-10T00:00:00,2.8866
FUND22,2023-08-11T00:00:00,2.6016
FUND22,2023-08-14T00:00:00,2.3547
FUND22,2023-08-15T00:00:00,2.035
FUND22,2023-08-16T00:00:00,1.8933
FUND22,2023-08-17T00:00:00,1.8902
FUND22,2023-08-18T00:00:00,2.0542
FUND22,2023-08-21T00:00:00,2.0108
FUND22,2023-08-22T00:00:00,1.8335
FUND22,2023-08-23T00:00:00,2.064
FUND22,2023-08-24T00:00:00,2.2284
FUND22,2023-08-25T00:00:00,2.0001
FUND22,2023-08-28T00:00:00,2.138
FUND22,2023-08-29T00:00:00,2.5731
FUND22,2023-08-30T00:00:00,2.3049
FUND22,2023-08-31T00:00:00,2.354
FUND22,2023-09-01T00:00:00,2.1104
FUND22,2023-09-04T00:00:00,2.3959
FUND22,2023-09-05T00:00:00,2.2653
FUND22,2023-09-06T00:00:00,2.0494
FUND22,2023-09-07T00:00:00,2.373
FUND22,2023-09-08T00:00:00,2.4454
FUND22,2023-09-11T00:00:00,2.7369
FUND22,2023-09-12T00:00:00,2.6071
FUND22,2023-09-13T00:00:00,2.6198
FUND22,2023-09-14T00:00:00,2.7088
FUND22,2023-09-15T00:00:00,2.7662
FUND22,2023-09-18T00:00:00,2.3978
FUND22,2023-09-19T00:00:00,1.9754
FUND22,2023-09-20T00:00:00,1.8665
FUND22,2023-09-21T00:00:00,1.861
FUND22,2023-09-22T00:00:00,1.9734
FUND22,2023-09-25T00:00:00,1.8431
FUND22,2023-09-26T00:00:00,1.9262
FUND22,2023-09-27T00:00:00,1.8135
FUND22,2023-09-28T00:00:00,1.7135
FUND22,2023-09-29T00:00:00,1.6168
FUND22,2023-10-02T00:00:00,1.2795
FUND22,2023-10-03T00:00:00,1.033
FUND22,2023-10-04T00:00:00,0.9757
FUND22,2023-10-05T00:00:00,1.5278
FUND22,2023-10-06T00:00:00,1.6202
FUND22,2023-10-09T00:00:00,1.5335
FUND22,2023-10-10T00:00:00,1.955
FUND22,2023-10-11T00:00:00,1.8006
FUND22,2023-10-12T00:00:00,1.8201
FUND22,2023-10-13T00:00:00,1.4019
FUND22,2023-10-16T00:00:00,1.7049
FUND22,2023-10-17T00:00:00,1.9156
FUND22,2023-10-18T00:00:00,2.1896
FUND22,2023-10-19T00:00:00,2.5473
FUND22,2023-10-20T00:00:00,3.0201
FUND22,2023-10-23T00:00:00,3.0509
FUND22,2023-10-24T00:00:00,3.1756
FUND22,2023-10-25T00:00:00,3.1187
FUND22,2023-10-26T00:00:00,3.6082
FUND22,2023-10-27T00:00:00,3.4426
FUND22,2023-10-30T00:00:00,3.5113
FUND22,2023-10-31T00:00:00,3.408
FUND22,2023-11-01T00:00:00,3.0621
FUND22,2023-11-02T00:00:00,2.6396
FUND22,2023-11-03T00:00:00,2.5427
FUND22,2023-11-06T00:00:00,3.1763
FUND22,2023-11-07T00:00:00,3.2135
FUND22,2023-11-08T00:00:00,2.9985
FUND22,2023-11-09T00:00:00,2.6533
FUND22,2023-11-10T00:00:00,2.4854
FUND22,2023-11-13T00:00:00,2.8268
FUND22,2023-11-14T00:00:00,2.8146
FUND22,2023-11-15T00:00:00,2.6805
FUND22,2023-11-16T00:00:00,2.3563
FUND22,2023-11-17T00:00:00,2.0528
FUND22,2023-11-20T00:00:00,1.991
FUND22,2023-11-21T00:00:00,1.8194
FUND22,2023-11-22T00:00:00,1.1573
FUND22,2023-11-23T00:00:00,1.1722
FUND22,2023-11-24T00:00:00,1.3926
FUND22,2023-11-27T00:00:00,1.149
FUND22,2023-11-28T00:00:00,0.6892
FUND22,2023-11-29T00:00:00,0.403
FUND22,2023-11-30T00:00:00,0.2547
FUND22,2023-12-01T00:00:00,0.3622
FUND22,2023-12-04T00:00:00,0.1045
FUND22,2023-12-05T00:00:00,0.0998
FUND22,2023-12-06T00:00:00,-0.0096
FUND22,2023-12-07T00:00:00,-0.3825
FUND22,2023-12-08T00:00:00,-0.4673
FUND22,2023-12-11T00:00:00,-0.8199
FUND22,2023-12-12T00:00:00,-1.2439
FUND22,2023-12-13T00:00:00,-0.8085
FUND22,2023-12-14T00:00:00,-0.8077
FUND22,2023-12-15T00:00:00,-0.8298
FUND22,2023-12-18T00:00:00,-0.2813
FUND22,2023-12-19T00:00:00,-0.1719
FUND22,2023-12-20T00:00:00,-0.278
FUND22,2023-12-21T00:00:00,-0.304
FUND22,2023-12-22T00:00:00,-0.2094
FUND22,2023-12-25T00:00:00,0.2544
FUND22,2023-12-26T00:00:00,0.1328
FUND22,2023-12-27T00:00:00,0.1249
FUND22,2023-12-28T00:00:00,0.023
FUND22,2023-12-29T00:00:00,0.2407
FUND22,2024-01-01T00:00:00,0.1817
FUND22,2024-01-02T00:00:00,0.3972
FUND22,2024-01-03T00:00:00,0.7131
FUND22,2024-01-04T00:00:00,0.58
FUND22,2024-01-05T00:00:00,0.6166
FUND22,2024-01-08T00:00:00,0.2598
FUND22,2024-01-09T00:00:00,0.4156
FUND22,2024-01-10T00:00:00,0.9443
FUND22,2024-01-11T00:00:00,0.9504
FUND22,2024-01-12T00:00:00,1.0567
FUND22,2024-01-15T00:00:00,0.9087
FUND22,2024-01-16T00:00:00,1.1453
FUND22,2024-01-17T00:00:00,1.2084
FUND22,2024-01-18T00:00:00,1.1675
FUND22,2024-01-19T00:00:00,1.07
FUND22,2024-01-22T00:00:00,1.2794
FUND22,2024-01-23T00:00:00,1.4337
FUND22,2024-01-24T00:00:00,1.5394
FUND22,2024-01-25T00:00:00,1.4217
FUND22,2024-01-26T00:00:00,1.2801
FUND22,2024-01-29T00:00:00,1.3381
FUND22,2024-01-30T00:00:00,1.5629
FUND22,2024-01-31T00:00:00,0.9548
FUND22,2024-02-01T00:00:00,1.2112
FUND22,2024-02-02T00:00:00,1.2812
FUND22,2024-02-05T00:00:00,1.0374
FUND22,2024-02-06T00:00:00,1.3881
FUND22,2024-02-07T00:00:00,1.8087
FUND22,2024-02-08T00:00:00,1.2421
FUND22,2024-02-09T00:00:00,1.2997
FUND22,2024-02-12T00:00:00,1.1884
FUND22,2024-02-13T00:00:00,0.7763
FUND22,2024-02-14T00:00:00,1.1541
FUND22,2024-02-15T00:00:00,0.9822
FUND22,2024-02-16T00:00:00,1.1378
FUND22,2024-02-19T00:00:00,0.7423
FUND22,2024-02-20T00:00:00,0.4674
FUND22,2024-02-21T00:00:00,0.4085
FUND22,2024-02-22T00:00:00,0.5616
FUND22,2024-02-23T00:00:00,0.5694
FUND22,2024-02-26T00:00:00,-0.2535
FUND22,2024-02-27T00:00:00,-0.331
FUND22,2024-02-28T00:00:00,-0.3309
FUND22,2024-02-29T00:00:00,-0.7042
FUND22,2024-03-01T00:00:00,-1.136
FUND22,2024-03-04T00:00:00,-1.3704
FUND22,2024-03-05T00:00:00,-1.6591
FUND22,2024-03-06T00:00:00,-1.6404
FUND22,2024-03-07T00:00:00,-1.6835
FUND22,2024-03-08T00:00:00,-1.8724
FUND22,2024-03-11T00:00:00,-2.2926
FUND22,2024-03-12T00:00:00,-2.5181
FUND22,2024-03-13T00:00:00,-2.2708
FUND22,2024-03-14T00:00:00,-1.609
FUND22,2024-03-15T00:00:00,-1.8176
FUND22,2024-03-18T00:00:00,-1.8863
FUND22,2024-03-19T00:00:00,-2.0203
FUND22,2024-03-20T00:00:00,-1.8364
FUND22,2024-03-21T00:00:00,-1.7026
FUND22,2024-03-22T00:00:00,-1.3949
FUND22,2024-03-25T00:00:00,-1.4226
FUND22,2024-03-26T00:00:00,-1.5661
FUND22,2024-03-27T00:00:00,-1.1892
FUND22,2024-03-28T00:00:00,-1.1424
FUND22,2024-03-29T00:00:00,-1.2411
FUND22,2024-04-01T00:00:00,-0.8241
FUND22,2024-04-02T00:00:00,-0.4881
FUND22,2024-04-03T00:00:00,-0.2589
FUND22,2024-04-04T00:00:00,-0.2591
FUND22,2024-04-05T00:00:00,-0.4599
FUND22,2024-04-08T00:00:00,-0.188
FUND22,2024-04-09T00:00:00,-0.2064
FUND22,2024-04-10T00:00:00,-0.4631
FUND22,2024-04-11T00:00:00,-0.2529
FUND22,2024-04-12T00:00:00,-0.3164
FUND22,2024-04-15T00:00:00,-0.2068
FUND22,2024-04-16T00:00:00,-0.0858
FUND22,2024-04-17T00:00:00,-0.4509
FUND22,2024-04-18T00:00:00,-0.1426
FUND22,2024-04-19T00:00:00,0.0683
FUND22,2024-04-22T00:00:00,-0.3078
FUND22,2024-04-23T00:00:00,-0.361
FUND22,2024-04-24T00:00:00,-0.2355
FUND22,2024-04-25T00:00:00,-0.3398
FUND22,2024-04-26T00:00:00,-0.361
FUND22,2024-04-29T00:00:00,-0.9375
FUND22,2024-04-30T00:00:00,-1.0249
FUND22,2024-05-01T00:00:00,-0.7801
FUND22,2024-05-02T00:00:00,-1.0529
FUND22,2024-05-03T00:00:00,-0.8998
FUND22,2024-05-06T00:00:00,-0.7463
FUND22,2024-05-07T00:00:00,-0.8216
FUND22,2024-05-08T00:00:00,-0.9622
FUND22,2024-05-09T00:00:00,-0.8799
FUND22,2024-05-10T00:00:00,-0.7081
FUND22,2024-05-13T00:00:00,-0.6093
FUND22,2024-05-14T00:00:00,-0.578
FUND22,2024-05-15T00:00:00,-0.841
FUND22,2024-05-16T00:00:00,-0.8988
FUND22,2024-05-17T00:00:00,-1.1635
FUND22,2024-05-20T00:00:00,-1.0753
FUND22,2024-05-21T00:00:00,-0.982
FUND22,2024-05-22T00:00:00,-1.2012
FUND22,2024-05-23T00:00:00,-1.3417
FUND22,2024-05-24T00:00:00,-1.5015
FUND22,2024-05-27T00:00:00,-1.3549
FUND22,2024-05-28T00:00:00,-1.5738
FUND22,2024-05-29T00:00:00,-1.3571
FUND22,2024-05-30T00:00:00,-1.1434
FUND22,2024-05-31T00:00:00,-1.3286
FUND22,2024-06-03T00:00:00,-1.7716
FUND22,2024-06-04T00:00:00,-1.9498
FUND22,2024-06-05T00:00:00,-1.6693
FUND22,2024-06-06T00:00:00,-1.707
FUND22,2024-06-07T00:00:00,-1.6687
FUND22,2024-06-10T00:00:00,-1.5198
FUND22,2024-06-11T00:00:00,-1.2853
FUND22,2024-06-12T00:00:00,-1.3556
FUND22,2024-06-13T00:00:00,-1.1573
FUND22,2024-06-14T00:00:00,-0.9137
FUND22,2024-06-17T00:00:00,-0.9541
FUND22,2024-06-18T00:00:00,-0.5744
FUND22,2024-06-19T00:00:00,-1.0432
FUND22,2024-06-20T00:00:00,-0.6482
FUND22,2024-06-21T00:00:00,-1.0331
FUND22,2024-06-24T00:00:00,-1.0213
FUND22,2024-06-25T00:00:00,-1.0025
FUND22,2024-06-26T00:00:00,-0.8372
FUND22,2024-06-27T00:00:00,-0.9028
FUND22,2024-06-28T00:00:00,-0.6686
FUND22,2024-07-01T00:00:00,-0.1235
FUND22,2024-07-02T00:00:00,-0.1025
FUND22,2024-07-03T00:00:00,0.0534
FUND22,2024-07-04T00:00:00,0.6274
FUND22,2024-07-05T00:00:00,0.6989
FUND22,2024-07-08T00:00:00,1.2047
FUND22,2024-07-09T00:00:00,1.7348
FUND22,2024-07-10T00:00:00,1.8397
FUND22,2024-07-11T00:00:00,2.1685
FUND22,2024-07-12T00:00:00,2.1468
FUND22,2024-07-15T00:00:00,2.236
FUND22,2024-07-16T00:00:00,2.4493
FUND22,2024-07-17T00:00:00,2.6067
FUND22,2024-07-18T00:00:00,2.2701
FUND22,2024-07-19T00:00:00,2.3598
FUND22,2024-07-22T00:00:00,2.4138
FUND22,2024-07-23T00:00:00,2.9225
FUND22,2024-07-24T00:00:00,2.8318
FUND22,2024-07-25T00:00:00,2.8596
FUND22,2024-07-26T00:00:00,2.4349
FUND22,2024-07-29T00:00:00,2.4357
FUND22,2024-07-30T00:00:00,2.5917
FUND22,2024-07-31T00:00:00,2.7488
FUND22,2024-08-01T00:00:00,2.7637
FUND22,2024-08-02T00:00:00,3.1638
FUND22,2024-08-05T00:00:00,2.8521
FUND22,2024-08-06T00:00:00,2.2503
FUND22,2024-08-07T00:00:00,2.2531
FUND22,2024-08-08T00:00:00,2.227
FUND22,2024-08-09T00:00:00,2.3234
FUND22,2024-08-12T00:00:00,1.7892
FUND22,2024-08-13T00:00:00,1.8646
FUND22,2024-08-14T00:00:00,1.9035
FUND22,2024-08-15T00:00:00,1.7505
FUND22,2024-08-16T00:00:00,1.9034
FUND22,2024-08-19T00:00:00,2.1611
FUND22,2024-08-20T00:00:00,2.2006
FUND22,2024-08-21T00:00:00,2.2916
FUND22,2024-08-22T00:00:00,1.8247
FUND22,2024-08-23T00:00:00,2.1051
FUND22,2024-08-26T00:00:00,1.6145
FUND22,2024-08-27T00:00:00,1.6635
FUND22,2024-08-28T00:00:00,1.34
FUND22,2024-08-29T00:00:00,1.4937
FUND22,2024-08-30T00:00:00,1.4038
FUND22,2024-09-02T00:00:00,1.7928
FUND22,2024-09-03T00:00:00,1.7845
FUND22,2024-09-04T00:00:00,1.0928
FUND22,2024-09-05T00:00:00,1.5204
FUND22,2024-09-06T00:00:00,1.3996
FUND22,2024-09-09T00:00:00,1.0786
FUND22,2024-09-10T00:00:00,0.917
FUND22,2024-09-11T00:00:00,0.7949
FUND22,2024-09-12T00:00:00,0.1059
FUND22,2024-09-13T00:00:00,0.1603
FUND22,2024-09-16T00:00:00,0.3337
FUND22,2024-09-17T00:00:00,0.2285
FUND22,2024-09-18T00:00:00,0.3549
FUND22,2024-09-19T00:00:00,0.5982
FUND22,2024-09-20T00:00:00,0.6482
FUND22,2024-09-23T00:00:00,0.5242
FUND22,2024-09-24T00:00:00,0.3477
FUND22,2024-09-25T00:00:00,0.4955
FUND22,2024-09-26T00:00:00,0.3745
FUND22,2024-09-27T00:00:00,0.5819
FUND22,2024-09-30T00:00:00,0.4254
FUND22,2024-10-01T00:00:00,0.6551
FUND22,2024-10-02T00:00:00,0.5243
FUND22,2024-10-03T00:00:00,0.4892
FUND22,2024-10-04T00:00:00,0.7032
FUND22,2024-10-07T00:00:00,0.8295
FUND22,2024-10-08T00:00:00,0.503
FUND22,2024-10-09T00:00:00,0.7427
FUND22,2024-10-10T00:00:00,0.8077
FUND22,2024-10-11T00:00:00,0.8132
FUND22,2024-10-14T00:00:00,1.1994
FUND22,2024-10-15T00:00:00,0.8075
FUND22,2024-10-16T00:00:00,0.7971
FUND22,2024-10-17T00:00:00,0.7359
FUND22,2024-10-18T00:00:00,0.7554
FUND22,2024-10-21T00:00:00,0.7288
FUND22,2024-10-22T00:00:00,0.7027
FUND22,2024-10-23T00:00:00,1.086
FUND22,2024-10-24T00:00:00,0.8686
FUND22,2024-10-25T00:00:00,1.3676
FUND22,2024-10-28T00:00:00,1.4587
FUND22,2024-10-29T00:00:00,1.4211
FUND22,2024-10-30T00:00:00,1.383
FUND22,2024-10-31T00:00:00,1.182
FUND22,2024-11-01T00:00:00,0.8967
FUND22,2024-11-04T00:00:00,1.0327
FUND22,2024-11-05T00:00:00,1.2173
FUND22,2024-11-06T00:00:00,1.0024
FUND22,2024-11-07T00:00:00,0.5592
FUND22,2024-11-08T00:00:00,0.8882
FUND22,2024-11-11T00:00:00,0.5564
FUND22,2024-11-12T00:00:00,0.3517
FUND22,2024-11-13T00:00:00,0.1369
FUND22,2024-11-14T00:00:00,0.3113
FUND22,2024-11-15T00:00:00,0.4699
FUND22,2024-11-18T00:00:00,0.5716
FUND22,2024-11-19T00:00:00,0.5066
FUND22,2024-11-20T00:00:00,0.1806
FUND22,2024-11-21T00:00:00,0.3042
FUND22,2024-11-22T00:00:00,0.3711
FUND22,2024-11-25T00:00:00,0.2535
FUND22,2024-11-26T00:00:00,0.3599
FUND22,2024-11-27T00:00:00,0.6218
FUND22,2024-11-28T00:00:00,0.9967
FUND22,2024-11-29T00:00:00,1.4792
FUND22,2024-12-02T00:00:00,1.5645
FUND22,2024-12-03T00:00:00,1.6775
FUND22,2024-12-04T00:00:00,1.3368
FUND22,2024-12-05T00:00:00,1.3082
FUND22,2024-12-06T00:00:00,0.8385
FUND22,2024-12-09T00:00:00,0.7273
FUND22,2024-12-10T00:00:00,1.2734
FUND22,2024-12-11T00:00:00,1.0968
FUND22,2024-12-12T00:00:00,0.9368
FUND22,2024-12-13T00:00:00,0.9024
FUND22,2024-12-16T00:00:00,1.2791
FUND22,2024-12-17T00:00:00,1.2116
FUND22,2024-12-18T00:00:00,1.3776
FUND22,2024-12-19T00:00:00,1.1964
FUND22,2024-12-20T00:00:00,1.124
FUND22,2024-12-23T00:00:00,1.194
FUND22,2024-12-24T00:00:00,1.0413
FUND22,2024-12-25T00:00:00,0.9024
FUND22,2024-12-26T00:00:00,1.1765
FUND22,2024-12-27T00:00:00,0.8852
FUND22,2024-12-30T00:00:00,1.4757
FUND22,2024-12-31T00:00:00,1.3201
FUND22,2025-01-01T00:00:00,1.4526
FUND22,2025-01-02T00:00:00,1.565
FUND22,2025-01-03T00:00:00,1.7741
FUND22,2025-01-06T00:00:00,1.8185
FUND22,2025-01-07T00:00:00,1.7321
FUND22,2025-01-08T00:00:00,2.0206
FUND22,2025-01-09T00:00:00,2.1149
FUND22,2025-01-10T00:00:00,2.2152
FUND22,2025-01-13T00:00:00,2.2586
FUND22,2025-01-14T00:00:00,2.1658
FUND22,2025-01-15T00:00:00,2.3033
FUND22,2025-01-16T00:00:00,3.025
FUND22,2025-01-17T00:00:00,2.6642
FUND22,2025-01-20T00:00:00,2.6333
FUND22,2025-01-21T00:00:00,2.7428
FUND22,2025-01-22T00:00:00,2.5964
FUND22,2025-01-23T00:00:00,2.4594
FUND22,2025-01-24T00:00:00,2.3973
FUND22,2025-01-27T00:00:00,2.3476
FUND22,2025-01-28T00:00:00,2.1462
FUND22,2025-01-29T00:00:00,2.2315
FUND22,2025-01-30T00:00:00,2.6199
FUND22,2025-01-31T00:00:00,2.4924
FUND22,2025-02-03T00:00:00,2.7942
FUND22,2025-02-04T00:00:00,2.8235
FUND22,2025-02-05T00:00:00,2.7015
FUND22,2025-02-06T00:00:00,2.8763
FUND22,2025-02-07T00:00:00,2.6287
FUND22,2025-02-10T00:00:00,2.7453
FUND22,2025-02-11T00:00:00,2.8969
FUND22,2025-02-12T00:00:00,2.389
FUND22,2025-02-13T00:00:00,2.293
FUND22,2025-02-14T00:00:00,2.0846
FUND22,2025-02-17T00:00:00,1.9359
FUND22,2025-02-18T00:00:00,1.9778
FUND22,2025-02-19T00:00:00,2.2817
FUND22,2025-02-20T00:00:00,2.5071
FUND22,2025-02-21T00:00:00,2.1863
FUND22,2025-02-24T00:00:00,2.4914
FUND22,2025-02-25T00:00:00,2.4264
FUND22,2025-02-26T00:00:00,2.5507
FUND22,2025-02-27T00:00:00,2.2486
FUND22,2025-02-28T00:00:00,2.0135
FUND22,2025-03-03T00:00:00,2.226
FUND22,2025-03-04T00:00:00,2.3762
FUND22,2025-03-05T00:00:00,2.1683
FUND22,2025-03-06T00:00:00,2.1553
FUND22,2025-03-07T00:00:00,2.132
FUND22,2025-03-10T00:00:00,2.1815
FUND22,2025-03-11T00:00:00,2.127
FUND22,2025-03-12T00:00:00,2.1795
FUND22,2025-03-13T00:00:00,2.6402
FUND22,2025-03-14T00:00:00,2.4972
FUND22,2025-03-17T00:00:00,2.6076
FUND22,2025-03-18T00:00:00,2.4807
FUND22,2025-03-19T00:00:00,2.6907
FUND22,2025-03-20T00:00:00,2.5435
FUND22,2025-03-21T00:00:00,2.1892
FUND22,2025-03-24T00:00:00,2.347
FUND22,2025-03-25T00:00:00,2.4979
FUND22,2025-03-26T00:00:00,2.7976
FUND22,2025-03-27T00:00:00,2.7687
FUND22,2025-03-28T00:00:00,2.5301
FUND22,2025-03-31T00:00:00,2.4456
FUND22,2025-04-01T00:00:00,2.5168
FUND22,2025-04-02T00:00:00,2.0016
FUND22,2025-04-03T00:00:00,1.7859
FUND22,2025-04-04T00:00:00,1.2996
FUND22,2025-04-07T00:00:00,0.9255
FUND22,2025-04-08T00:00:00,0.8069
FUND22,2025-04-09T00:00:00,1.0069
FUND22,2025-04-10T00:00:00,0.8982
FUND22,2025-04-11T00:00:00,1.3332
FUND22,2025-04-14T00:00:00,1.3487
FUND22,2025-04-15T00:00:00,1.5523
FUND22,2025-04-16T00:00:00,1.7854
FUND22,2025-04-17T00:00:00,1.9448
FUND22,2025-04-18T00:00:00,2.3869
FUND22,2025-04-21T00:00:00,2.3622
FUND22,2025-04-22T00:00:00,2.4103
FUND22,2025-04-23T00:00:00,2.3364
FUND22,2025-04-24T00:00:00,2.8589
FUND22,2025-04-25T00:00:00,2.9606
FUND22,2025-04-28T00:00:00,2.9462
FUND22,2025-04-29T00:00:00,3.2302
FUND22,2025-04-30T00:00:00,3.5195
FUND22,2025-05-01T00:00:00,3.5335
FUND22,2025-05-02T00:00:00,3.2447
FUND22,2025-05-05T00:00:00,3.0973
FUND22,2025-05-06T00:00:00,3.0887
FUND22,2025-05-07T00:00:00,3.1719
FUND22,2025-05-08T00:00:00,3.2322
FUND22,2025-05-09T00:00:00,3.3055
FUND22,2025-05-12T00:00:00,3.003
FUND22,2025-05-13T00:00:00,2.9089
FUND22,2025-05-14T00:00:00,2.9858
FUND22,2025-05-15T00:00:00,2.7783
FUND22,2025-05-16T00:00:00,2.7627
FUND22,2025-05-19T00:00:00,2.8342
FUND22,2025-05-20T00:00:00,2.9181
FUND22,2025-05-21T00:00:00,3.295
FUND22,2025-05-22T00:00:00,3.162
FUND22,2025-05-23T00:00:00,3.1705
FUND22,2025-05-26T00:00:00,2.781
FUND22,2025-05-27T00:00:00,2.2887
FUND22,2025-05-28T00:00:00,2.4255
FUND22,2025-05-29T00:00:00,2.5841
FUND22,2025-05-30T00:00:00,2.6313
FUND22,2025-06-02T00:00:00,2.8597
FUND22,2025-06-03T00:00:00,3.0617
FUND22,2025-06-04T00:00:00,2.8649
FUND22,2025-06-05T00:00:00,2.6836
FUND22,2025-06-06T00:00:00,2.2416
FUND22,2025-06-09T00:00:00,1.7554
FUND22,2025-06-10T00:00:00,1.7786
FUND22,2025-06-11T00:00:00,1.8708
FUND22,2025-06-12T00:00:00,1.682
FUND22,2025-06-13T00:00:00,1.9486
FUND22,2025-06-16T00:00:00,1.9277
FUND22,2025-06-17T00:00:00,2.5523
FUND22,2025-06-18T00:00:00,3.1054
FUND22,2025-06-19T00:00:00,3.1596
FUND22,2025-06-20T00:00:00,3.1799
FUND22,2025-06-23T00:00:00,3.182
FUND22,2025-06-24T00:00:00,3.5209
FUND22,2025-06-25T00:00:00,3.4462
FUND22,2025-06-26T00:00:00,3.0727
FUND22,2025-06-27T00:00:00,3.2068
FUND22,2025-06-30T00:00:00,3.0314
FUND22,2025-07-01T00:00:00,2.7018
FUND22,2025-07-02T00:00:00,2.4488
FUND22,2025-07-03T00:00:00,2.4828
FUND22,2025-07-04T00:00:00,2.4762
FUND22,2025-07-07T00:00:00,2.3203
FUND22,2025-07-08T00:00:00,2.3878
FUND22,2025-07-09T00:00:00,2.5754
FUND22,2025-07-10T00:00:00,2.5082
FUND22,2025-07-11T00:00:00,2.7506
FUND22,2025-07-14T00:00:00,2.4509
FUND22,2025-07-15T00:00:00,2.6756
FUND22,2025-07-16T00:00:00,2.6419
FUND22,2025-07-17T00:00:00,2.6058
FUND22,2025-07-18T00:00:00,2.8396
FUND22,2025-07-21T00:00:00,2.734
FUND22,2025-07-22T00:00:00,2.8071
FUND22,2025-07-23T00:00:00,3.0582
FUND22,2025-07-24T00:00:00,2.9223
FUND22,2025-07-25T00:00:00,3.2059
FUND22,2025-07-28T00:00:00,2.9867
FUND22,2025-07-29T00:00:00,2.7951
FUND22,2025-07-30T00:00:00,2.6849
FUND22,2025-07-31T00:00:00,2.1391
FUND22,2025-08-01T00:00:00,2.3492
FUND22,2025-08-04T00:00:00,2.2592
FUND22,2025-08-05T00:00:00,1.937
FUND22,2025-08-06T00:00:00,2.4445
FUND22,2025-08-07T00:00:00,2.0614
FUND22,2025-08-08T00:00:00,2.1054
FUND22,2025-08-11T00:00:00,2.3401
FUND22,2025-08-12T00:00:00,2.1937
FUND22,2025-08-13T00:00:00,2.3913
FUND22,2025-08-14T00:00:00,2.6503
FUND22,2025-08-15T00:00:00,2.7453
FUND22,2025-08-18T00:00:00,2.9681
FUND22,2025-08-19T00:00:00,2.4796
FUND22,2025-08-20T00:00:00,2.3488
FUND22,2025-08-21T00:00:00,2.1983
FUND22,2025-08-22T00:00:00,2.2176
FUND22,2025-08-25T00:00:00,2.4303
FUND22,2025-08-26T00:00:00,2.1324
FUND22,2025-08-27T00:00:00,1.9942
FUND22,2025-08-28T00:00:00,1.7181
FUND22,2025-08-29T00:00:00,1.6428
FUND22,2025-09-01T00:00:00,1.5348
FUND22,2025-09-02T00:00:00,1.3925
FUND22,2025-09-03T00:00:00,1.1974
FUND22,2025-09-04T00:00:00,1.4639
FUND22,2025-09-05T00:00:00,1.6638
FUND22,2025-09-08T00:00:00,1.5981
FUND22,2025-09-09T00:00:00,1.8115
FUND22,2025-09-10T00:00:00,2.0412
FUND22,2025-09-11T00:00:00,1.9319
FUND22,2025-09-12T00:00:00,1.8072
FUND22,2025-09-15T00:00:00,1.9288
FUND22,2025-09-16T00:00:00,2.1396
FUND22,2025-09-17T00:00:00,2.3841
FUND22,2025-09-18T00:00:00,2.5805
FUND22,2025-09-19T00:00:00,1.9372
FUND22,2025-09-22T00:00:00,2.032
FUND22,2025-09-23T00:00:00,2.1937
FUND22,2025-09-24T00:00:00,1.8623
FUND22,2025-09-25T00:00:00,1.7244
FUND22,2025-09-26T00:00:00,2.0188
FUND22,2025-09-29T00:00:00,2.3368
FUND22,2025-09-30T00:00:00,2.8058
FUND22,2025-10-01T00:00:00,2.5039
FUND22,2025-10-02T00:00:00,2.3364
FUND22,2025-10-03T00:00:00,2.2055
FUND22,2025-10-06T00:00:00,1.9798
FUND22,2025-10-07T00:00:00,1.9977
FUND22,2025-10-08T00:00:00,2.0973
FUND22,2025-10-09T00:00:00,1.7797
FUND22,2025-10-10T00:00:00,1.9585
FUND22,2025-10-13T00:00:00,2.2537
FUND22,2025-10-14T00:00:00,2.1826
FUND22,2025-10-15T00:00:00,2.1972
FUND22,2025-10-16T00:00:00,1.9427
FUND22,2025-10-17T00:00:00,1.9214
FUND22,2025-10-20T00:00:00,1.7996
FUND22,2025-10-21T00:00:00,1.3968
FUND22,2025-10-22T00:00:00,0.8825
FUND22,2025-10-23T00:00:00,0.6555
FUND22,2025-10-24T00:00:00,0.5778
FUND22,2025-10-27T00:00:00,0.4168
FUND22,2025-10-28T00:00:00,-0.0765
FUND22,2025-10-29T00:00:00,-0.4178
FUND22,2025-10-30T00:00:00,-0.2245
FUND22,2025-10-31T00:00:00,-0.2805
FUND22,2025-11-03T00:00:00,-0.4376
FUND22,2025-11-04T00:00:00,-0.2855
FUND22,2025-11-05T00:00:00,-0.551
FUND22,2025-11-06T00:00:00,-0.597
FUND22,2025-11-07T00:00:00,-0.5358
FUND22,2025-11-10T00:00:00,-0.5337
FUND22,2025-11-11T00:00:00,-0.6038
FUND22,2025-11-12T00:00:00,-0.8582
FUND22,2025-11-13T00:00:00,-0.8603
FUND22,2025-11-14T00:00:00,-0.8252
FUND22,2025-11-17T00:00:00,-1.0568
FUND22,2025-11-18T00:00:00,-1.6434
FUND22,2025-11-19T00:00:00,-1.4055
FUND22,2025-11-20T00:00:00,-1.6147
FUND22,2025-11-21T00:00:00,-1.536
FUND22,2025-11-24T00:00:00,-1.0946
FUND23,2023-05-08T00:00:00,2.517
FUND23,2023-05-09T00:00:00,2.8669
FUND23,2023-05-10T00:00:00,2.8385
FUND23,2023-05-11T00:00:00,3.2347
FUND23,2023-05-12T00:00:00,3.459
FUND23,2023-05-15T00:00:00,3.2766
FUND23,2023-05-16T00:00:00,2.933
FUND23,2023-05-17T00:00:00,3.0963
FUND23,2023-05-18T00:00:00,2.9063
FUND23,2023-05-19T00:00:00,2.9487
FUND23,2023-05-22T00:00:00,2.5413
FUND23,2023-05-23T00:00:00,2.5384
FUND23,2023-05-24T00:00:00,2.5659
FUND23,2023-05-25T00:00:00,2.4908
FUND23,2023-05-26T00:00:00,2.1662
FUND23,2023-05-29T00:00:00,1.9108
FUND23,2023-05-30T00:00:00,1.8181
FUND23,2023-05-31T00:00:00,1.26
FUND23,2023-06-01T00:00:00,1.5069
FUND23,2023-06-02T00:00:00,1.4082
FUND23,2023-06-05T00:00:00,1.5062
FUND23,2023-06-06T00:00:00,1.6988
FUND23,2023-06-07T00:00:00,1.636
FUND23,2023-06-08T00:00:00,1.5936
FUND23,2023-06-09T00:00:00,2.0449
FUND23,2023-06-12T00:00:00,2.0291
FUND23,2023-06-13T00:00:00,1.877
FUND23,2023-06-14T00:00:00,2.0177
FUND23,2023-06-15T00:00:00,1.9272
FUND23,2023-06-16T00:00:00,2.0712
FUND23,2023-06-19T00:00:00,2.0086
FUND23,2023-06-20T00:00:00,1.7452
FUND23,2023-06-21T00:00:00,2.1992
FUND23,2023-06-22T00:00:00,2.4679
FUND23,2023-06-23T00:00:00,2.4257
FUND23,2023-06-26T00:00:00,2.4469
FUND23,2023-06-27T00:00:00,2.5677
FUND23,2023-06-28T00:00:00,2.3246
FUND23,2023-06-29T00:00:00,2.44
FUND23,2023-06-30T00:00:00,2.4973
FUND23,2023-07-03T00:00:00,2.933
FUND23,2023-07-04T00:00:00,2.8272
FUND23,2023-07-05T00:00:00,2.2048
FUND23,2023-07-06T00:00:00,2.5002
FUND23,2023-07-07T00:00:00,2.3662
FUND23,2023-07-10T00:00:00,2.0404
FUND23,2023-07-11T00:00:00,1.958
FUND23,2023-07-12T00:00:00,2.1486
FUND23,2023-07-13T00:00:00,2.2165
FUND23,2023-07-14T00:00:00,2.5445
FUND23,2023-07-17T00:00:00,2.3404
FUND23,2023-07-18T00:00:00,2.2031
FUND23,2023-07-19T00:00:00,1.7705
FUND23,2023-07-20T00:00:00,1.7451
FUND23,2023-07-21T00:00:00,1.6472
FUND23,2023-07-24T00:00:00,1.7874
FUND23,2023-07-25T00:00:00,1.7141
FUND23,2023-07-26T00:00:00,2.1652
FUND23,2023-07-27T00:00:00,2.0941
FUND23,2023-07-28T00:00:00,2.0493
FUND23,2023-07-31T00:00:00,1.8771
FUND23,2023-08-01T00:00:00,1.6457
FUND23,2023-08-02T00:00:00,1.4482
FUND23,2023-08-03T00:00:00,1.2149
FUND23,2023-08-04T00:00:00,1.1812
FUND23,2023-08-07T00:00:00,1.2586
FUND23,2023-08-08T00:00:00,1.0612
FUND23,2023-08-09T00:00:00,0.9251
FUND23,2023-08-10T00:00:00,1.5912
FUND23,2023-08-11T00:00:00,1.5544
FUND23,2023-08-14T00:00:00,1.661
FUND23,2023-08-15T00:00:00,1.5663
FUND23,2023-08-16T00:00:00,1.3596
FUND23,2023-08-17T00:00:00,1.1749
FUND23,2023-08-18T00:00:00,1.1475
FUND23,2023-08-21T00:00:00,1.2971
FUND23,2023-08-22T00:00:00,1.0914
FUND23,2023-08-23T00:00:00,0.8316
FUND23,2023-08-24T00:00:00,1.0412
FUND23,2023-08-25T00:00:00,0.9802
FUND23,2023-08-28T00:00:00,0.8406
FUND23,2023-08-29T00:00:00,1.2533
FUND23,2023-08-30T00:00:00,1.1438
FUND23,2023-08-31T00:00:00,0.7643
FUND23,2023-09-01T00:00:00,0.2943
FUND23,2023-09-04T00:00:00,0.4753
FUND23,2023-09-05T00:00:00,0.4622
FUND23,2023-09-06T00:00:00,0.1469
FUND23,2023-09-07T00:00:00,0.2389
FUND23,2023-09-08T00:00:00,0.2917
FUND23,2023-09-11T00:00:00,0.0079
FUND23,2023-09-12T00:00:00,-0.1571
FUND23,2023-09-13T00:00:00,0.1162
FUND23,2023-09-14T00:00:00,0.0739
FUND23,2023-09-15T00:00:00,-0.0216
FUND23,2023-09-18T00:00:00,0.1648
FUND23,2023-09-19T00:00:00,0.3806
FUND23,2023-09-20T00:00:00,0.442
FUND23,2023-09-21T00:00:00,0.8274
FUND23,2023-09-22T00:00:00,0.7366
FUND23,2023-09-25T00:00:00,1.2606
FUND23,2023-09-26T00:00:00,1.108
FUND23,2023-09-27T00:00:00,0.8304
FUND23,2023-09-28T00:00:00,0.8484
FUND23,2023-09-29T00:00:00,1.4131
FUND23,2023-10-02T00:00:00,1.5987
FUND23,2023-10-03T00:00:00,1.9212
FUND23,2023-10-04T00:00:00,2.4724
FUND23,2023-10-05T00:00:00,2.4812
FUND23,2023-10-06T00:00:00,2.2867
FUND23,2023-10-09T00:00:00,2.3546
FUND23,2023-10-10T00:00:00,2.2753
FUND23,2023-10-11T00:00:00,2.2819
FUND23,2023-10-12T00:00:00,2.2595
FUND23,2023-10-13T00:00:00,1.9792
FUND23,2023-10-16T00:00:00,2.3299
FUND23,2023-10-17T00:00:00,2.1536
FUND23,2023-10-18T00:00:00,1.9261
FUND23,2023-10-19T00:00:00,2.0548
FUND23,2023-10-20T00:00:00,2.1583
FUND23,2023-10-23T00:00:00,2.1445
FUND23,2023-10-24T00:00:00,2.081
FUND23,2023-10-25T00:00:00,1.9035
FUND23,2023-10-26T00:00:00,2.012
FUND23,2023-10-27T00:00:00,2.1796
FUND23,2023-10-30T00:00:00,2.218
FUND23,2023-10-31T00:00:00,1.9578
FUND23,2023-11-01T00:00:00,1.6989
FUND23,2023-11-02T00:00:00,1.5548
FUND23,2023-11-03T00:00:00,1.2684
FUND23,2023-11-06T00:00:00,1.2049
FUND23,2023-11-07T00:00:00,1.1279
FUND23,2023-11-08T00:00:00,1.1668
FUND23,2023-11-09T00:00:00,1.1857
FUND23,2023-11-10T00:00:00,1.3009
FUND23,2023-11-13T00:00:00,1.0938
FUND23,2023-11-14T00:00:00,0.8759
FUND23,2023-11-15T00:00:00,0.3777
FUND23,2023-11-16T00:00:00,0.2972
FUND23,2023-11-17T00:00:00,0.1699
FUND23,2023-11-20T00:00:00,0.6315
FUND23,2023-11-21T00:00:00,0.7564
FUND23,2023-11-22T00:00:00,1.1491
FUND23,2023-11-23T00:00:00,1.2797
FUND23,2023-11-24T00:00:00,1.3933
FUND23,2023-11-27T00:00:00,1.3425
FUND23,2023-11-28T00:00:00,1.2921
FUND23,2023-11-29T00:00:00,1.0181
FUND23,2023-11-30T00:00:00,1.2386
FUND23,2023-12-01T00:00:00,1.3314
FUND23,2023-12-04T00:00:00,1.6231
FUND23,2023-12-05T00:00:00,2.2383
FUND23,2023-12-06T00:00:00,2.2001
FUND23,2023-12-07T00:00:00,2.4698
FUND23,2023-12-08T00:00:00,2.3056
FUND23,2023-12-11T00:00:00,1.9644
FUND23,2023-12-12T00:00:00,1.8888
FUND23,2023-12-13T00:00:00,2.5474
FUND23,2023-12-14T00:00:00,2.4841
FUND23,2023-12-15T00:00:00,2.1712
FUND23,2023-12-18T00:00:00,2.2807
FUND23,2023-12-19T00:00:00,2.4121
FUND23,2023-12-20T00:00:00,2.4912
FUND23,2023-12-21T00:00:00,2.4351
FUND23,2023-12-22T00:00:00,2.7176
FUND23,2023-12-25T00:00:00,2.6816
FUND23,2023-12-26T00:00:00,2.6499
FUND23,2023-12-27T00:00:00,3.0052
FUND23,2023-12-28T00:00:00,2.5181
FUND23,2023-12-29T00:00:00,2.1851
FUND23,2024-01-01T00:00:00,2.4311
FUND23,2024-01-02T00:00:00,2.0835
FUND23,2024-01-03T00:00:00,1.6919
FUND23,2024-01-04T00:00:00,2.1788
FUND23,2024-01-05T00:00:00,2.4789
FUND23,2024-01-08T00:00:00,2.3544
FUND23,2024-01-09T00:00:00,2.3519
FUND23,2024-01-10T00:00:00,2.5361
FUND23,2024-01-11T00:00:00,2.4386
FUND23,2024-01-12T00:00:00,2.3948
FUND23,2024-01-15T00:00:00,2.9063
FUND23,2024-01-16T00:00:00,2.5474
FUND23,2024-01-17T00:00:00,2.4111
FUND23,2024-01-18T00:00:00,1.9503
FUND23,2024-01-19T00:00:00,1.7578
FUND23,2024-01-22T00:00:00,1.9484
FUND23,2024-01-23T00:00:00,1.8363
FUND23,2024-01-24T00:00:00,1.6034
FUND23,2024-01-25T00:00:00,0.9663
FUND23,2024-01-26T00:00:00,1.4285
FUND23,2024-01-29T00:00:00,0.7764
FUND23,2024-01-30T00:00:00,1.0805
FUND23,2024-01-31T00:00:00,1.2259
FUND23,2024-02-01T00:00:00,0.8573
FUND23,2024-02-02T00:00:00,0.4642
FUND23,2024-02-05T00:00:00,0.5501
FUND23,2024-02-06T00:00:00,0.7478
FUND23,2024-02-07T00:00:00,0.2222
FUND23,2024-02-08T00:00:00,-0.0093
FUND23,2024-02-09T00:00:00,0.1501
FUND23,2024-02-12T00:00:00,0.1716
FUND23,2024-02-13T00:00:00,0.3545
FUND23,2024-02-14T00:00:00,0.3165
FUND23,2024-02-15T00:00:00,0.2005
FUND23,2024-02-16T00:00:00,0.4931
FUND23,2024-02-19T00:00:00,0.3282
FUND23,2024-02-20T00:00:00,0.7242
FUND23,2024-02-21T00:00:00,0.6016
FUND23,2024-02-22T00:00:00,0.7421
FUND23,2024-02-23T00:00:00,0.6265
FUND23,2024-02-26T00:00:00,1.0278
FUND23,2024-02-27T00:00:00,1.1708
FUND23,2024-02-28T00:00:00,1.2848
FUND23,2024-02-29T00:00:00,1.1405
FUND23,2024-03-01T00:00:00,0.8433
FUND23,2024-03-04T00:00:00,1.0641
FUND23,2024-03-05T00:00:00,1.0911
FUND23,2024-03-06T00:00:00,1.1817
FUND23,2024-03-07T00:00:00,1.0482
FUND23,2024-03-08T00:00:00,1.0784
FUND23,2024-03-11T00:00:00,1.0742
FUND23,2024-03-12T00:00:00,1.0946
FUND23,2024-03-13T00:00:00,1.1338
FUND23,2024-03-14T00:00:00,1.0538
FUND23,2024-03-15T00:00:00,1.4315
FUND23,2024-03-18T00:00:00,1.4579
FUND23,2024-03-19T00:00:00,1.9447
FUND23,2024-03-20T00:00:00,2.1784
FUND23,2024-03-21T00:00:00,1.8025
FUND23,2024-03-22T00:00:00,1.4916
FUND23,2024-03-25T00:00:00,1.4137
FUND23,2024-03-26T00:00:00,1.1968
FUND23,2024-03-27T00:00:00,1.132
FUND23,2024-03-28T00:00:00,1.0244
FUND23,2024-03-29T00:00:00,0.8245
FUND23,2024-04-01T00:00:00,0.9859
FUND23,2024-04-02T00:00:00,1.1557
FUND23,2024-04-03T00:00:00,1.1586
FUND23,2024-04-04T00:00:00,0.9753
FUND23,2024-04-05T00:00:00,1.099
FUND23,2024-04-08T00:00:00,1.066
FUND23,2024-04-09T00:00:00,0.922
FUND23,2024-04-10T00:00:00,0.6696
FUND23,2024-04-11T00:00:00,0.5155
FUND23,2024-04-12T00:00:00,0.3994
FUND23,2024-04-15T00:00:00,0.6783
FUND23,2024-04-16T00:00:00,0.9146
FUND23,2024-04-17T00:00:00,0.4344
FUND23,2024-04-18T00:00:00,0.3939
FUND23,2024-04-19T00:00:00,0.5881
FUND23,2024-04-22T00:00:00,0.4516
FUND23,2024-04-23T00:00:00,0.1975
FUND23,2024-04-24T00:00:00,0.3812
FUND23,2024-04-25T00:00:00,0.4539
FUND23,2024-04-26T00:00:00,0.342
FUND23,2024-04-29T00:00:00,0.3989
FUND23,2024-04-30T00:00:00,0.4925
FUND23,2024-05-01T00:00:00,0.47
FUND23,2024-05-02T00:00:00,0.7159
FUND23,2024-05-03T00:00:00,0.4132
FUND23,2024-05-06T00:00:00,0.2013
FUND23,2024-05-07T00:00:00,-0.0264
FUND23,2024-05-08T00:00:00,0.1938
FUND23,2024-05-09T00:00:00,0.2578
FUND23,2024-05-10T00:00:00,0.3582
FUND23,2024-05-13T00:00:00,0.354
FUND23,2024-05-14T00:00:00,0.2647
FUND23,2024-05-15T00:00:00,0.2006
FUND23,2024-05-16T00:00:00,0.0537
FUND23,2024-05-17T00:00:00,0.1709
FUND23,2024-05-20T00:00:00,-0.097
FUND23,2024-05-21T00:00:00,0.1378
FUND23,2024-05-22T00:00:00,0.2329
FUND23,2024-05-23T00:00:00,0.5726
FUND23,2024-05-24T00:00:00,0.3576
FUND23,2024-05-27T00:00:00,-0.1437
FUND23,2024-05-28T00:00:00,0.0008
FUND23,2024-05-29T00:00:00,0.0859
FUND23,2024-05-30T00:00:00,0.0768
FUND23,2024-05-31T00:00:00,-0.2746
FUND23,2024-06-03T00:00:00,0.1357
FUND23,2024-06-04T00:00:00,0.0495
FUND23,2024-06-05T00:00:00,0.3335
FUND23,2024-06-06T00:00:00,0.8363
FUND23,2024-06-07T00:00:00,1.1089
FUND23,2024-06-10T00:00:00,1.1162
FUND23,2024-06-11T00:00:00,1.0307
FUND23,2024-06-12T00:00:00,1.5464
FUND23,2024-06-13T00:00:00,1.6741
FUND23,2024-06-14T00:00:00,1.6675
FUND23,2024-06-17T00:00:00,1.5766
FUND23,2024-06-18T00:00:00,1.3882
FUND23,2024-06-19T00:00:00,1.4317
FUND23,2024-06-20T00:00:00,1.4453
FUND23,2024-06-21T00:00:00,1.261
FUND23,2024-06-24T00:00:00,1.2007
FUND23,2024-06-25T00:00:00,1.3155
FUND23,2024-06-26T00:00:00,1.4819
FUND23,2024-06-27T00:00:00,0.9248
FUND23,2024-06-28T00:00:00,1.1162
FUND23,2024-07-01T00:00:00,0.8304
FUND23,2024-07-02T00:00:00,0.824
FUND23,2024-07-03T00:00:00,0.8582
FUND23,2024-07-04T00:00:00,0.6231
FUND23,2024-07-05T00:00:00,1.0774
FUND23,2024-07-08T00:00:00,0.6106
FUND23,2024-07-09T00:00:00,0.4701
FUND23,2024-07-10T00:00:00,0.7238
FUND23,2024-07-11T00:00:00,1.1102
FUND23,2024-07-12T00:00:00,1.0736
FUND23,2024-07-15T00:00:00,0.9583
FUND23,2024-07-16T00:00:00,1.1163
FUND23,2024-07-17T00:00:00,1.6761
FUND23,2024-07-18T00:00:00,2.0529
FUND23,2024-07-19T00:00:00,1.6338
FUND23,2024-07-22T00:00:00,2.1928
FUND23,2024-07-23T00:00:00,2.3854
FUND23,2024-07-24T00:00:00,2.2735
FUND23,2024-07-25T00:00:00,2.2651
FUND23,2024-07-26T00:00:00,2.6605
FUND23,2024-07-29T00:00:00,2.718
FUND23,2024-07-30T00:00:00,2.7596
FUND23,2024-07-31T00:00:00,2.9442
FUND23,2024-08-01T00:00:00,3.0797
FUND23,2024-08-02T00:00:00,3.4964
FUND23,2024-08-05T00:00:00,2.9686
FUND23,2024-08-06T00:00:00,3.0612
FUND23,2024-08-07T00:00:00,3.0527
FUND23,2024-08-08T00:00:00,2.8079
FUND23,2024-08-09T00:00:00,2.6606
FUND23,2024-08-12T00:00:00,2.4717
FUND23,2024-08-13T00:00:00,2.5809
FUND23,2024-08-14T00:00:00,2.9898
FUND23,2024-08-15T00:00:00,3.0893
FUND23,2024-08-16T00:00:00,3.0567
FUND23,2024-08-19T00:00:00,2.5243
FUND23,2024-08-20T00:00:00,2.3678
FUND23,2024-08-21T00:00:00,2.1269
FUND23,2024-08-22T00:00:00,2.0325
FUND23,2024-08-23T00:00:00,2.0835
FUND23,2024-08-26T00:00:00,2.0507
FUND23,2024-08-27T00:00:00,2.2709
FUND23,2024-08-28T00:00:00,1.792
FUND23,2024-08-29T00:00:00,1.763
FUND23,2024-08-30T00:00:00,1.9841
FUND23,2024-09-02T00:00:00,1.8217
FUND23,2024-09-03T00:00:00,2.0453
FUND23,2024-09-04T00:00:00,1.7872
FUND23,2024-09-05T00:00:00,2.0323
FUND23,2024-09-06T00:00:00,2.7088
FUND23,2024-09-09T00:00:00,3.0131
FUND23,2024-09-10T00:00:00,3.5059
FUND23,2024-09-11T00:00:00,3.4414
FUND23,2024-09-12T00:00:00,3.1734
FUND23,2024-09-13T00:00:00,2.4365
FUND23,2024-09-16T00:00:00,2.669
FUND23,2024-09-17T00:00:00,2.9122
FUND23,2024-09-18T00:00:00,3.0798
FUND23,2024-09-19T00:00:00,3.2717
FUND23,2024-09-20T00:00:00,3.1337
FUND23,2024-09-23T00:00:00,2.7805
FUND23,2024-09-24T00:00:00,3.1557
FUND23,2024-09-25T00:00:00,3.2715
FUND23,2024-09-26T00:00:00,2.9089
FUND23,2024-09-27T00:00:00,3.4007
FUND23,2024-09-30T00:00:00,3.5289
FUND23,2024-10-01T00:00:00,3.315
FUND23,2024-10-02T00:00:00,3.0042
FUND23,2024-10-03T00:00:00,2.7765
FUND23,2024-10-04T00:00:00,2.8044
FUND23,2024-10-07T00:00:00,2.5792
FUND23,2024-10-08T00:00:00,2.6485
FUND23,2024-10-09T00:00:00,2.3114
FUND23,2024-10-10T00:00:00,2.3351
FUND23,2024-10-11T00:00:00,2.5023
FUND23,2024-10-14T00:00:00,2.5575
FUND23,2024-10-15T00:00:00,2.2769
FUND23,2024-10-16T00:00:00,2.1835
FUND23,2024-10-17T00:00:00,2.1366
FUND23,2024-10-18T00:00:00,2.0343
FUND23,2024-10-21T00:00:00,1.9734
FUND23,2024-10-22T00:00:00,2.0534
FUND23,2024-10-23T00:00:00,1.9585
FUND23,2024-10-24T00:00:00,1.995
FUND23,2024-10-25T00:00:00,2.4211
FUND23,2024-10-28T00:00:00,2.6246
FUND23,2024-10-29T00:00:00,2.2455
FUND23,2024-10-30T00:00:00,2.261
FUND23,2024-10-31T00:00:00,2.1646
FUND23,2024-11-01T00:00:00,1.9739
FUND23,2024-11-04T00:00:00,1.885
FUND23,2024-11-05T00:00:00,1.7946
FUND23,2024-11-06T00:00:00,1.6058
FUND23,2024-11-07T00:00:00,1.7863
FUND23,2024-11-08T00:00:00,1.8005
FUND23,2024-11-11T00:00:00,1.8371
FUND23,2024-11-12T00:00:00,1.4786
FUND23,2024-11-13T00:00:00,1.1956
FUND23,2024-11-14T00:00:00,1.1812
FUND23,2024-11-15T00:00:00,1.0913
FUND23,2024-11-18T00:00:00,1.3241
FUND23,2024-11-19T00:00:00,1.2153
FUND23,2024-11-20T00:00:00,1.0439
FUND23,2024-11-21T00:00:00,0.7862
FUND23,2024-11-22T00:00:00,0.7318
FUND23,2024-11-25T00:00:00,0.4729
FUND23,2024-11-26T00:00:00,0.0953
FUND23,2024-11-27T00:00:00,0.0954
FUND23,2024-11-28T00:00:00,0.6042
FUND23,2024-11-29T00:00:00,0.5987
FUND23,2024-12-02T00:00:00,0.2004
FUND23,2024-12-03T00:00:00,0.0568
FUND23,2024-12-04T00:00:00,-0.3838
FUND23,2024-12-05T00:00:00,-0.6001
FUND23,2024-12-06T00:00:00,-0.7941
FUND23,2024-12-09T00:00:00,-0.2496
FUND23,2024-12-10T00:00:00,-0.3817
FUND23,2024-12-11T00:00:00,-0.3949
FUND23,2024-12-12T00:00:00,-0.2731
FUND23,2024-12-13T00:00:00,0.0411
FUND23,2024-12-16T00:00:00,-0.0091
FUND23,2024-12-17T00:00:00,0.0652
FUND23,2024-12-18T00:00:00,0.1399
FUND23,2024-12-19T00:00:00,0.3959
FUND23,2024-12-20T00:00:00,0.4889
FUND23,2024-12-23T00:00:00,0.8181
FUND23,2024-12-24T00:00:00,0.2992
FUND23,2024-12-25T00:00:00,0.8763
FUND23,2024-12-26T00:00:00,0.6083
FUND23,2024-12-27T00:00:00,0.6606
FUND23,2024-12-30T00:00:00,0.7417
FUND23,2024-12-31T00:00:00,0.7754
FUND23,2025-01-01T00:00:00,1.1504
FUND23,2025-01-02T00:00:00,1.2774
FUND23,2025-01-03T00:00:00,1.0972
FUND23,2025-01-06T00:00:00,1.0638
FUND23,2025-01-07T00:00:00,0.8881
FUND23,2025-01-08T00:00:00,0.9431
FUND23,2025-01-09T00:00:00,1.0532
FUND23,2025-01-10T00:00:00,0.8549
FUND23,2025-01-13T00:00:00,0.7262
FUND23,2025-01-14T00:00:00,0.5815
FUND23,2025-01-15T00:00:00,0.6483
FUND23,2025-01-16T00:00:00,0.4701
FUND23,2025-01-17T00:00:00,0.9728
FUND23,2025-01-20T00:00:00,0.7001
FUND23,2025-01-21T00:00:00,0.533
FUND23,2025-01-22T00:00:00,0.2351
FUND23,2025-01-23T00:00:00,0.2419
FUND23,2025-01-24T00:00:00,0.3041
FUND23,2025-01-27T00:00:00,0.5824
FUND23,2025-01-28T00:00:00,0.1409
FUND23,2025-01-29T00:00:00,0.236
FUND23,2025-01-30T00:00:00,0.575
FUND23,2025-01-31T00:00:00,0.4553
FUND23,2025-02-03T00:00:00,0.6771
FUND23,2025-02-04T00:00:00,0.8795
FUND23,2025-02-05T00:00:00,1.4064
FUND23,2025-02-06T00:00:00,1.8439
FUND23,2025-02-07T00:00:00,1.5272
FUND23,2025-02-10T00:00:00,1.7157
FUND23,2025-02-11T00:00:00,1.5676
FUND23,2025-02-12T00:00:00,1.8637
FUND23,2025-02-13T00:00:00,1.4699
FUND23,2025-02-14T00:00:00,0.9516
FUND23,2025-02-17T00:00:00,1.1455
FUND23,2025-02-18T00:00:00,1.4752
FUND23,2025-02-19T00:00:00,1.3256
FUND23,2025-02-20T00:00:00,1.4642
FUND23,2025-02-21T00:00:00,1.7508
FUND23,2025-02-24T00:00:00,1.8944
FUND23,2025-02-25T00:00:00,2.0031
FUND23,2025-02-26T00:00:00,1.8773
FUND23,2025-02-27T00:00:00,1.7704
FUND23,2025-02-28T00:00:00,1.4797
FUND23,2025-03-03T00:00:00,1.0482
FUND23,2025-03-04T00:00:00,1.1226
FUND23,2025-03-05T00:00:00,0.7401
FUND23,2025-03-06T00:00:00,0.9255
FUND23,2025-03-07T00:00:00,1.2118
FUND23,2025-03-10T00:00:00,1.4165
FUND23,2025-03-11T00:00:00,1.4099
FUND23,2025-03-12T00:00:00,1.6229
FUND23,2025-03-13T00:00:00,1.3977
FUND23,2025-03-14T00:00:00,1.4294
FUND23,2025-03-17T00:00:00,1.7616
FUND23,2025-03-18T00:00:00,2.1922
FUND23,2025-03-19T00:00:00,2.7982
FUND23,2025-03-20T00:00:00,2.7196
FUND23,2025-03-21T00:00:00,2.4202
FUND23,2025-03-24T00:00:00,2.432
FUND23,2025-03-25T00:00:00,2.561
FUND23,2025-03-26T00:00:00,2.6099
FUND23,2025-03-27T00:00:00,2.7892
FUND23,2025-03-28T00:00:00,2.9724
FUND23,2025-03-31T00:00:00,2.8371
FUND23,2025-04-01T00:00:00,2.9994
FUND23,2025-04-02T00:00:00,3.2893
FUND23,2025-04-03T00:00:00,2.8401
FUND23,2025-04-04T00:00:00,2.7527
FUND23,2025-04-07T00:00:00,2.761
FUND23,2025-04-08T00:00:00,2.877
FUND23,2025-04-09T00:00:00,3.4152
FUND23,2025-04-10T00:00:00,3.3375
FUND23,2025-04-11T00:00:00,3.4746
FUND23,2025-04-14T00:00:00,3.0694
FUND23,2025-04-15T00:00:00,2.99
FUND23,2025-04-16T00:00:00,2.3257
FUND23,2025-04-17T00:00:00,2.1079
FUND23,2025-04-18T00:00:00,2.0911
FUND23,2025-04-21T00:00:00,2.1921
FUND23,2025-04-22T00:00:00,2.0232
FUND23,2025-04-23T00:00:00,1.5931
FUND23,2025-04-24T00:00:00,1.3435
FUND23,2025-04-25T00:00:00,1.3278
FUND23,2025-04-28T00:00:00,1.472
FUND23,2025-04-29T00:00:00,1.9073
FUND23,2025-04-30T00:00:00,1.988
FUND23,2025-05-01T00:00:00,2.1752
FUND23,2025-05-02T00:00:00,2.2451
FUND23,2025-05-05T00:00:00,2.0096
FUND23,2025-05-06T00:00:00,2.06
FUND23,2025-05-07T00:00:00,2.1483
FUND23,2025-05-08T00:00:00,1.9141
FUND23,2025-05-09T00:00:00,1.7485
FUND23,2025-05-12T00:00:00,1.6599
FUND23,2025-05-13T00:00:00,1.6762
FUND23,2025-05-14T00:00:00,1.8112
FUND23,2025-05-15T00:00:00,1.8141
FUND23,2025-05-16T00:00:00,1.9579
FUND23,2025-05-19T00:00:00,1.7657
FUND23,2025-05-20T00:00:00,1.8123
FUND23,2025-05-21T00:00:00,1.9463
FUND23,2025-05-22T00:00:00,2.294
FUND23,2025-05-23T00:00:00,2.4829
FUND23,2025-05-26T00:00:00,2.8459
FUND23,2025-05-27T00:00:00,2.8619
FUND23,2025-05-28T00:00:00,3.0859
FUND23,2025-05-29T00:00:00,3.1814
FUND23,2025-05-30T00:00:00,3.3511
FUND23,2025-06-02T00:00:00,3.2319
FUND23,2025-06-03T00:00:00,3.405
FUND23,2025-06-04T00:00:00,3.3482
FUND23,2025-06-05T00:00:00,3.0671
FUND23,2025-06-06T00:00:00,2.7338
FUND23,2025-06-09T00:00:00,2.4031
FUND23,2025-06-10T00:00:00,2.2963
FUND23,2025-06-11T00:00:00,2.1504
FUND23,2025-06-12T00:00:00,1.8908
FUND23,2025-06-13T00:00:00,1.6749
FUND23,2025-06-16T00:00:00,1.2953
FUND23,2025-06-17T00:00:00,1.0484
FUND23,2025-06-18T00:00:00,0.733
FUND23,2025-06-19T00:00:00,0.8732
FUND23,2025-06-20T00:00:00,1.5409
FUND23,2025-06-23T00:00:00,1.2121
FUND23,2025-06-24T00:00:00,0.7953
FUND23,2025-06-25T00:00:00,0.459
FUND23,2025-06-26T00:00:00,0.5048
FUND23,2025-06-27T00:00:00,0.4089
FUND23,2025-06-30T00:00:00,0.3115
FUND23,2025-07-01T00:00:00,0.4522
FUND23,2025-07-02T00:00:00,0.6428
FUND23,2025-07-03T00:00:00,0.6842
FUND23,2025-07-04T00:00:00,0.2506
FUND23,2025-07-07T00:00:00,0.2732
FUND23,2025-07-08T00:00:00,0.2727
FUND23,2025-07-09T00:00:00,0.6058
FUND23,2025-07-10T00:00:00,0.7196
FUND23,2025-07-11T00:00:00,0.6619
FUND23,2025-07-14T00:00:00,0.8987
FUND23,2025-07-15T00:00:00,1.3104
FUND23,2025-07-16T00:00:00,1.6929
FUND23,2025-07-17T00:00:00,1.8964
FUND23,2025-07-18T00:00:00,1.7936
FUND23,2025-07-21T00:00:00,1.5745
FUND23,2025-07-22T00:00:00,1.5628
FUND23,2025-07-23T00:00:00,1.2931
FUND23,2025-07-24T00:00:00,1.1794
FUND23,2025-07-25T00:00:00,1.5223
FUND23,2025-07-28T00:00:00,1.3526
FUND23,2025-07-29T00:00:00,1.4
FUND23,2025-07-30T00:00:00,1.4081
FUND23,2025-07-31T00:00:00,0.884
FUND23,2025-08-01T00:00:00,0.8491
FUND23,2025-08-04T00:00:00,1.0425
FUND23,2025-08-05T00:00:00,1.0655
FUND23,2025-08-06T00:00:00,0.6056
FUND23,2025-08-07T00:00:00,0.5967
FUND23,2025-08-08T00:00:00,0.5643
FUND23,2025-08-11T00:00:00,0.523
FUND23,2025-08-12T00:00:00,0.7835
FUND23,2025-08-13T00:00:00,0.4605
FUND23,2025-08-14T00:00:00,0.9083
FUND23,2025-08-15T00:00:00,0.6859
FUND23,2025-08-18T00:00:00,0.3843
FUND23,2025-08-19T00:00:00,0.2465
FUND23,2025-08-20T00:00:00,0.5798
FUND23,2025-08-21T00:00:00,0.6967
FUND23,2025-08-22T00:00:00,0.6828
FUND23,2025-08-25T00:00:00,0.2754
FUND23,2025-08-26T00:00:00,0.1086
FUND23,2025-08-27T00:00:00,0.3302
FUND23,2025-08-28T00:00:00,0.2075
FUND23,2025-08-29T00:00:00,0.3595
FUND23,2025-09-01T00:00:00,-0.1361
FUND23,2025-09-02T00:00:00,-0.3428
FUND23,2025-09-03T00:00:00,-0.944
FUND23,2025-09-04T00:00:00,-1.0177
FUND23,2025-09-05T00:00:00,-1.1844
FUND23,2025-09-08T00:00:00,-1.1494
FUND23,2025-09-09T00:00:00,-1.0695
FUND23,2025-09-10T00:00:00,-1.2378
FUND23,2025-09-11T00:00:00,-1.3382
FUND23,2025-09-12T00:00:00,-1.0243
FUND23,2025-09-15T00:00:00,-1.0528
FUND23,2025-09-16T00:00:00,-1.4805
FUND23,2025-09-17T00:00:00,-1.6728
FUND23,2025-09-18T00:00:00,-1.8292
FUND23,2025-09-19T00:00:00,-1.7957
FUND23,2025-09-22T00:00:00,-1.6774
FUND23,2025-09-23T00:00:00,-1.746
FUND23,2025-09-24T00:00:00,-1.9117
FUND23,2025-09-25T00:00:00,-1.8442
FUND23,2025-09-26T00:00:00,-2.4281
FUND23,2025-09-29T00:00:00,-2.8199
FUND23,2025-09-30T00:00:00,-3.2369
FUND23,2025-10-01T00:00:00,-3.5069
FUND23,2025-10-02T00:00:00,-3.1464
FUND23,2025-10-03T00:00:00,-3.388
FUND23,2025-10-06T00:00:00,-3.3363
FUND23,2025-10-07T00:00:00,-3.3152
FUND23,2025-10-08T00:00:00,-3.5427
FUND23,2025-10-09T00:00:00,-3.1316
FUND23,2025-10-10T00:00:00,-3.1105
FUND23,2025-10-13T00:00:00,-2.9979
FUND23,2025-10-14T00:00:00,-2.7577
FUND23,2025-10-15T00:00:00,-2.9388
FUND23,2025-10-16T00:00:00,-3.0344
FUND23,2025-10-17T00:00:00,-2.5616
FUND23,2025-10-20T00:00:00,-2.1711
FUND23,2025-10-21T00:00:00,-1.5606
FUND23,2025-10-22T00:00:00,-1.3679
FUND23,2025-10-23T00:00:00,-1.138
FUND23,2025-10-24T00:00:00,-1.4955
FUND23,2025-10-27T00:00:00,-1.471
FUND23,2025-10-28T00:00:00,-1.4496
FUND23,2025-10-29T00:00:00,-1.0598
FUND23,2025-10-30T00:00:00,-1.0118
FUND23,2025-10-31T00:00:00,-0.9821
FUND23,2025-11-03T00:00:00,-1.2677
FUND23,2025-11-04T00:00:00,-1.1447
FUND23,2025-11-05T00:00:00,-1.3007
FUND23,2025-11-06T00:00:00,-0.6424
FUND23,2025-11-07T00:00:00,-0.2354
FUND23,2025-11-10T00:00:00,-0.1614
FUND23,2025-11-11T00:00:00,-0.2536
FUND23,2025-11-12T00:00:00,-0.4166
FUND23,2025-11-13T00:00:00,-0.0593
FUND23,2025-11-14T00:00:00,-0.3721
FUND23,2025-11-17T00:00:00,-0.5905
FUND23,2025-11-18T00:00:00,-1.0242
FUND23,2025-11-19T00:00:00,-1.5008
FUND23,2025-11-20T00:00:00,-1.3429
FUND23,2025-11-21T00:00:00,-1.4593
FUND23,2025-11-24T00:00:00,-1.4958
FUND24,2023-05-08T00:00:00,4.1737
FUND24,2023-05-09T00:00:00,4.4775
FUND24,2023-05-10T00:00:00,4.1652
FUND24,2023-05-11T00:00:00,4.0586
FUND24,2023-05-12T00:00:00,4.0389
FUND24,2023-05-15T00:00:00,3.665
FUND24,2023-05-16T00:00:00,3.4366
FUND24,2023-05-17T00:00:00,3.3879
FUND24,2023-05-18T00:00:00,3.1982
FUND24,2023-05-19T00:00:00,2.6564
FUND24,2023-05-22T00:00:00,2.2851
FUND24,2023-05-23T00:00:00,2.4377
FUND24,2023-05-24T00:00:00,2.4463
FUND24,2023-05-25T00:00:00,2.3622
FUND24,2023-05-26T00:00:00,2.2484
FUND24,2023-05-29T00:00:00,2.4119
FUND24,2023-05-30T00:00:00,2.1137
FUND24,2023-05-31T00:00:00,1.7323
FUND24,2023-06-01T00:00:00,1.3313
FUND24,2023-06-02T00:00:00,1.4499
FUND24,2023-06-05T00:00:00,1.3849
FUND24,2023-06-06T00:00:00,1.6839
FUND24,2023-06-07T00:00:00,1.4387
FUND24,2023-06-08T00:00:00,1.6149
FUND24,2023-06-09T00:00:00,1.5014
FUND24,2023-06-12T00:00:00,1.3373
FUND24,2023-06-13T00:00:00,1.3648
FUND24,2023-06-14T00:00:00,1.2122
FUND24,2023-06-15T00:00:00,1.1697
FUND24,2023-06-16T00:00:00,0.8314
FUND24,2023-06-19T00:00:00,0.9156
FUND24,2023-06-20T00:00:00,1.1175
FUND24,2023-06-21T00:00:00,1.1236
FUND24,2023-06-22T00:00:00,1.4859
FUND24,2023-06-23T00:00:00,1.4698
FUND24,2023-06-26T00:00:00,1.4011
FUND24,2023-06-27T00:00:00,1.3465
FUND24,2023-06-28T00:00:00,1.7575
FUND24,2023-06-29T00:00:00,1.7572
FUND24,2023-06-30T00:00:00,1.8688
FUND24,2023-07-03T00:00:00,2.1601
FUND24,2023-07-04T00:00:00,2.3022
FUND24,2023-07-05T00:00:00,2.4973
FUND24,2023-07-06T00:00:00,2.4932
FUND24,2023-07-07T00:00:00,2.4353
FUND24,2023-07-10T00:00:00,2.3312
FUND24,2023-07-11T00:00:00,2.524
FUND24,2023-07-12T00:00:00,2.3563
FUND24,2023-07-13T00:00:00,2.3146
FUND24,2023-07-14T00:00:00,2.5784
FUND24,2023-07-17T00:00:00,2.3651
FUND24,2023-07-18T00:00:00,2.3462
FUND24,2023-07-19T00:00:00,2.1459
FUND24,2023-07-20T00:00:00,2.1009
FUND24,2023-07-21T00:00:00,2.0686
FUND24,2023-07-24T00:00:00,2.51
FUND24,2023-07-25T00:00:00,2.4234
FUND24,2023-07-26T00:00:00,2.1992
FUND24,2023-07-27T00:00:00,2.3144
FUND24,2023-07-28T00:00:00,2.0327
FUND24,2023-07-31T00:00:00,2.3438
FUND24,2023-08-01T00:00:00,2.5756
FUND24,2023-08-02T00:00:00,2.2785
FUND24,2023-08-03T00:00:00,1.919
FUND24,2023-08-04T00:00:00,1.567
FUND24,2023-08-07T00:00:00,1.7673
FUND24,2023-08-08T00:00:00,1.6355
FUND24,2023-08-09T00:00:00,1.8431
FUND24,2023-08-10T00:00:00,1.9955
FUND24,2023-08-11T00:00:00,1.5633
FUND24,2023-08-14T00:00:00,1.3419
FUND24,2023-08-15T00:00:00,1.6175
FUND24,2023-08-16T00:00:00,1.557
FUND24,2023-08-17T00:00:00,1.6188
FUND24,2023-08-18T00:00:00,1.4901
FUND24,2023-08-21T00:00:00,1.5224
FUND24,2023-08-22T00:00:00,1.2193
FUND24,2023-08-23T00:00:00,0.8519
FUND24,2023-08-24T00:00:00,1.1918
FUND24,2023-08-25T00:00:00,1.2989
FUND24,2023-08-28T00:00:00,1.087
FUND24,2023-08-29T00:00:00,1.1285
FUND24,2023-08-30T00:00:00,0.7678
FUND24,2023-08-31T00:00:00,0.6307
FUND24,2023-09-01T00:00:00,0.7555
FUND24,2023-09-04T00:00:00,0.6406
FUND24,2023-09-05T00:00:00,1.0949
FUND24,2023-09-06T00:00:00,1.1909
FUND24,2023-09-07T00:00:00,0.7547
FUND24,2023-09-08T00:00:00,0.3943
FUND24,2023-09-11T00:00:00,0.1287
FUND24,2023-09-12T00:00:00,-0.3615
FUND24,2023-09-13T00:00:00,-0.1967
FUND24,2023-09-14T00:00:00,-0.2149
FUND24,2023-09-15T00:00:00,0.0138
FUND24,2023-09-18T00:00:00,0.3198
FUND24,2023-09-19T00:00:00,0.0427
FUND24,2023-09-20T00:00:00,0.4343
FUND24,2023-09-21T00:00:00,0.1052
FUND24,2023-09-22T00:00:00,0.1815
FUND24,2023-09-25T00:00:00,0.4698
FUND24,2023-09-26T00:00:00,0.4231
FUND24,2023-09-27T00:00:00,0.5958
FUND24,2023-09-28T00:00:00,0.6222
FUND24,2023-09-29T00:00:00,0.8523
FUND24,2023-10-02T00:00:00,0.557
FUND24,2023-10-03T00:00:00,0.4336
FUND24,2023-10-04T00:00:00,0.7097
FUND24,2023-10-05T00:00:00,1.1951
FUND24,2023-10-06T00:00:00,1.202
FUND24,2023-10-09T00:00:00,0.9855
FUND24,2023-10-10T00:00:00,0.7665
FUND24,2023-10-11T00:00:00,0.6903
FUND24,2023-10-12T00:00:00,0.5065
FUND24,2023-10-13T00:00:00,0.7379
FUND24,2023-10-16T00:00:00,0.6687
FUND24,2023-10-17T00:00:00,0.6453
FUND24,2023-10-18T00:00:00,1.029
FUND24,2023-10-19T00:00:00,1.1373
FUND24,2023-10-20T00:00:00,1.0593
FUND24,2023-10-23T00:00:00,1.0753
FUND24,2023-10-24T00:00:00,0.6917
FUND24,2023-10-25T00:00:00,0.8699
FUND24,2023-10-26T00:00:00,0.8044
FUND24,2023-10-27T00:00:00,0.547
FUND24,2023-10-30T00:00:00,0.4759
FUND24,2023-10-31T00:00:00,0.2937
FUND24,2023-11-01T00:00:00,0.3801
FUND24,2023-11-02T00:00:00,0.6061
FUND24,2023-11-03T00:00:00,0.7193
FUND24,2023-11-06T00:00:00,0.5653
FUND24,2023-11-07T00:00:00,0.2417
FUND24,2023-11-08T00:00:00,0.3134
FUND24,2023-11-09T00:00:00,0.2245
FUND24,2023-11-10T00:00:00,0.2851
FUND24,2023-11-13T00:00:00,0.3355
FUND24,2023-11-14T00:00:00,0.1955
FUND24,2023-11-15T00:00:00,0.0254
FUND24,2023-11-16T00:00:00,0.0072
FUND24,2023-11-17T00:00:00,-0.0671
FUND24,2023-11-20T00:00:00,-0.3873
FUND24,2023-11-21T00:00:00,-0.5795
FUND24,2023-11-22T00:00:00,-0.091
FUND24,2023-11-23T00:00:00,0.146
FUND24,2023-11-24T00:00:00,-0.0998
FUND24,2023-11-27T00:00:00,0.0499
FUND24,2023-11-28T00:00:00,-0.218
FUND24,2023-11-29T00:00:00,-0.2233
FUND24,2023-11-30T00:00:00,-0.4965
FUND24,2023-12-01T00:00:00,-0.5697
FUND24,2023-12-04T00:00:00,-0.9711
FUND24,2023-12-05T00:00:00,-1.0031
FUND24,2023-12-06T00:00:00,-0.4196
FUND24,2023-12-07T00:00:00,-0.0976
FUND24,2023-12-08T00:00:00,0.3785
FUND24,2023-12-11T00:00:00,0.4192
FUND24,2023-12-12T00:00:00,0.346
FUND24,2023-12-13T00:00:00,-0.0571
FUND24,2023-12-14T00:00:00,-0.1883
FUND24,2023-12-15T00:00:00,0.2049
FUND24,2023-12-18T00:00:00,0.2669
FUND24,2023-12-19T00:00:00,0.0942
FUND24,2023-12-20T00:00:00,0.0062
FUND24,2023-12-21T00:00:00,-0.082
FUND24,2023-12-22T00:00:00,-0.1155
FUND24,2023-12-25T00:00:00,0.0107
FUND24,2023-12-26T00:00:00,-0.0475
FUND24,2023-12-27T00:00:00,0.0888
FUND24,2023-12-28T00:00:00,-0.0454
FUND24,2023-12-29T00:00:00,0.0974
FUND24,2024-01-01T00:00:00,0.3089
FUND24,2024-01-02T00:00:00,0.2556
FUND24,2024-01-03T00:00:00,0.241
FUND24,2024-01-04T00:00:00,0.3148
FUND24,2024-01-05T00:00:00,-0.0064
FUND24,2024-01-08T00:00:00,0.3908
FUND24,2024-01-09T00:00:00,-0.2279
FUND24,2024-01-10T00:00:00,-0.336
FUND24,2024-01-11T00:00:00,-0.4611
FUND24,2024-01-12T00:00:00,-0.1651
FUND24,2024-01-15T00:00:00,-0.2065
FUND24,2024-01-16T00:00:00,0.1463
FUND24,2024-01-17T00:00:00,-0.0322
FUND24,2024-01-18T00:00:00,-0.0905
FUND24,2024-01-19T00:00:00,-0.4591
FUND24,2024-01-22T00:00:00,-0.4991
FUND24,2024-01-23T00:00:00,-0.2452
FUND24,2024-01-24T00:00:00,-0.3737
FUND24,2024-01-25T00:00:00,-0.1671
FUND24,2024-01-26T00:00:00,0.24
FUND24,2024-01-29T00:00:00,0.3931
FUND24,2024-01-30T00:00:00,0.2539
FUND24,2024-01-31T00:00:00,0.1539
FUND24,2024-02-01T00:00:00,0.1368
FUND24,2024-02-02T00:00:00,-0.2946
FUND24,2024-02-05T00:00:00,-0.3241
FUND24,2024-02-06T00:00:00,0.4734
FUND24,2024-02-07T00:00:00,0.5117
FUND24,2024-02-08T00:00:00,0.1081
FUND24,2024-02-09T00:00:00,-0.4408
FUND24,2024-02-12T00:00:00,-0.4986
FUND24,2024-02-13T00:00:00,-0.5147
FUND24,2024-02-14T00:00:00,-0.5896
FUND24,2024-02-15T00:00:00,-0.447
FUND24,2024-02-16T00:00:00,-0.3208
FUND24,2024-02-19T00:00:00,-0.7421
FUND24,2024-02-20T00:00:00,-0.3365
FUND24,2024-02-21T00:00:00,-0.4464
FUND24,2024-02-22T00:00:00,-0.4952
FUND24,2024-02-23T00:00:00,-0.3236
FUND24,2024-02-26T00:00:00,-0.3915
FUND24,2024-02-27T00:00:00,-0.0536
FUND24,2024-02-28T00:00:00,0.2144
FUND24,2024-02-29T00:00:00,0.3517
FUND24,2024-03-01T00:00:00,0.3641
FUND24,2024-03-04T00:00:00,0.5685
FUND24,2024-03-05T00:00:00,0.9453
FUND24,2024-03-06T00:00:00,0.7558
FUND24,2024-03-07T00:00:00,0.5328
FUND24,2024-03-08T00:00:00,0.176
FUND24,2024-03-11T00:00:00,0.2792
FUND24,2024-03-12T00:00:00,0.4707
FUND24,2024-03-13T00:00:00,0.4626
FUND24,2024-03-14T00:00:00,0.667
FUND24,2024-03-15T00:00:00,1.0001
FUND24,2024-03-18T00:00:00,1.0903
FUND24,2024-03-19T00:00:00,1.1585
FUND24,2024-03-20T00:00:00,1.2774
FUND24,2024-03-21T00:00:00,0.715
FUND24,2024-03-22T00:00:00,1.0215
FUND24,2024-03-25T00:00:00,1.1323
FUND24,2024-03-26T00:00:00,1.1889
FUND24,2024-03-27T00:00:00,1.1355
FUND24,2024-03-28T00:00:00,1.1403
FUND24,2024-03-29T00:00:00,1.2625
FUND24,2024-04-01T00:00:00,1.1262
FUND24,2024-04-02T00:00:00,0.9404
FUND24,2024-04-03T00:00:00,1.1066
FUND24,2024-04-04T00:00:00,1.3633
FUND24,2024-04-05T00:00:00,1.6141
FUND24,2024-04-08T00:00:00,1.6208
FUND24,2024-04-09T00:00:00,1.3084
FUND24,2024-04-10T00:00:00,0.744
FUND24,2024-04-11T00:00:00,0.8322
FUND24,2024-04-12T00:00:00,0.2605
FUND24,2024-04-15T00:00:00,-0.1098
FUND24,2024-04-16T00:00:00,0.0473
FUND24,2024-04-17T00:00:00,0.0634
FUND24,2024-04-18T00:00:00,0.2278
FUND24,2024-04-19T00:00:00,-0.1286
FUND24,2024-04-22T00:00:00,-0.2123
FUND24,2024-04-23T00:00:00,-0.0796
FUND24,2024-04-24T00:00:00,0.2554
FUND24,2024-04-25T00:00:00,0.3248
FUND24,2024-04-26T00:00:00,0.4081
FUND24,2024-04-29T00:00:00,0.3463
FUND24,2024-04-30T00:00:00,0.2785
FUND24,2024-05-01T00:00:00,0.4438
FUND24,2024-05-02T00:00:00,0.1675
FUND24,2024-05-03T00:00:00,0.1542
FUND24,2024-05-06T00:00:00,0.1667
FUND24,2024-05-07T00:00:00,-0.2221
FUND24,2024-05-08T00:00:00,-0.4178
FUND24,2024-05-09T00:00:00,-0.4371
FUND24,2024-05-10T00:00:00,-0.1296
FUND24,2024-05-13T00:00:00,-0.544
FUND24,2024-05-14T00:00:00,-0.1127
FUND24,2024-05-15T00:00:00,0.1582
FUND24,2024-05-16T00:00:00,0.4796
FUND24,2024-05-17T00:00:00,0.2311
FUND24,2024-05-20T00:00:00,0.3653
FUND24,2024-05-21T00:00:00,0.1303
FUND24,2024-05-22T00:00:00,0.3082
FUND24,2024-05-23T00:00:00,0.6962
FUND24,2024-05-24T00:00:00,0.6582
FUND24,2024-05-27T00:00:00,0.5904
FUND24,2024-05-28T00:00:00,0.6356
FUND24,2024-05-29T00:00:00,0.6767
FUND24,2024-05-30T00:00:00,0.9287
FUND24,2024-05-31T00:00:00,1.0011
FUND24,2024-06-03T00:00:00,0.7052
FUND24,2024-06-04T00:00:00,0.6548
FUND24,2024-06-05T00:00:00,0.4859
FUND24,2024-06-06T00:00:00,1.0139
FUND24,2024-06-07T00:00:00,1.2921
FUND24,2024-06-10T00:00:00,1.3144
FUND24,2024-06-11T00:00:00,1.1302
FUND24,2024-06-12T00:00:00,0.9365
FUND24,2024-06-13T00:00:00,0.876
FUND24,2024-06-14T00:00:00,1.2372
FUND24,2024-06-17T00:00:00,1.3468
FUND24,2024-06-18T00:00:00,1.5322
FUND24,2024-06-19T00:00:00,1.844
FUND24,2024-06-20T00:00:00,1.8036
FUND24,2024-06-21T00:00:00,1.4607
FUND24,2024-06-24T00:00:00,1.9001
FUND24,2024-06-25T00:00:00,1.5998
FUND24,2024-06-26T00:00:00,1.8189
FUND24,2024-06-27T00:00:00,1.9045
FUND24,2024-06-28T00:00:00,1.8226
FUND24,2024-07-01T00:00:00,1.8499
FUND24,2024-07-02T00:00:00,1.6133
FUND24,2024-07-03T00:00:00,1.3743
FUND24,2024-07-04T00:00:00,1.283
FUND24,2024-07-05T00:00:00,1.5229
FUND24,2024-07-08T00:00:00,1.2729
FUND24,2024-07-09T00:00:00,0.696
FUND24,2024-07-10T00:00:00,1.0057
FUND24,2024-07-11T00:00:00,0.6983
FUND24,2024-07-12T00:00:00,0.7888
FUND24,2024-07-15T00:00:00,0.7647
FUND24,2024-07-16T00:00:00,0.9421
FUND24,2024-07-17T00:00:00,0.9447
FUND24,2024-07-18T00:00:00,0.8119
FUND24,2024-07-19T00:00:00,0.4045
FUND24,2024-07-22T00:00:00,0.3031
FUND24,2024-07-23T00:00:00,0.5261
FUND24,2024-07-24T00:00:00,0.4813
FUND24,2024-07-25T00:00:00,0.8756
FUND24,2024-07-26T00:00:00,0.7186
FUND24,2024-07-29T00:00:00,0.7861
FUND24,2024-07-30T00:00:00,0.6223
FUND24,2024-07-31T00:00:00,0.352
FUND24,2024-08-01T00:00:00,0.4114
FUND24,2024-08-02T00:00:00,0.5636
FUND24,2024-08-05T00:00:00,0.6186
FUND24,2024-08-06T00:00:00,0.6061
FUND24,2024-08-07T00:00:00,0.6137
FUND24,2024-08-08T00:00:00,0.3145
FUND24,2024-08-09T00:00:00,0.2822
FUND24,2024-08-12T00:00:00,0.6266
FUND24,2024-08-13T00:00:00,0.7692
FUND24,2024-08-14T00:00:00,0.6566
FUND24,2024-08-15T00:00:00,0.4675
FUND24,2024-08-16T00:00:00,0.4554
FUND24,2024-08-19T00:00:00,0.6267
FUND24,2024-08-20T00:00:00,0.5553
FUND24,2024-08-21T00:00:00,0.732
FUND24,2024-08-22T00:00:00,0.6813
FUND24,2024-08-23T00:00:00,0.8533
FUND24,2024-08-26T00:00:00,1.1803
FUND24,2024-08-27T00:00:00,0.8303
FUND24,2024-08-28T00:00:00,0.6887
FUND24,2024-08-29T00:00:00,0.806
FUND24,2024-08-30T00:00:00,0.782
FUND24,2024-09-02T00:00:00,0.8748
FUND24,2024-09-03T00:00:00,1.188
FUND24,2024-09-04T00:00:00,1.0223
FUND24,2024-09-05T00:00:00,1.2357
FUND24,2024-09-06T00:00:00,1.0983
FUND24,2024-09-09T00:00:00,1.216
FUND24,2024-09-10T00:00:00,1.9828
FUND24,2024-09-11T00:00:00,2.2716
FUND24,2024-09-12T00:00:00,2.1925
FUND24,2024-09-13T00:00:00,1.7569
FUND24,2024-09-16T00:00:00,1.8433
FUND24,2024-09-17T00:00:00,1.7157
FUND24,2024-09-18T00:00:00,1.484
FUND24,2024-09-19T00:00:00,1.5451
FUND24,2024-09-20T00:00:00,1.6807
FUND24,2024-09-23T00:00:00,1.6899
FUND24,2024-09-24T00:00:00,1.997
FUND24,2024-09-25T00:00:00,1.7748
FUND24,2024-09-26T00:00:00,1.8718
FUND24,2024-09-27T00:00:00,2.2722
FUND24,2024-09-30T00:00:00,2.6275
FUND24,2024-10-01T00:00:00,2.2111
FUND24,2024-10-02T00:00:00,1.929
FUND24,2024-10-03T00:00:00,2.0455
FUND24,2024-10-04T00:00:00,2.1648
FUND24,2024-10-07T00:00:00,2.2112
FUND24,2024-10-08T00:00:00,2.2237
FUND24,2024-10-09T00:00:00,2.5911
FUND24,2024-10-10T00:00:00,2.3742
FUND24,2024-10-11T00:00:00,1.84
FUND24,2024-10-14T00:00:00,2.1333
FUND24,2024-10-15T00:00:00,2.0715
FUND24,2024-10-16T00:00:00,2.0268
FUND24,2024-10-17T00:00:00,2.1628
FUND24,2024-10-18T00:00:00,2.1841
FUND24,2024-10-21T00:00:00,2.0399
FUND24,2024-10-22T00:00:00,1.7625
FUND24,2024-10-23T00:00:00,1.8343
FUND24,2024-10-24T00:00:00,1.4925
FUND24,2024-10-25T00:00:00,1.4501
FUND24,2024-10-28T00:00:00,1.3287
FUND24,2024-10-29T00:00:00,1.5262
FUND24,2024-10-30T00:00:00,1.0183
FUND24,2024-10-31T00:00:00,0.391
FUND24,2024-11-01T00:00:00,0.3548
FUND24,2024-11-04T00:00:00,0.3479
FUND24,2024-11-05T00:00:00,0.6516
FUND24,2024-11-06T00:00:00,0.6154
FUND24,2024-11-07T00:00:00,0.6731
FUND24,2024-11-08T00:00:00,0.4127
FUND24,2024-11-11T00:00:00,0.7017
FUND24,2024-11-12T00:00:00,1.1298
FUND24,2024-11-13T00:00:00,0.9606
FUND24,2024-11-14T00:00:00,1.0518
FUND24,2024-11-15T00:00:00,1.1675
FUND24,2024-11-18T00:00:00,1.2621
FUND24,2024-11-19T00:00:00,0.9027
FUND24,2024-11-20T00:00:00,0.9467
FUND24,2024-11-21T00:00:00,1.3415
FUND24,2024-11-22T00:00:00,1.6014
FUND24,2024-11-25T00:00:00,1.7664
FUND24,2024-11-26T00:00:00,1.7369
FUND24,2024-11-27T00:00:00,2.2354
FUND24,2024-11-28T00:00:00,2.3177
FUND24,2024-11-29T00:00:00,2.2918
FUND24,2024-12-02T00:00:00,2.4833
FUND24,2024-12-03T00:00:00,2.892
FUND24,2024-12-04T00:00:00,2.9698
FUND24,2024-12-05T00:00:00,2.979
FUND24,2024-12-06T00:00:00,2.8604
FUND24,2024-12-09T00:00:00,2.9894
FUND24,2024-12-10T00:00:00,3.0229
FUND24,2024-12-11T00:00:00,2.8065
FUND24,2024-12-12T00:00:00,3.1973
FUND24,2024-12-13T00:00:00,2.782
FUND24,2024-12-16T00:00:00,2.2522
FUND24,2024-12-17T00:00:00,2.4555
FUND24,2024-12-18T00:00:00,2.8219
FUND24,2024-12-19T00:00:00,2.8468
FUND24,2024-12-20T00:00:00,3.4111
FUND24,2024-12-23T00:00:00,2.7874
FUND24,2024-12-24T00:00:00,2.63
FUND24,2024-12-25T00:00:00,2.2615
FUND24,2024-12-26T00:00:00,2.4102
FUND24,2024-12-27T00:00:00,2.2549
FUND24,2024-12-30T00:00:00,2.0346
FUND24,2024-12-31T00:00:00,2.4303
FUND24,2025-01-01T00:00:00,2.3548
FUND24,2025-01-02T00:00:00,2.1529
FUND24,2025-01-03T00:00:00,2.0384
FUND24,2025-01-06T00:00:00,1.8416
FUND24,2025-01-07T00:00:00,1.5929
FUND24,2025-01-08T00:00:00,1.3748
FUND24,2025-01-09T00:00:00,1.2615
FUND24,2025-01-10T00:00:00,1.3478
FUND24,2025-01-13T00:00:00,1.2166
FUND24,2025-01-14T00:00:00,1.4712
FUND24,2025-01-15T00:00:00,1.3325
FUND24,2025-01-16T00:00:00,1.7684
FUND24,2025-01-17T00:00:00,2.1066
FUND24,2025-01-20T00:00:00,2.1117
FUND24,2025-01-21T00:00:00,2.1413
FUND24,2025-01-22T00:00:00,1.8768
FUND24,2025-01-23T00:00:00,1.9641
FUND24,2025-01-24T00:00:00,1.8848
FUND24,2025-01-27T00:00:00,2.0015
FUND24,2025-01-28T00:00:00,1.6238
FUND24,2025-01-29T00:00:00,1.7222
FUND24,2025-01-30T00:00:00,1.5575
FUND24,2025-01-31T00:00:00,1.5392
FUND24,2025-02-03T00:00:00,1.5987
FUND24,2025-02-04T00:00:00,1.8691
FUND24,2025-02-05T00:00:00,1.6999
FUND24,2025-02-06T00:00:00,1.5443
FUND24,2025-02-07T00:00:00,1.2319
FUND24,2025-02-10T00:00:00,1.6074
FUND24,2025-02-11T00:00:00,1.8775
FUND24,2025-02-12T00:00:00,1.6094
FUND24,2025-02-13T00:00:00,1.3621
FUND24,2025-02-14T00:00:00,1.7552
FUND24,2025-02-17T00:00:00,1.7446
FUND24,2025-02-18T00:00:00,1.1726
FUND24,2025-02-19T00:00:00,1.5867
FUND24,2025-02-20T00:00:00,1.7413
FUND24,2025-02-21T00:00:00,2.0792
FUND24,2025-02-24T00:00:00,2.2982
FUND24,2025-02-25T00:00:00,2.5175
FUND24,2025-02-26T00:00:00,2.3163
FUND24,2025-02-27T00:00:00,2.8873
FUND24,2025-02-28T00:00:00,3.2644
FUND24,2025-03-03T00:00:00,3.4234
FUND24,2025-03-04T00:00:00,3.2177
FUND24,2025-03-05T00:00:00,3.4726
FUND24,2025-03-06T00:00:00,3.3842
FUND24,2025-03-07T00:00:00,3.7782
FUND24,2025-03-10T00:00:00,4.0489
FUND24,2025-03-11T00:00:00,3.929
FUND24,2025-03-12T00:00:00,4.0798
FUND24,2025-03-13T00:00:00,4.1002
FUND24,2025-03-14T00:00:00,3.9357
FUND24,2025-03-17T00:00:00,3.609
FUND24,2025-03-18T00:00:00,3.3639
FUND24,2025-03-19T00:00:00,3.566
FUND24,2025-03-20T00:00:00,3.844
FUND24,2025-03-21T00:00:00,3.9307
FUND24,2025-03-24T00:00:00,3.7959
FUND24,2025-03-25T00:00:00,3.9311
FUND24,2025-03-26T00:00:00,3.905
FUND24,2025-03-27T00:00:00,3.6362
FUND24,2025-03-28T00:00:00,3.5385
FUND24,2025-03-31T00:00:00,3.5464
FUND24,2025-04-01T00:00:00,3.3959
FUND24,2025-04-02T00:00:00,2.8395
FUND24,2025-04-03T00:00:00,2.7993
FUND24,2025-04-04T00:00:00,2.6786
FUND24,2025-04-07T00:00:00,2.5651
FUND24,2025-04-08T00:00:00,2.7227
FUND24,2025-04-09T00:00:00,2.753
FUND24,2025-04-10T00:00:00,2.7304
FUND24,2025-04-11T00:00:00,2.5279
FUND24,2025-04-14T00:00:00,2.3244
FUND24,2025-04-15T00:00:00,2.736
FUND24,2025-04-16T00:00:00,2.732
FUND24,2025-04-17T00:00:00,2.9342
FUND24,2025-04-18T00:00:00,2.9384
FUND24,2025-04-21T00:00:00,3.2291
FUND24,2025-04-22T00:00:00,3.0505
FUND24,2025-04-23T00:00:00,2.9339
FUND24,2025-04-24T00:00:00,2.9976
FUND24,2025-04-25T00:00:00,3.0189
FUND24,2025-04-28T00:00:00,3.8435
FUND24,2025-04-29T00:00:00,3.9165
FUND24,2025-04-30T00:00:00,4.4291
FUND24,2025-05-01T00:00:00,4.5055
FUND24,2025-05-02T00:00:00,4.7569
FUND24,2025-05-05T00:00:00,4.7442
FUND24,2025-05-06T00:00:00,4.0508
FUND24,2025-05-07T00:00:00,3.9442
FUND24,2025-05-08T00:00:00,4.2319
FUND24,2025-05-09T00:00:00,3.8842
FUND24,2025-05-12T00:00:00,4.0151
FUND24,2025-05-13T00:00:00,4.3514
FUND24,2025-05-14T00:00:00,4.713
FUND24,2025-05-15T00:00:00,4.4947
FUND24,2025-05-16T00:00:00,4.3151
FUND24,2025-05-19T00:00:00,4.3037
FUND24,2025-05-20T00:00:00,4.0764
FUND24,2025-05-21T00:00:00,4.3772
FUND24,2025-05-22T00:00:00,4.297
FUND24,2025-05-23T00:00:00,3.8844
FUND24,2025-05-26T00:00:00,3.6315
FUND24,2025-05-27T00:00:00,3.5974
FUND24,2025-05-28T00:00:00,3.9244
FUND24,2025-05-29T00:00:00,3.6972
FUND24,2025-05-30T00:00:00,3.8706
FUND24,2025-06-02T00:00:00,3.3627
FUND24,2025-06-03T00:00:00,3.4992
FUND24,2025-06-04T00:00:00,3.6541
FUND24,2025-06-05T00:00:00,3.6867
FUND24,2025-06-06T00:00:00,3.4779
FUND24,2025-06-09T00:00:00,3.1611
FUND24,2025-06-10T00:00:00,3.2341
FUND24,2025-06-11T00:00:00,3.4965
FUND24,2025-06-12T00:00:00,3.6034
FUND24,2025-06-13T00:00:00,3.8785
FUND24,2025-06-16T00:00:00,3.674
FUND24,2025-06-17T00:00:00,3.1418
FUND24,2025-06-18T00:00:00,3.1678
FUND24,2025-06-19T00:00:00,3.0936
FUND24,2025-06-20T00:00:00,3.0446
FUND24,2025-06-23T00:00:00,2.8392
FUND24,2025-06-24T00:00:00,3.343
FUND24,2025-06-25T00:00:00,3.2696
FUND24,2025-06-26T00:00:00,3.17
FUND24,2025-06-27T00:00:00,2.402
FUND24,2025-06-30T00:00:00,2.1355
FUND24,2025-07-01T00:00:00,2.0468
FUND24,2025-07-02T00:00:00,1.7616
FUND24,2025-07-03T00:00:00,1.6713
FUND24,2025-07-04T00:00:00,1.5492
FUND24,2025-07-07T00:00:00,1.4965
FUND24,2025-07-08T00:00:00,1.6279
FUND24,2025-07-09T00:00:00,1.8368
FUND24,2025-07-10T00:00:00,2.4431
FUND24,2025-07-11T00:00:00,2.4007
FUND24,2025-07-14T00:00:00,2.1596
FUND24,2025-07-15T00:00:00,2.1264
FUND24,2025-07-16T00:00:00,1.8412
FUND24,2025-07-17T00:00:00,1.1942
FUND24,2025-07-18T00:00:00,1.1164
FUND24,2025-07-21T00:00:00,1.1978
FUND24,2025-07-22T00:00:00,1.3398
FUND24,2025-07-23T00:00:00,0.9827
FUND24,2025-07-24T00:00:00,1.221
FUND24,2025-07-25T00:00:00,0.943
FUND24,2025-07-28T00:00:00,1.2475
FUND24,2025-07-29T00:00:00,1.3442
FUND24,2025-07-30T00:00:00,1.3707
FUND24,2025-07-31T00:00:00,1.2628
FUND24,2025-08-01T00:00:00,1.1373
FUND24,2025-08-04T00:00:00,0.6614
FUND24,2025-08-05T00:00:00,0.8143
FUND24,2025-08-06T00:00:00,1.0268
FUND24,2025-08-07T00:00:00,0.8792
FUND24,2025-08-08T00:00:00,1.0088
FUND24,2025-08-11T00:00:00,0.9662
FUND24,2025-08-12T00:00:00,0.5477
FUND24,2025-08-13T00:00:00,0.4004
FUND24,2025-08-14T00:00:00,0.6161
FUND24,2025-08-15T00:00:00,0.7592
FUND24,2025-08-18T00:00:00,0.454
FUND24,2025-08-19T00:00:00,0.2475
FUND24,2025-08-20T00:00:00,0.3888
FUND24,2025-08-21T00:00:00,0.4398
FUND24,2025-08-22T00:00:00,1.0065
FUND24,2025-08-25T00:00:00,1.2154
FUND24,2025-08-26T00:00:00,1.1406
FUND24,2025-08-27T00:00:00,1.2319
FUND24,2025-08-28T00:00:00,1.3954
FUND24,2025-08-29T00:00:00,1.2699
FUND24,2025-09-01T00:00:00,1.0722
FUND24,2025-09-02T00:00:00,1.2151
FUND24,2025-09-03T00:00:00,0.8461
FUND24,2025-09-04T00:00:00,0.6558
FUND24,2025-09-05T00:00:00,0.6155
FUND24,2025-09-08T00:00:00,0.5712
FUND24,2025-09-09T00:00:00,0.7145
FUND24,2025-09-10T00:00:00,0.711
FUND24,2025-09-11T00:00:00,0.7083
FUND24,2025-09-12T00:00:00,0.6764
FUND24,2025-09-15T00:00:00,0.8769
FUND24,2025-09-16T00:00:00,0.8149
FUND24,2025-09-17T00:00:00,0.4551
FUND24,2025-09-18T00:00:00,0.8139
FUND24,2025-09-19T00:00:00,1.0177
FUND24,2025-09-22T00:00:00,1.2194
FUND24,2025-09-23T00:00:00,1.4831
FUND24,2025-09-24T00:00:00,1.2257
FUND24,2025-09-25T00:00:00,1.2189
FUND24,2025-09-26T00:00:00,1.5209
FUND24,2025-09-29T00:00:00,1.7062
FUND24,2025-09-30T00:00:00,1.4514
FUND24,2025-10-01T00:00:00,1.4723
FUND24,2025-10-02T00:00:00,1.3804
FUND24,2025-10-03T00:00:00,1.2184
FUND24,2025-10-06T00:00:00,1.5464
FUND24,2025-10-07T00:00:00,1.7462
FUND24,2025-10-08T00:00:00,1.7069
FUND24,2025-10-09T00:00:00,1.5251
FUND24,2025-10-10T00:00:00,1.7751
FUND24,2025-10-13T00:00:00,1.7016
FUND24,2025-10-14T00:00:00,1.5116
FUND24,2025-10-15T00:00:00,1.6878
FUND24,2025-10-16T00:00:00,1.4285
FUND24,2025-10-17T00:00:00,1.4279
FUND24,2025-10-20T00:00:00,1.4323
FUND24,2025-10-21T00:00:00,1.5748
FUND24,2025-10-22T00:00:00,1.5553
FUND24,2025-10-23T00:00:00,1.5274
FUND24,2025-10-24T00:00:00,1.2493
FUND24,2025-10-27T00:00:00,1.1241
FUND24,2025-10-28T00:00:00,0.9393
FUND24,2025-10-29T00:00:00,0.8879
FUND24,2025-10-30T00:00:00,1.0122
FUND24,2025-10-31T00:00:00,1.7901
FUND24,2025-11-03T00:00:00,1.9154
FUND24,2025-11-04T00:00:00,1.8096
FUND24,2025-11-05T00:00:00,2.1169
FUND24,2025-11-06T00:00:00,2.1356
FUND24,2025-11-07T00:00:00,2.1998
FUND24,2025-11-10T00:00:00,2.0589
FUND24,2025-11-11T00:00:00,2.0385
FUND24,2025-11-12T00:00:00,1.8911
FUND24,2025-11-13T00:00:00,1.6464
FUND24,2025-11-14T00:00:00,1.6606
FUND24,2025-11-17T00:00:00,1.2916
FUND24,2025-11-18T00:00:00,1.4613
FUND24,2025-11-19T00:00:00,1.5791
FUND24,2025-11-20T00:00:00,2.1493
FUND24,2025-11-21T00:00:00,2.5135
FUND24,2025-11-24T00:00:00,2.5309
FUND25,2023-05-08T00:00:00,-1.6906
FUND25,2023-05-09T00:00:00,-1.7026
FUND25,2023-05-10T00:00:00,-2.1098
FUND25,2023-05-11T00:00:00,-1.7493
FUND25,2023-05-12T00:00:00,-1.6156
FUND25,2023-05-15T00:00:00,-1.4265
FUND25,2023-05-16T00:00:00,-1.6947
FUND25,2023-05-17T00:00:00,-1.9809
FUND25,2023-05-18T00:00:00,-1.968
FUND25,2023-05-19T00:00:00,-1.7861
FUND25,2023-05-22T00:00:00,-1.6744
FUND25,2023-05-23T00:00:00,-2.179
FUND25,2023-05-24T00:00:00,-1.6859
FUND25,2023-05-25T00:00:00,-1.8736
FUND25,2023-05-26T00:00:00,-1.7244
FUND25,2023-05-29T00:00:00,-2.1497
FUND25,2023-05-30T00:00:00,-1.9476
FUND25,2023-05-31T00:00:00,-1.5008
FUND25,2023-06-01T00:00:00,-1.5764
FUND25,2023-06-02T00:00:00,-1.1087
FUND25,2023-06-05T00:00:00,-1.4879
FUND25,2023-06-06T00:00:00,-1.3908
FUND25,2023-06-07T00:00:00,-1.1688
FUND25,2023-06-08T00:00:00,-1.3152
FUND25,2023-06-09T00:00:00,-1.0959
FUND25,2023-06-12T00:00:00,-1.1483
FUND25,2023-06-13T00:00:00,-0.9152
FUND25,2023-06-14T00:00:00,-0.643
FUND25,2023-06-15T00:00:00,-0.4898
FUND25,2023-06-16T00:00:00,-0.4254
FUND25,2023-06-19T00:00:00,0.0827
FUND25,2023-06-20T00:00:00,0.4548
FUND25,2023-06-21T00:00:00,0.288
FUND25,2023-06-22T00:00:00,0.2697
FUND25,2023-06-23T00:00:00,0.5771
FUND25,2023-06-26T00:00:00,0.551
FUND25,2023-06-27T00:00:00,0.5994
FUND25,2023-06-28T00:00:00,0.7017
FUND25,2023-06-29T00:00:00,0.933
FUND25,2023-06-30T00:00:00,0.884
FUND25,2023-07-03T00:00:00,0.7231
FUND25,2023-07-04T00:00:00,0.7589
FUND25,2023-07-05T00:00:00,0.3223
FUND25,2023-07-06T00:00:00,0.812
FUND25,2023-07-07T00:00:00,1.1529
FUND25,2023-07-10T00:00:00,1.0556
FUND25,2023-07-11T00:00:00,1.201
FUND25,2023-07-12T00:00:00,1.6376
FUND25,2023-07-13T00:00:00,1.7003
FUND25,2023-07-14T00:00:00,2.1387
FUND25,2023-07-17T00:00:00,2.0193
FUND25,2023-07-18T00:00:00,2.4475
FUND25,2023-07-19T00:00:00,3.3639
FUND25,2023-07-20T00:00:00,3.4048
FUND25,2023-07-21T00:00:00,3.5121
FUND25,2023-07-24T00:00:00,3.6426
FUND25,2023-07-25T00:00:00,3.6775
FUND25,2023-07-26T00:00:00,3.6581
FUND25,2023-07-27T00:00:00,3.8387
FUND25,2023-07-28T00:00:00,3.2612
FUND25,2023-07-31T00:00:00,3.2933
FUND25,2023-08-01T00:00:00,3.3126
FUND25,2023-08-02T00:00:00,3.1298
FUND25,2023-08-03T00:00:00,2.9966
FUND25,2023-08-04T00:00:00,3.1212
FUND25,2023-08-07T00:00:00,2.8078
FUND25,2023-08-08T00:00:00,3.0513
FUND25,2023-08-09T00:00:00,3.0103
FUND25,2023-08-10T00:00:00,2.8096
FUND25,2023-08-11T00:00:00,3.1937
FUND25,2023-08-14T00:00:00,3.7469
FUND25,2023-08-15T00:00:00,3.4599
FUND25,2023-08-16T00:00:00,3.3969
FUND25,2023-08-17T00:00:00,3.3517
FUND25,2023-08-18T00:00:00,3.531
FUND25,2023-08-21T00:00:00,3.1722
FUND25,2023-08-22T00:00:00,3.0457
FUND25,2023-08-23T00:00:00,3.3756
FUND25,2023-08-24T00:00:00,3.1675
FUND25,2023-08-25T00:00:00,3.0286
FUND25,2023-08-28T00:00:00,2.7452
FUND25,2023-08-29T00:00:00,3.094
FUND25,2023-08-30T00:00:00,3.2435
FUND25,2023-08-31T00:00:00,2.7707
FUND25,2023-09-01T00:00:00,2.8929
FUND25,2023-09-04T00:00:00,2.6324
FUND25,2023-09-05T00:00:00,2.5487
FUND25,2023-09-06T00:00:00,2.242
FUND25,2023-09-07T00:00:00,2.1523
FUND25,2023-09-08T00:00:00,2.3813
FUND25,2023-09-11T00:00:00,1.8588
FUND25,2023-09-12T00:00:00,1.6631
FUND25,2023-09-13T00:00:00,1.9122
FUND25,2023-09-14T00:00:00,2.0401
FUND25,2023-09-15T00:00:00,2.009
FUND25,2023-09-18T00:00:00,2.1616
FUND25,2023-09-19T00:00:00,2.35
FUND25,2023-09-20T00:00:00,2.3763
FUND25,2023-09-21T00:00:00,2.3875
FUND25,2023-09-22T00:00:00,2.6644
FUND25,2023-09-25T00:00:00,2.8579
FUND25,2023-09-26T00:00:00,3.4386
FUND25,2023-09-27T00:00:00,2.7327
FUND25,2023-09-28T00:00:00,2.8201
FUND25,2023-09-29T00:00:00,2.5685
FUND25,2023-10-02T00:00:00,2.9298
FUND25,2023-10-03T00:00:00,2.6675
FUND25,2023-10-04T00:00:00,2.2102
FUND25,2023-10-05T00:00:00,2.6973
FUND25,2023-10-06T00:00:00,2.6706
FUND25,2023-10-09T00:00:00,2.8022
FUND25,2023-10-10T00:00:00,2.3761
FUND25,2023-10-11T00:00:00,2.2821
FUND25,2023-10-12T00:00:00,2.2896
FUND25,2023-10-13T00:00:00,2.4839
FUND25,2023-10-16T00:00:00,2.4984
FUND25,2023-10-17T00:00:00,2.1789
FUND25,2023-10-18T00:00:00,2.1287
FUND25,2023-10-19T00:00:00,1.7623
FUND25,2023-10-20T00:00:00,1.7395
FUND25,2023-10-23T00:00:00,1.3006
FUND25,2023-10-24T00:00:00,1.3383
FUND25,2023-10-25T00:00:00,1.6823
FUND25,2023-10-26T00:00:00,1.6803
FUND25,2023-10-27T00:00:00,1.6443
FUND25,2023-10-30T00:00:00,1.7193
FUND25,2023-10-31T00:00:00,1.6295
FUND25,2023-11-01T00:00:00,1.5221
FUND25,2023-11-02T00:00:00,1.32
FUND25,2023-11-03T00:00:00,1.193
FUND25,2023-11-06T00:00:00,1.1211
FUND25,2023-11-07T00:00:00,1.1821
FUND25,2023-11-08T00:00:00,1.3005
FUND25,2023-11-09T00:00:00,1.2043
FUND25,2023-11-10T00:00:00,0.9048
FUND25,2023-11-13T00:00:00,0.8977
FUND25,2023-11-14T00:00:00,1.1071
FUND25,2023-11-15T00:00:00,0.986
FUND25,2023-11-16T00:00:00,1.1159
FUND25,2023-11-17T00:00:00,0.7325
FUND25,2023-11-20T00:00:00,0.5746
FUND25,2023-11-21T00:00:00,0.29
FUND25,2023-11-22T00:00:00,0.0449
FUND25,2023-11-23T00:00:00,0.0402
FUND25,2023-11-24T00:00:00,-0.2756
FUND25,2023-11-27T00:00:00,-0.8439
FUND25,2023-11-28T00:00:00,-0.8401
FUND25,2023-11-29T00:00:00,-0.8316
FUND25,2023-11-30T00:00:00,-0.9972
FUND25,2023-12-01T00:00:00,-0.6384
FUND25,2023-12-04T00:00:00,-0.646
FUND25,2023-12-05T00:00:00,-0.7611
FUND25,2023-12-06T00:00:00,-0.6698
FUND25,2023-12-07T00:00:00,-0.5671
FUND25,2023-12-08T00:00:00,-0.5416
FUND25,2023-12-11T00:00:00,-0.455
FUND25,2023-12-12T00:00:00,-0.6375
FUND25,2023-12-13T00:00:00,-0.4252
FUND25,2023-12-14T00:00:00,-0.4533
FUND25,2023-12-15T00:00:00,-0.4219
FUND25,2023-12-18T00:00:00,-0.9719
FUND25,2023-12-19T00:00:00,-0.9474
FUND25,2023-12-20T00:00:00,-0.5326
FUND25,2023-12-21T00:00:00,-0.4006
FUND25,2023-12-22T00:00:00,-0.4384
FUND25,2023-12-25T00:00:00,-0.2853
FUND25,2023-12-26T00:00:00,-0.3903
FUND25,2023-12-27T00:00:00,-0.7169
FUND25,2023-12-28T00:00:00,-0.6183
FUND25,2023-12-29T00:00:00,-0.7295
FUND25,2024-01-01T00:00:00,-0.2559
FUND25,2024-01-02T00:00:00,0.0141
FUND25,2024-01-03T00:00:00,-0.1826
FUND25,2024-01-04T00:00:00,0.1393
FUND25,2024-01-05T00:00:00,-0.4096
FUND25,2024-01-08T00:00:00,-0.2105
FUND25,2024-01-09T00:00:00,-0.4219
FUND25,2024-01-10T00:00:00,-0.1887
FUND25,2024-01-11T00:00:00,0.0021
FUND25,2024-01-12T00:00:00,-0.0362
FUND25,2024-01-15T00:00:00,0.1738
FUND25,2024-01-16T00:00:00,0.4203
FUND25,2024-01-17T00:00:00,-0.1918
FUND25,2024-01-18T00:00:00,-0.4908
FUND25,2024-01-19T00:00:00,-0.827
FUND25,2024-01-22T00:00:00,-1.1819
FUND25,2024-01-23T00:00:00,-1.3141
FUND25,2024-01-24T00:00:00,-0.9114
FUND25,2024-01-25T00:00:00,-0.9564
FUND25,2024-01-26T00:00:00,-1.0425
FUND25,2024-01-29T00:00:00,-1.4199
FUND25,2024-01-30T00:00:00,-1.7263
FUND25,2024-01-31T00:00:00,-1.3407
FUND25,2024-02-01T00:00:00,-1.2692
FUND25,2024-02-02T00:00:00,-1.5216
FUND25,2024-02-05T00:00:00,-1.6476
FUND25,2024-02-06T00:00:00,-1.4954
FUND25,2024-02-07T00:00:00,-1.5318
FUND25,2024-02-08T00:00:00,-1.5756
FUND25,2024-02-09T00:00:00,-1.5168
FUND25,2024-02-12T00:00:00,-1.4843
FUND25,2024-02-13T00:00:00,-0.9662
FUND25,2024-02-14T00:00:00,-0.8309
FUND25,2024-02-15T00:00:00,-0.8778
FUND25,2024-02-16T00:00:00,-1.2989
FUND25,2024-02-19T00:00:00,-1.0763
FUND25,2024-02-20T00:00:00,-0.8384
FUND25,2024-02-21T00:00:00,-1.1168
FUND25,2024-02-22T00:00:00,-1.1209
FUND25,2024-02-23T00:00:00,-1.0123
FUND25,2024-02-26T00:00:00,-0.9869
FUND25,2024-02-27T00:00:00,-1.2148
FUND25,2024-02-28T00:00:00,-1.8349
FUND25,2024-02-29T00:00:00,-1.4901
FUND25,2024-03-01T00:00:00,-1.2549
FUND25,2024-03-04T00:00:00,-0.9772
FUND25,2024-03-05T00:00:00,-0.7506
FUND25,2024-03-06T00:00:00,-0.9765
FUND25,2024-03-07T00:00:00,-1.0644
FUND25,2024-03-08T00:00:00,-0.7046
FUND25,2024-03-11T00:00:00,-0.2116
FUND25,2024-03-12T00:00:00,-0.7047
FUND25,2024-03-13T00:00:00,-0.4838
FUND25,2024-03-14T00:00:00,-0.5075
FUND25,2024-03-15T00:00:00,-0.5946
FUND25,2024-03-18T00:00:00,-0.5453
FUND25,2024-03-19T00:00:00,-0.7993
FUND25,2024-03-20T00:00:00,-0.5155
FUND25,2024-03-21T00:00:00,-0.3456
FUND25,2024-03-22T00:00:00,-0.0125
FUND25,2024-03-25T00:00:00,0.2295
FUND25,2024-03-26T00:00:00,0.4649
FUND25,2024-03-27T00:00:00,0.521
FUND25,2024-03-28T00:00:00,0.8255
FUND25,2024-03-29T00:00:00,1.0818
FUND25,2024-04-01T00:00:00,1.637
FUND25,2024-04-02T00:00:00,1.7569
FUND25,2024-04-03T00:00:00,1.6771
FUND25,2024-04-04T00:00:00,1.9203
FUND25,2024-04-05T00:00:00,2.0448
FUND25,2024-04-08T00:00:00,2.0676
FUND25,2024-04-09T00:00:00,2.1763
FUND25,2024-04-10T00:00:00,2.1432
FUND25,2024-04-11T00:00:00,1.8566
FUND25,2024-04-12T00:00:00,1.7209
FUND25,2024-04-15T00:00:00,2.133
FUND25,2024-04-16T00:00:00,1.6268
FUND25,2024-04-17T00:00:00,1.5954
FUND25,2024-04-18T00:00:00,1.5225
FUND25,2024-04-19T00:00:00,1.2096
FUND25,2024-04-22T00:00:00,1.2295
FUND25,2024-04-23T00:00:00,1.8252
FUND25,2024-04-24T00:00:00,1.7531
FUND25,2024-04-25T00:00:00,1.7216
FUND25,2024-04-26T00:00:00,2.2223
FUND25,2024-04-29T00:00:00,2.3119
FUND25,2024-04-30T00:00:00,2.3758
FUND25,2024-05-01T00:00:00,2.3647
FUND25,2024-05-02T00:00:00,2.5767
FUND25,2024-05-03T00:00:00,2.7578
FUND25,2024-05-06T00:00:00,2.4913
FUND25,2024-05-07T00:00:00,1.9202
FUND25,2024-05-08T00:00:00,1.5816
FUND25,2024-05-09T00:00:00,1.6914
FUND25,2024-05-10T00:00:00,2.174
FUND25,2024-05-13T00:00:00,1.9408
FUND25,2024-05-14T00:00:00,2.138
FUND25,2024-05-15T00:00:00,1.9912
FUND25,2024-05-16T00:00:00,2.0834
FUND25,2024-05-17T00:00:00,2.0509
FUND25,2024-05-20T00:00:00,2.2396
FUND25,2024-05-21T00:00:00,2.3502
FUND25,2024-05-22T00:00:00,2.6184
FUND25,2024-05-23T00:00:00,2.4715
FUND25,2024-05-24T00:00:00,2.4963
FUND25,2024-05-27T00:00:00,2.6626
FUND25,2024-05-28T00:00:00,3.0271
FUND25,2024-05-29T00:00:00,2.2619
FUND25,2024-05-30T00:00:00,2.046
FUND25,2024-05-31T00:00:00,1.9843
FUND25,2024-06-03T00:00:00,1.9488
FUND25,2024-06-04T00:00:00,2.1055
FUND25,2024-06-05T00:00:00,2.1574
FUND25,2024-06-06T00:00:00,2.0853
FUND25,2024-06-07T00:00:00,2.5792
FUND25,2024-06-10T00:00:00,2.7249
FUND25,2024-06-11T00:00:00,2.3821
FUND25,2024-06-12T00:00:00,2.8792
FUND25,2024-06-13T00:00:00,2.8207
FUND25,2024-06-14T00:00:00,2.7176
FUND25,2024-06-17T00:00:00,2.7672
FUND25,2024-06-18T00:00:00,2.3848
FUND25,2024-06-19T00:00:00,2.3086
FUND25,2024-06-20T00:00:00,2.3063
FUND25,2024-06-21T00:00:00,2.5607
FUND25,2024-06-24T00:00:00,2.7544
FUND25,2024-06-25T00:00:00,2.5613
FUND25,2024-06-26T00:00:00,2.9851
FUND25,2024-06-27T00:00:00,3.3772
FUND25,2024-06-28T00:00:00,3.3513
FUND25,2024-07-01T00:00:00,3.6701
FUND25,2024-07-02T00:00:00,3.7527
FUND25,2024-07-03T00:00:00,3.6351
FUND25,2024-07-04T00:00:00,2.9508
FUND25,2024-07-05T00:00:00,2.4171
FUND25,2024-07-08T00:00:00,2.0855
FUND25,2024-07-09T00:00:00,2.039
FUND25,2024-07-10T00:00:00,2.2418
FUND25,2024-07-11T00:00:00,2.2754
FUND25,2024-07-12T00:00:00,2.2315
FUND25,2024-07-15T00:00:00,2.1736
FUND25,2024-07-16T00:00:00,2.8983
FUND25,2024-07-17T00:00:00,3.0931
FUND25,2024-07-18T00:00:00,3.235
FUND25,2024-07-19T00:00:00,3.2659
FUND25,2024-07-22T00:00:00,3.0956
FUND25,2024-07-23T00:00:00,2.9957
FUND25,2024-07-24T00:00:00,2.8164
FUND25,2024-07-25T00:00:00,2.4531
FUND25,2024-07-26T00:00:00,2.3833
FUND25,2024-07-29T00:00:00,2.3918
FUND25,2024-07-30T00:00:00,2.1719
FUND25,2024-07-31T00:00:00,2.0497
FUND25,2024-08-01T00:00:00,1.754
FUND25,2024-08-02T00:00:00,1.8053
FUND25,2024-08-05T00:00:00,2.0304
FUND25,2024-08-06T00:00:00,1.7761
FUND25,2024-08-07T00:00:00,1.7763
FUND25,2024-08-08T00:00:00,1.8709
FUND25,2024-08-09T00:00:00,1.6892
FUND25,2024-08-12T00:00:00,1.3312
FUND25,2024-08-13T00:00:00,1.3022
FUND25,2024-08-14T00:00:00,1.1463
FUND25,2024-08-15T00:00:00,1.2708
FUND25,2024-08-16T00:00:00,1.1441
FUND25,2024-08-19T00:00:00,1.1222
FUND25,2024-08-20T00:00:00,1.3403
FUND25,2024-08-21T00:00:00,1.1936
FUND25,2024-08-22T00:00:00,1.4449
FUND25,2024-08-23T00:00:00,1.7006
FUND25,2024-08-26T00:00:00,2.0289
FUND25,2024-08-27T00:00:00,1.7917
FUND25,2024-08-28T00:00:00,2.0789
FUND25,2024-08-29T00:00:00,1.9953
FUND25,2024-08-30T00:00:00,1.8604
FUND25,2024-09-02T00:00:00,1.912
FUND25,2024-09-03T00:00:00,1.8482
FUND25,2024-09-04T00:00:00,1.7479
FUND25,2024-09-05T00:00:00,1.8456
FUND25,2024-09-06T00:00:00,1.8683
FUND25,2024-09-09T00:00:00,1.9728
FUND25,2024-09-10T00:00:00,2.266
FUND25,2024-09-11T00:00:00,2.472
FUND25,2024-09-12T00:00:00,2.1457
FUND25,2024-09-13T00:00:00,1.7334
FUND25,2024-09-16T00:00:00,1.5194
FUND25,2024-09-17T00:00:00,1.5982
FUND25,2024-09-18T00:00:00,1.5963
FUND25,2024-09-19T00:00:00,1.4001
FUND25,2024-09-20T00:00:00,1.2302
FUND25,2024-09-23T00:00:00,1.4986
FUND25,2024-09-24T00:00:00,1.1768
FUND25,2024-09-25T00:00:00,1.0314
FUND25,2024-09-26T00:00:00,0.9986
FUND25,2024-09-27T00:00:00,1.3668
FUND25,2024-09-30T00:00:00,1.5194
FUND25,2024-10-01T00:00:00,1.0219
FUND25,2024-10-02T00:00:00,1.4625
FUND25,2024-10-03T00:00:00,1.6931
FUND25,2024-10-04T00:00:00,1.7571
FUND25,2024-10-07T00:00:00,1.857
FUND25,2024-10-08T00:00:00,2.0853
FUND25,2024-10-09T00:00:00,1.9834
FUND25,2024-10-10T00:00:00,1.9817
FUND25,2024-10-11T00:00:00,1.7005
FUND25,2024-10-14T00:00:00,1.4885
FUND25,2024-10-15T00:00:00,1.6544
FUND25,2024-10-16T00:00:00,1.3676
FUND25,2024-10-17T00:00:00,1.246
FUND25,2024-10-18T00:00:00,1.0696
FUND25,2024-10-21T00:00:00,0.6374
FUND25,2024-10-22T00:00:00,1.0833
FUND25,2024-10-23T00:00:00,0.9367
FUND25,2024-10-24T00:00:00,1.1375
FUND25,2024-10-25T00:00:00,1.1464
FUND25,2024-10-28T00:00:00,0.8153
FUND25,2024-10-29T00:00:00,0.9426
FUND25,2024-10-30T00:00:00,0.5682
FUND25,2024-10-31T00:00:00,0.4358
FUND25,2024-11-01T00:00:00,0.2059
FUND25,2024-11-04T00:00:00,-0.0324
FUND25,2024-11-05T00:00:00,-0.0129
FUND25,2024-11-06T00:00:00,0.0729
FUND25,2024-11-07T00:00:00,0.549
FUND25,2024-11-08T00:00:00,0.6497
FUND25,2024-11-11T00:00:00,0.8775
FUND25,2024-11-12T00:00:00,0.6757
FUND25,2024-11-13T00:00:00,0.7091
FUND25,2024-11-14T00:00:00,0.859
FUND25,2024-11-15T00:00:00,0.9671
FUND25,2024-11-18T00:00:00,0.4264
FUND25,2024-11-19T00:00:00,0.1048
FUND25,2024-11-20T00:00:00,-0.2348
FUND25,2024-11-21T00:00:00,-0.6427
FUND25,2024-11-22T00:00:00,-0.4184
FUND25,2024-11-25T00:00:00,-0.4966
FUND25,2024-11-26T00:00:00,-0.4282
FUND25,2024-11-27T00:00:00,-0.315
FUND25,2024-11-28T00:00:00,-0.1077
FUND25,2024-11-29T00:00:00,-0.4139
FUND25,2024-12-02T00:00:00,-0.482
FUND25,2024-12-03T00:00:00,-0.2714
FUND25,2024-12-04T00:00:00,-0.0183
FUND25,2024-12-05T00:00:00,0.0176
FUND25,2024-12-06T00:00:00,-0.1625
FUND25,2024-12-09T00:00:00,-0.2426
FUND25,2024-12-10T00:00:00,-0.2659
FUND25,2024-12-11T00:00:00,-0.1116
FUND25,2024-12-12T00:00:00,-0.2496
FUND25,2024-12-13T00:00:00,-0.1913
FUND25,2024-12-16T00:00:00,0.3251
FUND25,2024-12-17T00:00:00,0.477
FUND25,2024-12-18T00:00:00,0.7299
FUND25,2024-12-19T00:00:00,0.6671
FUND25,2024-12-20T00:00:00,0.5043
FUND25,2024-12-23T00:00:00,-0.0984
FUND25,2024-12-24T00:00:00,0.256
FUND25,2024-12-25T00:00:00,0.3361
FUND25,2024-12-26T00:00:00,0.2519
FUND25,2024-12-27T00:00:00,0.0911
FUND25,2024-12-30T00:00:00,-0.0492
FUND25,2024-12-31T00:00:00,-0.2226
FUND25,2025-01-01T00:00:00,-0.5585
FUND25,2025-01-02T00:00:00,-0.6149
FUND25,2025-01-03T00:00:00,-0.7228
FUND25,2025-01-06T00:00:00,-0.9155
FUND25,2025-01-07T00:00:00,-0.9247
FUND25,2025-01-08T00:00:00,-0.7758
FUND25,2025-01-09T00:00:00,-0.8751
FUND25,2025-01-10T00:00:00,-1.4495
FUND25,2025-01-13T00:00:00,-1.5428
FUND25,2025-01-14T00:00:00,-1.425
FUND25,2025-01-15T00:00:00,-1.311
FUND25,2025-01-16T00:00:00,-0.8786
FUND25,2025-01-17T00:00:00,-0.6689
FUND25,2025-01-20T00:00:00,-0.0463
FUND25,2025-01-21T00:00:00,-0.3895
FUND25,2025-01-22T00:00:00,-0.7603
FUND25,2025-01-23T00:00:00,-0.7431
FUND25,2025-01-24T00:00:00,-0.7494
FUND25,2025-01-27T00:00:00,-0.9459
FUND25,2025-01-28T00:00:00,-1.0399
FUND25,2025-01-29T00:00:00,-0.6492
FUND25,2025-01-30T00:00:00,-0.3058
FUND25,2025-01-31T00:00:00,-0.3338
FUND25,2025-02-03T00:00:00,-0.5085
FUND25,2025-02-04T00:00:00,-0.4241
FUND25,2025-02-05T00:00:00,-0.3375
FUND25,2025-02-06T00:00:00,-0.1657
FUND25,2025-02-07T00:00:00,-0.5557
FUND25,2025-02-10T00:00:00,-0.4372
FUND25,2025-02-11T00:00:00,-0.9803
FUND25,2025-02-12T00:00:00,-0.9489
FUND25,2025-02-13T00:00:00,-0.8106
FUND25,2025-02-14T00:00:00,-0.5408
FUND25,2025-02-17T00:00:00,-0.7128
FUND25,2025-02-18T00:00:00,-0.4522
FUND25,2025-02-19T00:00:00,-0.1955
FUND25,2025-02-20T00:00:00,-0.0969
FUND25,2025-02-21T00:00:00,0.2982
FUND25,2025-02-24T00:00:00,0.5727
FUND25,2025-02-25T00:00:00,0.0749
FUND25,2025-02-26T00:00:00,0.421
FUND25,2025-02-27T00:00:00,0.0228
FUND25,2025-02-28T00:00:00,-0.5719
FUND25,2025-03-03T00:00:00,-0.3615
FUND25,2025-03-04T00:00:00,-0.4835
FUND25,2025-03-05T00:00:00,-0.2942
FUND25,2025-03-06T00:00:00,-0.6547
FUND25,2025-03-07T00:00:00,-0.767
FUND25,2025-03-10T00:00:00,-0.7716
FUND25,2025-03-11T00:00:00,-0.9517
FUND25,2025-03-12T00:00:00,-1.0352
FUND25,2025-03-13T00:00:00,-1.1455
FUND25,2025-03-14T00:00:00,-1.0772
FUND25,2025-03-17T00:00:00,-1.106
FUND25,2025-03-18T00:00:00,-1.1281
FUND25,2025-03-19T00:00:00,-1.0112
FUND25,2025-03-20T00:00:00,-0.8441
FUND25,2025-03-21T00:00:00,-1.1561
FUND25,2025-03-24T00:00:00,-0.662
FUND25,2025-03-25T00:00:00,-0.3157
FUND25,2025-03-26T00:00:00,-0.5057
FUND25,2025-03-27T00:00:00,-0.4597
FUND25,2025-03-28T00:00:00,-0.9268
FUND25,2025-03-31T00:00:00,-0.7772
FUND25,2025-04-01T00:00:00,-0.5919
FUND25,2025-04-02T00:00:00,-0.5775
FUND25,2025-04-03T00:00:00,-0.747
FUND25,2025-04-04T00:00:00,-0.0372
FUND25,2025-04-07T00:00:00,-0.0603
FUND25,2025-04-08T00:00:00,-0.3734
FUND25,2025-04-09T00:00:00,-0.4782
FUND25,2025-04-10T00:00:00,-0.7982
FUND25,2025-04-11T00:00:00,-0.8338
FUND25,2025-04-14T00:00:00,-1.2862
FUND25,2025-04-15T00:00:00,-1.3285
FUND25,2025-04-16T00:00:00,-1.3991
FUND25,2025-04-17T00:00:00,-1.8197
FUND25,2025-04-18T00:00:00,-2.0545
FUND25,2025-04-21T00:00:00,-2.1855
FUND25,2025-04-22T00:00:00,-2.6747
FUND25,2025-04-23T00:00:00,-2.7567
FUND25,2025-04-24T00:00:00,-2.3396
FUND25,2025-04-25T00:00:00,-2.2313
FUND25,2025-04-28T00:00:00,-1.7382
FUND25,2025-04-29T00:00:00,-1.6306
FUND25,2025-04-30T00:00:00,-1.7066
FUND25,2025-05-01T00:00:00,-1.8932
FUND25,2025-05-02T00:00:00,-1.9945
FUND25,2025-05-05T00:00:00,-1.7529
FUND25,2025-05-06T00:00:00,-1.5623
FUND25,2025-05-07T00:00:00,-1.8637
FUND25,2025-05-08T00:00:00,-1.9718
FUND25,2025-05-09T00:00:00,-2.3032
FUND25,2025-05-12T00:00:00,-2.3415
FUND25,2025-05-13T00:00:00,-2.1036
FUND25,2025-05-14T00:00:00,-2.3623
FUND25,2025-05-15T00:00:00,-2.3891
FUND25,2025-05-16T00:00:00,-2.3601
FUND25,2025-05-19T00:00:00,-2.5587
FUND25,2025-05-20T00:00:00,-2.6833
FUND25,2025-05-21T00:00:00,-2.5902
FUND25,2025-05-22T00:00:00,-2.8886
FUND25,2025-05-23T00:00:00,-2.8067
FUND25,2025-05-26T00:00:00,-2.9559
FUND25,2025-05-27T00:00:00,-2.8643
FUND25,2025-05-28T00:00:00,-2.3286
FUND25,2025-05-29T00:00:00,-2.4377
FUND25,2025-05-30T00:00:00,-1.7358
FUND25,2025-06-02T00:00:00,-1.5039
FUND25,2025-06-03T00:00:00,-1.4567
FUND25,2025-06-04T00:00:00,-1.5661
FUND25,2025-06-05T00:00:00,-1.9756
FUND25,2025-06-06T00:00:00,-2.0689
FUND25,2025-06-09T00:00:00,-1.9786
FUND25,2025-06-10T00:00:00,-1.6891
FUND25,2025-06-11T00:00:00,-1.8504
FUND25,2025-06-12T00:00:00,-2.1479
FUND25,2025-06-13T00:00:00,-1.8694
FUND25,2025-06-16T00:00:00,-1.5981
FUND25,2025-06-17T00:00:00,-1.286
FUND25,2025-06-18T00:00:00,-1.288
FUND25,2025-06-19T00:00:00,-1.4442
FUND25,2025-06-20T00:00:00,-1.7856
FUND25,2025-06-23T00:00:00,-1.5947
FUND25,2025-06-24T00:00:00,-1.684
FUND25,2025-06-25T00:00:00,-1.8095
FUND25,2025-06-26T00:00:00,-1.7381
FUND25,2025-06-27T00:00:00,-1.8475
FUND25,2025-06-30T00:00:00,-1.462
FUND25,2025-07-01T00:00:00,-1.3671
FUND25,2025-07-02T00:00:00,-1.6852
FUND25,2025-07-03T00:00:00,-1.5703
FUND25,2025-07-04T00:00:00,-0.9935
FUND25,2025-07-07T00:00:00,-1.3087
FUND25,2025-07-08T00:00:00,-1.1543
FUND25,2025-07-09T00:00:00,-1.3888
FUND25,2025-07-10T00:00:00,-1.055
FUND25,2025-07-11T00:00:00,-1.1528
FUND25,2025-07-14T00:00:00,-0.8875
FUND25,2025-07-15T00:00:00,-1.0474
FUND25,2025-07-16T00:00:00,-1.1232
FUND25,2025-07-17T00:00:00,-1.2217
FUND25,2025-07-18T00:00:00,-0.9139
FUND25,2025-07-21T00:00:00,-1.0987
FUND25,2025-07-22T00:00:00,-1.1207
FUND25,2025-07-23T00:00:00,-1.1718
FUND25,2025-07-24T00:00:00,-1.2159
FUND25,2025-07-25T00:00:00,-0.8223
FUND25,2025-07-28T00:00:00,-0.7563
FUND25,2025-07-29T00:00:00,-1.0906
FUND25,2025-07-30T00:00:00,-0.8719
FUND25,2025-07-31T00:00:00,-0.5264
FUND25,2025-08-01T00:00:00,0.0944
FUND25,2025-08-04T00:00:00,0.3101
FUND25,2025-08-05T00:00:00,0.1673
FUND25,2025-08-06T00:00:00,0.2265
FUND25,2025-08-07T00:00:00,0.2939
FUND25,2025-08-08T00:00:00,-0.3751
FUND25,2025-08-11T00:00:00,-0.6642
FUND25,2025-08-12T00:00:00,-0.4659
FUND25,2025-08-13T00:00:00,-0.439
FUND25,2025-08-14T00:00:00,-0.3305
FUND25,2025-08-15T00:00:00,-0.1148
FUND25,2025-08-18T00:00:00,0.3597
FUND25,2025-08-19T00:00:00,0.7849
FUND25,2025-08-20T00:00:00,0.9095
FUND25,2025-08-21T00:00:00,1.3387
FUND25,2025-08-22T00:00:00,1.5594
FUND25,2025-08-25T00:00:00,1.3839
FUND25,2025-08-26T00:00:00,1.7259
FUND25,2025-08-27T00:00:00,2.0562
FUND25,2025-08-28T00:00:00,1.7763
FUND25,2025-08-29T00:00:00,2.1776
FUND25,2025-09-01T00:00:00,1.5675
FUND25,2025-09-02T00:00:00,1.2329
FUND25,2025-09-03T00:00:00,1.546
FUND25,2025-09-04T00:00:00,1.4813
FUND25,2025-09-05T00:00:00,1.6055
FUND25,2025-09-08T00:00:00,1.4869
FUND25,2025-09-09T00:00:00,1.2982
FUND25,2025-09-10T00:00:00,1.7391
FUND25,2025-09-11T00:00:00,1.9608
FUND25,2025-09-12T00:00:00,2.4161
FUND25,2025-09-15T00:00:00,2.366
FUND25,2025-09-16T00:00:00,2.3508
FUND25,2025-09-17T00:00:00,2.4194
FUND25,2025-09-18T00:00:00,2.4993
FUND25,2025-09-19T00:00:00,2.6833
FUND25,2025-09-22T00:00:00,3.0644
FUND25,2025-09-23T00:00:00,3.021
FUND25,2025-09-24T00:00:00,2.8426
FUND25,2025-09-25T00:00:00,2.8305
FUND25,2025-09-26T00:00:00,2.9424
FUND25,2025-09-29T00:00:00,2.9948
FUND25,2025-09-30T00:00:00,3.0045
FUND25,2025-10-01T00:00:00,2.48
FUND25,2025-10-02T00:00:00,2.4428
FUND25,2025-10-03T00:00:00,2.0841
FUND25,2025-10-06T00:00:00,1.4592
FUND25,2025-10-07T00:00:00,1.8262
FUND25,2025-10-08T00:00:00,1.9699
FUND25,2025-10-09T00:00:00,2.4397
FUND25,2025-10-10T00:00:00,2.1173
FUND25,2025-10-13T00:00:00,1.9157
FUND25,2025-10-14T00:00:00,1.655
FUND25,2025-10-15T00:00:00,1.7658
FUND25,2025-10-16T00:00:00,1.9583
FUND25,2025-10-17T00:00:00,2.0544
FUND25,2025-10-20T00:00:00,1.7505
FUND25,2025-10-21T00:00:00,1.3531
FUND25,2025-10-22T00:00:00,0.9291
FUND25,2025-10-23T00:00:00,0.8884
FUND25,2025-10-24T00:00:00,1.4967
FUND25,2025-10-27T00:00:00,1.4527
FUND25,2025-10-28T00:00:00,1.2505
FUND25,2025-10-29T00:00:00,1.3883
FUND25,2025-10-30T00:00:00,1.4513
FUND25,2025-10-31T00:00:00,1.3372
FUND25,2025-11-03T00:00:00,1.1537
FUND25,2025-11-04T00:00:00,1.4044
FUND25,2025-11-05T00:00:00,1.7318
FUND25,2025-11-06T00:00:00,1.5082
FUND25,2025-11-07T00:00:00,1.3397
FUND25,2025-11-10T00:00:00,1.6376
FUND25,2025-11-11T00:00:00,1.6702
FUND25,2025-11-12T00:00:00,1.83
FUND25,2025-11-13T00:00:00,1.8177
FUND25,2025-11-14T00:00:00,2.0189
FUND25,2025-11-17T00:00:00,1.7726
FUND25,2025-11-18T00:00:00,2.1968
FUND25,2025-11-19T00:00:00,2.5157
FUND25,2025-11-20T00:00:00,2.6294
FUND25,2025-11-21T00:00:00,2.669
FUND25,2025-11-24T00:00:00,2.9967
FUND26,2023-05-08T00:00:00,0.9266
FUND26,2023-05-09T00:00:00,1.1527
FUND26,2023-05-10T00:00:00,1.0779
FUND26,2023-05-11T00:00:00,1.2316
FUND26,2023-05-12T00:00:00,0.6796
FUND26,2023-05-15T00:00:00,0.6774
FUND26,2023-05-16T00:00:00,0.4723
FUND26,2023-05-17T00:00:00,0.379
FUND26,2023-05-18T00:00:00,0.5811
FUND26,2023-05-19T00:00:00,0.4672
FUND26,2023-05-22T00:00:00,0.2545
FUND26,2023-05-23T00:00:00,0.313
FUND26,2023-05-24T00:00:00,0.3628
FUND26,2023-05-25T00:00:00,0.1596
FUND26,2023-05-26T00:00:00,-0.3074
FUND26,2023-05-29T00:00:00,-0.794
FUND26,2023-05-30T00:00:00,-0.4371
FUND26,2023-05-31T00:00:00,-0.7807
FUND26,2023-06-01T00:00:00,-0.7632
FUND26,2023-06-02T00:00:00,-0.7336
FUND26,2023-06-05T00:00:00,-0.2985
FUND26,2023-06-06T00:00:00,-0.2599
FUND26,2023-06-07T00:00:00,-0.253
FUND26,2023-06-08T00:00:00,-0.485
FUND26,2023-06-09T00:00:00,-0.322
FUND26,2023-06-12T00:00:00,-0.8734
FUND26,2023-06-13T00:00:00,-0.8536
FUND26,2023-06-14T00:00:00,-0.7677
FUND26,2023-06-15T00:00:00,-0.6639
FUND26,2023-06-16T00:00:00,-0.3433
FUND26,2023-06-19T00:00:00,-0.5615
FUND26,2023-06-20T00:00:00,-0.9634
FUND26,2023-06-21T00:00:00,-1.1462
FUND26,2023-06-22T00:00:00,-1.2523
FUND26,2023-06-23T00:00:00,-0.7678
FUND26,2023-06-26T00:00:00,-1.1604
FUND26,2023-06-27T00:00:00,-1.6173
FUND26,2023-06-28T00:00:00,-1.7169
FUND26,2023-06-29T00:00:00,-2.0924
FUND26,2023-06-30T00:00:00,-2.0869
FUND26,2023-07-03T00:00:00,-1.6224
FUND26,2023-07-04T00:00:00,-1.4245
FUND26,2023-07-05T00:00:00,-1.1228
FUND26,2023-07-06T00:00:00,-1.0493
FUND26,2023-07-07T00:00:00,-0.8788
FUND26,2023-07-10T00:00:00,-0.9611
FUND26,2023-07-11T00:00:00,-1.1185
FUND26,2023-07-12T00:00:00,-1.1362
FUND26,2023-07-13T00:00:00,-1.1885
FUND26,2023-07-14T00:00:00,-1.2075
FUND26,2023-07-17T00:00:00,-1.2849
FUND26,2023-07-18T00:00:00,-1.0285
FUND26,2023-07-19T00:00:00,-0.8914
FUND26,2023-07-20T00:00:00,-0.7105
FUND26,2023-07-21T00:00:00,-0.6748
FUND26,2023-07-24T00:00:00,-0.3815
FUND26,2023-07-25T00:00:00,-0.4426
FUND26,2023-07-26T00:00:00,-0.487
FUND26,2023-07-27T00:00:00,-0.6701
FUND26,2023-07-28T00:00:00,-0.97
FUND26,2023-07-31T00:00:00,-0.9828
FUND26,2023-08-01T00:00:00,-1.0662
FUND26,2023-08-02T00:00:00,-1.1519
FUND26,2023-08-03T00:00:00,-0.9547
FUND26,2023-08-04T00:00:00,-0.9538
FUND26,2023-08-07T00:00:00,-1.3491
FUND26,2023-08-08T00:00:00,-1.4662
FUND26,2023-08-09T00:00:00,-1.9112
FUND26,2023-08-10T00:00:00,-1.6426
FUND26,2023-08-11T00:00:00,-1.5054
FUND26,2023-08-14T00:00:00,-1.4968
FUND26,2023-08-15T00:00:00,-1.1533
FUND26,2023-08-16T00:00:00,-1.0297
FUND26,2023-08-17T00:00:00,-0.8591
FUND26,2023-08-18T00:00:00,-0.6875
FUND26,2023-08-21T00:00:00,-0.5966
FUND26,2023-08-22T00:00:00,-0.6636
FUND26,2023-08-23T00:00:00,-0.4912
FUND26,2023-08-24T00:00:00,-0.6251
FUND26,2023-08-25T00:00:00,-0.7285
FUND26,2023-08-28T00:00:00,-1.2938
FUND26,2023-08-29T00:00:00,-0.9354
FUND26,2023-08-30T00:00:00,-0.7117
FUND26,2023-08-31T00:00:00,-0.1559
FUND26,2023-09-01T00:00:00,-0.2297
FUND26,2023-09-04T00:00:00,0.1286
FUND26,2023-09-05T00:00:00,-0.0869
FUND26,2023-09-06T00:00:00,0.4058
FUND26,2023-09-07T00:00:00,0.1803
FUND26,2023-09-08T00:00:00,0.0082
FUND26,2023-09-11T00:00:00,-0.1712
FUND26,2023-09-12T00:00:00,-0.3934
FUND26,2023-09-13T00:00:00,-0.5713
FUND26,2023-09-14T00:00:00,-0.3695
FUND26,2023-09-15T00:00:00,0.1204
FUND26,2023-09-18T00:00:00,0.5129
FUND26,2023-09-19T00:00:00,0.8679
FUND26,2023-09-20T00:00:00,0.7963
FUND26,2023-09-21T00:00:00,0.3601
FUND26,2023-09-22T00:00:00,0.1975
FUND26,2023-09-25T00:00:00,0.213
FUND26,2023-09-26T00:00:00,0.4207
FUND26,2023-09-27T00:00:00,0.3156
FUND26,2023-09-28T00:00:00,0.5855
FUND26,2023-09-29T00:00:00,0.4263
FUND26,2023-10-02T00:00:00,0.4469
FUND26,2023-10-03T00:00:00,0.7426
FUND26,2023-10-04T00:00:00,0.9452
FUND26,2023-10-05T00:00:00,1.2229
FUND26,2023-10-06T00:00:00,1.3038
FUND26,2023-10-09T00:00:00,1.147
FUND26,2023-10-10T00:00:00,1.1559
FUND26,2023-10-11T00:00:00,1.0977
FUND26,2023-10-12T00:00:00,1.5681
FUND26,2023-10-13T00:00:00,1.2586
FUND26,2023-10-16T00:00:00,1.5659
FUND26,2023-10-17T00:00:00,1.5379
FUND26,2023-10-18T00:00:00,1.454
FUND26,2023-10-19T00:00:00,1.1863
FUND26,2023-10-20T00:00:00,1.1359
FUND26,2023-10-23T00:00:00,1.2518
FUND26,2023-10-24T00:00:00,1.3796
FUND26,2023-10-25T00:00:00,1.64
FUND26,2023-10-26T00:00:00,1.7844
FUND26,2023-10-27T00:00:00,1.577
FUND26,2023-10-30T00:00:00,1.9866
FUND26,2023-10-31T00:00:00,2.0511
FUND26,2023-11-01T00:00:00,2.2235
FUND26,2023-11-02T00:00:00,2.5794
FUND26,2023-11-03T00:00:00,2.4767
FUND26,2023-11-06T00:00:00,2.3856
FUND26,2023-11-07T00:00:00,2.1586
FUND26,2023-11-08T00:00:00,1.9625
FUND26,2023-11-09T00:00:00,1.9386
FUND26,2023-11-10T00:00:00,2.3704
FUND26,2023-11-13T00:00:00,2.7475
FUND26,2023-11-14T00:00:00,2.467
FUND26,2023-11-15T00:00:00,2.9411
FUND26,2023-11-16T00:00:00,3.1009
FUND26,2023-11-17T00:00:00,2.7765
FUND26,2023-11-20T00:00:00,3.2089
FUND26,2023-11-21T00:00:00,2.1325
FUND26,2023-11-22T00:00:00,2.0819
FUND26,2023-11-23T00:00:00,2.3879
FUND26,2023-11-24T00:00:00,2.3643
FUND26,2023-11-27T00:00:00,1.793
FUND26,2023-11-28T00:00:00,1.8341
FUND26,2023-11-29T00:00:00,1.8915
FUND26,2023-11-30T00:00:00,1.9523
FUND26,2023-12-01T00:00:00,2.1528
FUND26,2023-12-04T00:00:00,2.5207
FUND26,2023-12-05T00:00:00,2.9048
FUND26,2023-12-06T00:00:00,3.2839
FUND26,2023-12-07T00:00:00,2.9365
FUND26,2023-12-08T00:00:00,2.8702
FUND26,2023-12-11T00:00:00,3.3326
FUND26,2023-12-12T00:00:00,3.4359
FUND26,2023-12-13T00:00:00,4.0393
FUND26,2023-12-14T00:00:00,4.0427
FUND26,2023-12-15T00:00:00,4.4285
FUND26,2023-12-18T00:00:00,4.5465
FUND26,2023-12-19T00:00:00,4.4594
FUND26,2023-12-20T00:00:00,4.345
FUND26,2023-12-21T00:00:00,4.4508
FUND26,2023-12-22T00:00:00,4.4863
FUND26,2023-12-25T00:00:00,4.2835
FUND26,2023-12-26T00:00:00,4.2711
FUND26,2023-12-27T00:00:00,3.6093
FUND26,2023-12-28T00:00:00,3.407
FUND26,2023-12-29T00:00:00,3.3223
FUND26,2024-01-01T00:00:00,3.1657
FUND26,2024-01-02T00:00:00,3.2598
FUND26,2024-01-03T00:00:00,3.0977
FUND26,2024-01-04T00:00:00,2.7111
FUND26,2024-01-05T00:00:00,2.7061
FUND26,2024-01-08T00:00:00,2.8638
FUND26,2024-01-09T00:00:00,3.0359
FUND26,2024-01-10T00:00:00,3.0205
FUND26,2024-01-11T00:00:00,2.9609
FUND26,2024-01-12T00:00:00,2.9452
FUND26,2024-01-15T00:00:00,3.313
FUND26,2024-01-16T00:00:00,3.4873
FUND26,2024-01-17T00:00:00,3.6566
FUND26,2024-01-18T00:00:00,3.527
FUND26,2024-01-19T00:00:00,2.9958
FUND26,2024-01-22T00:00:00,2.7739
FUND26,2024-01-23T00:00:00,2.7408
FUND26,2024-01-24T00:00:00,2.6668
FUND26,2024-01-25T00:00:00,3.0303
FUND26,2024-01-26T00:00:00,3.1977
FUND26,2024-01-29T00:00:00,3.4227
FUND26,2024-01-30T00:00:00,3.0185
FUND26,2024-01-31T00:00:00,2.9553
FUND26,2024-02-01T00:00:00,3.0616
FUND26,2024-02-02T00:00:00,3.2072
FUND26,2024-02-05T00:00:00,3.2895
FUND26,2024-02-06T00:00:00,3.2556
FUND26,2024-02-07T00:00:00,3.4485
FUND26,2024-02-08T00:00:00,3.5451
FUND26,2024-02-09T00:00:00,3.7642
FUND26,2024-02-12T00:00:00,3.3387
FUND26,2024-02-13T00:00:00,3.2728
FUND26,2024-02-14T00:00:00,3.3938
FUND26,2024-02-15T00:00:00,3.4738
FUND26,2024-02-16T00:00:00,3.4563
FUND26,2024-02-19T00:00:00,3.1923
FUND26,2024-02-20T00:00:00,3.1622
FUND26,2024-02-21T00:00:00,3.0249
FUND26,2024-02-22T00:00:00,3.0986
FUND26,2024-02-23T00:00:00,2.9095
FUND26,2024-02-26T00:00:00,2.5296
FUND26,2024-02-27T00:00:00,2.4855
FUND26,2024-02-28T00:00:00,1.9883
FUND26,2024-02-29T00:00:00,2.0877
FUND26,2024-03-01T00:00:00,2.2635
FUND26,2024-03-04T00:00:00,2.171
FUND26,2024-03-05T00:00:00,2.4502
FUND26,2024-03-06T00:00:00,2.6115
FUND26,2024-03-07T00:00:00,2.7355
FUND26,2024-03-08T00:00:00,2.6862
FUND26,2024-03-11T00:00:00,2.3941
FUND26,2024-03-12T00:00:00,2.5576
FUND26,2024-03-13T00:00:00,2.6304
FUND26,2024-03-14T00:00:00,2.637
FUND26,2024-03-15T00:00:00,2.3789
FUND26,2024-03-18T00:00:00,2.1491
FUND26,2024-03-19T00:00:00,2.0415
FUND26,2024-03-20T00:00:00,1.3506
FUND26,2024-03-21T00:00:00,1.3861
FUND26,2024-03-22T00:00:00,1.6493
FUND26,2024-03-25T00:00:00,1.6273
FUND26,2024-03-26T00:00:00,2.3536
FUND26,2024-03-27T00:00:00,2.3275
FUND26,2024-03-28T00:00:00,2.187
FUND26,2024-03-29T00:00:00,1.9928
FUND26,2024-04-01T00:00:00,2.4997
FUND26,2024-04-02T00:00:00,2.2603
FUND26,2024-04-03T00:00:00,2.4082
FUND26,2024-04-04T00:00:00,2.4491
FUND26,2024-04-05T00:00:00,1.8715
FUND26,2024-04-08T00:00:00,1.533
FUND26,2024-04-09T00:00:00,0.9416
FUND26,2024-04-10T00:00:00,0.8835
FUND26,2024-04-11T00:00:00,1.3607
FUND26,2024-04-12T00:00:00,1.431
FUND26,2024-04-15T00:00:00,1.071
FUND26,2024-04-16T00:00:00,1.0321
FUND26,2024-04-17T00:00:00,1.2355
FUND26,2024-04-18T00:00:00,1.1136
FUND26,2024-04-19T00:00:00,1.1294
FUND26,2024-04-22T00:00:00,0.8383
FUND26,2024-04-23T00:00:00,0.8148
FUND26,2024-04-24T00:00:00,0.8101
FUND26,2024-04-25T00:00:00,0.5762
FUND26,2024-04-26T00:00:00,0.6399
FUND26,2024-04-29T00:00:00,0.8382
FUND26,2024-04-30T00:00:00,1.0507
FUND26,2024-05-01T00:00:00,1.4576
FUND26,2024-05-02T00:00:00,1.4692
FUND26,2024-05-03T00:00:00,1.8308
FUND26,2024-05-06T00:00:00,1.9436
FUND26,2024-05-07T00:00:00,1.632
FUND26,2024-05-08T00:00:00,1.6698
FUND26,2024-05-09T00:00:00,1.9261
FUND26,2024-05-10T00:00:00,1.8124
FUND26,2024-05-13T00:00:00,1.3681
FUND26,2024-05-14T00:00:00,1.4324
FUND26,2024-05-15T00:00:00,1.2829
FUND26,2024-05-16T00:00:00,1.7439
FUND26,2024-05-17T00:00:00,1.9161
FUND26,2024-05-20T00:00:00,1.7307
FUND26,2024-05-21T00:00:00,1.5136
FUND26,2024-05-22T00:00:00,1.6024
FUND26,2024-05-23T00:00:00,1.6519
FUND26,2024-05-24T00:00:00,2.2391
FUND26,2024-05-27T00:00:00,2.1921
FUND26,2024-05-28T00:00:00,2.2012
FUND26,2024-05-29T00:00:00,2.391
FUND26,2024-05-30T00:00:00,2.2512
FUND26,2024-05-31T00:00:00,2.0694
FUND26,2024-06-03T00:00:00,1.7781
FUND26,2024-06-04T00:00:00,1.9872
FUND26,2024-06-05T00:00:00,2.3579
FUND26,2024-06-06T00:00:00,2.1931
FUND26,2024-06-07T00:00:00,1.825
FUND26,2024-06-10T00:00:00,1.6437
FUND26,2024-06-11T00:00:00,1.554
FUND26,2024-06-12T00:00:00,1.4079
FUND26,2024-06-13T00:00:00,1.3105
FUND26,2024-06-14T00:00:00,1.2476
FUND26,2024-06-17T00:00:00,2.1294
FUND26,2024-06-18T00:00:00,2.3016
FUND26,2024-06-19T00:00:00,2.148
FUND26,2024-06-20T00:00:00,1.8065
FUND26,2024-06-21T00:00:00,2.017
FUND26,2024-06-24T00:00:00,1.7685
FUND26,2024-06-25T00:00:00,1.8057
FUND26,2024-06-26T00:00:00,1.8739
FUND26,2024-06-27T00:00:00,1.5647
FUND26,2024-06-28T00:00:00,1.731
FUND26,2024-07-01T00:00:00,1.9153
FUND26,2024-07-02T00:00:00,1.5387
FUND26,2024-07-03T00:00:00,1.5743
FUND26,2024-07-04T00:00:00,1.3462
FUND26,2024-07-05T00:00:00,1.0349
FUND26,2024-07-08T00:00:00,0.7467
FUND26,2024-07-09T00:00:00,0.4631
FUND26,2024-07-10T00:00:00,0.1878
FUND26,2024-07-11T00:00:00,-0.5279
FUND26,2024-07-12T00:00:00,-0.606
FUND26,2024-07-15T00:00:00,-0.6318
FUND26,2024-07-16T00:00:00,-0.0814
FUND26,2024-07-17T00:00:00,0.3587
FUND26,2024-07-18T00:00:00,0.2202
FUND26,2024-07-19T00:00:00,0.3672
FUND26,2024-07-22T00:00:00,0.3918
FUND26,2024-07-23T00:00:00,0.5258
FUND26,2024-07-24T00:00:00,0.9753
FUND26,2024-07-25T00:00:00,0.8917
FUND26,2024-07-26T00:00:00,0.9627
FUND26,2024-07-29T00:00:00,1.0969
FUND26,2024-07-30T00:00:00,0.9055
FUND26,2024-07-31T00:00:00,1.056
FUND26,2024-08-01T00:00:00,1.0975
FUND26,2024-08-02T00:00:00,1.0923
FUND26,2024-08-05T00:00:00,0.9459
FUND26,2024-08-06T00:00:00,1.2558
FUND26,2024-08-07T00:00:00,1.149
FUND26,2024-08-08T00:00:00,1.3272
FUND26,2024-08-09T00:00:00,1.3677
FUND26,2024-08-12T00:00:00,1.3874
FUND26,2024-08-13T00:00:00,1.9192
FUND26,2024-08-14T00:00:00,1.9606
FUND26,2024-08-15T00:00:00,1.6205
FUND26,2024-08-16T00:00:00,1.5031
FUND26,2024-08-19T00:00:00,1.3897
FUND26,2024-08-20T00:00:00,1.2367
FUND26,2024-08-21T00:00:00,1.1889
FUND26,2024-08-22T00:00:00,0.8333
FUND26,2024-08-23T00:00:00,0.6113
FUND26,2024-08-26T00:00:00,0.9102
FUND26,2024-08-27T00:00:00,0.8825
FUND26,2024-08-28T00:00:00,0.949
FUND26,2024-08-29T00:00:00,0.9465
FUND26,2024-08-30T00:00:00,0.8538
FUND26,2024-09-02T00:00:00,1.0779
FUND26,2024-09-03T00:00:00,1.0684
FUND26,2024-09-04T00:00:00,1.1215
FUND26,2024-09-05T00:00:00,1.0789
FUND26,2024-09-06T00:00:00,1.083
FUND26,2024-09-09T00:00:00,1.0504
FUND26,2024-09-10T00:00:00,1.0981
FUND26,2024-09-11T00:00:00,0.8075
FUND26,2024-09-12T00:00:00,1.121
FUND26,2024-09-13T00:00:00,1.0237
FUND26,2024-09-16T00:00:00,1.1509
FUND26,2024-09-17T00:00:00,0.8138
FUND26,2024-09-18T00:00:00,0.7151
FUND26,2024-09-19T00:00:00,0.4742
FUND26,2024-09-20T00:00:00,0.2957
FUND26,2024-09-23T00:00:00,0.2107
FUND26,2024-09-24T00:00:00,0.2566
FUND26,2024-09-25T00:00:00,0.3334
FUND26,2024-09-26T00:00:00,0.3068
FUND26,2024-09-27T00:00:00,0.3018
FUND26,2024-09-30T00:00:00,0.0852
FUND26,2024-10-01T00:00:00,0.185
FUND26,2024-10-02T00:00:00,-0.2142
FUND26,2024-10-03T00:00:00,-0.2488
FUND26,2024-10-04T00:00:00,-0.0953
FUND26,2024-10-07T00:00:00,-0.4819
FUND26,2024-10-08T00:00:00,-0.5823
FUND26,2024-10-09T00:00:00,-0.9121
FUND26,2024-10-10T00:00:00,-1.0831
FUND26,2024-10-11T00:00:00,-1.0583
FUND26,2024-10-14T00:00:00,-1.0936
FUND26,2024-10-15T00:00:00,-1.0849
FUND26,2024-10-16T00:00:00,-1.1039
FUND26,2024-10-17T00:00:00,-1.2675
FUND26,2024-10-18T00:00:00,-1.5536
FUND26,2024-10-21T00:00:00,-2.2611
FUND26,2024-10-22T00:00:00,-2.3716
FUND26,2024-10-23T00:00:00,-2.3462
FUND26,2024-10-24T00:00:00,-2.1437
FUND26,2024-10-25T00:00:00,-2.1932
FUND26,2024-10-28T00:00:00,-1.8638
FUND26,2024-10-29T00:00:00,-1.8487
FUND26,2024-10-30T00:00:00,-1.3195
FUND26,2024-10-31T00:00:00,-1.0112
FUND26,2024-11-01T00:00:00,-1.1152
FUND26,2024-11-04T00:00:00,-1.2667
FUND26,2024-11-05T00:00:00,-0.6027
FUND26,2024-11-06T00:00:00,-0.2065
FUND26,2024-11-07T00:00:00,0.4112
FUND26,2024-11-08T00:00:00,0.5893
FUND26,2024-11-11T00:00:00,0.8892
FUND26,2024-11-12T00:00:00,1.0575
FUND26,2024-11-13T00:00:00,1.2381
FUND26,2024-11-14T00:00:00,1.5843
FUND26,2024-11-15T00:00:00,1.1988
FUND26,2024-11-18T00:00:00,1.2132
FUND26,2024-11-19T00:00:00,0.7148
FUND26,2024-11-20T00:00:00,0.0615
FUND26,2024-11-21T00:00:00,0.1089
FUND26,2024-11-22T00:00:00,0.1901
FUND26,2024-11-25T00:00:00,0.2629
FUND26,2024-11-26T00:00:00,0.5095
FUND26,2024-11-27T00:00:00,0.0199
FUND26,2024-11-28T00:00:00,-0.0004
FUND26,2024-11-29T00:00:00,-0.0289
FUND26,2024-12-02T00:00:00,-0.4965
FUND26,2024-12-03T00:00:00,-0.6528
FUND26,2024-12-04T00:00:00,-0.8303
FUND26,2024-12-05T00:00:00,-0.7652
FUND26,2024-12-06T00:00:00,-0.8157
FUND26,2024-12-09T00:00:00,-0.6736
FUND26,2024-12-10T00:00:00,-0.5564
FUND26,2024-12-11T00:00:00,-0.5471
FUND26,2024-12-12T00:00:00,-0.6979
FUND26,2024-12-13T00:00:00,-0.3251
FUND26,2024-12-16T00:00:00,-0.5915
FUND26,2024-12-17T00:00:00,-0.7118
FUND26,2024-12-18T00:00:00,-0.8706
FUND26,2024-12-19T00:00:00,-0.7557
FUND26,2024-12-20T00:00:00,-0.6873
FUND26,2024-12-23T00:00:00,-0.7785
FUND26,2024-12-24T00:00:00,-0.4537
FUND26,2024-12-25T00:00:00,-0.1016
FUND26,2024-12-26T00:00:00,0.3778
FUND26,2024-12-27T00:00:00,0.5743
FUND26,2024-12-30T00:00:00,0.5914
FUND26,2024-12-31T00:00:00,0.5439
FUND26,2025-01-01T00:00:00,0.3855
FUND26,2025-01-02T00:00:00,0.474
FUND26,2025-01-03T00:00:00,0.4193
FUND26,2025-01-06T00:00:00,-0.0163
FUND26,2025-01-07T00:00:00,-0.3417
FUND26,2025-01-08T00:00:00,-0.3877
FUND26,2025-01-09T00:00:00,-0.5102
FUND26,2025-01-10T00:00:00,-0.6224
FUND26,2025-01-13T00:00:00,-0.5852
FUND26,2025-01-14T00:00:00,-0.7281
FUND26,2025-01-15T00:00:00,-0.4069
FUND26,2025-01-16T00:00:00,-1.1174
FUND26,2025-01-17T00:00:00,-0.7587
FUND26,2025-01-20T00:00:00,-0.8238
FUND26,2025-01-21T00:00:00,-0.7015
FUND26,2025-01-22T00:00:00,-0.3112
FUND26,2025-01-23T00:00:00,-0.2862
FUND26,2025-01-24T00:00:00,-0.1767
FUND26,2025-01-27T00:00:00,-0.1687
FUND26,2025-01-28T00:00:00,-0.1286
FUND26,2025-01-29T00:00:00,-0.6595
FUND26,2025-01-30T00:00:00,-0.5088
FUND26,2025-01-31T00:00:00,-0.6214
FUND26,2025-02-03T00:00:00,-0.5562
FUND26,2025-02-04T00:00:00,-0.6356
FUND26,2025-02-05T00:00:00,-0.4328
FUND26,2025-02-06T00:00:00,-0.4694
FUND26,2025-02-07T00:00:00,-0.5546
FUND26,2025-02-10T00:00:00,0.014
FUND26,2025-02-11T00:00:00,0.0392
FUND26,2025-02-12T00:00:00,0.1462
FUND26,2025-02-13T00:00:00,0.075
FUND26,2025-02-14T00:00:00,0.3907
FUND26,2025-02-17T00:00:00,0.8136
FUND26,2025-02-18T00:00:00,0.6243
FUND26,2025-02-19T00:00:00,0.6483
FUND26,2025-02-20T00:00:00,0.5975
FUND26,2025-02-21T00:00:00,0.8642
FUND26,2025-02-24T00:00:00,0.8875
FUND26,2025-02-25T00:00:00,1.0162
FUND26,2025-02-26T00:00:00,0.8132
FUND26,2025-02-27T00:00:00,0.8123
FUND26,2025-02-28T00:00:00,1.1023
FUND26,2025-03-03T00:00:00,0.9195
FUND26,2025-03-04T00:00:00,0.8679
FUND26,2025-03-05T00:00:00,0.43
FUND26,2025-03-06T00:00:00,0.0952
FUND26,2025-03-07T00:00:00,0.2807
FUND26,2025-03-10T00:00:00,0.0508
FUND26,2025-03-11T00:00:00,-0.0234
FUND26,2025-03-12T00:00:00,-0.425
FUND26,2025-03-13T00:00:00,-1.0192
FUND26,2025-03-14T00:00:00,-1.2135
FUND26,2025-03-17T00:00:00,-1.3858
FUND26,2025-03-18T00:00:00,-1.5786
FUND26,2025-03-19T00:00:00,-1.419
FUND26,2025-03-20T00:00:00,-1.5537
FUND26,2025-03-21T00:00:00,-1.1187
FUND26,2025-03-24T00:00:00,-0.6219
FUND26,2025-03-25T00:00:00,-0.2154
FUND26,2025-03-26T00:00:00,0.2457
FUND26,2025-03-27T00:00:00,0.2597
FUND26,2025-03-28T00:00:00,-0.4754
FUND26,2025-03-31T00:00:00,-0.1917
FUND26,2025-04-01T00:00:00,-0.1862
FUND26,2025-04-02T00:00:00,0.096
FUND26,2025-04-03T00:00:00,0.1927
FUND26,2025-04-04T00:00:00,0.0666
FUND26,2025-04-07T00:00:00,0.1089
FUND26,2025-04-08T00:00:00,0.2786
FUND26,2025-04-09T00:00:00,0.3626
FUND26,2025-04-10T00:00:00,0.1231
FUND26,2025-04-11T00:00:00,0.0163
FUND26,2025-04-14T00:00:00,-0.1142
FUND26,2025-04-15T00:00:00,-0.3038
FUND26,2025-04-16T00:00:00,-0.3284
FUND26,2025-04-17T00:00:00,-0.3192
FUND26,2025-04-18T00:00:00,-0.3415
FUND26,2025-04-21T00:00:00,-0.3494
FUND26,2025-04-22T00:00:00,-0.2877
FUND26,2025-04-23T00:00:00,-0.3847
FUND26,2025-04-24T00:00:00,-0.3807
FUND26,2025-04-25T00:00:00,-0.2637
FUND26,2025-04-28T00:00:00,0.0943
FUND26,2025-04-29T00:00:00,0.08
FUND26,2025-04-30T00:00:00,-0.5775
FUND26,2025-05-01T00:00:00,-0.8249
FUND26,2025-05-02T00:00:00,-0.8904
FUND26,2025-05-05T00:00:00,-1.2885
FUND26,2025-05-06T00:00:00,-1.0694
FUND26,2025-05-07T00:00:00,-1.0874
FUND26,2025-05-08T00:00:00,-1.0907
FUND26,2025-05-09T00:00:00,-0.9609
FUND26,2025-05-12T00:00:00,-0.8067
FUND26,2025-05-13T00:00:00,-0.6038
FUND26,2025-05-14T00:00:00,-0.7414
FUND26,2025-05-15T00:00:00,-0.5709
FUND26,2025-05-16T00:00:00,-0.2926
FUND26,2025-05-19T00:00:00,-0.39
FUND26,2025-05-20T00:00:00,-0.1488
FUND26,2025-05-21T00:00:00,-0.3795
FUND26,2025-05-22T00:00:00,-0.1058
FUND26,2025-05-23T00:00:00,-0.1042
FUND26,2025-05-26T00:00:00,-0.0042
FUND26,2025-05-27T00:00:00,0.0769
FUND26,2025-05-28T00:00:00,-0.0396
FUND26,2025-05-29T00:00:00,-0.0618
FUND26,2025-05-30T00:00:00,-0.2979
FUND26,2025-06-02T00:00:00,-0.1232
FUND26,2025-06-03T00:00:00,-0.0503
FUND26,2025-06-04T00:00:00,0.3125
FUND26,2025-06-05T00:00:00,0.1279
FUND26,2025-06-06T00:00:00,-0.165
FUND26,2025-06-09T00:00:00,-0.1141
FUND26,2025-06-10T00:00:00,-0.1441
FUND26,2025-06-11T00:00:00,-0.1062
FUND26,2025-06-12T00:00:00,-0.0554
FUND26,2025-06-13T00:00:00,-0.0574
FUND26,2025-06-16T00:00:00,-0.2242
FUND26,2025-06-17T00:00:00,0.0285
FUND26,2025-06-18T00:00:00,0.0881
FUND26,2025-06-19T00:00:00,0.1335
FUND26,2025-06-20T00:00:00,0.2603
FUND26,2025-06-23T00:00:00,-0.2479
FUND26,2025-06-24T00:00:00,-0.1841
FUND26,2025-06-25T00:00:00,-0.3973
FUND26,2025-06-26T00:00:00,-0.4713
FUND26,2025-06-27T00:00:00,-0.3816
FUND26,2025-06-30T00:00:00,-0.7031
FUND26,2025-07-01T00:00:00,-0.9128
FUND26,2025-07-02T00:00:00,-1.0899
FUND26,2025-07-03T00:00:00,-0.9535
FUND26,2025-07-04T00:00:00,-0.8896
FUND26,2025-07-07T00:00:00,-0.7551
FUND26,2025-07-08T00:00:00,-0.544
FUND26,2025-07-09T00:00:00,-0.8902
FUND26,2025-07-10T00:00:00,-0.4943
FUND26,2025-07-11T00:00:00,-0.5093
FUND26,2025-07-14T00:00:00,-0.0456
FUND26,2025-07-15T00:00:00,-0.442
FUND26,2025-07-16T00:00:00,-0.2015
FUND26,2025-07-17T00:00:00,-0.2941
FUND26,2025-07-18T00:00:00,-0.2123
FUND26,2025-07-21T00:00:00,-0.1562
FUND26,2025-07-22T00:00:00,0.052
FUND26,2025-07-23T00:00:00,-0.2221
FUND26,2025-07-24T00:00:00,-0.2617
FUND26,2025-07-25T00:00:00,-0.234
FUND26,2025-07-28T00:00:00,-0.5845
FUND26,2025-07-29T00:00:00,-1.177
FUND26,2025-07-30T00:00:00,-0.9661
FUND26,2025-07-31T00:00:00,-0.8908
FUND26,2025-08-01T00:00:00,-0.4334
FUND26,2025-08-04T00:00:00,-0.6647
FUND26,2025-08-05T00:00:00,-0.8325
FUND26,2025-08-06T00:00:00,-1.0244
FUND26,2025-08-07T00:00:00,-1.4789
FUND26,2025-08-08T00:00:00,-1.0017
FUND26,2025-08-11T00:00:00,-0.8464
FUND26,2025-08-12T00:00:00,-0.6511
FUND26,2025-08-13T00:00:00,-0.8022
FUND26,2025-08-14T00:00:00,-0.6603
FUND26,2025-08-15T00:00:00,-0.7441
FUND26,2025-08-18T00:00:00,-0.5199
FUND26,2025-08-19T00:00:00,-0.7544
FUND26,2025-08-20T00:00:00,-1.043
FUND26,2025-08-21T00:00:00,-1.0539
FUND26,2025-08-22T00:00:00,-1.0184
FUND26,2025-08-25T00:00:00,-0.8891
FUND26,2025-08-26T00:00:00,-0.465
FUND26,2025-08-27T00:00:00,-0.2332
FUND26,2025-08-28T00:00:00,0.1091
FUND26,2025-08-29T00:00:00,-0.0428
FUND26,2025-09-01T00:00:00,-0.1242
FUND26,2025-09-02T00:00:00,-0.1247
FUND26,2025-09-03T00:00:00,0.2539
FUND26,2025-09-04T00:00:00,0.3
FUND26,2025-09-05T00:00:00,-0.0474
FUND26,2025-09-08T00:00:00,-0.0456
FUND26,2025-09-09T00:00:00,-0.126
FUND26,2025-09-10T00:00:00,-0.2993
FUND26,2025-09-11T00:00:00,-0.2198
FUND26,2025-09-12T00:00:00,-0.0929
FUND26,2025-09-15T00:00:00,0.0015
FUND26,2025-09-16T00:00:00,-0.3149
FUND26,2025-09-17T00:00:00,0.0792
FUND26,2025-09-18T00:00:00,0.1082
FUND26,2025-09-19T00:00:00,-0.5111
FUND26,2025-09-22T00:00:00,-0.5078
FUND26,2025-09-23T00:00:00,-0.815
FUND26,2025-09-24T00:00:00,-0.7309
FUND26,2025-09-25T00:00:00,-0.7377
FUND26,2025-09-26T00:00:00,-1.0404
FUND26,2025-09-29T00:00:00,-1.0008
FUND26,2025-09-30T00:00:00,-1.1542
FUND26,2025-10-01T00:00:00,-1.5118
FUND26,2025-10-02T00:00:00,-1.8065
FUND26,2025-10-03T00:00:00,-1.7865
FUND26,2025-10-06T00:00:00,-2.0698
FUND26,2025-10-07T00:00:00,-2.0865
FUND26,2025-10-08T00:00:00,-1.9029
FUND26,2025-10-09T00:00:00,-1.9027
FUND26,2025-10-10T00:00:00,-1.6809
FUND26,2025-10-13T00:00:00,-1.4512
FUND26,2025-10-14T00:00:00,-1.4081
FUND26,2025-10-15T00:00:00,-1.2131
FUND26,2025-10-16T00:00:00,-1.1675
FUND26,2025-10-17T00:00:00,-1.1024
FUND26,2025-10-20T00:00:00,-0.9581
FUND26,2025-10-21T00:00:00,-1.2902
FUND26,2025-10-22T00:00:00,-1.4646
FUND26,2025-10-23T00:00:00,-1.5416
FUND26,2025-10-24T00:00:00,-1.7506
FUND26,2025-10-27T00:00:00,-1.5505
FUND26,2025-10-28T00:00:00,-1.4012
FUND26,2025-10-29T00:00:00,-1.0816
FUND26,2025-10-30T00:00:00,-1.0179
FUND26,2025-10-31T00:00:00,-1.5492
FUND26,2025-11-03T00:00:00,-1.4624
FUND26,2025-11-04T00:00:00,-1.2704
FUND26,2025-11-05T00:00:00,-0.9873
FUND26,2025-11-06T00:00:00,-1.1527
FUND26,2025-11-07T00:00:00,-1.5234
FUND26,2025-11-10T00:00:00,-1.635
FUND26,2025-11-11T00:00:00,-2.1685
FUND26,2025-11-12T00:00:00,-2.04
FUND26,2025-11-13T00:00:00,-1.8649
FUND26,2025-11-14T00:00:00,-1.638
FUND26,2025-11-17T00:00:00,-1.8899
FUND26,2025-11-18T00:00:00,-2.068
FUND26,2025-11-19T00:00:00,-2.3456
FUND26,2025-11-20T00:00:00,-2.4681
FUND26,2025-11-21T00:00:00,-2.5035
FUND26,2025-11-24T00:00:00,-2.2091
FUND27,2023-05-08T00:00:00,-0.4683
FUND27,2023-05-09T00:00:00,-0.8367
FUND27,2023-05-10T00:00:00,-0.9925
FUND27,2023-05-11T00:00:00,-0.8295
FUND27,2023-05-12T00:00:00,-1.2061
FUND27,2023-05-15T00:00:00,-1.2417
FUND27,2023-05-16T00:00:00,-1.1528
FUND27,2023-05-17T00:00:00,-0.7974
FUND27,2023-05-18T00:00:00,-0.6678
FUND27,2023-05-19T00:00:00,-0.6067
FUND27,2023-05-22T00:00:00,-0.5395
FUND27,2023-05-23T00:00:00,-0.813
FUND27,2023-05-24T00:00:00,-0.5877
FUND27,2023-05-25T00:00:00,-0.5953
FUND27,2023-05-26T00:00:00,-0.3604
FUND27,2023-05-29T00:00:00,-0.3587
FUND27,2023-05-30T00:00:00,-0.636
FUND27,2023-05-31T00:00:00,-0.7335
FUND27,2023-06-01T00:00:00,-1.0153
FUND27,2023-06-02T00:00:00,-1.1671
FUND27,2023-06-05T00:00:00,-1.4053
FUND27,2023-06-06T00:00:00,-1.136
FUND27,2023-06-07T00:00:00,-1.1412
FUND27,2023-06-08T00:00:00,-1.0392
FUND27,2023-06-09T00:00:00,-1.6938
FUND27,2023-06-12T00:00:00,-1.8516
FUND27,2023-06-13T00:00:00,-1.8131
FUND27,2023-06-14T00:00:00,-1.5753
FUND27,2023-06-15T00:00:00,-1.2403
FUND27,2023-06-16T00:00:00,-1.2208
FUND27,2023-06-19T00:00:00,-1.4444
FUND27,2023-06-20T00:00:00,-1.8909
FUND27,2023-06-21T00:00:00,-2.3408
FUND27,2023-06-22T00:00:00,-2.3824
FUND27,2023-06-23T00:00:00,-2.3803
FUND27,2023-06-26T00:00:00,-2.1446
FUND27,2023-06-27T00:00:00,-1.7336
FUND27,2023-06-28T00:00:00,-2.0444
FUND27,2023-06-29T00:00:00,-2.0269
FUND27,2023-06-30T00:00:00,-2.7465
FUND27,2023-07-03T00:00:00,-3.0424
FUND27,2023-07-04T00:00:00,-2.9186
FUND27,2023-07-05T00:00:00,-2.9948
FUND27,2023-07-06T00:00:00,-2.5917
FUND27,2023-07-07T00:00:00,-2.6565
FUND27,2023-07-10T00:00:00,-2.9862
FUND27,2023-07-11T00:00:00,-2.9971
FUND27,2023-07-12T00:00:00,-3.1126
FUND27,2023-07-13T00:00:00,-3.4148
FUND27,2023-07-14T00:00:00,-3.3988
FUND27,2023-07-17T00:00:00,-3.4847
FUND27,2023-07-18T00:00:00,-3.471
FUND27,2023-07-19T00:00:00,-3.7302
FUND27,2023-07-20T00:00:00,-3.488
FUND27,2023-07-21T00:00:00,-3.0561
FUND27,2023-07-24T00:00:00,-3.5534
FUND27,2023-07-25T00:00:00,-3.7782
FUND27,2023-07-26T00:00:00,-3.8803
FUND27,2023-07-27T00:00:00,-4.1389
FUND27,2023-07-28T00:00:00,-3.4703
FUND27,2023-07-31T00:00:00,-3.7203
FUND27,2023-08-01T00:00:00,-4.3614
FUND27,2023-08-02T00:00:00,-3.8224
FUND27,2023-08-03T00:00:00,-3.5774
FUND27,2023-08-04T00:00:00,-3.5948
FUND27,2023-08-07T00:00:00,-3.3088
FUND27,2023-08-08T00:00:00,-3.1141
FUND27,2023-08-09T00:00:00,-2.7725
FUND27,2023-08-10T00:00:00,-2.9859
FUND27,2023-08-11T00:00:00,-2.6592
FUND27,2023-08-14T00:00:00,-2.5253
FUND27,2023-08-15T00:00:00,-2.5413
FUND27,2023-08-16T00:00:00,-3.171
FUND27,2023-08-17T00:00:00,-2.8622
FUND27,2023-08-18T00:00:00,-2.4595
FUND27,2023-08-21T00:00:00,-2.4459
FUND27,2023-08-22T00:00:00,-2.6179
FUND27,2023-08-23T00:00:00,-2.242
FUND27,2023-08-24T00:00:00,-2.2299
FUND27,2023-08-25T00:00:00,-2.2888
FUND27,2023-08-28T00:00:00,-2.3954
FUND27,2023-08-29T00:00:00,-2.5239
FUND27,2023-08-30T00:00:00,-2.3183
FUND27,2023-08-31T00:00:00,-2.5353
FUND27,2023-09-01T00:00:00,-3.0461
FUND27,2023-09-04T00:00:00,-2.9312
FUND27,2023-09-05T00:00:00,-2.707
FUND27,2023-09-06T00:00:00,-2.8961
FUND27,2023-09-07T00:00:00,-3.0168
FUND27,2023-09-08T00:00:00,-2.8978
FUND27,2023-09-11T00:00:00,-2.4754
FUND27,2023-09-12T00:00:00,-2.0738
FUND27,2023-09-13T00:00:00,-2.1722
FUND27,2023-09-14T00:00:00,-2.0362
FUND27,2023-09-15T00:00:00,-2.0618
FUND27,2023-09-18T00:00:00,-2.1853
FUND27,2023-09-19T00:00:00,-1.9627
FUND27,2023-09-20T00:00:00,-2.0944
FUND27,2023-09-21T00:00:00,-1.8295
FUND27,2023-09-22T00:00:00,-1.5638
FUND27,2023-09-25T00:00:00,-1.3693
FUND27,2023-09-26T00:00:00,-1.1933
FUND27,2023-09-27T00:00:00,-1.5058
FUND27,2023-09-28T00:00:00,-1.9227
FUND27,2023-09-29T00:00:00,-2.1879
FUND27,2023-10-02T00:00:00,-1.8554
FUND27,2023-10-03T00:00:00,-1.2971
FUND27,2023-10-04T00:00:00,-1.3219
FUND27,2023-10-05T00:00:00,-1.2122
FUND27,2023-10-06T00:00:00,-1.1041
FUND27,2023-10-09T00:00:00,-1.0073
FUND27,2023-10-10T00:00:00,-1.6277
FUND27,2023-10-11T00:00:00,-1.8579
FUND27,2023-10-12T00:00:00,-1.9291
FUND27,2023-10-13T00:00:00,-1.8793
FUND27,2023-10-16T00:00:00,-1.8993
FUND27,2023-10-17T00:00:00,-1.7347
FUND27,2023-10-18T00:00:00,-1.3318
FUND27,2023-10-19T00:00:00,-1.5435
FUND27,2023-10-20T00:00:00,-1.4791
FUND27,2023-10-23T00:00:00,-1.2791
FUND27,2023-10-24T00:00:00,-1.2138
FUND27,2023-10-25T00:00:00,-1.24
FUND27,2023-10-26T00:00:00,-1.5246
FUND27,2023-10-27T00:00:00,-1.4308
FUND27,2023-10-30T00:00:00,-1.6521
FUND27,2023-10-31T00:00:00,-1.8475
FUND27,2023-11-01T00:00:00,-1.6118
FUND27,2023-11-02T00:00:00,-1.9521
FUND27,2023-11-03T00:00:00,-1.7012
FUND27,2023-11-06T00:00:00,-1.5446
FUND27,2023-11-07T00:00:00,-1.776
FUND27,2023-11-08T00:00:00,-1.9466
FUND27,2023-11-09T00:00:00,-2.1586
FUND27,2023-11-10T00:00:00,-2.0351
FUND27,2023-11-13T00:00:00,-1.8973
FUND27,2023-11-14T00:00:00,-1.7313
FUND27,2023-11-15T00:00:00,-1.3965
FUND27,2023-11-16T00:00:00,-1.4256
FUND27,2023-11-17T00:00:00,-1.2069
FUND27,2023-11-20T00:00:00,-1.0011
FUND27,2023-11-21T00:00:00,-0.7525
FUND27,2023-11-22T00:00:00,-0.715
FUND27,2023-11-23T00:00:00,-0.6862
FUND27,2023-11-24T00:00:00,-0.8341
FUND27,2023-11-27T00:00:00,-1.072
FUND27,2023-11-28T00:00:00,-1.0025
FUND27,2023-11-29T00:00:00,-0.9679
FUND27,2023-11-30T00:00:00,-0.8298
FUND27,2023-12-01T00:00:00,-0.9797
FUND27,2023-12-04T00:00:00,-1.0567
FUND27,2023-12-05T00:00:00,-0.8124
FUND27,2023-12-06T00:00:00,-1.1737
FUND27,2023-12-07T00:00:00,-1.208
FUND27,2023-12-08T00:00:00,-0.785
FUND27,2023-12-11T00:00:00,-1.0303
FUND27,2023-12-12T00:00:00,-1.0018
FUND27,2023-12-13T00:00:00,-1.1355
FUND27,2023-12-14T00:00:00,-1.0335
FUND27,2023-12-15T00:00:00,-0.9677
FUND27,2023-12-18T00:00:00,-0.9809
FUND27,2023-12-19T00:00:00,-1.176
FUND27,2023-12-20T00:00:00,-0.8279
FUND27,2023-12-21T00:00:00,-0.8954
FUND27,2023-12-22T00:00:00,-0.8015
FUND27,2023-12-25T00:00:00,-0.1631
FUND27,2023-12-26T00:00:00,-0.0103
FUND27,2023-12-27T00:00:00,-0.1321
FUND27,2023-12-28T00:00:00,-0.1313
FUND27,2023-12-29T00:00:00,-0.5503
FUND27,2024-01-01T00:00:00,-0.2549
FUND27,2024-01-02T00:00:00,-0.4298
FUND27,2024-01-03T00:00:00,-0.7078
FUND27,2024-01-04T00:00:00,-0.5064
FUND27,2024-01-05T00:00:00,0.1157
FUND27,2024-01-08T00:00:00,0.1963
FUND27,2024-01-09T00:00:00,0.2727
FUND27,2024-01-10T00:00:00,0.6393
FUND27,2024-01-11T00:00:00,1.0226
FUND27,2024-01-12T00:00:00,1.3506
FUND27,2024-01-15T00:00:00,1.0546
FUND27,2024-01-16T00:00:00,1.1106
FUND27,2024-01-17T00:00:00,1.2102
FUND27,2024-01-18T00:00:00,1.0112
FUND27,2024-01-19T00:00:00,1.0734
FUND27,2024-01-22T00:00:00,1.2144
FUND27,2024-01-23T00:00:00,1.1966
FUND27,2024-01-24T00:00:00,1.0733
FUND27,2024-01-25T00:00:00,0.5192
FUND27,2024-01-26T00:00:00,0.4841
FUND27,2024-01-29T00:00:00,0.5374
FUND27,2024-01-30T00:00:00,0.7234
FUND27,2024-01-31T00:00:00,0.8175
FUND27,2024-02-01T00:00:00,1.4195
FUND27,2024-02-02T00:00:00,1.6847
FUND27,2024-02-05T00:00:00,1.7447
FUND27,2024-02-06T00:00:00,1.8109
FUND27,2024-02-07T00:00:00,1.5502
FUND27,2024-02-08T00:00:00,1.4131
FUND27,2024-02-09T00:00:00,1.1557
FUND27,2024-02-12T00:00:00,1.3767
FUND27,2024-02-13T00:00:00,1.783
FUND27,2024-02-14T00:00:00,1.8858
FUND27,2024-02-15T00:00:00,1.8685
FUND27,2024-02-16T00:00:00,1.9282
FUND27,2024-02-19T00:00:00,1.908
FUND27,2024-02-20T00:00:00,1.5001
FUND27,2024-02-21T00:00:00,0.9641
FUND27,2024-02-22T00:00:00,0.7405
FUND27,2024-02-23T00:00:00,0.8976
FUND27,2024-02-26T00:00:00,0.9801
FUND27,2024-02-27T00:00:00,0.6129
FUND27,2024-02-28T00:00:00,0.7613
FUND27,2024-02-29T00:00:00,1.0274
FUND27,2024-03-01T00:00:00,1.1872
FUND27,2024-03-04T00:00:00,1.2432
FUND27,2024-03-05T00:00:00,1.3432
FUND27,2024-03-06T00:00:00,0.8661
FUND27,2024-03-07T00:00:00,1.0665
FUND27,2024-03-08T00:00:00,0.6691
FUND27,2024-03-11T00:00:00,0.6065
FUND27,2024-03-12T00:00:00,0.9509
FUND27,2024-03-13T00:00:00,1.3932
FUND27,2024-03-14T00:00:00,1.8558
FUND27,2024-03-15T00:00:00,1.8638
FUND27,2024-03-18T00:00:00,2.2452
FUND27,2024-03-19T00:00:00,2.0291
FUND27,2024-03-20T00:00:00,2.29
FUND27,2024-03-21T00:00:00,2.5241
FUND27,2024-03-22T00:00:00,2.7006
FUND27,2024-03-25T00:00:00,2.6852
FUND27,2024-03-26T00:00:00,2.579
FUND27,2024-03-27T00:00:00,2.0924
FUND27,2024-03-28T00:00:00,2.0891
FUND27,2024-03-29T00:00:00,2.123
FUND27,2024-04-01T00:00:00,2.3451
FUND27,2024-04-02T00:00:00,2.2365
FUND27,2024-04-03T00:00:00,2.6014
FUND27,2024-04-04T00:00:00,2.6621
FUND27,2024-04-05T00:00:00,2.2043
FUND27,2024-04-08T00:00:00,2.2431
FUND27,2024-04-09T00:00:00,2.271
FUND27,2024-04-10T00:00:00,2.4519
FUND27,2024-04-11T00:00:00,2.3127
FUND27,2024-04-12T00:00:00,1.7649
FUND27,2024-04-15T00:00:00,1.5983
FUND27,2024-04-16T00:00:00,1.4117
FUND27,2024-04-17T00:00:00,1.547
FUND27,2024-04-18T00:00:00,1.5489
FUND27,2024-04-19T00:00:00,1.6018
FUND27,2024-04-22T00:00:00,1.6799
FUND27,2024-04-23T00:00:00,2.0204
FUND27,2024-04-24T00:00:00,2.1853
FUND27,2024-04-25T00:00:00,2.1195
FUND27,2024-04-26T00:00:00,1.8808
FUND27,2024-04-29T00:00:00,1.5408
FUND27,2024-04-30T00:00:00,1.5596
FUND27,2024-05-01T00:00:00,1.4443
FUND27,2024-05-02T00:00:00,1.2982
FUND27,2024-05-03T00:00:00,1.7511
FUND27,2024-05-06T00:00:00,2.0135
FUND27,2024-05-07T00:00:00,2.3754
FUND27,2024-05-08T00:00:00,2.4528
FUND27,2024-05-09T00:00:00,2.3661
FUND27,2024-05-10T00:00:00,2.4102
FUND27,2024-05-13T00:00:00,2.5475
FUND27,2024-05-14T00:00:00,2.2465
FUND27,2024-05-15T00:00:00,2.0968
FUND27,2024-05-16T00:00:00,1.8635
FUND27,2024-05-17T00:00:00,1.6827
FUND27,2024-05-20T00:00:00,1.9221
FUND27,2024-05-21T00:00:00,1.6472
FUND27,2024-05-22T00:00:00,1.3952
FUND27,2024-05-23T00:00:00,1.931
FUND27,2024-05-24T00:00:00,1.8562
FUND27,2024-05-27T00:00:00,1.8001
FUND27,2024-05-28T00:00:00,1.7639
FUND27,2024-05-29T00:00:00,1.462
FUND27,2024-05-30T00:00:00,1.9066
FUND27,2024-05-31T00:00:00,1.8495
FUND27,2024-06-03T00:00:00,1.5471
FUND27,2024-06-04T00:00:00,1.252
FUND27,2024-06-05T00:00:00,1.2307
FUND27,2024-06-06T00:00:00,1.206
FUND27,2024-06-07T00:00:00,1.1285
FUND27,2024-06-10T00:00:00,0.4284
FUND27,2024-06-11T00:00:00,0.2379
FUND27,2024-06-12T00:00:00,-0.0203
FUND27,2024-06-13T00:00:00,0.0937
FUND27,2024-06-14T00:00:00,0.1217
FUND27,2024-06-17T00:00:00,0.2453
FUND27,2024-06-18T00:00:00,0.2769
FUND27,2024-06-19T00:00:00,0.6335
FUND27,2024-06-20T00:00:00,0.9694
FUND27,2024-06-21T00:00:00,1.0557
FUND27,2024-06-24T00:00:00,0.9295
FUND27,2024-06-25T00:00:00,1.3685
FUND27,2024-06-26T00:00:00,1.672
FUND27,2024-06-27T00:00:00,2.2105
FUND27,2024-06-28T00:00:00,1.9558
FUND27,2024-07-01T00:00:00,2.2007
FUND27,2024-07-02T00:00:00,2.4841
FUND27,2024-07-03T00:00:00,2.4652
FUND27,2024-07-04T00:00:00,2.5663
FUND27,2024-07-05T00:00:00,2.4135
FUND27,2024-07-08T00:00:00,2.6801
FUND27,2024-07-09T00:00:00,2.727
FUND27,2024-07-10T00:00:00,3.1328
FUND27,2024-07-11T00:00:00,3.4114
FUND27,2024-07-12T00:00:00,3.7563
FUND27,2024-07-15T00:00:00,3.825
FUND27,2024-07-16T00:00:00,3.824
FUND27,2024-07-17T00:00:00,3.8021
FUND27,2024-07-18T00:00:00,3.5648
FUND27,2024-07-19T00:00:00,3.3941
FUND27,2024-07-22T00:00:00,3.1513
FUND27,2024-07-23T00:00:00,3.3691
FUND27,2024-07-24T00:00:00,2.8836
FUND27,2024-07-25T00:00:00,2.7302
FUND27,2024-07-26T00:00:00,2.3964
FUND27,2024-07-29T00:00:00,2.4043
FUND27,2024-07-30T00:00:00,2.2824
FUND27,2024-07-31T00:00:00,2.9022
FUND27,2024-08-01T00:00:00,2.662
FUND27,2024-08-02T00:00:00,2.5626
FUND27,2024-08-05T00:00:00,2.6955
FUND27,2024-08-06T00:00:00,2.5812
FUND27,2024-08-07T00:00:00,1.9767
FUND27,2024-08-08T00:00:00,2.0175
FUND27,2024-08-09T00:00:00,2.4943
FUND27,2024-08-12T00:00:00,2.2858
FUND27,2024-08-13T00:00:00,2.2276
FUND27,2024-08-14T00:00:00,1.8058
FUND27,2024-08-15T00:00:00,1.8731
FUND27,2024-08-16T00:00:00,2.3364
FUND27,2024-08-19T00:00:00,2.8298
FUND27,2024-08-20T00:00:00,2.9827
FUND27,2024-08-21T00:00:00,2.6418
FUND27,2024-08-22T00:00:00,2.763
FUND27,2024-08-23T00:00:00,2.8056
FUND27,2024-08-26T00:00:00,2.5426
FUND27,2024-08-27T00:00:00,2.4249
FUND27,2024-08-28T00:00:00,2.2145
FUND27,2024-08-29T00:00:00,2.2355
FUND27,2024-08-30T00:00:00,2.1408
FUND27,2024-09-02T00:00:00,2.1214
FUND27,2024-09-03T00:00:00,2.048
FUND27,2024-09-04T00:00:00,1.8661
FUND27,2024-09-05T00:00:00,1.9394
FUND27,2024-09-06T00:00:00,1.7637
FUND27,2024-09-09T00:00:00,1.5099
FUND27,2024-09-10T00:00:00,1.0735
FUND27,2024-09-11T00:00:00,1.2574
FUND27,2024-09-12T00:00:00,1.2526
FUND27,2024-09-13T00:00:00,1.166
FUND27,2024-09-16T00:00:00,0.9898
FUND27,2024-09-17T00:00:00,1.2114
FUND27,2024-09-18T00:00:00,0.812
FUND27,2024-09-19T00:00:00,0.5502
FUND27,2024-09-20T00:00:00,0.69
FUND27,2024-09-23T00:00:00,0.3593
FUND27,2024-09-24T00:00:00,0.3719
FUND27,2024-09-25T00:00:00,0.6169
FUND27,2024-09-26T00:00:00,0.14
FUND27,2024-09-27T00:00:00,0.2725
FUND27,2024-09-30T00:00:00,0.5581
FUND27,2024-10-01T00:00:00,0.6258
FUND27,2024-10-02T00:00:00,1.0681
FUND27,2024-10-03T00:00:00,0.726
FUND27,2024-10-04T00:00:00,0.8449
FUND27,2024-10-07T00:00:00,1.2929
FUND27,2024-10-08T00:00:00,1.6084
FUND27,2024-10-09T00:00:00,1.4222
FUND27,2024-10-10T00:00:00,1.5639
FUND27,2024-10-11T00:00:00,1.7339
FUND27,2024-10-14T00:00:00,2.2342
FUND27,2024-10-15T00:00:00,1.8076
FUND27,2024-10-16T00:00:00,2.0419
FUND27,2024-10-17T00:00:00,1.6596
FUND27,2024-10-18T00:00:00,2.0329
FUND27,2024-10-21T00:00:00,1.852
FUND27,2024-10-22T00:00:00,1.8885
FUND27,2024-10-23T00:00:00,1.5011
FUND27,2024-10-24T00:00:00,1.2809
FUND27,2024-10-25T00:00:00,1.1724
FUND27,2024-10-28T00:00:00,1.5951
FUND27,2024-10-29T00:00:00,1.4603
FUND27,2024-10-30T00:00:00,1.3805
FUND27,2024-10-31T00:00:00,1.4473
FUND27,2024-11-01T00:00:00,1.5099
FUND27,2024-11-04T00:00:00,1.1455
FUND27,2024-11-05T00:00:00,1.4477
FUND27,2024-11-06T00:00:00,1.3269
FUND27,2024-11-07T00:00:00,1.0704
FUND27,2024-11-08T00:00:00,1.2079
FUND27,2024-11-11T00:00:00,0.897
FUND27,2024-11-12T00:00:00,1.0788
FUND27,2024-11-13T00:00:00,1.284
FUND27,2024-11-14T00:00:00,1.0261
FUND27,2024-11-15T00:00:00,0.7359
FUND27,2024-11-18T00:00:00,0.5105
FUND27,2024-11-19T00:00:00,0.4845
FUND27,2024-11-20T00:00:00,0.3792
FUND27,2024-11-21T00:00:00,0.3324
FUND27,2024-11-22T00:00:00,0.2682
FUND27,2024-11-25T00:00:00,0.1807
FUND27,2024-11-26T00:00:00,0.0239
FUND27,2024-11-27T00:00:00,0.1717
FUND27,2024-11-28T00:00:00,0.0691
FUND27,2024-11-29T00:00:00,0.5947
FUND27,2024-12-02T00:00:00,0.4918
FUND27,2024-12-03T00:00:00,0.6231
FUND27,2024-12-04T00:00:00,0.508
FUND27,2024-12-05T00:00:00,0.5317
FUND27,2024-12-06T00:00:00,0.4851
FUND27,2024-12-09T00:00:00,0.0089
FUND27,2024-12-10T00:00:00,-0.0103
FUND27,2024-12-11T00:00:00,0.5002
FUND27,2024-12-12T00:00:00,0.4338
FUND27,2024-12-13T00:00:00,0.5343
FUND27,2024-12-16T00:00:00,0.9237
FUND27,2024-12-17T00:00:00,1.1088
FUND27,2024-12-18T00:00:00,1.491
FUND27,2024-12-19T00:00:00,1.6807
FUND27,2024-12-20T00:00:00,1.7661
FUND27,2024-12-23T00:00:00,1.457
FUND27,2024-12-24T00:00:00,1.0298
FUND27,2024-12-25T00:00:00,1.286
FUND27,2024-12-26T00:00:00,1.0141
FUND27,2024-12-27T00:00:00,0.7537
FUND27,2024-12-30T00:00:00,0.347
FUND27,2024-12-31T00:00:00,0.3817
FUND27,2025-01-01T00:00:00,0.1972
FUND27,2025-01-02T00:00:00,0.3871
FUND27,2025-01-03T00:00:00,0.6066
FUND27,2025-01-06T00:00:00,0.5666
FUND27,2025-01-07T00:00:00,0.7467
FUND27,2025-01-08T00:00:00,1.085
FUND27,2025-01-09T00:00:00,1.1051
FUND27,2025-01-10T00:00:00,1.045
FUND27,2025-01-13T00:00:00,0.9444
FUND27,2025-01-14T00:00:00,1.0741
FUND27,2025-01-15T00:00:00,1.335
FUND27,2025-01-16T00:00:00,1.2809
FUND27,2025-01-17T00:00:00,0.9923
FUND27,2025-01-20T00:00:00,0.8796
FUND27,2025-01-21T00:00:00,0.9645
FUND27,2025-01-22T00:00:00,1.2305
FUND27,2025-01-23T00:00:00,1.3422
FUND27,2025-01-24T00:00:00,1.0636
FUND27,2025-01-27T00:00:00,1.0199
FUND27,2025-01-28T00:00:00,1.2811
FUND27,2025-01-29T00:00:00,1.2542
FUND27,2025-01-30T00:00:00,1.1766
FUND27,2025-01-31T00:00:00,1.1995
FUND27,2025-02-03T00:00:00,1.1241
FUND27,2025-02-04T00:00:00,1.1705
FUND27,2025-02-05T00:00:00,1.1841
FUND27,2025-02-06T00:00:00,1.0888
FUND27,2025-02-07T00:00:00,0.878
FUND27,2025-02-10T00:00:00,0.525
FUND27,2025-02-11T00:00:00,0.3973
FUND27,2025-02-12T00:00:00,0.7269
FUND27,2025-02-13T00:00:00,0.6274
FUND27,2025-02-14T00:00:00,0.4034
FUND27,2025-02-17T00:00:00,0.3327
FUND27,2025-02-18T00:00:00,0.8367
FUND27,2025-02-19T00:00:00,0.9629
FUND27,2025-02-20T00:00:00,1.3935
FUND27,2025-02-21T00:00:00,0.8605
FUND27,2025-02-24T00:00:00,0.4347
FUND27,2025-02-25T00:00:00,0.3701
FUND27,2025-02-26T00:00:00,0.4081
FUND27,2025-02-27T00:00:00,0.1314
FUND27,2025-02-28T00:00:00,0.2143
FUND27,2025-03-03T00:00:00,-0.201
FUND27,2025-03-04T00:00:00,-0.0604
FUND27,2025-03-05T00:00:00,-0.2767
FUND27,2025-03-06T00:00:00,-0.9349
FUND27,2025-03-07T00:00:00,-0.6782
FUND27,2025-03-10T00:00:00,-0.4301
FUND27,2025-03-11T00:00:00,-0.3429
FUND27,2025-03-12T00:00:00,-0.0153
FUND27,2025-03-13T00:00:00,0.2005
FUND27,2025-03-14T00:00:00,0.0019
FUND27,2025-03-17T00:00:00,0.1286
FUND27,2025-03-18T00:00:00,-0.2941
FUND27,2025-03-19T00:00:00,-0.6058
FUND27,2025-03-20T00:00:00,-0.5311
FUND27,2025-03-21T00:00:00,-0.0233
FUND27,2025-03-24T00:00:00,0.2429
FUND27,2025-03-25T00:00:00,-0.2402
FUND27,2025-03-26T00:00:00,-0.251
FUND27,2025-03-27T00:00:00,-0.2848
FUND27,2025-03-28T00:00:00,-0.2834
FUND27,2025-03-31T00:00:00,-0.2945
FUND27,2025-04-01T00:00:00,-0.2162
FUND27,2025-04-02T00:00:00,0.1226
FUND27,2025-04-03T00:00:00,-0.0219
FUND27,2025-04-04T00:00:00,-0.1524
FUND27,2025-04-07T00:00:00,-0.3119
FUND27,2025-04-08T00:00:00,-0.4759
FUND27,2025-04-09T00:00:00,-0.3268
FUND27,2025-04-10T00:00:00,-0.6716
FUND27,2025-04-11T00:00:00,-0.7924
FUND27,2025-04-14T00:00:00,-0.277
FUND27,2025-04-15T00:00:00,0.0284
FUND27,2025-04-16T00:00:00,-0.1159
FUND27,2025-04-17T00:00:00,-0.1914
FUND27,2025-04-18T00:00:00,-0.5367
FUND27,2025-04-21T00:00:00,-0.6757
FUND27,2025-04-22T00:00:00,-1.2449
FUND27,2025-04-23T00:00:00,-1.4093
FUND27,2025-04-24T00:00:00,-1.5636
FUND27,2025-04-25T00:00:00,-1.3475
FUND27,2025-04-28T00:00:00,-1.2735
FUND27,2025-04-29T00:00:00,-0.9014
FUND27,2025-04-30T00:00:00,-0.9016
FUND27,2025-05-01T00:00:00,-0.8588
FUND27,2025-05-02T00:00:00,-0.6328
FUND27,2025-05-05T00:00:00,-0.4225
FUND27,2025-05-06T00:00:00,-0.7245
FUND27,2025-05-07T00:00:00,-0.7231
FUND27,2025-05-08T00:00:00,-1.1345
FUND27,2025-05-09T00:00:00,-1.4829
FUND27,2025-05-12T00:00:00,-1.1579
FUND27,2025-05-13T00:00:00,-1.4683
FUND27,2025-05-14T00:00:00,-1.5733
FUND27,2025-05-15T00:00:00,-1.6541
FUND27,2025-05-16T00:00:00,-1.4197
FUND27,2025-05-19T00:00:00,-1.3819
FUND27,2025-05-20T00:00:00,-1.3744
FUND27,2025-05-21T00:00:00,-1.4301
FUND27,2025-05-22T00:00:00,-1.6685
FUND27,2025-05-23T00:00:00,-1.5013
FUND27,2025-05-26T00:00:00,-1.2364
FUND27,2025-05-27T00:00:00,-1.0446
FUND27,2025-05-28T00:00:00,-0.8626
FUND27,2025-05-29T00:00:00,-0.6776
FUND27,2025-05-30T00:00:00,-0.6486
FUND27,2025-06-02T00:00:00,-0.3991
FUND27,2025-06-03T00:00:00,-0.4381
FUND27,2025-06-04T00:00:00,-0.5062
FUND27,2025-06-05T00:00:00,-0.4749
FUND27,2025-06-06T00:00:00,-0.4757
FUND27,2025-06-09T00:00:00,-0.4286
FUND27,2025-06-10T00:00:00,-0.4715
FUND27,2025-06-11T00:00:00,-0.4408
FUND27,2025-06-12T00:00:00,-0.1667
FUND27,2025-06-13T00:00:00,0.0182
FUND27,2025-06-16T00:00:00,0.1056
FUND27,2025-06-17T00:00:00,-0.0839
FUND27,2025-06-18T00:00:00,-0.4095
FUND27,2025-06-19T00:00:00,-0.5756
FUND27,2025-06-20T00:00:00,-0.455
FUND27,2025-06-23T00:00:00,-0.1745
FUND27,2025-06-24T00:00:00,0.1136
FUND27,2025-06-25T00:00:00,0.0555
FUND27,2025-06-26T00:00:00,0.064
FUND27,2025-06-27T00:00:00,0.3492
FUND27,2025-06-30T00:00:00,0.8784
FUND27,2025-07-01T00:00:00,0.9303
FUND27,2025-07-02T00:00:00,0.5872
FUND27,2025-07-03T00:00:00,1.0645
FUND27,2025-07-04T00:00:00,0.9509
FUND27,2025-07-07T00:00:00,0.791
FUND27,2025-07-08T00:00:00,1.0675
FUND27,2025-07-09T00:00:00,1.2534
FUND27,2025-07-10T00:00:00,1.69
FUND27,2025-07-11T00:00:00,1.4347
FUND27,2025-07-14T00:00:00,1.2774
FUND27,2025-07-15T00:00:00,1.2571
FUND27,2025-07-16T00:00:00,1.0749
FUND27,2025-07-17T00:00:00,1.0405
FUND27,2025-07-18T00:00:00,0.9964
FUND27,2025-07-21T00:00:00,0.8818
FUND27,2025-07-22T00:00:00,1.0459
FUND27,2025-07-23T00:00:00,1.2287
FUND27,2025-07-24T00:00:00,1.5393
FUND27,2025-07-25T00:00:00,1.5966
FUND27,2025-07-28T00:00:00,1.3272
FUND27,2025-07-29T00:00:00,1.3988
FUND27,2025-07-30T00:00:00,1.3472
FUND27,2025-07-31T00:00:00,1.3108
FUND27,2025-08-01T00:00:00,1.486
FUND27,2025-08-04T00:00:00,1.4522
FUND27,2025-08-05T00:00:00,1.3669
FUND27,2025-08-06T00:00:00,1.2877
FUND27,2025-08-07T00:00:00,1.6908
FUND27,2025-08-08T00:00:00,1.3628
FUND27,2025-08-11T00:00:00,1.5192
FUND27,2025-08-12T00:00:00,1.6322
FUND27,2025-08-13T00:00:00,1.4221
FUND27,2025-08-14T00:00:00,1.9279
FUND27,2025-08-15T00:00:00,2.2472
FUND27,2025-08-18T00:00:00,2.1599
FUND27,2025-08-19T00:00:00,1.7061
FUND27,2025-08-20T00:00:00,2.0155
FUND27,2025-08-21T00:00:00,2.0338
FUND27,2025-08-22T00:00:00,2.4132
FUND27,2025-08-25T00:00:00,2.4259
FUND27,2025-08-26T00:00:00,2.9897
FUND27,2025-08-27T00:00:00,2.5738
FUND27,2025-08-28T00:00:00,2.7114
FUND27,2025-08-29T00:00:00,2.2151
FUND27,2025-09-01T00:00:00,2.2988
FUND27,2025-09-02T00:00:00,1.8872
FUND27,2025-09-03T00:00:00,1.9314
FUND27,2025-09-04T00:00:00,2.2889
FUND27,2025-09-05T00:00:00,2.1505
FUND27,2025-09-08T00:00:00,2.4773
FUND27,2025-09-09T00:00:00,2.7974
FUND27,2025-09-10T00:00:00,2.9621
FUND27,2025-09-11T00:00:00,3.3618
FUND27,2025-09-12T00:00:00,3.8247
FUND27,2025-09-15T00:00:00,3.6745
FUND27,2025-09-16T00:00:00,3.7088
FUND27,2025-09-17T00:00:00,3.7046
FUND27,2025-09-18T00:00:00,3.7477
FUND27,2025-09-19T00:00:00,3.8035
FUND27,2025-09-22T00:00:00,3.4906
FUND27,2025-09-23T00:00:00,3.6419
FUND27,2025-09-24T00:00:00,3.7053
FUND27,2025-09-25T00:00:00,4.2403
FUND27,2025-09-26T00:00:00,4.0058
FUND27,2025-09-29T00:00:00,3.9233
FUND27,2025-09-30T00:00:00,3.7157
FUND27,2025-10-01T00:00:00,3.717
FUND27,2025-10-02T00:00:00,3.8902
FUND27,2025-10-03T00:00:00,4.2013
FUND27,2025-10-06T00:00:00,4.16
FUND27,2025-10-07T00:00:00,4.2091
FUND27,2025-10-08T00:00:00,4.0875
FUND27,2025-10-09T00:00:00,4.4184
FUND27,2025-10-10T00:00:00,4.5559
FUND27,2025-10-13T00:00:00,4.495
FUND27,2025-10-14T00:00:00,4.4515
FUND27,2025-10-15T00:00:00,4.3947
FUND27,2025-10-16T00:00:00,4.3582
FUND27,2025-10-17T00:00:00,3.8387
FUND27,2025-10-20T00:00:00,3.7133
FUND27,2025-10-21T00:00:00,3.6943
FUND27,2025-10-22T00:00:00,3.8543
FUND27,2025-10-23T00:00:00,4.167
FUND27,2025-10-24T00:00:00,4.2156
FUND27,2025-10-27T00:00:00,4.2117
FUND27,2025-10-28T00:00:00,4.1008
FUND27,2025-10-29T00:00:00,3.9343
FUND27,2025-10-30T00:00:00,3.7137
FUND27,2025-10-31T00:00:00,3.6536
FUND27,2025-11-03T00:00:00,3.5432
FUND27,2025-11-04T00:00:00,3.4108
FUND27,2025-11-05T00:00:00,3.78
FUND27,2025-11-06T00:00:00,3.5424
FUND27,2025-11-07T00:00:00,3.4999
FUND27,2025-11-10T00:00:00,3.834
FUND27,2025-11-11T00:00:00,3.0914
FUND27,2025-11-12T00:00:00,2.8923
FUND27,2025-11-13T00:00:00,2.7352
FUND27,2025-11-14T00:00:00,3.1366
FUND27,2025-11-17T00:00:00,3.1055
FUND27,2025-11-18T00:00:00,2.8938
FUND27,2025-11-19T00:00:00,2.7354
FUND27,2025-11-20T00:00:00,2.9253
FUND27,2025-11-21T00:00:00,2.8239
FUND27,2025-11-24T00:00:00,3.1737
FUND28,2023-05-08T00:00:00,-0.1062
FUND28,2023-05-09T00:00:00,-0.5625
FUND28,2023-05-10T00:00:00,-0.5117
FUND28,2023-05-11T00:00:00,-0.5487
FUND28,2023-05-12T00:00:00,-0.7527
FUND28,2023-05-15T00:00:00,-0.49
FUND28,2023-05-16T00:00:00,-0.6758
FUND28,2023-05-17T00:00:00,-0.8352
FUND28,2023-05-18T00:00:00,-0.7003
FUND28,2023-05-19T00:00:00,-1.1813
FUND28,2023-05-22T00:00:00,-1.1899
FUND28,2023-05-23T00:00:00,-1.9234
FUND28,2023-05-24T00:00:00,-1.9346
FUND28,2023-05-25T00:00:00,-1.7133
FUND28,2023-05-26T00:00:00,-1.8987
FUND28,2023-05-29T00:00:00,-1.9197
FUND28,2023-05-30T00:00:00,-2.4076
FUND28,2023-05-31T00:00:00,-1.6551
FUND28,2023-06-01T00:00:00,-1.6393
FUND28,2023-06-02T00:00:00,-1.8216
FUND28,2023-06-05T00:00:00,-1.7572
FUND28,2023-06-06T00:00:00,-2.0087
FUND28,2023-06-07T00:00:00,-1.5741
FUND28,2023-06-08T00:00:00,-1.2368
FUND28,2023-06-09T00:00:00,-1.0569
FUND28,2023-06-12T00:00:00,-0.8328
FUND28,2023-06-13T00:00:00,-1.0797
FUND28,2023-06-14T00:00:00,-1.1674
FUND28,2023-06-15T00:00:00,-0.9627
FUND28,2023-06-16T00:00:00,-1.369
FUND28,2023-06-19T00:00:00,-1.4644
FUND28,2023-06-20T00:00:00,-1.3568
FUND28,2023-06-21T00:00:00,-1.3885
FUND28,2023-06-22T00:00:00,-1.6861
FUND28,2023-06-23T00:00:00,-1.9672
FUND28,2023-06-26T00:00:00,-1.4847
FUND28,2023-06-27T00:00:00,-1.6981
FUND28,2023-06-28T00:00:00,-1.7939
FUND28,2023-06-29T00:00:00,-1.8369
FUND28,2023-06-30T00:00:00,-2.0197
FUND28,2023-07-03T00:00:00,-1.4087
FUND28,2023-07-04T00:00:00,-1.6776
FUND28,2023-07-05T00:00:00,-1.5089
FUND28,2023-07-06T00:00:00,-1.4657
FUND28,2023-07-07T00:00:00,-1.5779
FUND28,2023-07-10T00:00:00,-1.8789
FUND28,2023-07-11T00:00:00,-1.9625
FUND28,2023-07-12T00:00:00,-2.1217
FUND28,2023-07-13T00:00:00,-2.3364
FUND28,2023-07-14T00:00:00,-2.4897
FUND28,2023-07-17T00:00:00,-2.5277
FUND28,2023-07-18T00:00:00,-2.6026
FUND28,2023-07-19T00:00:00,-2.462
FUND28,2023-07-20T00:00:00,-2.1404
FUND28,2023-07-21T00:00:00,-2.0628
FUND28,2023-07-24T00:00:00,-1.6487
FUND28,2023-07-25T00:00:00,-1.2789
FUND28,2023-07-26T00:00:00,-1.4803
FUND28,2023-07-27T00:00:00,-1.1588
FUND28,2023-07-28T00:00:00,-1.5047
FUND28,2023-07-31T00:00:00,-1.6673
FUND28,2023-08-01T00:00:00,-1.5773
FUND28,2023-08-02T00:00:00,-1.3782
FUND28,2023-08-03T00:00:00,-1.6332
FUND28,2023-08-04T00:00:00,-1.5386
FUND28,2023-08-07T00:00:00,-1.8921
FUND28,2023-08-08T00:00:00,-1.7804
FUND28,2023-08-09T00:00:00,-1.5669
FUND28,2023-08-10T00:00:00,-1.3733
FUND28,2023-08-11T00:00:00,-1.5012
FUND28,2023-08-14T00:00:00,-1.5316
FUND28,2023-08-15T00:00:00,-1.7305
FUND28,2023-08-16T00:00:00,-1.6079
FUND28,2023-08-17T00:00:00,-2.0275
FUND28,2023-08-18T00:00:00,-2.0203
FUND28,2023-08-21T00:00:00,-1.9724
FUND28,2023-08-22T00:00:00,-2.0233
FUND28,2023-08-23T00:00:00,-2.3656
FUND28,2023-08-24T00:00:00,-2.6177
FUND28,2023-08-25T00:00:00,-2.1639
FUND28,2023-08-28T00:00:00,-2.4658
FUND28,2023-08-29T00:00:00,-2.212
FUND28,2023-08-30T00:00:00,-2.0897
FUND28,2023-08-31T00:00:00,-1.5234
FUND28,2023-09-01T00:00:00,-1.443
FUND28,2023-09-04T00:00:00,-1.3656
FUND28,2023-09-05T00:00:00,-0.9463
FUND28,2023-09-06T00:00:00,-0.9952
FUND28,2023-09-07T00:00:00,-0.7723
FUND28,2023-09-08T00:00:00,-0.5939
FUND28,2023-09-11T00:00:00,-0.5286
FUND28,2023-09-12T00:00:00,-0.4381
FUND28,2023-09-13T00:00:00,-0.3178
FUND28,2023-09-14T00:00:00,-0.2645
FUND28,2023-09-15T00:00:00,-0.2287
FUND28,2023-09-18T00:00:00,-0.3175
FUND28,2023-09-19T00:00:00,-0.0559
FUND28,2023-09-20T00:00:00,-0.1345
FUND28,2023-09-21T00:00:00,0.0101
FUND28,2023-09-22T00:00:00,0.1108
FUND28,2023-09-25T00:00:00,0.1813
FUND28,2023-09-26T00:00:00,0.832
FUND28,2023-09-27T00:00:00,1.1499
FUND28,2023-09-28T00:00:00,0.8851
FUND28,2023-09-29T00:00:00,1.1908
FUND28,2023-10-02T00:00:00,0.7384
FUND28,2023-10-03T00:00:00,1.0068
FUND28,2023-10-04T00:00:00,0.4323
FUND28,2023-10-05T00:00:00,0.4354
FUND28,2023-10-06T00:00:00,0.3075
FUND28,2023-10-09T00:00:00,0.013
FUND28,2023-10-10T00:00:00,0.218
FUND28,2023-10-11T00:00:00,0.2549
FUND28,2023-10-12T00:00:00,-0.0019
FUND28,2023-10-13T00:00:00,0.1634
FUND28,2023-10-16T00:00:00,0.1821
FUND28,2023-10-17T00:00:00,0.3435
FUND28,2023-10-18T00:00:00,0.6314
FUND28,2023-10-19T00:00:00,0.769
FUND28,2023-10-20T00:00:00,0.9467
FUND28,2023-10-23T00:00:00,1.3419
FUND28,2023-10-24T00:00:00,1.141
FUND28,2023-10-25T00:00:00,1.225
FUND28,2023-10-26T00:00:00,1.229
FUND28,2023-10-27T00:00:00,1.239
FUND28,2023-10-30T00:00:00,1.0436
FUND28,2023-10-31T00:00:00,1.0369
FUND28,2023-11-01T00:00:00,0.5718
FUND28,2023-11-02T00:00:00,0.3353
FUND28,2023-11-03T00:00:00,0.2435
FUND28,2023-11-06T00:00:00,-0.1778
FUND28,2023-11-07T00:00:00,-0.1526
FUND28,2023-11-08T00:00:00,0.1594
FUND28,2023-11-09T00:00:00,0.1525
FUND28,2023-11-10T00:00:00,0.08
FUND28,2023-11-13T00:00:00,0.2142
FUND28,2023-11-14T00:00:00,0.4172
FUND28,2023-11-15T00:00:00,0.7147
FUND28,2023-11-16T00:00:00,1.0608
FUND28,2023-11-17T00:00:00,1.4498
FUND28,2023-11-20T00:00:00,1.9855
FUND28,2023-11-21T00:00:00,2.1736
FUND28,2023-11-22T00:00:00,2.1863
FUND28,2023-11-23T00:00:00,2.3018
FUND28,2023-11-24T00:00:00,1.9278
FUND28,2023-11-27T00:00:00,1.6626
FUND28,2023-11-28T00:00:00,1.7154
FUND28,2023-11-29T00:00:00,1.4931
FUND28,2023-11-30T00:00:00,1.567
FUND28,2023-12-01T00:00:00,1.7387
FUND28,2023-12-04T00:00:00,1.5744
FUND28,2023-12-05T00:00:00,1.5095
FUND28,2023-12-06T00:00:00,1.5256
FUND28,2023-12-07T00:00:00,1.5551
FUND28,2023-12-08T00:00:00,1.306
FUND28,2023-12-11T00:00:00,1.1874
FUND28,2023-12-12T00:00:00,1.3613
FUND28,2023-12-13T00:00:00,0.8878
FUND28,2023-12-14T00:00:00,0.7031
FUND28,2023-12-15T00:00:00,1.0045
FUND28,2023-12-18T00:00:00,1.0318
FUND28,2023-12-19T00:00:00,1.2331
FUND28,2023-12-20T00:00:00,1.4484
FUND28,2023-12-21T00:00:00,1.8487
FUND28,2023-12-22T00:00:00,1.6375
FUND28,2023-12-25T00:00:00,1.5747
FUND28,2023-12-26T00:00:00,1.2862
FUND28,2023-12-27T00:00:00,1.6582
FUND28,2023-12-28T00:00:00,1.6946
FUND28,2023-12-29T00:00:00,1.2862
FUND28,2024-01-01T00:00:00,1.5048
FUND28,2024-01-02T00:00:00,1.6251
FUND28,2024-01-03T00:00:00,1.4639
FUND28,2024-01-04T00:00:00,1.2921
FUND28,2024-01-05T00:00:00,1.6186
FUND28,2024-01-08T00:00:00,1.8943
FUND28,2024-01-09T00:00:00,1.9845
FUND28,2024-01-10T00:00:00,1.7224
FUND28,2024-01-11T00:00:00,1.7128
FUND28,2024-01-12T00:00:00,1.6728
FUND28,2024-01-15T00:00:00,1.5691
FUND28,2024-01-16T00:00:00,1.7719
FUND28,2024-01-17T00:00:00,1.7303
FUND28,2024-01-18T00:00:00,1.7483
FUND28,2024-01-19T00:00:00,2.0625
FUND28,2024-01-22T00:00:00,2.1568
FUND28,2024-01-23T00:00:00,1.7693
FUND28,2024-01-24T00:00:00,1.8364
FUND28,2024-01-25T00:00:00,1.7869
FUND28,2024-01-26T00:00:00,1.3421
FUND28,2024-01-29T00:00:00,1.1624
FUND28,2024-01-30T00:00:00,1.0047
FUND28,2024-01-31T00:00:00,1.0072
FUND28,2024-02-01T00:00:00,1.1673
FUND28,2024-02-02T00:00:00,1.1741
FUND28,2024-02-05T00:00:00,1.7266
FUND28,2024-02-06T00:00:00,1.5062
FUND28,2024-02-07T00:00:00,1.7261
FUND28,2024-02-08T00:00:00,1.6407
FUND28,2024-02-09T00:00:00,1.6013
FUND28,2024-02-12T00:00:00,1.6239
FUND28,2024-02-13T00:00:00,1.5216
FUND28,2024-02-14T00:00:00,1.2777
FUND28,2024-02-15T00:00:00,1.271
FUND28,2024-02-16T00:00:00,1.2622
FUND28,2024-02-19T00:00:00,1.5347
FUND28,2024-02-20T00:00:00,1.4492
FUND28,2024-02-21T00:00:00,1.5917
FUND28,2024-02-22T00:00:00,1.3672
FUND28,2024-02-23T00:00:00,1.388
FUND28,2024-02-26T00:00:00,1.1197
FUND28,2024-02-27T00:00:00,1.2036
FUND28,2024-02-28T00:00:00,1.1079
FUND28,2024-02-29T00:00:00,1.1634
FUND28,2024-03-01T00:00:00,1.5376
FUND28,2024-03-04T00:00:00,1.8351
FUND28,2024-03-05T00:00:00,1.9503
FUND28,2024-03-06T00:00:00,2.3287
FUND28,2024-03-07T00:00:00,2.5493
FUND28,2024-03-08T00:00:00,3.0202
FUND28,2024-03-11T00:00:00,3.2409
FUND28,2024-03-12T00:00:00,3.175
FUND28,2024-03-13T00:00:00,2.5349
FUND28,2024-03-14T00:00:00,2.6992
FUND28,2024-03-15T00:00:00,2.647
FUND28,2024-03-18T00:00:00,2.6004
FUND28,2024-03-19T00:00:00,2.1661
FUND28,2024-03-20T00:00:00,2.2794
FUND28,2024-03-21T00:00:00,2.4758
FUND28,2024-03-22T00:00:00,2.2934
FUND28,2024-03-25T00:00:00,1.9482
FUND28,2024-03-26T00:00:00,2.0099
FUND28,2024-03-27T00:00:00,2.135
FUND28,2024-03-28T00:00:00,2.1513
FUND28,2024-03-29T00:00:00,2.3521
FUND28,2024-04-01T00:00:00,2.3565
FUND28,2024-04-02T00:00:00,1.8692
FUND28,2024-04-03T00:00:00,2.3654
FUND28,2024-04-04T00:00:00,2.0727
FUND28,2024-04-05T00:00:00,2.1231
FUND28,2024-04-08T00:00:00,2.2395
FUND28,2024-04-09T00:00:00,2.2561
FUND28,2024-04-10T00:00:00,1.8974
FUND28,2024-04-11T00:00:00,2.0344
FUND28,2024-04-12T00:00:00,2.4463
FUND28,2024-04-15T00:00:00,2.6213
FUND28,2024-04-16T00:00:00,2.7614
FUND28,2024-04-17T00:00:00,3.0351
FUND28,2024-04-18T00:00:00,3.3253
FUND28,2024-04-19T00:00:00,2.8737
FUND28,2024-04-22T00:00:00,3.0391
FUND28,2024-04-23T00:00:00,2.9047
FUND28,2024-04-24T00:00:00,2.8798
FUND28,2024-04-25T00:00:00,2.8474
FUND28,2024-04-26T00:00:00,2.9629
FUND28,2024-04-29T00:00:00,2.8293
FUND28,2024-04-30T00:00:00,2.8534
FUND28,2024-05-01T00:00:00,2.9659
FUND28,2024-05-02T00:00:00,3.0729
FUND28,2024-05-03T00:00:00,3.2864
FUND28,2024-05-06T00:00:00,2.3888
FUND28,2024-05-07T00:00:00,2.5845
FUND28,2024-05-08T00:00:00,2.9198
FUND28,2024-05-09T00:00:00,2.7874
FUND28,2024-05-10T00:00:00,2.7813
FUND28,2024-05-13T00:00:00,2.682
FUND28,2024-05-14T00:00:00,2.1241
FUND28,2024-05-15T00:00:00,2.4141
FUND28,2024-05-16T00:00:00,2.4856
FUND28,2024-05-17T00:00:00,2.2941
FUND28,2024-05-20T00:00:00,2.238
FUND28,2024-05-21T00:00:00,2.1724
FUND28,2024-05-22T00:00:00,1.8818
FUND28,2024-05-23T00:00:00,1.7528
FUND28,2024-05-24T00:00:00,1.1361
FUND28,2024-05-27T00:00:00,1.1468
FUND28,2024-05-28T00:00:00,1.6381
FUND28,2024-05-29T00:00:00,1.3309
FUND28,2024-05-30T00:00:00,1.1965
FUND28,2024-05-31T00:00:00,1.8136
FUND28,2024-06-03T00:00:00,2.0499
FUND28,2024-06-04T00:00:00,2.1483
FUND28,2024-06-05T00:00:00,1.9666
FUND28,2024-06-06T00:00:00,2.1313
FUND28,2024-06-07T00:00:00,1.8528
FUND28,2024-06-10T00:00:00,1.6994
FUND28,2024-06-11T00:00:00,2.0669
FUND28,2024-06-12T00:00:00,1.9177
FUND28,2024-06-13T00:00:00,2.1832
FUND28,2024-06-14T00:00:00,2.3955
FUND28,2024-06-17T00:00:00,2.9685
FUND28,2024-06-18T00:00:00,2.9105
FUND28,2024-06-19T00:00:00,3.0848
FUND28,2024-06-20T00:00:00,3.3604
FUND28,2024-06-21T00:00:00,2.8085
FUND28,2024-06-24T00:00:00,2.8763
FUND28,2024-06-25T00:00:00,3.2346
FUND28,2024-06-26T00:00:00,2.7767
FUND28,2024-06-27T00:00:00,2.8022
FUND28,2024-06-28T00:00:00,2.8429
FUND28,2024-07-01T00:00:00,3.114
FUND28,2024-07-02T00:00:00,3.1362
FUND28,2024-07-03T00:00:00,3.3447
FUND28,2024-07-04T00:00:00,3.2607
FUND28,2024-07-05T00:00:00,3.0503
FUND28,2024-07-08T00:00:00,3.1018
FUND28,2024-07-09T00:00:00,2.9046
FUND28,2024-07-10T00:00:00,2.5697
FUND28,2024-07-11T00:00:00,2.398
FUND28,2024-07-12T00:00:00,2.4088
FUND28,2024-07-15T00:00:00,2.1974
FUND28,2024-07-16T00:00:00,2.132
FUND28,2024-07-17T00:00:00,2.5403
FUND28,2024-07-18T00:00:00,2.67
FUND28,2024-07-19T00:00:00,2.572
FUND28,2024-07-22T00:00:00,2.7519
FUND28,2024-07-23T00:00:00,2.975
FUND28,2024-07-24T00:00:00,2.9799
FUND28,2024-07-25T00:00:00,2.9877
FUND28,2024-07-26T00:00:00,3.1
FUND28,2024-07-29T00:00:00,3.2613
FUND28,2024-07-30T00:00:00,2.7393
FUND28,2024-07-31T00:00:00,2.5978
FUND28,2024-08-01T00:00:00,2.3422
FUND28,2024-08-02T00:00:00,2.4197
FUND28,2024-08-05T00:00:00,2.6381
FUND28,2024-08-06T00:00:00,2.9018
FUND28,2024-08-07T00:00:00,2.9466
FUND28,2024-08-08T00:00:00,3.4632
FUND28,2024-08-09T00:00:00,3.5954
FUND28,2024-08-12T00:00:00,3.4058
FUND28,2024-08-13T00:00:00,3.3385
FUND28,2024-08-14T00:00:00,3.594
FUND28,2024-08-15T00:00:00,3.4538
FUND28,2024-08-16T00:00:00,3.5764
FUND28,2024-08-19T00:00:00,3.7921
FUND28,2024-08-20T00:00:00,3.4074
FUND28,2024-08-21T00:00:00,3.0583
FUND28,2024-08-22T00:00:00,3.1235
FUND28,2024-08-23T00:00:00,3.3956
FUND28,2024-08-26T00:00:00,3.2709
FUND28,2024-08-27T00:00:00,3.3503
FUND28,2024-08-28T00:00:00,3.3318
FUND28,2024-08-29T00:00:00,2.9452
FUND28,2024-08-30T00:00:00,2.8097
FUND28,2024-09-02T00:00:00,2.7027
FUND28,2024-09-03T00:00:00,3.0579
FUND28,2024-09-04T00:00:00,2.8612
FUND28,2024-09-05T00:00:00,2.7995
FUND28,2024-09-06T00:00:00,2.5482
FUND28,2024-09-09T00:00:00,3.2343
FUND28,2024-09-10T00:00:00,3.0405
FUND28,2024-09-11T00:00:00,3.0023
FUND28,2024-09-12T00:00:00,2.8417
FUND28,2024-09-13T00:00:00,2.8185
FUND28,2024-09-16T00:00:00,2.9492
FUND28,2024-09-17T00:00:00,3.1728
FUND28,2024-09-18T00:00:00,3.0875
FUND28,2024-09-19T00:00:00,2.7548
FUND28,2024-09-20T00:00:00,2.6716
FUND28,2024-09-23T00:00:00,2.5447
FUND28,2024-09-24T00:00:00,2.3294
FUND28,2024-09-25T00:00:00,2.4487
FUND28,2024-09-26T00:00:00,2.6139
FUND28,2024-09-27T00:00:00,3.1105
FUND28,2024-09-30T00:00:00,2.6365
FUND28,2024-10-01T00:00:00,2.6109
FUND28,2024-10-02T00:00:00,3.0885
FUND28,2024-10-03T00:00:00,2.8333
FUND28,2024-10-04T00:00:00,3.093
FUND28,2024-10-07T00:00:00,3.0701
FUND28,2024-10-08T00:00:00,2.8376
FUND28,2024-10-09T00:00:00,2.9677
FUND28,2024-10-10T00:00:00,3.0289
FUND28,2024-10-11T00:00:00,3.2549
FUND28,2024-10-14T00:00:00,3.3266
FUND28,2024-10-15T00:00:00,2.9986
FUND28,2024-10-16T00:00:00,3.0033
FUND28,2024-10-17T00:00:00,2.6229
FUND28,2024-10-18T00:00:00,2.3646
FUND28,2024-10-21T00:00:00,2.1067
FUND28,2024-10-22T00:00:00,2.1086
FUND28,2024-10-23T00:00:00,2.0954
FUND28,2024-10-24T00:00:00,1.7456
FUND28,2024-10-25T00:00:00,2.2675
FUND28,2024-10-28T00:00:00,1.8778
FUND28,2024-10-29T00:00:00,1.8359
FUND28,2024-10-30T00:00:00,2.0212
FUND28,2024-10-31T00:00:00,2.4034
FUND28,2024-11-01T00:00:00,2.2568
FUND28,2024-11-04T00:00:00,2.4548
FUND28,2024-11-05T00:00:00,2.6579
FUND28,2024-11-06T00:00:00,2.3519
FUND28,2024-11-07T00:00:00,2.5409
FUND28,2024-11-08T00:00:00,2.533
FUND28,2024-11-11T00:00:00,2.264
FUND28,2024-11-12T00:00:00,2.2297
FUND28,2024-11-13T00:00:00,2.4758
FUND28,2024-11-14T00:00:00,2.7854
FUND28,2024-11-15T00:00:00,2.6095
FUND28,2024-11-18T00:00:00,2.5907
FUND28,2024-11-19T00:00:00,2.8101
FUND28,2024-11-20T00:00:00,2.4621
FUND28,2024-11-21T00:00:00,2.1463
FUND28,2024-11-22T00:00:00,2.3628
FUND28,2024-11-25T00:00:00,2.2969
FUND28,2024-11-26T00:00:00,2.325
FUND28,2024-11-27T00:00:00,1.7551
FUND28,2024-11-28T00:00:00,1.2529
FUND28,2024-11-29T00:00:00,0.9231
FUND28,2024-12-02T00:00:00,0.8189
FUND28,2024-12-03T00:00:00,1.1343
FUND28,2024-12-04T00:00:00,1.1119
FUND28,2024-12-05T00:00:00,1.5183
FUND28,2024-12-06T00:00:00,1.3799
FUND28,2024-12-09T00:00:00,1.2103
FUND28,2024-12-10T00:00:00,1.171
FUND28,2024-12-11T00:00:00,1.0293
FUND28,2024-12-12T00:00:00,0.7272
FUND28,2024-12-13T00:00:00,0.5272
FUND28,2024-12-16T00:00:00,0.4833
FUND28,2024-12-17T00:00:00,0.3385
FUND28,2024-12-18T00:00:00,0.2095
FUND28,2024-12-19T00:00:00,0.3065
FUND28,2024-12-20T00:00:00,-0.3294
FUND28,2024-12-23T00:00:00,-0.4711
FUND28,2024-12-24T00:00:00,-0.3885
FUND28,2024-12-25T00:00:00,-0.0698
FUND28,2024-12-26T00:00:00,-0.0542
FUND28,2024-12-27T00:00:00,-0.258
FUND28,2024-12-30T00:00:00,-0.2455
FUND28,2024-12-31T00:00:00,-0.1062
FUND28,2025-01-01T00:00:00,-0.4094
FUND28,2025-01-02T00:00:00,-0.2533
FUND28,2025-01-03T00:00:00,0.0259
FUND28,2025-01-06T00:00:00,0.3029
FUND28,2025-01-07T00:00:00,-0.0225
FUND28,2025-01-08T00:00:00,0.4066
FUND28,2025-01-09T00:00:00,0.6471
FUND28,2025-01-10T00:00:00,0.4846
FUND28,2025-01-13T00:00:00,0.5025
FUND28,2025-01-14T00:00:00,0.4725
FUND28,2025-01-15T00:00:00,0.2713
FUND28,2025-01-16T00:00:00,0.4798
FUND28,2025-01-17T00:00:00,0.4791
FUND28,2025-01-20T00:00:00,0.3109
FUND28,2025-01-21T00:00:00,0.4651
FUND28,2025-01-22T00:00:00,0.6272
FUND28,2025-01-23T00:00:00,0.9635
FUND28,2025-01-24T00:00:00,1.0858
FUND28,2025-01-27T00:00:00,1.0792
FUND28,2025-01-28T00:00:00,1.4412
FUND28,2025-01-29T00:00:00,1.6649
FUND28,2025-01-30T00:00:00,1.5939
FUND28,2025-01-31T00:00:00,1.3093
FUND28,2025-02-03T00:00:00,1.8766
FUND28,2025-02-04T00:00:00,1.8054
FUND28,2025-02-05T00:00:00,1.4656
FUND28,2025-02-06T00:00:00,1.8249
FUND28,2025-02-07T00:00:00,1.5254
FUND28,2025-02-10T00:00:00,1.9545
FUND28,2025-02-11T00:00:00,1.9708
FUND28,2025-02-12T00:00:00,2.1073
FUND28,2025-02-13T00:00:00,1.7426
FUND28,2025-02-14T00:00:00,1.5385
FUND28,2025-02-17T00:00:00,1.3354
FUND28,2025-02-18T00:00:00,1.5975
FUND28,2025-02-19T00:00:00,1.296
FUND28,2025-02-20T00:00:00,1.6493
FUND28,2025-02-21T00:00:00,1.5952
FUND28,2025-02-24T00:00:00,1.9757
FUND28,2025-02-25T00:00:00,2.0425
FUND28,2025-02-26T00:00:00,2.1704
FUND28,2025-02-27T00:00:00,1.8114
FUND28,2025-02-28T00:00:00,1.8409
FUND28,2025-03-03T00:00:00,2.1144
FUND28,2025-03-04T00:00:00,1.935
FUND28,2025-03-05T00:00:00,1.9555
FUND28,2025-03-06T00:00:00,1.3709
FUND28,2025-03-07T00:00:00,1.6037
FUND28,2025-03-10T00:00:00,1.0765
FUND28,2025-03-11T00:00:00,1.1443
FUND28,2025-03-12T00:00:00,1.3835
FUND28,2025-03-13T00:00:00,1.1926
FUND28,2025-03-14T00:00:00,1.2318
FUND28,2025-03-17T00:00:00,1.0351
FUND28,2025-03-18T00:00:00,1.1142
FUND28,2025-03-19T00:00:00,1.2585
FUND28,2025-03-20T00:00:00,0.855
FUND28,2025-03-21T00:00:00,1.2122
FUND28,2025-03-24T00:00:00,1.2432
FUND28,2025-03-25T00:00:00,0.8011
FUND28,2025-03-26T00:00:00,0.9014
FUND28,2025-03-27T00:00:00,1.2655
FUND28,2025-03-28T00:00:00,1.1336
FUND28,2025-03-31T00:00:00,1.4405
FUND28,2025-04-01T00:00:00,1.1779
FUND28,2025-04-02T00:00:00,1.4502
FUND28,2025-04-03T00:00:00,1.6826
FUND28,2025-04-04T00:00:00,2.2489
FUND28,2025-04-07T00:00:00,2.2895
FUND28,2025-04-08T00:00:00,2.2787
FUND28,2025-04-09T00:00:00,2.024
FUND28,2025-04-10T00:00:00,1.6278
FUND28,2025-04-11T00:00:00,1.7663
FUND28,2025-04-14T00:00:00,1.77
FUND28,2025-04-15T00:00:00,1.7047
FUND28,2025-04-16T00:00:00,1.9231
FUND28,2025-04-17T00:00:00,1.9729
FUND28,2025-04-18T00:00:00,1.9288
FUND28,2025-04-21T00:00:00,2.1047
FUND28,2025-04-22T00:00:00,2.1993
FUND28,2025-04-23T00:00:00,2.2202
FUND28,2025-04-24T00:00:00,2.2404
FUND28,2025-04-25T00:00:00,2.5278
FUND28,2025-04-28T00:00:00,2.2075
FUND28,2025-04-29T00:00:00,2.3189
FUND28,2025-04-30T00:00:00,2.1091
FUND28,2025-05-01T00:00:00,2.0847
FUND28,2025-05-02T00:00:00,2.3814
FUND28,2025-05-05T00:00:00,2.4965
FUND28,2025-05-06T00:00:00,2.436
FUND28,2025-05-07T00:00:00,2.447
FUND28,2025-05-08T00:00:00,2.7977
FUND28,2025-05-09T00:00:00,2.7277
FUND28,2025-05-12T00:00:00,2.3821
FUND28,2025-05-13T00:00:00,2.7326
FUND28,2025-05-14T00:00:00,2.578
FUND28,2025-05-15T00:00:00,2.6422
FUND28,2025-05-16T00:00:00,2.7627
FUND28,2025-05-19T00:00:00,2.2044
FUND28,2025-05-20T00:00:00,2.3953
FUND28,2025-05-21T00:00:00,2.3132
FUND28,2025-05-22T00:00:00,2.0752
FUND28,2025-05-23T00:00:00,2.1174
FUND28,2025-05-26T00:00:00,2.1051
FUND28,2025-05-27T00:00:00,1.9369
FUND28,2025-05-28T00:00:00,1.7748
FUND28,2025-05-29T00:00:00,1.5184
FUND28,2025-05-30T00:00:00,1.7345
FUND28,2025-06-02T00:00:00,1.6929
FUND28,2025-06-03T00:00:00,1.9773
FUND28,2025-06-04T00:00:00,1.6268
FUND28,2025-06-05T00:00:00,1.8
FUND28,2025-06-06T00:00:00,1.9541
FUND28,2025-06-09T00:00:00,1.7539
FUND28,2025-06-10T00:00:00,1.6222
FUND28,2025-06-11T00:00:00,1.7909
FUND28,2025-06-12T00:00:00,1.688
FUND28,2025-06-13T00:00:00,1.5028
FUND28,2025-06-16T00:00:00,1.2443
FUND28,2025-06-17T00:00:00,1.3197
FUND28,2025-06-18T00:00:00,1.2681
FUND28,2025-06-19T00:00:00,1.4487
FUND28,2025-06-20T00:00:00,1.7395
FUND28,2025-06-23T00:00:00,1.5242
FUND28,2025-06-24T00:00:00,1.42
FUND28,2025-06-25T00:00:00,1.6835
FUND28,2025-06-26T00:00:00,1.648
FUND28,2025-06-27T00:00:00,1.7152
FUND28,2025-06-30T00:00:00,1.7194
FUND28,2025-07-01T00:00:00,1.8372
FUND28,2025-07-02T00:00:00,1.3776
FUND28,2025-07-03T00:00:00,1.6986
FUND28,2025-07-04T00:00:00,1.7017
FUND28,2025-07-07T00:00:00,1.4973
FUND28,2025-07-08T00:00:00,1.6474
FUND28,2025-07-09T00:00:00,1.7482
FUND28,2025-07-10T00:00:00,2.1359
FUND28,2025-07-11T00:00:00,2.3643
FUND28,2025-07-14T00:00:00,2.6513
FUND28,2025-07-15T00:00:00,2.6629
FUND28,2025-07-16T00:00:00,2.7241
FUND28,2025-07-17T00:00:00,2.4677
FUND28,2025-07-18T00:00:00,2.6872
FUND28,2025-07-21T00:00:00,2.8791
FUND28,2025-07-22T00:00:00,2.9892
FUND28,2025-07-23T00:00:00,3.0389
FUND28,2025-07-24T00:00:00,3.2956
FUND28,2025-07-25T00:00:00,2.9864
FUND28,2025-07-28T00:00:00,2.9635
FUND28,2025-07-29T00:00:00,3.4313
FUND28,2025-07-30T00:00:00,3.5231
FUND28,2025-07-31T00:00:00,3.3762
FUND28,2025-08-01T00:00:00,3.3642
FUND28,2025-08-04T00:00:00,3.1531
FUND28,2025-08-05T00:00:00,3.5022
FUND28,2025-08-06T00:00:00,3.8969
FUND28,2025-08-07T00:00:00,3.9345
FUND28,2025-08-08T00:00:00,3.7766
FUND28,2025-08-11T00:00:00,3.5265
FUND28,2025-08-12T00:00:00,3.4322
FUND28,2025-08-13T00:00:00,3.633
FUND28,2025-08-14T00:00:00,3.8121
FUND28,2025-08-15T00:00:00,3.497
FUND28,2025-08-18T00:00:00,2.7966
FUND28,2025-08-19T00:00:00,2.8826
FUND28,2025-08-20T00:00:00,2.7084
FUND28,2025-08-21T00:00:00,2.3648
FUND28,2025-08-22T00:00:00,2.2174
FUND28,2025-08-25T00:00:00,2.3434
FUND28,2025-08-26T00:00:00,2.4138
FUND28,2025-08-27T00:00:00,2.3765
FUND28,2025-08-28T00:00:00,2.599
FUND28,2025-08-29T00:00:00,2.4908
FUND28,2025-09-01T00:00:00,3.0303
FUND28,2025-09-02T00:00:00,3.0355
FUND28,2025-09-03T00:00:00,3.2819
FUND28,2025-09-04T00:00:00,2.6741
FUND28,2025-09-05T00:00:00,2.3302
FUND28,2025-09-08T00:00:00,2.2678
FUND28,2025-09-09T00:00:00,1.7822
FUND28,2025-09-10T00:00:00,2.088
FUND28,2025-09-11T00:00:00,1.8462
FUND28,2025-09-12T00:00:00,1.8149
FUND28,2025-09-15T00:00:00,1.9856
FUND28,2025-09-16T00:00:00,1.7754
FUND28,2025-09-17T00:00:00,1.3451
FUND28,2025-09-18T00:00:00,0.8796
FUND28,2025-09-19T00:00:00,0.8658
FUND28,2025-09-22T00:00:00,1.0722
FUND28,2025-09-23T00:00:00,0.7269
FUND28,2025-09-24T00:00:00,1.0192
FUND28,2025-09-25T00:00:00,0.8913
FUND28,2025-09-26T00:00:00,0.7953
FUND28,2025-09-29T00:00:00,0.7675
FUND28,2025-09-30T00:00:00,0.7529
FUND28,2025-10-01T00:00:00,0.8559
FUND28,2025-10-02T00:00:00,0.897
FUND28,2025-10-03T00:00:00,0.4353
FUND28,2025-10-06T00:00:00,0.857
FUND28,2025-10-07T00:00:00,0.3624
FUND28,2025-10-08T00:00:00,0.6898
FUND28,2025-10-09T00:00:00,0.4761
FUND28,2025-10-10T00:00:00,0.2669
FUND28,2025-10-13T00:00:00,0.6028
FUND28,2025-10-14T00:00:00,0.53
FUND28,2025-10-15T00:00:00,0.4915
FUND28,2025-10-16T00:00:00,0.2623
FUND28,2025-10-17T00:00:00,0.3842
FUND28,2025-10-20T00:00:00,0.1406
FUND28,2025-10-21T00:00:00,0.1406
FUND28,2025-10-22T00:00:00,-0.169
FUND28,2025-10-23T00:00:00,-0.0286
FUND28,2025-10-24T00:00:00,-0.3312
FUND28,2025-10-27T00:00:00,0.1556
FUND28,2025-10-28T00:00:00,0.1751
FUND28,2025-10-29T00:00:00,0.2121
FUND28,2025-10-30T00:00:00,0.0287
FUND28,2025-10-31T00:00:00,0.3508
FUND28,2025-11-03T00:00:00,0.1188
FUND28,2025-11-04T00:00:00,0.041
FUND28,2025-11-05T00:00:00,0.168
FUND28,2025-11-06T00:00:00,-0.0937
FUND28,2025-11-07T00:00:00,-0.1156
FUND28,2025-11-10T00:00:00,0.0735
FUND28,2025-11-11T00:00:00,-0.206
FUND28,2025-11-12T00:00:00,-0.2556
FUND28,2025-11-13T00:00:00,-0.5724
FUND28,2025-11-14T00:00:00,-0.8074
FUND28,2025-11-17T00:00:00,-0.9667
FUND28,2025-11-18T00:00:00,-1.3807
FUND28,2025-11-19T00:00:00,-1.9298
FUND28,2025-11-20T00:00:00,-1.9883
FUND28,2025-11-21T00:00:00,-2.0983
FUND28,2025-11-24T00:00:00,-1.927
FUND29,2023-05-08T00:00:00,4.6261
FUND29,2023-05-09T00:00:00,4.5807
FUND29,2023-05-10T00:00:00,4.5232
FUND29,2023-05-11T00:00:00,5.0438
FUND29,2023-05-12T00:00:00,5.4753
FUND29,2023-05-15T00:00:00,5.2556
FUND29,2023-05-16T00:00:00,5.3281
FUND29,2023-05-17T00:00:00,5.4923
FUND29,2023-05-18T00:00:00,5.4147
FUND29,2023-05-19T00:00:00,4.8701
FUND29,2023-05-22T00:00:00,4.985
FUND29,2023-05-23T00:00:00,4.8036
FUND29,2023-05-24T00:00:00,4.8034
FUND29,2023-05-25T00:00:00,4.812
FUND29,2023-05-26T00:00:00,5.1716
FUND29,2023-05-29T00:00:00,5.3697
FUND29,2023-05-30T00:00:00,5.4149
FUND29,2023-05-31T00:00:00,5.5811
FUND29,2023-06-01T00:00:00,5.1713
FUND29,2023-06-02T00:00:00,5.3856
FUND29,2023-06-05T00:00:00,4.8836
FUND29,2023-06-06T00:00:00,4.97
FUND29,2023-06-07T00:00:00,5.0488
FUND29,2023-06-08T00:00:00,5.6274
FUND29,2023-06-09T00:00:00,5.599
FUND29,2023-06-12T00:00:00,5.7372
FUND29,2023-06-13T00:00:00,5.6552
FUND29,2023-06-14T00:00:00,5.682
FUND29,2023-06-15T00:00:00,5.4043
FUND29,2023-06-16T00:00:00,5.3982
FUND29,2023-06-19T00:00:00,5.3065
FUND29,2023-06-20T00:00:00,5.3529
FUND29,2023-06-21T00:00:00,5.4379
FUND29,2023-06-22T00:00:00,5.6691
FUND29,2023-06-23T00:00:00,5.179
FUND29,2023-06-26T00:00:00,5.2123
FUND29,2023-06-27T00:00:00,5.4911
FUND29,2023-06-28T00:00:00,5.8258
FUND29,2023-06-29T00:00:00,6.0552
FUND29,2023-06-30T00:00:00,5.9602
FUND29,2023-07-03T00:00:00,5.8825
FUND29,2023-07-04T00:00:00,5.8569
FUND29,2023-07-05T00:00:00,5.4254
FUND29,2023-07-06T00:00:00,5.8084
FUND29,2023-07-07T00:00:00,5.9714
FUND29,2023-07-10T00:00:00,5.549
FUND29,2023-07-11T00:00:00,5.3954
FUND29,2023-07-12T00:00:00,5.6563
FUND29,2023-07-13T00:00:00,5.5156
FUND29,2023-07-14T00:00:00,5.3929
FUND29,2023-07-17T00:00:00,5.8048
FUND29,2023-07-18T00:00:00,5.9842
FUND29,2023-07-19T00:00:00,5.9168
FUND29,2023-07-20T00:00:00,5.8161
FUND29,2023-07-21T00:00:00,5.6549
FUND29,2023-07-24T00:00:00,5.8613
FUND29,2023-07-25T00:00:00,6.1666
FUND29,2023-07-26T00:00:00,5.6604
FUND29,2023-07-27T00:00:00,5.1075
FUND29,2023-07-28T00:00:00,5.3171
FUND29,2023-07-31T00:00:00,5.7001
FUND29,2023-08-01T00:00:00,5.7692
FUND29,2023-08-02T00:00:00,6.0013
FUND29,2023-08-03T00:00:00,5.5924
FUND29,2023-08-04T00:00:00,5.7455
FUND29,2023-08-07T00:00:00,5.6889
FUND29,2023-08-08T00:00:00,5.7954
FUND29,2023-08-09T00:00:00,5.7202
FUND29,2023-08-10T00:00:00,5.6418
FUND29,2023-08-11T00:00:00,4.9112
FUND29,2023-08-14T00:00:00,5.0
FUND29,2023-08-15T00:00:00,4.73
FUND29,2023-08-16T00:00:00,4.265
FUND29,2023-08-17T00:00:00,4.2965
FUND29,2023-08-18T00:00:00,4.1824
FUND29,2023-08-21T00:00:00,4.0953
FUND29,2023-08-22T00:00:00,4.5152
FUND29,2023-08-23T00:00:00,4.5803
FUND29,2023-08-24T00:00:00,4.6743
FUND29,2023-08-25T00:00:00,5.0306
FUND29,2023-08-28T00:00:00,5.264
FUND29,2023-08-29T00:00:00,5.4654
FUND29,2023-08-30T00:00:00,5.8036
FUND29,2023-08-31T00:00:00,5.4824
FUND29,2023-09-01T00:00:00,5.6693
FUND29,2023-09-04T00:00:00,5.6843
FUND29,2023-09-05T00:00:00,5.6858
FUND29,2023-09-06T00:00:00,5.7725
FUND29,2023-09-07T00:00:00,5.6533
FUND29,2023-09-08T00:00:00,5.8803
FUND29,2023-09-11T00:00:00,6.1678
FUND29,2023-09-12T00:00:00,6.1111
FUND29,2023-09-13T00:00:00,6.1845
FUND29,2023-09-14T00:00:00,6.2014
FUND29,2023-09-15T00:00:00,5.8077
FUND29,2023-09-18T00:00:00,5.8536
FUND29,2023-09-19T00:00:00,5.9474
FUND29,2023-09-20T00:00:00,6.0195
FUND29,2023-09-21T00:00:00,5.7702
FUND29,2023-09-22T00:00:00,5.8425
FUND29,2023-09-25T00:00:00,5.18
FUND29,2023-09-26T00:00:00,5.1343
FUND29,2023-09-27T00:00:00,5.1326
FUND29,2023-09-28T00:00:00,5.06
FUND29,2023-09-29T00:00:00,4.7532
FUND29,2023-10-02T00:00:00,4.6502
FUND29,2023-10-03T00:00:00,4.6937
FUND29,2023-10-04T00:00:00,4.7319
FUND29,2023-10-05T00:00:00,4.9679
FUND29,2023-10-06T00:00:00,4.9126
FUND29,2023-10-09T00:00:00,5.014
FUND29,2023-10-10T00:00:00,5.0014
FUND29,2023-10-11T00:00:00,4.5535
FUND29,2023-10-12T00:00:00,4.7676
FUND29,2023-10-13T00:00:00,4.7798
FUND29,2023-10-16T00:00:00,4.4395
FUND29,2023-10-17T00:00:00,4.7651
FUND29,2023-10-18T00:00:00,4.8093
FUND29,2023-10-19T00:00:00,4.9414
FUND29,2023-10-20T00:00:00,4.9927
FUND29,2023-10-23T00:00:00,5.249
FUND29,2023-10-24T00:00:00,4.7313
FUND29,2023-10-25T00:00:00,4.8658
FUND29,2023-10-26T00:00:00,4.6428
FUND29,2023-10-27T00:00:00,5.0507
FUND29,2023-10-30T00:00:00,5.2011
FUND29,2023-10-31T00:00:00,4.7153
FUND29,2023-11-01T00:00:00,4.7985
FUND29,2023-11-02T00:00:00,4.7663
FUND29,2023-11-03T00:00:00,4.2468
FUND29,2023-11-06T00:00:00,4.0187
FUND29,2023-11-07T00:00:00,3.7989
FUND29,2023-11-08T00:00:00,4.0908
FUND29,2023-11-09T00:00:00,4.3517
FUND29,2023-11-10T00:00:00,4.1071
FUND29,2023-11-13T00:00:00,4.472
FUND29,2023-11-14T00:00:00,4.4574
FUND29,2023-11-15T00:00:00,4.3956
FUND29,2023-11-16T00:00:00,4.1672
FUND29,2023-11-17T00:00:00,4.5454
FUND29,2023-11-20T00:00:00,4.4333
FUND29,2023-11-21T00:00:00,4.2248
FUND29,2023-11-22T00:00:00,4.3519
FUND29,2023-11-23T00:00:00,4.2891
FUND29,2023-11-24T00:00:00,4.131
FUND29,2023-11-27T00:00:00,3.8796
FUND29,2023-11-28T00:00:00,3.9352
FUND29,2023-11-29T00:00:00,4.2113
FUND29,2023-11-30T00:00:00,4.4931
FUND29,2023-12-01T00:00:00,4.3806
FUND29,2023-12-04T00:00:00,4.084
FUND29,2023-12-05T00:00:00,3.934
FUND29,2023-12-06T00:00:00,3.7974
FUND29,2023-12-07T00:00:00,3.8597
FUND29,2023-12-08T00:00:00,3.6981
FUND29,2023-12-11T00:00:00,3.3663
FUND29,2023-12-12T00:00:00,3.2794
FUND29,2023-12-13T00:00:00,3.2039
FUND29,2023-12-14T00:00:00,3.4533
FUND29,2023-12-15T00:00:00,3.939
FUND29,2023-12-18T00:00:00,3.6398
FUND29,2023-12-19T00:00:00,4.0192
FUND29,2023-12-20T00:00:00,4.4202
FUND29,2023-12-21T00:00:00,4.1977
FUND29,2023-12-22T00:00:00,4.3105
FUND29,2023-12-25T00:00:00,4.1355
FUND29,2023-12-26T00:00:00,3.8594
FUND29,2023-12-27T00:00:00,3.7835
FUND29,2023-12-28T00:00:00,3.4343
FUND29,2023-12-29T00:00:00,3.3657
FUND29,2024-01-01T00:00:00,3.3239
FUND29,2024-01-02T00:00:00,2.9561
FUND29,2024-01-03T00:00:00,2.9638
FUND29,2024-01-04T00:00:00,3.4034
FUND29,2024-01-05T00:00:00,3.2958
FUND29,2024-01-08T00:00:00,3.4172
FUND29,2024-01-09T00:00:00,3.4108
FUND29,2024-01-10T00:00:00,2.9623
FUND29,2024-01-11T00:00:00,2.7429
FUND29,2024-01-12T00:00:00,2.5737
FUND29,2024-01-15T00:00:00,2.4374
FUND29,2024-01-16T00:00:00,2.17
FUND29,2024-01-17T00:00:00,2.2509
FUND29,2024-01-18T00:00:00,1.9402
FUND29,2024-01-19T00:00:00,2.0348
FUND29,2024-01-22T00:00:00,2.0848
FUND29,2024-01-23T00:00:00,1.9216
FUND29,2024-01-24T00:00:00,1.7224
FUND29,2024-01-25T00:00:00,1.6338
FUND29,2024-01-26T00:00:00,1.6992
FUND29,2024-01-29T00:00:00,2.1682
FUND29,2024-01-30T00:00:00,2.4221
FUND29,2024-01-31T00:00:00,2.2309
FUND29,2024-02-01T00:00:00,2.4275
FUND29,2024-02-02T00:00:00,2.5414
FUND29,2024-02-05T00:00:00,2.1145
FUND29,2024-02-06T00:00:00,1.846
FUND29,2024-02-07T00:00:00,1.3083
FUND29,2024-02-08T00:00:00,1.2524
FUND29,2024-02-09T00:00:00,0.9926
FUND29,2024-02-12T00:00:00,1.2499
FUND29,2024-02-13T00:00:00,0.9691
FUND29,2024-02-14T00:00:00,0.9174
FUND29,2024-02-15T00:00:00,0.6862
FUND29,2024-02-16T00:00:00,0.562
FUND29,2024-02-19T00:00:00,0.9
FUND29,2024-02-20T00:00:00,0.6548
FUND29,2024-02-21T00:00:00,0.1238
FUND29,2024-02-22T00:00:00,-0.0314
FUND29,2024-02-23T00:00:00,0.2905
FUND29,2024-02-26T00:00:00,-0.1295
FUND29,2024-02-27T00:00:00,-0.04
FUND29,2024-02-28T00:00:00,-0.0758
FUND29,2024-02-29T00:00:00,0.2544
FUND29,2024-03-01T00:00:00,0.1135
FUND29,2024-03-04T00:00:00,-0.3297
FUND29,2024-03-05T00:00:00,-0.0818
FUND29,2024-03-06T00:00:00,-0.0922
FUND29,2024-03-07T00:00:00,-0.1233
FUND29,2024-03-08T00:00:00,0.5146
FUND29,2024-03-11T00:00:00,0.7907
FUND29,2024-03-12T00:00:00,0.7282
FUND29,2024-03-13T00:00:00,0.8703
FUND29,2024-03-14T00:00:00,0.6372
FUND29,2024-03-15T00:00:00,0.5135
FUND29,2024-03-18T00:00:00,0.1379
FUND29,2024-03-19T00:00:00,-0.1083
FUND29,2024-03-20T00:00:00,-0.1184
FUND29,2024-03-21T00:00:00,0.0051
FUND29,2024-03-22T00:00:00,-0.5893
FUND29,2024-03-25T00:00:00,-0.6565
FUND29,2024-03-26T00:00:00,-0.4772
FUND29,2024-03-27T00:00:00,-0.3605
FUND29,2024-03-28T00:00:00,-0.4
FUND29,2024-03-29T00:00:00,-0.0611
FUND29,2024-04-01T00:00:00,-0.0115
FUND29,2024-04-02T00:00:00,0.1036
FUND29,2024-04-03T00:00:00,0.2479
FUND29,2024-04-04T00:00:00,0.3011
FUND29,2024-04-05T00:00:00,-0.1487
FUND29,2024-04-08T00:00:00,0.0625
FUND29,2024-04-09T00:00:00,0.0002
FUND29,2024-04-10T00:00:00,0.1292
FUND29,2024-04-11T00:00:00,0.3916
FUND29,2024-04-12T00:00:00,-0.0836
FUND29,2024-04-15T00:00:00,0.0572
FUND29,2024-04-16T00:00:00,0.1516
FUND29,2024-04-17T00:00:00,0.2347
FUND29,2024-04-18T00:00:00,0.0778
FUND29,2024-04-19T00:00:00,-0.3811
FUND29,2024-04-22T00:00:00,-0.2603
FUND29,2024-04-23T00:00:00,-0.3684
FUND29,2024-04-24T00:00:00,-0.6893
FUND29,2024-04-25T00:00:00,-0.5025
FUND29,2024-04-26T00:00:00,-0.8251
FUND29,2024-04-29T00:00:00,-0.6154
FUND29,2024-04-30T00:00:00,-0.4297
FUND29,2024-05-01T00:00:00,-0.704
FUND29,2024-05-02T00:00:00,-0.3728
FUND29,2024-05-03T00:00:00,-0.7081
FUND29,2024-05-06T00:00:00,-1.0337
FUND29,2024-05-07T00:00:00,-0.8093
FUND29,2024-05-08T00:00:00,-1.0265
FUND29,2024-05-09T00:00:00,-1.3746
FUND29,2024-05-10T00:00:00,-1.6225
FUND29,2024-05-13T00:00:00,-2.155
FUND29,2024-05-14T00:00:00,-2.2884
FUND29,2024-05-15T00:00:00,-1.887
FUND29,2024-05-16T00:00:00,-1.4171
FUND29,2024-05-17T00:00:00,-1.6143
FUND29,2024-05-20T00:00:00,-1.5605
FUND29,2024-05-21T00:00:00,-1.412
FUND29,2024-05-22T00:00:00,-1.5852
FUND29,2024-05-23T00:00:00,-1.7588
FUND29,2024-05-24T00:00:00,-1.802
FUND29,2024-05-27T00:00:00,-1.7254
FUND29,2024-05-28T00:00:00,-1.6104
FUND29,2024-05-29T00:00:00,-1.7624
FUND29,2024-05-30T00:00:00,-1.8735
FUND29,2024-05-31T00:00:00,-1.8173
FUND29,2024-06-03T00:00:00,-1.8768
FUND29,2024-06-04T00:00:00,-2.0559
FUND29,2024-06-05T00:00:00,-2.1913
FUND29,2024-06-06T00:00:00,-2.6212
FUND29,2024-06-07T00:00:00,-2.7486
FUND29,2024-06-10T00:00:00,-2.7197
FUND29,2024-06-11T00:00:00,-2.9696
FUND29,2024-06-12T00:00:00,-2.8048
FUND29,2024-06-13T00:00:00,-2.6186
FUND29,2024-06-14T00:00:00,-2.0547
FUND29,2024-06-17T00:00:00,-1.997
FUND29,2024-06-18T00:00:00,-1.9414
FUND29,2024-06-19T00:00:00,-1.9924
FUND29,2024-06-20T00:00:00,-2.0867
FUND29,2024-06-21T00:00:00,-1.7898
FUND29,2024-06-24T00:00:00,-1.7454
FUND29,2024-06-25T00:00:00,-1.3835
FUND29,2024-06-26T00:00:00,-1.0544
FUND29,2024-06-27T00:00:00,-0.5955
FUND29,2024-06-28T00:00:00,-0.7864
FUND29,2024-07-01T00:00:00,-0.6888
FUND29,2024-07-02T00:00:00,-0.4372
FUND29,2024-07-03T00:00:00,-0.4682
FUND29,2024-07-04T00:00:00,-0.7244
FUND29,2024-07-05T00:00:00,-0.9113
FUND29,2024-07-08T00:00:00,-0.3985
FUND29,2024-07-09T00:00:00,-0.445
FUND29,2024-07-10T00:00:00,-0.777
FUND29,2024-07-11T00:00:00,-0.9253
FUND29,2024-07-12T00:00:00,-1.0785
FUND29,2024-07-15T00:00:00,-1.4897
FUND29,2024-07-16T00:00:00,-1.4407
FUND29,2024-07-17T00:00:00,-1.5223
FUND29,2024-07-18T00:00:00,-1.7358
FUND29,2024-07-19T00:00:00,-1.4254
FUND29,2024-07-22T00:00:00,-1.3856
FUND29,2024-07-23T00:00:00,-1.2332
FUND29,2024-07-24T00:00:00,-1.1781
FUND29,2024-07-25T00:00:00,-0.8534
FUND29,2024-07-26T00:00:00,-0.5746
FUND29,2024-07-29T00:00:00,-0.5235
FUND29,2024-07-30T00:00:00,-0.643
FUND29,2024-07-31T00:00:00,-0.554
FUND29,2024-08-01T00:00:00,-0.4351
FUND29,2024-08-02T00:00:00,-0.8684
FUND29,2024-08-05T00:00:00,-0.6266
FUND29,2024-08-06T00:00:00,-0.8831
FUND29,2024-08-07T00:00:00,-0.9501
FUND29,2024-08-08T00:00:00,-0.742
FUND29,2024-08-09T00:00:00,-0.0477
FUND29,2024-08-12T00:00:00,-0.2298
FUND29,2024-08-13T00:00:00,-0.0197
FUND29,2024-08-14T00:00:00,-0.1959
FUND29,2024-08-15T00:00:00,-0.2937
FUND29,2024-08-16T00:00:00,0.3085
FUND29,2024-08-19T00:00:00,0.6852
FUND29,2024-08-20T00:00:00,0.6367
FUND29,2024-08-21T00:00:00,0.587
FUND29,2024-08-22T00:00:00,0.4309
FUND29,2024-08-23T00:00:00,0.5658
FUND29,2024-08-26T00:00:00,0.321
FUND29,2024-08-27T00:00:00,0.194
FUND29,2024-08-28T00:00:00,0.6176
FUND29,2024-08-29T00:00:00,0.8292
FUND29,2024-08-30T00:00:00,1.2637
FUND29,2024-09-02T00:00:00,1.4458
FUND29,2024-09-03T00:00:00,1.8588
FUND29,2024-09-04T00:00:00,1.7296
FUND29,2024-09-05T00:00:00,1.919
FUND29,2024-09-06T00:00:00,1.9979
FUND29,2024-09-09T00:00:00,2.3997
FUND29,2024-09-10T00:00:00,2.0335
FUND29,2024-09-11T00:00:00,2.2363
FUND29,2024-09-12T00:00:00,2.0697
FUND29,2024-09-13T00:00:00,1.8831
FUND29,2024-09-16T00:00:00,2.4165
FUND29,2024-09-17T00:00:00,2.415
FUND29,2024-09-18T00:00:00,2.2935
FUND29,2024-09-19T00:00:00,1.8357
FUND29,2024-09-20T00:00:00,1.5373
FUND29,2024-09-23T00:00:00,1.3896
FUND29,2024-09-24T00:00:00,1.7221
FUND29,2024-09-25T00:00:00,1.5846
FUND29,2024-09-26T00:00:00,1.7922
FUND29,2024-09-27T00:00:00,2.0178
FUND29,2024-09-30T00:00:00,2.1521
FUND29,2024-10-01T00:00:00,2.1299
FUND29,2024-10-02T00:00:00,2.4023
FUND29,2024-10-03T00:00:00,2.6048
FUND29,2024-10-04T00:00:00,2.5438
FUND29,2024-10-07T00:00:00,2.7467
FUND29,2024-10-08T00:00:00,2.7529
FUND29,2024-10-09T00:00:00,3.0124
FUND29,2024-10-10T00:00:00,2.9924
FUND29,2024-10-11T00:00:00,3.1405
FUND29,2024-10-14T00:00:00,3.5856
FUND29,2024-10-15T00:00:00,4.1397
FUND29,2024-10-16T00:00:00,4.2967
FUND29,2024-10-17T00:00:00,3.9805
FUND29,2024-10-18T00:00:00,3.5093
FUND29,2024-10-21T00:00:00,3.3013
FUND29,2024-10-22T00:00:00,3.3155
FUND29,2024-10-23T00:00:00,3.7802
FUND29,2024-10-24T00:00:00,3.7812
FUND29,2024-10-25T00:00:00,3.5046
FUND29,2024-10-28T00:00:00,3.288
FUND29,2024-10-29T00:00:00,3.1642
FUND29,2024-10-30T00:00:00,2.8401
FUND29,2024-10-31T00:00:00,2.6436
FUND29,2024-11-01T00:00:00,2.6286
FUND29,2024-11-04T00:00:00,2.8217
FUND29,2024-11-05T00:00:00,2.8911
FUND29,2024-11-06T00:00:00,2.8376
FUND29,2024-11-07T00:00:00,2.8094
FUND29,2024-11-08T00:00:00,2.9606
FUND29,2024-11-11T00:00:00,2.7313
FUND29,2024-11-12T00:00:00,2.8374
FUND29,2024-11-13T00:00:00,3.3679
FUND29,2024-11-14T00:00:00,3.2805
FUND29,2024-11-15T00:00:00,3.3708
FUND29,2024-11-18T00:00:00,3.802
FUND29,2024-11-19T00:00:00,3.9754
FUND29,2024-11-20T00:00:00,4.0368
FUND29,2024-11-21T00:00:00,4.0657
FUND29,2024-11-22T00:00:00,3.7714
FUND29,2024-11-25T00:00:00,3.9568
FUND29,2024-11-26T00:00:00,4.0646
FUND29,2024-11-27T00:00:00,4.1816
FUND29,2024-11-28T00:00:00,4.2029
FUND29,2024-11-29T00:00:00,4.2509
FUND29,2024-12-02T00:00:00,4.3959
FUND29,2024-12-03T00:00:00,4.078
FUND29,2024-12-04T00:00:00,4.1086
FUND29,2024-12-05T00:00:00,4.1113
FUND29,2024-12-06T00:00:00,4.1861
FUND29,2024-12-09T00:00:00,4.0138
FUND29,2024-12-10T00:00:00,4.1125
FUND29,2024-12-11T00:00:00,3.9111
FUND29,2024-12-12T00:00:00,3.5469
FUND29,2024-12-13T00:00:00,3.0852
FUND29,2024-12-16T00:00:00,3.314
FUND29,2024-12-17T00:00:00,3.2201
FUND29,2024-12-18T00:00:00,3.5747
FUND29,2024-12-19T00:00:00,3.6392
FUND29,2024-12-20T00:00:00,3.1987
FUND29,2024-12-23T00:00:00,2.7696
FUND29,2024-12-24T00:00:00,2.62
FUND29,2024-12-25T00:00:00,2.8354
FUND29,2024-12-26T00:00:00,2.8251
FUND29,2024-12-27T00:00:00,3.047
FUND29,2024-12-30T00:00:00,3.2504
FUND29,2024-12-31T00:00:00,3.3532
FUND29,2025-01-01T00:00:00,3.2428
FUND29,2025-01-02T00:00:00,3.0373
FUND29,2025-01-03T00:00:00,2.9665
FUND29,2025-01-06T00:00:00,2.5005
FUND29,2025-01-07T00:00:00,1.8574
FUND29,2025-01-08T00:00:00,2.2675
FUND29,2025-01-09T00:00:00,1.7319
FUND29,2025-01-10T00:00:00,1.7589
FUND29,2025-01-13T00:00:00,1.6782
FUND29,2025-01-14T00:00:00,1.9706
FUND29,2025-01-15T00:00:00,1.7012
FUND29,2025-01-16T00:00:00,2.1331
FUND29,2025-01-17T00:00:00,2.5358
FUND29,2025-01-20T00:00:00,2.4688
FUND29,2025-01-21T00:00:00,2.6991
FUND29,2025-01-22T00:00:00,2.5335
FUND29,2025-01-23T00:00:00,2.8267
FUND29,2025-01-24T00:00:00,3.122
FUND29,2025-01-27T00:00:00,2.8098
FUND29,2025-01-28T00:00:00,2.4187
FUND29,2025-01-29T00:00:00,2.7327
FUND29,2025-01-30T00:00:00,2.5894
FUND29,2025-01-31T00:00:00,2.154
FUND29,2025-02-03T00:00:00,1.5314
FUND29,2025-02-04T00:00:00,1.4409
FUND29,2025-02-05T00:00:00,1.0318
FUND29,2025-02-06T00:00:00,1.179
FUND29,2025-02-07T00:00:00,1.5707
FUND29,2025-02-10T00:00:00,1.4738
FUND29,2025-02-11T00:00:00,1.643
FUND29,2025-02-12T00:00:00,1.529
FUND29,2025-02-13T00:00:00,2.1871
FUND29,2025-02-14T00:00:00,1.8223
FUND29,2025-02-17T00:00:00,1.702
FUND29,2025-02-18T00:00:00,1.2515
FUND29,2025-02-19T00:00:00,1.4014
FUND29,2025-02-20T00:00:00,1.5751
FUND29,2025-02-21T00:00:00,1.5259
FUND29,2025-02-24T00:00:00,1.8522
FUND29,2025-02-25T00:00:00,1.98
FUND29,2025-02-26T00:00:00,1.3189
FUND29,2025-02-27T00:00:00,1.6768
FUND29,2025-02-28T00:00:00,1.9697
FUND29,2025-03-03T00:00:00,2.3758
FUND29,2025-03-04T00:00:00,1.994
FUND29,2025-03-05T00:00:00,2.2356
FUND29,2025-03-06T00:00:00,2.0661
FUND29,2025-03-07T00:00:00,2.0276
FUND29,2025-03-10T00:00:00,1.7415
FUND29,2025-03-11T00:00:00,1.4281
FUND29,2025-03-12T00:00:00,1.2536
FUND29,2025-03-13T00:00:00,1.0043
FUND29,2025-03-14T00:00:00,0.6619
FUND29,2025-03-17T00:00:00,0.9511
FUND29,2025-03-18T00:00:00,0.5038
FUND29,2025-03-19T00:00:00,0.1703
FUND29,2025-03-20T00:00:00,0.3776
FUND29,2025-03-21T00:00:00,0.0028
FUND29,2025-03-24T00:00:00,-0.0782
FUND29,2025-03-25T00:00:00,-0.2758
FUND29,2025-03-26T00:00:00,-0.401
FUND29,2025-03-27T00:00:00,-0.2405
FUND29,2025-03-28T00:00:00,-0.0959
FUND29,2025-03-31T00:00:00,0.0227
FUND29,2025-04-01T00:00:00,-0.0927
FUND29,2025-04-02T00:00:00,0.0014
FUND29,2025-04-03T00:00:00,-0.1865
FUND29,2025-04-04T00:00:00,-0.2261
FUND29,2025-04-07T00:00:00,-0.4549
FUND29,2025-04-08T00:00:00,-0.1477
FUND29,2025-04-09T00:00:00,-0.2073
FUND29,2025-04-10T00:00:00,-0.0677
FUND29,2025-04-11T00:00:00,0.0667
FUND29,2025-04-14T00:00:00,0.2167
FUND29,2025-04-15T00:00:00,0.1227
FUND29,2025-04-16T00:00:00,0.2782
FUND29,2025-04-17T00:00:00,0.0332
FUND29,2025-04-18T00:00:00,0.0559
FUND29,2025-04-21T00:00:00,0.0281
FUND29,2025-04-22T00:00:00,-0.0874
FUND29,2025-04-23T00:00:00,-0.5086
FUND29,2025-04-24T00:00:00,-0.921
FUND29,2025-04-25T00:00:00,-0.3679
FUND29,2025-04-28T00:00:00,-0.1257
FUND29,2025-04-29T00:00:00,-0.042
FUND29,2025-04-30T00:00:00,-0.3449
FUND29,2025-05-01T00:00:00,-0.2048
FUND29,2025-05-02T00:00:00,-0.4816
FUND29,2025-05-05T00:00:00,-0.5874
FUND29,2025-05-06T00:00:00,-0.9527
FUND29,2025-05-07T00:00:00,-1.2567
FUND29,2025-05-08T00:00:00,-1.1935
FUND29,2025-05-09T00:00:00,-1.4559
FUND29,2025-05-12T00:00:00,-1.3184
FUND29,2025-05-13T00:00:00,-0.8926
FUND29,2025-05-14T00:00:00,-0.9514
FUND29,2025-05-15T00:00:00,-0.7546
FUND29,2025-05-16T00:00:00,-0.8731
FUND29,2025-05-19T00:00:00,-0.9085
FUND29,2025-05-20T00:00:00,-1.0511
FUND29,2025-05-21T00:00:00,-1.0231
FUND29,2025-05-22T00:00:00,-1.1123
FUND29,2025-05-23T00:00:00,-1.4376
FUND29,2025-05-26T00:00:00,-1.5723
FUND29,2025-05-27T00:00:00,-1.5933
FUND29,2025-05-28T00:00:00,-1.6254
FUND29,2025-05-29T00:00:00,-1.6662
FUND29,2025-05-30T00:00:00,-1.7111
FUND29,2025-06-02T00:00:00,-1.5727
FUND29,2025-06-03T00:00:00,-1.5025
FUND29,2025-06-04T00:00:00,-1.7296
FUND29,2025-06-05T00:00:00,-1.6238
FUND29,2025-06-06T00:00:00,-1.2366
FUND29,2025-06-09T00:00:00,-0.9109
FUND29,2025-06-10T00:00:00,-0.6053
FUND29,2025-06-11T00:00:00,-0.2532
FUND29,2025-06-12T00:00:00,-0.5409
FUND29,2025-06-13T00:00:00,-0.3923
FUND29,2025-06-16T00:00:00,-0.5012
FUND29,2025-06-17T00:00:00,-0.9201
FUND29,2025-06-18T00:00:00,-0.8494
FUND29,2025-06-19T00:00:00,-1.0283
FUND29,2025-06-20T00:00:00,-0.7623
FUND29,2025-06-23T00:00:00,-0.7526
FUND29,2025-06-24T00:00:00,-0.7872
FUND29,2025-06-25T00:00:00,-0.9642
FUND29,2025-06-26T00:00:00,-1.2111
FUND29,2025-06-27T00:00:00,-1.0052
FUND29,2025-06-30T00:00:00,-0.8414
FUND29,2025-07-01T00:00:00,-1.0552
FUND29,2025-07-02T00:00:00,-0.7751
FUND29,2025-07-03T00:00:00,-0.7648
FUND29,2025-07-04T00:00:00,-1.0513
FUND29,2025-07-07T00:00:00,-1.5331
FUND29,2025-07-08T00:00:00,-1.1202
FUND29,2025-07-09T00:00:00,-0.8319
FUND29,2025-07-10T00:00:00,-0.7025
FUND29,2025-07-11T00:00:00,-0.986
FUND29,2025-07-14T00:00:00,-0.8873
FUND29,2025-07-15T00:00:00,-0.8677
FUND29,2025-07-16T00:00:00,-0.4164
FUND29,2025-07-17T00:00:00,-0.0482
FUND29,2025-07-18T00:00:00,0.1826
FUND29,2025-07-21T00:00:00,-0.1871
FUND29,2025-07-22T00:00:00,-0.1086
FUND29,2025-07-23T00:00:00,-0.1645
FUND29,2025-07-24T00:00:00,-0.3474
FUND29,2025-07-25T00:00:00,-0.1824
FUND29,2025-07-28T00:00:00,-0.2011
FUND29,2025-07-29T00:00:00,-0.4366
FUND29,2025-07-30T00:00:00,-0.6284
FUND29,2025-07-31T00:00:00,-0.7702
FUND29,2025-08-01T00:00:00,-0.5809
FUND29,2025-08-04T00:00:00,-0.9252
FUND29,2025-08-05T00:00:00,-1.1856
FUND29,2025-08-06T00:00:00,-1.3873
FUND29,2025-08-07T00:00:00,-1.5637
FUND29,2025-08-08T00:00:00,-1.35
FUND29,2025-08-11T00:00:00,-1.2218
FUND29,2025-08-12T00:00:00,-1.2783
FUND29,2025-08-13T00:00:00,-1.3258
FUND29,2025-08-14T00:00:00,-1.4076
FUND29,2025-08-15T00:00:00,-1.3089
FUND29,2025-08-18T00:00:00,-1.3577
FUND29,2025-08-19T00:00:00,-1.0422
FUND29,2025-08-20T00:00:00,-0.9287
FUND29,2025-08-21T00:00:00,-0.7083
FUND29,2025-08-22T00:00:00,-0.3312
FUND29,2025-08-25T00:00:00,-0.4069
FUND29,2025-08-26T00:00:00,-0.1892
FUND29,2025-08-27T00:00:00,-0.1618
FUND29,2025-08-28T00:00:00,-0.2021
FUND29,2025-08-29T00:00:00,-0.363
FUND29,2025-09-01T00:00:00,-0.635
FUND29,2025-09-02T00:00:00,-0.7945
FUND29,2025-09-03T00:00:00,-0.7341
FUND29,2025-09-04T00:00:00,-0.6252
FUND29,2025-09-05T00:00:00,-0.2441
FUND29,2025-09-08T00:00:00,0.0009
FUND29,2025-09-09T00:00:00,0.2907
FUND29,2025-09-10T00:00:00,0.304
FUND29,2025-09-11T00:00:00,0.2805
FUND29,2025-09-12T00:00:00,0.777
FUND29,2025-09-15T00:00:00,0.6437
FUND29,2025-09-16T00:00:00,0.7868
FUND29,2025-09-17T00:00:00,0.371
FUND29,2025-09-18T00:00:00,0.4443
FUND29,2025-09-19T00:00:00,0.6443
FUND29,2025-09-22T00:00:00,0.3211
FUND29,2025-09-23T00:00:00,0.5811
FUND29,2025-09-24T00:00:00,0.3724
FUND29,2025-09-25T00:00:00,0.3665
FUND29,2025-09-26T00:00:00,0.9061
FUND29,2025-09-29T00:00:00,0.6562
FUND29,2025-09-30T00:00:00,0.3237
FUND29,2025-10-01T00:00:00,0.1814
FUND29,2025-10-02T00:00:00,0.3303
FUND29,2025-10-03T00:00:00,0.4469
FUND29,2025-10-06T00:00:00,0.3872
FUND29,2025-10-07T00:00:00,0.1743
FUND29,2025-10-08T00:00:00,0.3432
FUND29,2025-10-09T00:00:00,0.1839
FUND29,2025-10-10T00:00:00,0.1373
FUND29,2025-10-13T00:00:00,-0.0217
FUND29,2025-10-14T00:00:00,-0.3428
FUND29,2025-10-15T00:00:00,-0.5728
FUND29,2025-10-16T00:00:00,-0.4305
FUND29,2025-10-17T00:00:00,-0.9713
FUND29,2025-10-20T00:00:00,-1.0031
FUND29,2025-10-21T00:00:00,-0.9723
FUND29,2025-10-22T00:00:00,-1.1678
FUND29,2025-10-23T00:00:00,-1.5994
FUND29,2025-10-24T00:00:00,-1.4665
FUND29,2025-10-27T00:00:00,-1.5561
FUND29,2025-10-28T00:00:00,-1.5012
FUND29,2025-10-29T00:00:00,-1.4948
FUND29,2025-10-30T00:00:00,-1.0243
FUND29,2025-10-31T00:00:00,-0.9967
FUND29,2025-11-03T00:00:00,-1.3427
FUND29,2025-11-04T00:00:00,-1.0777
FUND29,2025-11-05T00:00:00,-0.6095
FUND29,2025-11-06T00:00:00,-0.5449
FUND29,2025-11-07T00:00:00,-0.2557
FUND29,2025-11-10T00:00:00,-0.0545
FUND29,2025-11-11T00:00:00,-0.1887
FUND29,2025-11-12T00:00:00,-0.3115
FUND29,2025-11-13T00:00:00,-0.3896
FUND29,2025-11-14T00:00:00,-0.111
FUND29,2025-11-17T00:00:00,-0.4253
FUND29,2025-11-18T00:00:00,-0.0087
FUND29,2025-11-19T00:00:00,-0.1244
FUND29,2025-11-20T00:00:00,-0.1514
FUND29,2025-11-21T00:00:00,-0.3624
FUND29,2025-11-24T00:00:00,-0.0916
FUND30,2023-05-08T00:00:00,1.6237
FUND30,2023-05-09T00:00:00,1.6269
FUND30,2023-05-10T00:00:00,1.9018
FUND30,2023-05-11T00:00:00,2.0441
FUND30,2023-05-12T00:00:00,1.9159
FUND30,2023-05-15T00:00:00,2.1205
FUND30,2023-05-16T00:00:00,1.5761
FUND30,2023-05-17T00:00:00,1.6591
FUND30,2023-05-18T00:00:00,1.965
FUND30,2023-05-19T00:00:00,2.1597
FUND30,2023-05-22T00:00:00,2.342
FUND30,2023-05-23T00:00:00,2.2453
FUND30,2023-05-24T00:00:00,1.8529
FUND30,2023-05-25T00:00:00,1.9006
FUND30,2023-05-26T00:00:00,2.4275
FUND30,2023-05-29T00:00:00,2.2161
FUND30,2023-05-30T00:00:00,1.7139
FUND30,2023-05-31T00:00:00,1.5871
FUND30,2023-06-01T00:00:00,2.011
FUND30,2023-06-02T00:00:00,1.9825
FUND30,2023-06-05T00:00:00,1.408
FUND30,2023-06-06T00:00:00,0.9767
FUND30,2023-06-07T00:00:00,1.1295
FUND30,2023-06-08T00:00:00,1.0366
FUND30,2023-06-09T00:00:00,1.0341
FUND30,2023-06-12T00:00:00,0.9494
FUND30,2023-06-13T00:00:00,1.1196
FUND30,2023-06-14T00:00:00,0.8933
FUND30,2023-06-15T00:00:00,1.304
FUND30,2023-06-16T00:00:00,1.5394
FUND30,2023-06-19T00:00:00,1.5737
FUND30,2023-06-20T00:00:00,1.1884
FUND30,2023-06-21T00:00:00,1.1297
FUND30,2023-06-22T00:00:00,1.1385
FUND30,2023-06-23T00:00:00,1.1946
FUND30,2023-06-26T00:00:00,1.1317
FUND30,2023-06-27T00:00:00,1.0929
FUND30,2023-06-28T00:00:00,1.3942
FUND30,2023-06-29T00:00:00,1.5541
FUND30,2023-06-30T00:00:00,1.5498
FUND30,2023-07-03T00:00:00,1.4592
FUND30,2023-07-04T00:00:00,1.5157
FUND30,2023-07-05T00:00:00,1.5126
FUND30,2023-07-06T00:00:00,1.4676
FUND30,2023-07-07T00:00:00,1.7759
FUND30,2023-07-10T00:00:00,1.7989
FUND30,2023-07-11T00:00:00,2.2862
FUND30,2023-07-12T00:00:00,2.3588
FUND30,2023-07-13T00:00:00,2.619
FUND30,2023-07-14T00:00:00,2.4433
FUND30,2023-07-17T00:00:00,2.5226
FUND30,2023-07-18T00:00:00,2.7332
FUND30,2023-07-19T00:00:00,2.8556
FUND30,2023-07-20T00:00:00,2.9537
FUND30,2023-07-21T00:00:00,2.925
FUND30,2023-07-24T00:00:00,3.1378
FUND30,2023-07-25T00:00:00,2.9726
FUND30,2023-07-26T00:00:00,2.8877
FUND30,2023-07-27T00:00:00,2.9867
FUND30,2023-07-28T00:00:00,3.141
FUND30,2023-07-31T00:00:00,3.257
FUND30,2023-08-01T00:00:00,3.4798
FUND30,2023-08-02T00:00:00,3.3471
FUND30,2023-08-03T00:00:00,3.473
FUND30,2023-08-04T00:00:00,3.2506
FUND30,2023-08-07T00:00:00,3.3137
FUND30,2023-08-08T00:00:00,3.6908
FUND30,2023-08-09T00:00:00,3.7384
FUND30,2023-08-10T00:00:00,3.6246
FUND30,2023-08-11T00:00:00,3.4293
FUND30,2023-08-14T00:00:00,3.1688
FUND30,2023-08-15T00:00:00,2.8993
FUND30,2023-08-16T00:00:00,2.9864
FUND30,2023-08-17T00:00:00,3.1512
FUND30,2023-08-18T00:00:00,3.4864
FUND30,2023-08-21T00:00:00,3.8674
FUND30,2023-08-22T00:00:00,4.212
FUND30,2023-08-23T00:00:00,4.448
FUND30,2023-08-24T00:00:00,4.3925
FUND30,2023-08-25T00:00:00,4.5654
FUND30,2023-08-28T00:00:00,4.6106
FUND30,2023-08-29T00:00:00,4.6234
FUND30,2023-08-30T00:00:00,4.9512
FUND30,2023-08-31T00:00:00,4.6157
FUND30,2023-09-01T00:00:00,4.6693
FUND30,2023-09-04T00:00:00,4.3437
FUND30,2023-09-05T00:00:00,4.5611
FUND30,2023-09-06T00:00:00,4.8357
FUND30,2023-09-07T00:00:00,5.0271
FUND30,2023-09-08T00:00:00,5.1222
FUND30,2023-09-11T00:00:00,4.9103
FUND30,2023-09-12T00:00:00,5.2519
FUND30,2023-09-13T00:00:00,5.0778
FUND30,2023-09-14T00:00:00,4.7244
FUND30,2023-09-15T00:00:00,4.9027
FUND30,2023-09-18T00:00:00,4.669
FUND30,2023-09-19T00:00:00,4.8744
FUND30,2023-09-20T00:00:00,4.7214
FUND30,2023-09-21T00:00:00,4.4312
FUND30,2023-09-22T00:00:00,4.2934
FUND30,2023-09-25T00:00:00,4.3493
FUND30,2023-09-26T00:00:00,4.6776
FUND30,2023-09-27T00:00:00,4.5854
FUND30,2023-09-28T00:00:00,4.7804
FUND30,2023-09-29T00:00:00,4.5073
FUND30,2023-10-02T00:00:00,4.2499
FUND30,2023-10-03T00:00:00,4.6667
FUND30,2023-10-04T00:00:00,4.8925
FUND30,2023-10-05T00:00:00,4.9481
FUND30,2023-10-06T00:00:00,4.506
FUND30,2023-10-09T00:00:00,4.9917
FUND30,2023-10-10T00:00:00,5.6951
FUND30,2023-10-11T00:00:00,5.6899
FUND30,2023-10-12T00:00:00,5.6969
FUND30,2023-10-13T00:00:00,5.5495
FUND30,2023-10-16T00:00:00,5.5904
FUND30,2023-10-17T00:00:00,5.3451
FUND30,2023-10-18T00:00:00,5.2619
FUND30,2023-10-19T00:00:00,5.3111
FUND30,2023-10-20T00:00:00,5.1353
FUND30,2023-10-23T00:00:00,5.54
FUND30,2023-10-24T00:00:00,5.0563
FUND30,2023-10-25T00:00:00,5.3912
FUND30,2023-10-26T00:00:00,5.3952
FUND30,2023-10-27T00:00:00,5.0178
FUND30,2023-10-30T00:00:00,4.8105
FUND30,2023-10-31T00:00:00,5.1499
FUND30,2023-11-01T00:00:00,4.9606
FUND30,2023-11-02T00:00:00,4.9528
FUND30,2023-11-03T00:00:00,4.7595
FUND30,2023-11-06T00:00:00,4.5888
FUND30,2023-11-07T00:00:00,4.7362
FUND30,2023-11-08T00:00:00,4.7221
FUND30,2023-11-09T00:00:00,4.8918
FUND30,2023-11-10T00:00:00,4.3494
FUND30,2023-11-13T00:00:00,4.5485
FUND30,2023-11-14T00:00:00,4.6363
FUND30,2023-11-15T00:00:00,4.8631
FUND30,2023-11-16T00:00:00,4.6038
FUND30,2023-11-17T00:00:00,5.4548
FUND30,2023-11-20T00:00:00,5.2963
FUND30,2023-11-21T00:00:00,5.1363
FUND30,2023-11-22T00:00:00,4.9265
FUND30,2023-11-23T00:00:00,4.9988
FUND30,2023-11-24T00:00:00,4.5637
FUND30,2023-11-27T00:00:00,4.6483
FUND30,2023-11-28T00:00:00,4.5296
FUND30,2023-11-29T00:00:00,4.4583
FUND30,2023-11-30T00:00:00,4.6288
FUND30,2023-12-01T00:00:00,4.8575
FUND30,2023-12-04T00:00:00,5.1226
FUND30,2023-12-05T00:00:00,5.0469
FUND30,2023-12-06T00:00:00,4.9373
FUND30,2023-12-07T00:00:00,4.8842
FUND30,2023-12-08T00:00:00,4.8738
FUND30,2023-12-11T00:00:00,4.6698
FUND30,2023-12-12T00:00:00,4.5178
FUND30,2023-12-13T00:00:00,4.398
FUND30,2023-12-14T00:00:00,4.4215
FUND30,2023-12-15T00:00:00,4.1092
FUND30,2023-12-18T00:00:00,4.1504
FUND30,2023-12-19T00:00:00,4.2846
FUND30,2023-12-20T00:00:00,4.3896
FUND30,2023-12-21T00:00:00,4.0072
FUND30,2023-12-22T00:00:00,3.9761
FUND30,2023-12-25T00:00:00,3.9371
FUND30,2023-12-26T00:00:00,3.9483
FUND30,2023-12-27T00:00:00,3.7289
FUND30,2023-12-28T00:00:00,3.6438
FUND30,2023-12-29T00:00:00,3.6195
FUND30,2024-01-01T00:00:00,3.8219
FUND30,2024-01-02T00:00:00,3.9109
FUND30,2024-01-03T00:00:00,3.5441
FUND30,2024-01-04T00:00:00,3.7603
FUND30,2024-01-05T00:00:00,3.6686
FUND30,2024-01-08T00:00:00,4.096
FUND30,2024-01-09T00:00:00,3.9779
FUND30,2024-01-10T00:00:00,3.7717
FUND30,2024-01-11T00:00:00,3.8256
FUND30,2024-01-12T00:00:00,3.8357
FUND30,2024-01-15T00:00:00,3.6299
FUND30,2024-01-16T00:00:00,3.1077
FUND30,2024-01-17T00:00:00,2.9917
FUND30,2024-01-18T00:00:00,3.3479
FUND30,2024-01-19T00:00:00,3.0772
FUND30,2024-01-22T00:00:00,3.3775
FUND30,2024-01-23T00:00:00,3.7666
FUND30,2024-01-24T00:00:00,3.9908
FUND30,2024-01-25T00:00:00,4.0974
FUND30,2024-01-26T00:00:00,4.1497
FUND30,2024-01-29T00:00:00,4.2408
FUND30,2024-01-30T00:00:00,3.6574
FUND30,2024-01-31T00:00:00,3.9325
FUND30,2024-02-01T00:00:00,3.5427
FUND30,2024-02-02T00:00:00,3.5069
FUND30,2024-02-05T00:00:00,3.6091
FUND30,2024-02-06T00:00:00,3.5943
FUND30,2024-02-07T00:00:00,3.5047
FUND30,2024-02-08T00:00:00,3.2988
FUND30,2024-02-09T00:00:00,3.6156
FUND30,2024-02-12T00:00:00,3.668
FUND30,2024-02-13T00:00:00,3.8955
FUND30,2024-02-14T00:00:00,3.964
FUND30,2024-02-15T00:00:00,4.1867
FUND30,2024-02-16T00:00:00,4.0286
FUND30,2024-02-19T00:00:00,4.0409
FUND30,2024-02-20T00:00:00,3.7001
FUND30,2024-02-21T00:00:00,3.3635
FUND30,2024-02-22T00:00:00,3.0368
FUND30,2024-02-23T00:00:00,3.2548
FUND30,2024-02-26T00:00:00,2.9675
FUND30,2024-02-27T00:00:00,3.8666
FUND30,2024-02-28T00:00:00,4.0323
FUND30,2024-02-29T00:00:00,4.0545
FUND30,2024-03-01T00:00:00,4.4495
FUND30,2024-03-04T00:00:00,4.6157
FUND30,2024-03-05T00:00:00,4.6794
FUND30,2024-03-06T00:00:00,4.8056
FUND30,2024-03-07T00:00:00,4.7652
FUND30,2024-03-08T00:00:00,4.8061
FUND30,2024-03-11T00:00:00,4.7836
FUND30,2024-03-12T00:00:00,4.9013
FUND30,2024-03-13T00:00:00,4.8649
FUND30,2024-03-14T00:00:00,4.6751
FUND30,2024-03-15T00:00:00,5.1683
FUND30,2024-03-18T00:00:00,4.9436
FUND30,2024-03-19T00:00:00,4.8258
FUND30,2024-03-20T00:00:00,4.5775
FUND30,2024-03-21T00:00:00,4.6889
FUND30,2024-03-22T00:00:00,4.2716
FUND30,2024-03-25T00:00:00,4.2909
FUND30,2024-03-26T00:00:00,4.3013
FUND30,2024-03-27T00:00:00,4.664
FUND30,2024-03-28T00:00:00,4.5316
FUND30,2024-03-29T00:00:00,4.8994
FUND30,2024-04-01T00:00:00,5.1449
FUND30,2024-04-02T00:00:00,5.4995
FUND30,2024-04-03T00:00:00,5.7948
FUND30,2024-04-04T00:00:00,5.6993
FUND30,2024-04-05T00:00:00,5.6109
FUND30,2024-04-08T00:00:00,5.5177
FUND30,2024-04-09T00:00:00,5.4299
FUND30,2024-04-10T00:00:00,5.3301
FUND30,2024-04-11T00:00:00,4.9015
FUND30,2024-04-12T00:00:00,5.2457
FUND30,2024-04-15T00:00:00,5.2631
FUND30,2024-04-16T00:00:00,5.1661
FUND30,2024-04-17T00:00:00,4.9074
FUND30,2024-04-18T00:00:00,4.9864
FUND30,2024-04-19T00:00:00,5.6004
FUND30,2024-04-22T00:00:00,5.7985
FUND30,2024-04-23T00:00:00,5.887
FUND30,2024-04-24T00:00:00,5.9973
FUND30,2024-04-25T00:00:00,6.4634
FUND30,2024-04-26T00:00:00,5.7625
FUND30,2024-04-29T00:00:00,6.0419
FUND30,2024-04-30T00:00:00,6.0533
FUND30,2024-05-01T00:00:00,5.8377
FUND30,2024-05-02T00:00:00,5.7576
FUND30,2024-05-03T00:00:00,5.5315
FUND30,2024-05-06T00:00:00,5.5981
FUND30,2024-05-07T00:00:00,5.1894
FUND30,2024-05-08T00:00:00,5.4742
FUND30,2024-05-09T00:00:00,5.4364
FUND30,2024-05-10T00:00:00,5.3132
FUND30,2024-05-13T00:00:00,5.5141
FUND30,2024-05-14T00:00:00,5.3642
FUND30,2024-05-15T00:00:00,5.7004
FUND30,2024-05-16T00:00:00,5.5687
FUND30,2024-05-17T00:00:00,5.3966
FUND30,2024-05-20T00:00:00,5.6913
FUND30,2024-05-21T00:00:00,6.02
FUND30,2024-05-22T00:00:00,5.8328
FUND30,2024-05-23T00:00:00,5.6775
FUND30,2024-05-24T00:00:00,5.7611
FUND30,2024-05-27T00:00:00,5.8354
FUND30,2024-05-28T00:00:00,5.5854
FUND30,2024-05-29T00:00:00,5.1645
FUND30,2024-05-30T00:00:00,5.023
FUND30,2024-05-31T00:00:00,5.1807
FUND30,2024-06-03T00:00:00,4.6357
FUND30,2024-06-04T00:00:00,5.0567
FUND30,2024-06-05T00:00:00,4.797
FUND30,2024-06-06T00:00:00,4.592
FUND30,2024-06-07T00:00:00,4.5788
FUND30,2024-06-10T00:00:00,4.8766
FUND30,2024-06-11T00:00:00,4.4671
FUND30,2024-06-12T00:00:00,4.4235
FUND30,2024-06-13T00:00:00,4.5129
FUND30,2024-06-14T00:00:00,4.7083
FUND30,2024-06-17T00:00:00,4.6216
FUND30,2024-06-18T00:00:00,4.7613
FUND30,2024-06-19T00:00:00,4.4872
FUND30,2024-06-20T00:00:00,4.15
FUND30,2024-06-21T00:00:00,4.4049
FUND30,2024-06-24T00:00:00,4.4858
FUND30,2024-06-25T00:00:00,4.9878
FUND30,2024-06-26T00:00:00,5.4483
FUND30,2024-06-27T00:00:00,5.1849
FUND30,2024-06-28T00:00:00,5.4518
FUND30,2024-07-01T00:00:00,5.6176
FUND30,2024-07-02T00:00:00,5.619
FUND30,2024-07-03T00:00:00,5.3771
FUND30,2024-07-04T00:00:00,5.2272
FUND30,2024-07-05T00:00:00,5.091
FUND30,2024-07-08T00:00:00,4.403
FUND30,2024-07-09T00:00:00,3.9125
FUND30,2024-07-10T00:00:00,3.861
FUND30,2024-07-11T00:00:00,3.5629
FUND30,2024-07-12T00:00:00,3.6026
FUND30,2024-07-15T00:00:00,3.579
FUND30,2024-07-16T00:00:00,3.5908
FUND30,2024-07-17T00:00:00,3.5213
FUND30,2024-07-18T00:00:00,3.635
FUND30,2024-07-19T00:00:00,3.6193
FUND30,2024-07-22T00:00:00,3.3688
FUND30,2024-07-23T00:00:00,3.457
FUND30,2024-07-24T00:00:00,3.797
FUND30,2024-07-25T00:00:00,3.877
FUND30,2024-07-26T00:00:00,3.4273
FUND30,2024-07-29T00:00:00,3.5094
FUND30,2024-07-30T00:00:00,3.3543
FUND30,2024-07-31T00:00:00,2.9217
FUND30,2024-08-01T00:00:00,2.4999
FUND30,2024-08-02T00:00:00,2.3175
FUND30,2024-08-05T00:00:00,2.1002
FUND30,2024-08-06T00:00:00,1.8299
FUND30,2024-08-07T00:00:00,1.3455
FUND30,2024-08-08T00:00:00,0.9041
FUND30,2024-08-09T00:00:00,1.0177
FUND30,2024-08-12T00:00:00,1.2331
FUND30,2024-08-13T00:00:00,1.1333
FUND30,2024-08-14T00:00:00,1.4832
FUND30,2024-08-15T00:00:00,1.5047
FUND30,2024-08-16T00:00:00,1.505
FUND30,2024-08-19T00:00:00,1.5819
FUND30,2024-08-20T00:00:00,1.8095
FUND30,2024-08-21T00:00:00,1.7855
FUND30,2024-08-22T00:00:00,1.4963
FUND30,2024-08-23T00:00:00,1.6209
FUND30,2024-08-26T00:00:00,1.57
FUND30,2024-08-27T00:00:00,1.562
FUND30,2024-08-28T00:00:00,1.4096
FUND30,2024-08-29T00:00:00,1.3302
FUND30,2024-08-30T00:00:00,1.4416
FUND30,2024-09-02T00:00:00,1.2053
FUND30,2024-09-03T00:00:00,1.5327
FUND30,2024-09-04T00:00:00,1.4532
FUND30,2024-09-05T00:00:00,1.4605
FUND30,2024-09-06T00:00:00,1.367
FUND30,2024-09-09T00:00:00,1.3027
FUND30,2024-09-10T00:00:00,1.5942
FUND30,2024-09-11T00:00:00,1.7399
FUND30,2024-09-12T00:00:00,1.6016
FUND30,2024-09-13T00:00:00,1.4672
FUND30,2024-09-16T00:00:00,1.2237
FUND30,2024-09-17T00:00:00,1.0769
FUND30,2024-09-18T00:00:00,0.9043
FUND30,2024-09-19T00:00:00,1.3287
FUND30,2024-09-20T00:00:00,1.4955
FUND30,2024-09-23T00:00:00,1.1922
FUND30,2024-09-24T00:00:00,1.3161
FUND30,2024-09-25T00:00:00,1.4492
FUND30,2024-09-26T00:00:00,1.6383
FUND30,2024-09-27T00:00:00,1.5116
FUND30,2024-09-30T00:00:00,1.0615
FUND30,2024-10-01T00:00:00,1.0943
FUND30,2024-10-02T00:00:00,1.0242
FUND30,2024-10-03T00:00:00,1.1558
FUND30,2024-10-04T00:00:00,0.9489
FUND30,2024-10-07T00:00:00,1.4674
FUND30,2024-10-08T00:00:00,1.5781
FUND30,2024-10-09T00:00:00,1.7427
FUND30,2024-10-10T00:00:00,1.8161
FUND30,2024-10-11T00:00:00,2.0676
FUND30,2024-10-14T00:00:00,2.0391
FUND30,2024-10-15T00:00:00,2.1692
FUND30,2024-10-16T00:00:00,2.2353
FUND30,2024-10-17T00:00:00,2.111
FUND30,2024-10-18T00:00:00,1.957
FUND30,2024-10-21T00:00:00,2.2099
FUND30,2024-10-22T00:00:00,2.0925
FUND30,2024-10-23T00:00:00,1.8951
FUND30,2024-10-24T00:00:00,2.0822
FUND30,2024-10-25T00:00:00,1.9054
FUND30,2024-10-28T00:00:00,1.7801
FUND30,2024-10-29T00:00:00,1.6358
FUND30,2024-10-30T00:00:00,1.664
FUND30,2024-10-31T00:00:00,2.0038
FUND30,2024-11-01T00:00:00,1.8579
FUND30,2024-11-04T00:00:00,1.7042
FUND30,2024-11-05T00:00:00,1.5252
FUND30,2024-11-06T00:00:00,1.3291
FUND30,2024-11-07T00:00:00,1.1729
FUND30,2024-11-08T00:00:00,1.0016
FUND30,2024-11-11T00:00:00,1.3383
FUND30,2024-11-12T00:00:00,1.5741
FUND30,2024-11-13T00:00:00,1.3463
FUND30,2024-11-14T00:00:00,1.8024
FUND30,2024-11-15T00:00:00,2.0189
FUND30,2024-11-18T00:00:00,2.2102
FUND30,2024-11-19T00:00:00,1.9219
FUND30,2024-11-20T00:00:00,2.1083
FUND30,2024-11-21T00:00:00,2.2641
FUND30,2024-11-22T00:00:00,2.1565
FUND30,2024-11-25T00:00:00,2.1964
FUND30,2024-11-26T00:00:00,2.1153
FUND30,2024-11-27T00:00:00,2.0577
FUND30,2024-11-28T00:00:00,2.1303
FUND30,2024-11-29T00:00:00,2.3509
FUND30,2024-12-02T00:00:00,2.4278
FUND30,2024-12-03T00:00:00,2.4987
FUND30,2024-12-04T00:00:00,2.3205
FUND30,2024-12-05T00:00:00,2.7702
FUND30,2024-12-06T00:00:00,2.7906
FUND30,2024-12-09T00:00:00,2.7542
FUND30,2024-12-10T00:00:00,2.9415
FUND30,2024-12-11T00:00:00,3.1843
FUND30,2024-12-12T00:00:00,3.5583
FUND30,2024-12-13T00:00:00,3.4655
FUND30,2024-12-16T00:00:00,3.573
FUND30,2024-12-17T00:00:00,3.5852
FUND30,2024-12-18T00:00:00,2.992
FUND30,2024-12-19T00:00:00,2.979
FUND30,2024-12-20T00:00:00,3.0755
FUND30,2024-12-23T00:00:00,2.9941
FUND30,2024-12-24T00:00:00,2.5638
FUND30,2024-12-25T00:00:00,2.6372
FUND30,2024-12-26T00:00:00,2.6641
FUND30,2024-12-27T00:00:00,1.8593
FUND30,2024-12-30T00:00:00,1.9909
FUND30,2024-12-31T00:00:00,2.0752
FUND30,2025-01-01T00:00:00,2.1272
FUND30,2025-01-02T00:00:00,1.9412
FUND30,2025-01-03T00:00:00,2.1495
FUND30,2025-01-06T00:00:00,2.2572
FUND30,2025-01-07T00:00:00,1.7772
FUND30,2025-01-08T00:00:00,1.8228
FUND30,2025-01-09T00:00:00,1.7428
FUND30,2025-01-10T00:00:00,1.8115
FUND30,2025-01-13T00:00:00,1.8825
FUND30,2025-01-14T00:00:00,1.6677
FUND30,2025-01-15T00:00:00,1.4215
FUND30,2025-01-16T00:00:00,1.6722
FUND30,2025-01-17T00:00:00,2.2405
FUND30,2025-01-20T00:00:00,2.3875
FUND30,2025-01-21T00:00:00,2.7623
FUND30,2025-01-22T00:00:00,2.7529
FUND30,2025-01-23T00:00:00,2.4987
FUND30,2025-01-24T00:00:00,2.4076
FUND30,2025-01-27T00:00:00,2.3415
FUND30,2025-01-28T00:00:00,2.3649
FUND30,2025-01-29T00:00:00,2.289
FUND30,2025-01-30T00:00:00,2.0555
FUND30,2025-01-31T00:00:00,1.9424
FUND30,2025-02-03T00:00:00,1.9806
FUND30,2025-02-04T00:00:00,2.0809
FUND30,2025-02-05T00:00:00,2.4718
FUND30,2025-02-06T00:00:00,2.436
FUND30,2025-02-07T00:00:00,2.6378
FUND30,2025-02-10T00:00:00,2.0977
FUND30,2025-02-11T00:00:00,1.9514
FUND30,2025-02-12T00:00:00,2.174
FUND30,2025-02-13T00:00:00,2.1288
FUND30,2025-02-14T00:00:00,1.9312
FUND30,2025-02-17T00:00:00,1.9597
FUND30,2025-02-18T00:00:00,1.9996
FUND30,2025-02-19T00:00:00,1.9938
FUND30,2025-02-20T00:00:00,2.2385
FUND30,2025-02-21T00:00:00,2.2911
FUND30,2025-02-24T00:00:00,2.0504
FUND30,2025-02-25T00:00:00,1.8623
FUND30,2025-02-26T00:00:00,1.9845
FUND30,2025-02-27T00:00:00,1.4593
FUND30,2025-02-28T00:00:00,1.6946
FUND30,2025-03-03T00:00:00,1.5176
FUND30,2025-03-04T00:00:00,1.5241
FUND30,2025-03-05T00:00:00,1.6031
FUND30,2025-03-06T00:00:00,1.4326
FUND30,2025-03-07T00:00:00,1.52
FUND30,2025-03-10T00:00:00,1.7256
FUND30,2025-03-11T00:00:00,1.6512
FUND30,2025-03-12T00:00:00,1.8806
FUND30,2025-03-13T00:00:00,2.2042
FUND30,2025-03-14T00:00:00,2.0637
FUND30,2025-03-17T00:00:00,1.9533
FUND30,2025-03-18T00:00:00,1.9866
FUND30,2025-03-19T00:00:00,2.177
FUND30,2025-03-20T00:00:00,1.7103
FUND30,2025-03-21T00:00:00,1.7252
FUND30,2025-03-24T00:00:00,1.7506
FUND30,2025-03-25T00:00:00,2.0662
FUND30,2025-03-26T00:00:00,2.096
FUND30,2025-03-27T00:00:00,2.0131
FUND30,2025-03-28T00:00:00,2.2029
FUND30,2025-03-31T00:00:00,2.1485
FUND30,2025-04-01T00:00:00,2.2002
FUND30,2025-04-02T00:00:00,1.9099
FUND30,2025-04-03T00:00:00,1.7212
FUND30,2025-04-04T00:00:00,1.9769
FUND30,2025-04-07T00:00:00,2.0568
FUND30,2025-04-08T00:00:00,1.9896
FUND30,2025-04-09T00:00:00,2.1046
FUND30,2025-04-10T00:00:00,1.8577
FUND30,2025-04-11T00:00:00,2.2039
FUND30,2025-04-14T00:00:00,2.3589
FUND30,2025-04-15T00:00:00,2.2819
FUND30,2025-04-16T00:00:00,2.2
FUND30,2025-04-17T00:00:00,2.4042
FUND30,2025-04-18T00:00:00,2.0843
FUND30,2025-04-21T00:00:00,1.7704
FUND30,2025-04-22T00:00:00,2.0387
FUND30,2025-04-23T00:00:00,2.423
FUND30,2025-04-24T00:00:00,2.6881
FUND30,2025-04-25T00:00:00,2.4969
FUND30,2025-04-28T00:00:00,2.5456
FUND30,2025-04-29T00:00:00,2.9203
FUND30,2025-04-30T00:00:00,3.0909
FUND30,2025-05-01T00:00:00,3.5067
FUND30,2025-05-02T00:00:00,4.1823
FUND30,2025-05-05T00:00:00,4.1946
FUND30,2025-05-06T00:00:00,3.5771
FUND30,2025-05-07T00:00:00,3.8988
FUND30,2025-05-08T00:00:00,4.2988
FUND30,2025-05-09T00:00:00,4.2967
FUND30,2025-05-12T00:00:00,4.1743
FUND30,2025-05-13T00:00:00,4.3595
FUND30,2025-05-14T00:00:00,4.4276
FUND30,2025-05-15T00:00:00,4.5013
FUND30,2025-05-16T00:00:00,4.6157
FUND30,2025-05-19T00:00:00,4.3782
FUND30,2025-05-20T00:00:00,4.4747
FUND30,2025-05-21T00:00:00,4.778
FUND30,2025-05-22T00:00:00,4.7759
FUND30,2025-05-23T00:00:00,4.3083
FUND30,2025-05-26T00:00:00,4.1272
FUND30,2025-05-27T00:00:00,4.02
FUND30,2025-05-28T00:00:00,3.8866
FUND30,2025-05-29T00:00:00,4.1056
FUND30,2025-05-30T00:00:00,4.3963
FUND30,2025-06-02T00:00:00,4.6856
FUND30,2025-06-03T00:00:00,4.5131
FUND30,2025-06-04T00:00:00,4.8633
FUND30,2025-06-05T00:00:00,4.8861
FUND30,2025-06-06T00:00:00,5.2737
FUND30,2025-06-09T00:00:00,5.3869
FUND30,2025-06-10T00:00:00,5.3572
FUND30,2025-06-11T00:00:00,5.3465
FUND30,2025-06-12T00:00:00,4.8677
FUND30,2025-06-13T00:00:00,4.6467
FUND30,2025-06-16T00:00:00,4.9678
FUND30,2025-06-17T00:00:00,5.0201
FUND30,2025-06-18T00:00:00,4.5177
FUND30,2025-06-19T00:00:00,4.8422
FUND30,2025-06-20T00:00:00,4.8009
FUND30,2025-06-23T00:00:00,4.2563
FUND30,2025-06-24T00:00:00,4.5332
FUND30,2025-06-25T00:00:00,4.5087
FUND30,2025-06-26T00:00:00,4.0497
FUND30,2025-06-27T00:00:00,3.969
FUND30,2025-06-30T00:00:00,3.8683
FUND30,2025-07-01T00:00:00,4.1958
FUND30,2025-07-02T00:00:00,4.1427
FUND30,2025-07-03T00:00:00,4.7086
FUND30,2025-07-04T00:00:00,4.5901
FUND30,2025-07-07T00:00:00,4.7071
FUND30,2025-07-08T00:00:00,4.8661
FUND30,2025-07-09T00:00:00,4.6637
FUND30,2025-07-10T00:00:00,4.5874
FUND30,2025-07-11T00:00:00,4.3135
FUND30,2025-07-14T00:00:00,4.3857
FUND30,2025-07-15T00:00:00,4.3589
FUND30,2025-07-16T00:00:00,4.2604
FUND30,2025-07-17T00:00:00,3.949
FUND30,2025-07-18T00:00:00,4.2433
FUND30,2025-07-21T00:00:00,4.5331
FUND30,2025-07-22T00:00:00,4.2375
FUND30,2025-07-23T00:00:00,4.5583
FUND30,2025-07-24T00:00:00,4.8632
FUND30,2025-07-25T00:00:00,4.6491
FUND30,2025-07-28T00:00:00,4.5668
FUND30,2025-07-29T00:00:00,4.2115
FUND30,2025-07-30T00:00:00,4.2889
FUND30,2025-07-31T00:00:00,4.188
FUND30,2025-08-01T00:00:00,3.6126
FUND30,2025-08-04T00:00:00,4.0572
FUND30,2025-08-05T00:00:00,3.7061
FUND30,2025-08-06T00:00:00,3.9352
FUND30,2025-08-07T00:00:00,3.9858
FUND30,2025-08-08T00:00:00,4.1697
FUND30,2025-08-11T00:00:00,3.9558
FUND30,2025-08-12T00:00:00,4.2069
FUND30,2025-08-13T00:00:00,4.3631
FUND30,2025-08-14T00:00:00,4.167
FUND30,2025-08-15T00:00:00,3.8766
FUND30,2025-08-18T00:00:00,3.6414
FUND30,2025-08-19T00:00:00,3.7447
FUND30,2025-08-20T00:00:00,4.0815
FUND30,2025-08-21T00:00:00,3.2704
FUND30,2025-08-22T00:00:00,3.6844
FUND30,2025-08-25T00:00:00,3.9406
FUND30,2025-08-26T00:00:00,3.684
FUND30,2025-08-27T00:00:00,3.2398
FUND30,2025-08-28T00:00:00,3.0833
FUND30,2025-08-29T00:00:00,3.0761
FUND30,2025-09-01T00:00:00,3.2255
FUND30,2025-09-02T00:00:00,3.1978
FUND30,2025-09-03T00:00:00,2.9793
FUND30,2025-09-04T00:00:00,2.6656
FUND30,2025-09-05T00:00:00,2.5099
FUND30,2025-09-08T00:00:00,2.533
FUND30,2025-09-09T00:00:00,3.0091
FUND30,2025-09-10T00:00:00,2.7411
FUND30,2025-09-11T00:00:00,2.4775
FUND30,2025-09-12T00:00:00,2.9428
FUND30,2025-09-15T00:00:00,3.2023
FUND30,2025-09-16T00:00:00,3.1189
FUND30,2025-09-17T00:00:00,3.015
FUND30,2025-09-18T00:00:00,2.4693
FUND30,2025-09-19T00:00:00,2.6887
FUND30,2025-09-22T00:00:00,2.9475
FUND30,2025-09-23T00:00:00,2.872
FUND30,2025-09-24T00:00:00,2.5143
FUND30,2025-09-25T00:00:00,2.4682
FUND30,2025-09-26T00:00:00,2.8867
FUND30,2025-09-29T00:00:00,2.6874
FUND30,2025-09-30T00:00:00,2.7744
FUND30,2025-10-01T00:00:00,3.0292
FUND30,2025-10-02T00:00:00,2.8803
FUND30,2025-10-03T00:00:00,2.6633
FUND30,2025-10-06T00:00:00,2.3577
FUND30,2025-10-07T00:00:00,2.5482
FUND30,2025-10-08T00:00:00,2.2066
FUND30,2025-10-09T00:00:00,2.388
FUND30,2025-10-10T00:00:00,2.3374
FUND30,2025-10-13T00:00:00,2.7469
FUND30,2025-10-14T00:00:00,2.3473
FUND30,2025-10-15T00:00:00,2.3338
FUND30,2025-10-16T00:00:00,3.0434
FUND30,2025-10-17T00:00:00,3.2974
FUND30,2025-10-20T00:00:00,3.2373
FUND30,2025-10-21T00:00:00,3.0067
FUND30,2025-10-22T00:00:00,3.3666
FUND30,2025-10-23T00:00:00,3.3206
FUND30,2025-10-24T00:00:00,3.3756
FUND30,2025-10-27T00:00:00,3.4441
FUND30,2025-10-28T00:00:00,3.4274
FUND30,2025-10-29T00:00:00,3.4123
FUND30,2025-10-30T00:00:00,3.7007
FUND30,2025-10-31T00:00:00,3.7664
FUND30,2025-11-03T00:00:00,3.7576
FUND30,2025-11-04T00:00:00,3.346
FUND30,2025-11-05T00:00:00,3.6037
FUND30,2025-11-06T00:00:00,3.2366
FUND30,2025-11-07T00:00:00,3.4495
FUND30,2025-11-10T00:00:00,3.5354
FUND30,2025-11-11T00:00:00,3.4335
FUND30,2025-11-12T00:00:00,3.35
FUND30,2025-11-13T00:00:00,3.1602
FUND30,2025-11-14T00:00:00,3.0421
FUND30,2025-11-17T00:00:00,3.2273
FUND30,2025-11-18T00:00:00,3.2106
FUND30,2025-11-19T00:00:00,3.4349
FUND30,2025-11-20T00:00:00,3.5683
FUND30,2025-11-21T00:00:00,3.6918
FUND30,2025-11-24T00:00:00,3.7386
FUND31,2023-05-08T00:00:00,2.1941
FUND31,2023-05-09T00:00:00,1.9975
FUND31,2023-05-10T00:00:00,1.9685
FUND31,2023-05-11T00:00:00,2.0992
FUND31,2023-05-12T00:00:00,2.0294
FUND31,2023-05-15T00:00:00,2.0905
FUND31,2023-05-16T00:00:00,2.1122
FUND31,2023-05-17T00:00:00,1.9069
FUND31,2023-05-18T00:00:00,2.3697
FUND31,2023-05-19T00:00:00,2.0918
FUND31,2023-05-22T00:00:00,2.5716
FUND31,2023-05-23T00:00:00,2.4949
FUND31,2023-05-24T00:00:00,2.7376
FUND31,2023-05-25T00:00:00,2.6423
FUND31,2023-05-26T00:00:00,2.4128
FUND31,2023-05-29T00:00:00,2.6249
FUND31,2023-05-30T00:00:00,2.2464
FUND31,2023-05-31T00:00:00,2.1419
FUND31,2023-06-01T00:00:00,1.9049
FUND31,2023-06-02T00:00:00,1.5671
FUND31,2023-06-05T00:00:00,1.5615
FUND31,2023-06-06T00:00:00,1.2552
FUND31,2023-06-07T00:00:00,0.9854
FUND31,2023-06-08T00:00:00,1.3465
FUND31,2023-06-09T00:00:00,1.1524
FUND31,2023-06-12T00:00:00,1.0642
FUND31,2023-06-13T00:00:00,0.89
FUND31,2023-06-14T00:00:00,1.011
FUND31,2023-06-15T00:00:00,0.9667
FUND31,2023-06-16T00:00:00,1.069
FUND31,2023-06-19T00:00:00,0.7473
FUND31,2023-06-20T00:00:00,0.854
FUND31,2023-06-21T00:00:00,0.6691
FUND31,2023-06-22T00:00:00,0.8752
FUND31,2023-06-23T00:00:00,1.0502
FUND31,2023-06-26T00:00:00,1.5027
FUND31,2023-06-27T00:00:00,1.2223
FUND31,2023-06-28T00:00:00,1.4721
FUND31,2023-06-29T00:00:00,1.474
FUND31,2023-06-30T00:00:00,1.6051
FUND31,2023-07-03T00:00:00,1.8046
FUND31,2023-07-04T00:00:00,2.1715
FUND31,2023-07-05T00:00:00,2.3485
FUND31,2023-07-06T00:00:00,2.4288
FUND31,2023-07-07T00:00:00,2.4101
FUND31,2023-07-10T00:00:00,2.532
FUND31,2023-07-11T00:00:00,2.5705
FUND31,2023-07-12T00:00:00,2.5114
FUND31,2023-07-13T00:00:00,2.3769
FUND31,2023-07-14T00:00:00,2.2653
FUND31,2023-07-17T00:00:00,2.2046
FUND31,2023-07-18T00:00:00,2.4149
FUND31,2023-07-19T00:00:00,2.2853
FUND31,2023-07-20T00:00:00,2.2109
FUND31,2023-07-21T00:00:00,1.771
FUND31,2023-07-24T00:00:00,1.6459
FUND31,2023-07-25T00:00:00,1.6748
FUND31,2023-07-26T00:00:00,1.6856
FUND31,2023-07-27T00:00:00,2.001
FUND31,2023-07-28T00:00:00,2.0332
FUND31,2023-07-31T00:00:00,1.9651
FUND31,2023-08-01T00:00:00,1.684
FUND31,2023-08-02T00:00:00,1.6954
FUND31,2023-08-03T00:00:00,1.7587
FUND31,2023-08-04T00:00:00,1.8187
FUND31,2023-08-07T00:00:00,2.0492
FUND31,2023-08-08T00:00:00,2.3689
FUND31,2023-08-09T00:00:00,2.0456
FUND31,2023-08-10T00:00:00,2.2
FUND31,2023-08-11T00:00:00,2.0175
FUND31,2023-08-14T00:00:00,2.029
FUND31,2023-08-15T00:00:00,1.9958
FUND31,2023-08-16T00:00:00,2.0484
FUND31,2023-08-17T00:00:00,2.0726
FUND31,2023-08-18T00:00:00,2.2172
FUND31,2023-08-21T00:00:00,2.5405
FUND31,2023-08-22T00:00:00,2.1701
FUND31,2023-08-23T00:00:00,2.4522
FUND31,2023-08-24T00:00:00,2.6923
FUND31,2023-08-25T00:00:00,2.402
FUND31,2023-08-28T00:00:00,2.5338
FUND31,2023-08-29T00:00:00,2.6083
FUND31,2023-08-30T00:00:00,2.0556
FUND31,2023-08-31T00:00:00,2.3434
FUND31,2023-09-01T00:00:00,2.7665
FUND31,2023-09-04T00:00:00,2.6286
FUND31,2023-09-05T00:00:00,2.6677
FUND31,2023-09-06T00:00:00,2.3732
FUND31,2023-09-07T00:00:00,2.2439
FUND31,2023-09-08T00:00:00,2.0763
FUND31,2023-09-11T00:00:00,2.2237
FUND31,2023-09-12T00:00:00,2.7236
FUND31,2023-09-13T00:00:00,2.7469
FUND31,2023-09-14T00:00:00,2.6797
FUND31,2023-09-15T00:00:00,2.6786
FUND31,2023-09-18T00:00:00,2.5139
FUND31,2023-09-19T00:00:00,2.6194
FUND31,2023-09-20T00:00:00,2.3252
FUND31,2023-09-21T00:00:00,2.202
FUND31,2023-09-22T00:00:00,2.56
FUND31,2023-09-25T00:00:00,2.2273
FUND31,2023-09-26T00:00:00,2.4275
FUND31,2023-09-27T00:00:00,2.056
FUND31,2023-09-28T00:00:00,1.9547
FUND31,2023-09-29T00:00:00,2.1913
FUND31,2023-10-02T00:00:00,2.0546
FUND31,2023-10-03T00:00:00,2.2543
FUND31,2023-10-04T00:00:00,2.3109
FUND31,2023-10-05T00:00:00,2.7607
FUND31,2023-10-06T00:00:00,2.6524
FUND31,2023-10-09T00:00:00,2.1422
FUND31,2023-10-10T00:00:00,2.6315
FUND31,2023-10-11T00:00:00,2.815
FUND31,2023-10-12T00:00:00,2.4235
FUND31,2023-10-13T00:00:00,2.4072
FUND31,2023-10-16T00:00:00,2.6245
FUND31,2023-10-17T00:00:00,2.4471
FUND31,2023-10-18T00:00:00,2.3511
FUND31,2023-10-19T00:00:00,2.4506
FUND31,2023-10-20T00:00:00,2.5379
FUND31,2023-10-23T00:00:00,2.4147
FUND31,2023-10-24T00:00:00,2.5658
FUND31,2023-10-25T00:00:00,2.3081
FUND31,2023-10-26T00:00:00,2.0454
FUND31,2023-10-27T00:00:00,2.1551
FUND31,2023-10-30T00:00:00,1.7599
FUND31,2023-10-31T00:00:00,2.084
FUND31,2023-11-01T00:00:00,1.9294
FUND31,2023-11-02T00:00:00,1.5415
FUND31,2023-11-03T00:00:00,1.6012
FUND31,2023-11-06T00:00:00,1.0227
FUND31,2023-11-07T00:00:00,1.0827
FUND31,2023-11-08T00:00:00,1.1643
FUND31,2023-11-09T00:00:00,0.91
FUND31,2023-11-10T00:00:00,0.8116
FUND31,2023-11-13T00:00:00,0.8312
FUND31,2023-11-14T00:00:00,1.0575
FUND31,2023-11-15T00:00:00,1.1181
FUND31,2023-11-16T00:00:00,1.2405
FUND31,2023-11-17T00:00:00,0.9824
FUND31,2023-11-20T00:00:00,0.8606
FUND31,2023-11-21T00:00:00,0.6569
FUND31,2023-11-22T00:00:00,0.9372
FUND31,2023-11-23T00:00:00,0.4304
FUND31,2023-11-24T00:00:00,0.7724
FUND31,2023-11-27T00:00:00,1.0737
FUND31,2023-11-28T00:00:00,0.8635
FUND31,2023-11-29T00:00:00,0.8497
FUND31,2023-11-30T00:00:00,1.0418
FUND31,2023-12-01T00:00:00,1.3428
FUND31,2023-12-04T00:00:00,1.1246
FUND31,2023-12-05T00:00:00,1.1121
FUND31,2023-12-06T00:00:00,0.9296
FUND31,2023-12-07T00:00:00,0.7966
FUND31,2023-12-08T00:00:00,0.561
FUND31,2023-12-11T00:00:00,0.467
FUND31,2023-12-12T00:00:00,0.7391
FUND31,2023-12-13T00:00:00,1.1681
FUND31,2023-12-14T00:00:00,1.1942
FUND31,2023-12-15T00:00:00,1.2728
FUND31,2023-12-18T00:00:00,1.1785
FUND31,2023-12-19T00:00:00,1.2478
FUND31,2023-12-20T00:00:00,1.2121
FUND31,2023-12-21T00:00:00,1.3416
FUND31,2023-12-22T00:00:00,1.2285
FUND31,2023-12-25T00:00:00,1.1659
FUND31,2023-12-26T00:00:00,1.3809
FUND31,2023-12-27T00:00:00,1.2413
FUND31,2023-12-28T00:00:00,1.1267
FUND31,2023-12-29T00:00:00,1.0571
FUND31,2024-01-01T00:00:00,1.3789
FUND31,2024-01-02T00:00:00,1.3839
FUND31,2024-01-03T00:00:00,1.4445
FUND31,2024-01-04T00:00:00,0.7518
FUND31,2024-01-05T00:00:00,0.2746
FUND31,2024-01-08T00:00:00,0.0708
FUND31,2024-01-09T00:00:00,-0.0304
FUND31,2024-01-10T00:00:00,0.3383
FUND31,2024-01-11T00:00:00,0.4783
FUND31,2024-01-12T00:00:00,0.0944
FUND31,2024-01-15T00:00:00,0.0897
FUND31,2024-01-16T00:00:00,-0.1037
FUND31,2024-01-17T00:00:00,-0.0777
FUND31,2024-01-18T00:00:00,0.0831
FUND31,2024-01-19T00:00:00,-0.057
FUND31,2024-01-22T00:00:00,-0.3275
FUND31,2024-01-23T00:00:00,-0.2056
FUND31,2024-01-24T00:00:00,-0.0557
FUND31,2024-01-25T00:00:00,0.1219
FUND31,2024-01-26T00:00:00,0.0847
FUND31,2024-01-29T00:00:00,-0.0028
FUND31,2024-01-30T00:00:00,0.2102
FUND31,2024-01-31T00:00:00,0.5817
FUND31,2024-02-01T00:00:00,0.7419
FUND31,2024-02-02T00:00:00,0.6442
FUND31,2024-02-05T00:00:00,0.4112
FUND31,2024-02-06T00:00:00,0.2852
FUND31,2024-02-07T00:00:00,0.5671
FUND31,2024-02-08T00:00:00,0.5343
FUND31,2024-02-09T00:00:00,0.9947
FUND31,2024-02-12T00:00:00,1.6536
FUND31,2024-02-13T00:00:00,1.1903
FUND31,2024-02-14T00:00:00,1.0332
FUND31,2024-02-15T00:00:00,0.8116
FUND31,2024-02-16T00:00:00,0.7176
FUND31,2024-02-19T00:00:00,0.7692
FUND31,2024-02-20T00:00:00,0.7429
FUND31,2024-02-21T00:00:00,0.6716
FUND31,2024-02-22T00:00:00,0.6994
FUND31,2024-02-23T00:00:00,0.8028
FUND31,2024-02-26T00:00:00,1.0035
FUND31,2024-02-27T00:00:00,0.7245
FUND31,2024-02-28T00:00:00,1.2433
FUND31,2024-02-29T00:00:00,1.5314
FUND31,2024-03-01T00:00:00,1.4378
FUND31,2024-03-04T00:00:00,1.5973
FUND31,2024-03-05T00:00:00,1.542
FUND31,2024-03-06T00:00:00,1.2804
FUND31,2024-03-07T00:00:00,1.3102
FUND31,2024-03-08T00:00:00,1.1258
FUND31,2024-03-11T00:00:00,2.0009
FUND31,2024-03-12T00:00:00,2.0419
FUND31,2024-03-13T00:00:00,2.0054
FUND31,2024-03-14T00:00:00,2.0374
FUND31,2024-03-15T00:00:00,2.0007
FUND31,2024-03-18T00:00:00,1.9194
FUND31,2024-03-19T00:00:00,1.5478
FUND31,2024-03-20T00:00:00,1.5526
FUND31,2024-03-21T00:00:00,1.4627
FUND31,2024-03-22T00:00:00,1.6672
FUND31,2024-03-25T00:00:00,1.6801
FUND31,2024-03-26T00:00:00,1.5187
FUND31,2024-03-27T00:00:00,1.2976
FUND31,2024-03-28T00:00:00,1.7452
FUND31,2024-03-29T00:00:00,1.7211
FUND31,2024-04-01T00:00:00,1.8084
FUND31,2024-04-02T00:00:00,1.8212
FUND31,2024-04-03T00:00:00,1.7073
FUND31,2024-04-04T00:00:00,1.4196
FUND31,2024-04-05T00:00:00,1.3068
FUND31,2024-04-08T00:00:00,1.606
FUND31,2024-04-09T00:00:00,1.9579
FUND31,2024-04-10T00:00:00,1.9657
FUND31,2024-04-11T00:00:00,2.1076
FUND31,2024-04-12T00:00:00,2.181
FUND31,2024-04-15T00:00:00,2.1442
FUND31,2024-04-16T00:00:00,1.9607
FUND31,2024-04-17T00:00:00,1.9136
FUND31,2024-04-18T00:00:00,1.7884
FUND31,2024-04-19T00:00:00,1.6756
FUND31,2024-04-22T00:00:00,1.7095
FUND31,2024-04-23T00:00:00,1.6735
FUND31,2024-04-24T00:00:00,1.749
FUND31,2024-04-25T00:00:00,1.5346
FUND31,2024-04-26T00:00:00,1.5932
FUND31,2024-04-29T00:00:00,1.437
FUND31,2024-04-30T00:00:00,1.6843
FUND31,2024-05-01T00:00:00,1.3273
FUND31,2024-05-02T00:00:00,1.0704
FUND31,2024-05-03T00:00:00,0.9859
FUND31,2024-05-06T00:00:00,0.9122
FUND31,2024-05-07T00:00:00,1.0566
FUND31,2024-05-08T00:00:00,1.0503
FUND31,2024-05-09T00:00:00,1.1871
FUND31,2024-05-10T00:00:00,1.5011
FUND31,2024-05-13T00:00:00,1.9966
FUND31,2024-05-14T00:00:00,1.8385
FUND31,2024-05-15T00:00:00,1.4748
FUND31,2024-05-16T00:00:00,1.2083
FUND31,2024-05-17T00:00:00,1.7268
FUND31,2024-05-20T00:00:00,1.7748
FUND31,2024-05-21T00:00:00,1.9447
FUND31,2024-05-22T00:00:00,2.1677
FUND31,2024-05-23T00:00:00,1.6727
FUND31,2024-05-24T00:00:00,2.0333
FUND31,2024-05-27T00:00:00,2.4038
FUND31,2024-05-28T00:00:00,2.293
FUND31,2024-05-29T00:00:00,2.6892
FUND31,2024-05-30T00:00:00,2.2873
FUND31,2024-05-31T00:00:00,2.3368
FUND31,2024-06-03T00:00:00,2.5509
FUND31,2024-06-04T00:00:00,2.1386
FUND31,2024-06-05T00:00:00,2.0873
FUND31,2024-06-06T00:00:00,2.511
FUND31,2024-06-07T00:00:00,2.5775
FUND31,2024-06-10T00:00:00,2.7079
FUND31,2024-06-11T00:00:00,2.7443
FUND31,2024-06-12T00:00:00,2.7955
FUND31,2024-06-13T00:00:00,2.8412
FUND31,2024-06-14T00:00:00,2.2192
FUND31,2024-06-17T00:00:00,1.9923
FUND31,2024-06-18T00:00:00,2.4318
FUND31,2024-06-19T00:00:00,2.6774
FUND31,2024-06-20T00:00:00,3.5333
FUND31,2024-06-21T00:00:00,4.0235
FUND31,2024-06-24T00:00:00,3.513
FUND31,2024-06-25T00:00:00,3.7178
FUND31,2024-06-26T00:00:00,3.519
FUND31,2024-06-27T00:00:00,3.4986
FUND31,2024-06-28T00:00:00,3.0397
FUND31,2024-07-01T00:00:00,3.0472
FUND31,2024-07-02T00:00:00,3.1853
FUND31,2024-07-03T00:00:00,2.598
FUND31,2024-07-04T00:00:00,2.7222
FUND31,2024-07-05T00:00:00,2.8592
FUND31,2024-07-08T00:00:00,2.6506
FUND31,2024-07-09T00:00:00,2.8522
FUND31,2024-07-10T00:00:00,2.74
FUND31,2024-07-11T00:00:00,2.817
FUND31,2024-07-12T00:00:00,3.1445
FUND31,2024-07-15T00:00:00,2.3963
FUND31,2024-07-16T00:00:00,1.8674
FUND31,2024-07-17T00:00:00,1.7621
FUND31,2024-07-18T00:00:00,1.9173
FUND31,2024-07-19T00:00:00,1.7795
FUND31,2024-07-22T00:00:00,1.9212
FUND31,2024-07-23T00:00:00,2.3476
FUND31,2024-07-24T00:00:00,2.578
FUND31,2024-07-25T00:00:00,2.2514
FUND31,2024-07-26T00:00:00,2.1251
FUND31,2024-07-29T00:00:00,2.2984
FUND31,2024-07-30T00:00:00,2.4287
FUND31,2024-07-31T00:00:00,2.5031
FUND31,2024-08-01T00:00:00,2.486
FUND31,2024-08-02T00:00:00,2.5844
FUND31,2024-08-05T00:00:00,2.5011
FUND31,2024-08-06T00:00:00,2.9181
FUND31,2024-08-07T00:00:00,3.0614
FUND31,2024-08-08T00:00:00,3.0107
FUND31,2024-08-09T00:00:00,3.2346
FUND31,2024-08-12T00:00:00,2.9868
FUND31,2024-08-13T00:00:00,2.83
FUND31,2024-08-14T00:00:00,3.0258
FUND31,2024-08-15T00:00:00,2.9821
FUND31,2024-08-16T00:00:00,3.1101
FUND31,2024-08-19T00:00:00,3.1731
FUND31,2024-08-20T00:00:00,2.8964
FUND31,2024-08-21T00:00:00,3.0032
FUND31,2024-08-22T00:00:00,2.7369
FUND31,2024-08-23T00:00:00,2.6484
FUND31,2024-08-26T00:00:00,2.6827
FUND31,2024-08-27T00:00:00,2.7992
FUND31,2024-08-28T00:00:00,2.7184
FUND31,2024-08-29T00:00:00,2.6905
FUND31,2024-08-30T00:00:00,2.8959
FUND31,2024-09-02T00:00:00,2.6906
FUND31,2024-09-03T00:00:00,2.7424
FUND31,2024-09-04T00:00:00,2.5875
FUND31,2024-09-05T00:00:00,3.2774
FUND31,2024-09-06T00:00:00,3.4906
FUND31,2024-09-09T00:00:00,3.2741
FUND31,2024-09-10T00:00:00,3.4583
FUND31,2024-09-11T00:00:00,3.2452
FUND31,2024-09-12T00:00:00,2.978
FUND31,2024-09-13T00:00:00,3.1075
FUND31,2024-09-16T00:00:00,3.2046
FUND31,2024-09-17T00:00:00,3.2717
FUND31,2024-09-18T00:00:00,3.6597
FUND31,2024-09-19T00:00:00,3.4477
FUND31,2024-09-20T00:00:00,3.1737
FUND31,2024-09-23T00:00:00,3.2622
FUND31,2024-09-24T00:00:00,3.0085
FUND31,2024-09-25T00:00:00,2.7659
FUND31,2024-09-26T00:00:00,2.811
FUND31,2024-09-27T00:00:00,2.9484
FUND31,2024-09-30T00:00:00,2.5211
FUND31,2024-10-01T00:00:00,2.411
FUND31,2024-10-02T00:00:00,1.977
FUND31,2024-10-03T00:00:00,2.3012
FUND31,2024-10-04T00:00:00,2.0639
FUND31,2024-10-07T00:00:00,2.0429
FUND31,2024-10-08T00:00:00,2.0408
FUND31,2024-10-09T00:00:00,1.8767
FUND31,2024-10-10T00:00:00,1.5161
FUND31,2024-10-11T00:00:00,1.5122
FUND31,2024-10-14T00:00:00,1.7159
FUND31,2024-10-15T00:00:00,1.6941
FUND31,2024-10-16T00:00:00,1.3649
FUND31,2024-10-17T00:00:00,0.9785
FUND31,2024-10-18T00:00:00,1.3624
FUND31,2024-10-21T00:00:00,1.6839
FUND31,2024-10-22T00:00:00,1.3674
FUND31,2024-10-23T00:00:00,1.4926
FUND31,2024-10-24T00:00:00,1.4236
FUND31,2024-10-25T00:00:00,0.931
FUND31,2024-10-28T00:00:00,1.2971
FUND31,2024-10-29T00:00:00,1.2185
FUND31,2024-10-30T00:00:00,1.389
FUND31,2024-10-31T00:00:00,1.0659
FUND31,2024-11-01T00:00:00,1.1466
FUND31,2024-11-04T00:00:00,0.8889
FUND31,2024-11-05T00:00:00,1.1313
FUND31,2024-11-06T00:00:00,1.2503
FUND31,2024-11-07T00:00:00,1.0176
FUND31,2024-11-08T00:00:00,0.8484
FUND31,2024-11-11T00:00:00,0.9328
FUND31,2024-11-12T00:00:00,0.8826
FUND31,2024-11-13T00:00:00,1.3435
FUND31,2024-11-14T00:00:00,1.2922
FUND31,2024-11-15T00:00:00,0.7209
FUND31,2024-11-18T00:00:00,1.1792
FUND31,2024-11-19T00:00:00,1.1846
FUND31,2024-11-20T00:00:00,1.182
FUND31,2024-11-21T00:00:00,1.0032
FUND31,2024-11-22T00:00:00,1.1432
FUND31,2024-11-25T00:00:00,1.0066
FUND31,2024-11-26T00:00:00,0.8695
FUND31,2024-11-27T00:00:00,0.4888
FUND31,2024-11-28T00:00:00,0.9048
FUND31,2024-11-29T00:00:00,0.7103
FUND31,2024-12-02T00:00:00,0.9099
FUND31,2024-12-03T00:00:00,0.7562
FUND31,2024-12-04T00:00:00,0.622
FUND31,2024-12-05T00:00:00,0.5444
FUND31,2024-12-06T00:00:00,0.3414
FUND31,2024-12-09T00:00:00,0.5088
FUND31,2024-12-10T00:00:00,0.3422
FUND31,2024-12-11T00:00:00,0.6174
FUND31,2024-12-12T00:00:00,0.6035
FUND31,2024-12-13T00:00:00,0.3842
FUND31,2024-12-16T00:00:00,0.4299
FUND31,2024-12-17T00:00:00,0.1723
FUND31,2024-12-18T00:00:00,-0.0694
FUND31,2024-12-19T00:00:00,0.0514
FUND31,2024-12-20T00:00:00,0.4262
FUND31,2024-12-23T00:00:00,0.4275
FUND31,2024-12-24T00:00:00,0.8259
FUND31,2024-12-25T00:00:00,1.1401
FUND31,2024-12-26T00:00:00,1.2045
FUND31,2024-12-27T00:00:00,1.1508
FUND31,2024-12-30T00:00:00,1.0949
FUND31,2024-12-31T00:00:00,0.7135
FUND31,2025-01-01T00:00:00,0.4882
FUND31,2025-01-02T00:00:00,0.3096
FUND31,2025-01-03T00:00:00,0.4265
FUND31,2025-01-06T00:00:00,0.3619
FUND31,2025-01-07T00:00:00,0.1206
FUND31,2025-01-08T00:00:00,0.7091
FUND31,2025-01-09T00:00:00,0.7712
FUND31,2025-01-10T00:00:00,0.4648
FUND31,2025-01-13T00:00:00,0.5393
FUND31,2025-01-14T00:00:00,0.2145
FUND31,2025-01-15T00:00:00,0.7605
FUND31,2025-01-16T00:00:00,1.0319
FUND31,2025-01-17T00:00:00,0.8723
FUND31,2025-01-20T00:00:00,0.8629
FUND31,2025-01-21T00:00:00,1.2058
FUND31,2025-01-22T00:00:00,1.1327
FUND31,2025-01-23T00:00:00,1.5976
FUND31,2025-01-24T00:00:00,1.8743
FUND31,2025-01-27T00:00:00,1.662
FUND31,2025-01-28T00:00:00,1.6926
FUND31,2025-01-29T00:00:00,1.585
FUND31,2025-01-30T00:00:00,1.5579
FUND31,2025-01-31T00:00:00,1.434
FUND31,2025-02-03T00:00:00,1.7671
FUND31,2025-02-04T00:00:00,1.8052
FUND31,2025-02-05T00:00:00,2.0015
FUND31,2025-02-06T00:00:00,2.0022
FUND31,2025-02-07T00:00:00,2.2182
FUND31,2025-02-10T00:00:00,1.9663
FUND31,2025-02-11T00:00:00,2.1965
FUND31,2025-02-12T00:00:00,2.3568
FUND31,2025-02-13T00:00:00,2.3014
FUND31,2025-02-14T00:00:00,2.1295
FUND31,2025-02-17T00:00:00,1.6388
FUND31,2025-02-18T00:00:00,2.0041
FUND31,2025-02-19T00:00:00,2.1394
FUND31,2025-02-20T00:00:00,2.4517
FUND31,2025-02-21T00:00:00,2.5644
FUND31,2025-02-24T00:00:00,1.9115
FUND31,2025-02-25T00:00:00,2.0716
FUND31,2025-02-26T00:00:00,1.987
FUND31,2025-02-27T00:00:00,1.8407
FUND31,2025-02-28T00:00:00,2.132
FUND31,2025-03-03T00:00:00,2.1027
FUND31,2025-03-04T00:00:00,2.041
FUND31,2025-03-05T00:00:00,2.1233
FUND31,2025-03-06T00:00:00,2.5597
FUND31,2025-03-07T00:00:00,2.7511
FUND31,2025-03-10T00:00:00,2.9972
FUND31,2025-03-11T00:00:00,2.6581
FUND31,2025-03-12T00:00:00,2.6722
FUND31,2025-03-13T00:00:00,2.2082
FUND31,2025-03-14T00:00:00,2.2999
FUND31,2025-03-17T00:00:00,2.539
FUND31,2025-03-18T00:00:00,2.6176
FUND31,2025-03-19T00:00:00,2.5274
FUND31,2025-03-20T00:00:00,2.7366
FUND31,2025-03-21T00:00:00,3.2386
FUND31,2025-03-24T00:00:00,3.0735
FUND31,2025-03-25T00:00:00,3.6438
FUND31,2025-03-26T00:00:00,3.7417
FUND31,2025-03-27T00:00:00,3.9449
FUND31,2025-03-28T00:00:00,4.1626
FUND31,2025-03-31T00:00:00,4.153
FUND31,2025-04-01T00:00:00,3.9469
FUND31,2025-04-02T00:00:00,4.0387
FUND31,2025-04-03T00:00:00,3.882
FUND31,2025-04-04T00:00:00,4.3587
FUND31,2025-04-07T00:00:00,4.2649
FUND31,2025-04-08T00:00:00,4.2854
FUND31,2025-04-09T00:00:00,4.5425
FUND31,2025-04-10T00:00:00,4.6491
FUND31,2025-04-11T00:00:00,4.7187
FUND31,2025-04-14T00:00:00,4.5283
FUND31,2025-04-15T00:00:00,4.7522
FUND31,2025-04-16T00:00:00,4.1677
FUND31,2025-04-17T00:00:00,4.1884
FUND31,2025-04-18T00:00:00,4.0397
FUND31,2025-04-21T00:00:00,3.7679
FUND31,2025-04-22T00:00:00,3.7905
FUND31,2025-04-23T00:00:00,3.9857
FUND31,2025-04-24T00:00:00,3.802
FUND31,2025-04-25T00:00:00,3.4682
FUND31,2025-04-28T00:00:00,3.2018
FUND31,2025-04-29T00:00:00,3.1382
FUND31,2025-04-30T00:00:00,2.9206
FUND31,2025-05-01T00:00:00,2.6264
FUND31,2025-05-02T00:00:00,2.9624
FUND31,2025-05-05T00:00:00,2.7924
FUND31,2025-05-06T00:00:00,3.0719
FUND31,2025-05-07T00:00:00,3.3238
FUND31,2025-05-08T00:00:00,3.6387
FUND31,2025-05-09T00:00:00,3.5736
FUND31,2025-05-12T00:00:00,3.639
FUND31,2025-05-13T00:00:00,3.4295
FUND31,2025-05-14T00:00:00,3.3164
FUND31,2025-05-15T00:00:00,2.7327
FUND31,2025-05-16T00:00:00,2.9768
FUND31,2025-05-19T00:00:00,3.0506
FUND31,2025-05-20T00:00:00,3.1354
FUND31,2025-05-21T00:00:00,2.9877
FUND31,2025-05-22T00:00:00,2.771
FUND31,2025-05-23T00:00:00,2.9422
FUND31,2025-05-26T00:00:00,2.5357
FUND31,2025-05-27T00:00:00,2.344
FUND31,2025-05-28T00:00:00,2.2021
FUND31,2025-05-29T00:00:00,2.1098
FUND31,2025-05-30T00:00:00,2.0695
FUND31,2025-06-02T00:00:00,1.7785
FUND31,2025-06-03T00:00:00,1.8032
FUND31,2025-06-04T00:00:00,1.7353
FUND31,2025-06-05T00:00:00,1.8882
FUND31,2025-06-06T00:00:00,1.7448
FUND31,2025-06-09T00:00:00,1.8055
FUND31,2025-06-10T00:00:00,1.6981
FUND31,2025-06-11T00:00:00,1.8109
FUND31,2025-06-12T00:00:00,1.6819
FUND31,2025-06-13T00:00:00,1.8379
FUND31,2025-06-16T00:00:00,2.0543
FUND31,2025-06-17T00:00:00,1.6653
FUND31,2025-06-18T00:00:00,1.5702
FUND31,2025-06-19T00:00:00,2.0063
FUND31,2025-06-20T00:00:00,2.0759
FUND31,2025-06-23T00:00:00,2.3272
FUND31,2025-06-24T00:00:00,2.2334
FUND31,2025-06-25T00:00:00,1.8966
FUND31,2025-06-26T00:00:00,1.8143
FUND31,2025-06-27T00:00:00,1.6397
FUND31,2025-06-30T00:00:00,1.8512
FUND31,2025-07-01T00:00:00,1.6166
FUND31,2025-07-02T00:00:00,1.5998
FUND31,2025-07-03T00:00:00,1.8575
FUND31,2025-07-04T00:00:00,1.5727
FUND31,2025-07-07T00:00:00,1.4144
FUND31,2025-07-08T00:00:00,1.541
FUND31,2025-07-09T00:00:00,1.7105
FUND31,2025-07-10T00:00:00,1.5371
FUND31,2025-07-11T00:00:00,1.4366
FUND31,2025-07-14T00:00:00,1.3421
FUND31,2025-07-15T00:00:00,1.2735
FUND31,2025-07-16T00:00:00,1.6181
FUND31,2025-07-17T00:00:00,2.2924
FUND31,2025-07-18T00:00:00,2.3305
FUND31,2025-07-21T00:00:00,2.3596
FUND31,2025-07-22T00:00:00,1.9278
FUND31,2025-07-23T00:00:00,1.8949
FUND31,2025-07-24T00:00:00,1.7654
FUND31,2025-07-25T00:00:00,1.4793
FUND31,2025-07-28T00:00:00,1.7471
FUND31,2025-07-29T00:00:00,1.6259
FUND31,2025-07-30T00:00:00,1.5319
FUND31,2025-07-31T00:00:00,1.2112
FUND31,2025-08-01T00:00:00,0.6025
FUND31,2025-08-04T00:00:00,0.9264
FUND31,2025-08-05T00:00:00,0.9881
FUND31,2025-08-06T00:00:00,1.128
FUND31,2025-08-07T00:00:00,1.2621
FUND31,2025-08-08T00:00:00,1.2591
FUND31,2025-08-11T00:00:00,1.2166
FUND31,2025-08-12T00:00:00,1.1863
FUND31,2025-08-13T00:00:00,1.3512
FUND31,2025-08-14T00:00:00,1.6331
FUND31,2025-08-15T00:00:00,1.3237
FUND31,2025-08-18T00:00:00,1.292
FUND31,2025-08-19T00:00:00,0.6236
FUND31,2025-08-20T00:00:00,0.9169
FUND31,2025-08-21T00:00:00,1.1726
FUND31,2025-08-22T00:00:00,1.1016
FUND31,2025-08-25T00:00:00,1.3585
FUND31,2025-08-26T00:00:00,1.4096
FUND31,2025-08-27T00:00:00,1.7203
FUND31,2025-08-28T00:00:00,1.527
FUND31,2025-08-29T00:00:00,1.8764
FUND31,2025-09-01T00:00:00,1.9746
FUND31,2025-09-02T00:00:00,1.3498
FUND31,2025-09-03T00:00:00,1.295
FUND31,2025-09-04T00:00:00,1.8276
FUND31,2025-09-05T00:00:00,1.489
FUND31,2025-09-08T00:00:00,1.8588
FUND31,2025-09-09T00:00:00,1.7159
FUND31,2025-09-10T00:00:00,1.5767
FUND31,2025-09-11T00:00:00,1.5293
FUND31,2025-09-12T00:00:00,1.4116
FUND31,2025-09-15T00:00:00,1.2897
FUND31,2025-09-16T00:00:00,1.6036
FUND31,2025-09-17T00:00:00,1.309
FUND31,2025-09-18T00:00:00,1.6317
FUND31,2025-09-19T00:00:00,1.6005
FUND31,2025-09-22T00:00:00,1.4829
FUND31,2025-09-23T00:00:00,1.4512
FUND31,2025-09-24T00:00:00,1.5503
FUND31,2025-09-25T00:00:00,1.951
FUND31,2025-09-26T00:00:00,1.8041
FUND31,2025-09-29T00:00:00,1.7794
FUND31,2025-09-30T00:00:00,1.7511
FUND31,2025-10-01T00:00:00,2.02
FUND31,2025-10-02T00:00:00,1.5017
FUND31,2025-10-03T00:00:00,1.3711
FUND31,2025-10-06T00:00:00,1.7986
FUND31,2025-10-07T00:00:00,1.8219
FUND31,2025-10-08T00:00:00,1.7992
FUND31,2025-10-09T00:00:00,1.369
FUND31,2025-10-10T00:00:00,1.1913
FUND31,2025-10-13T00:00:00,0.853
FUND31,2025-10-14T00:00:00,0.626
FUND31,2025-10-15T00:00:00,0.5832
FUND31,2025-10-16T00:00:00,0.738
FUND31,2025-10-17T00:00:00,0.194
FUND31,2025-10-20T00:00:00,0.5056
FUND31,2025-10-21T00:00:00,0.4776
FUND31,2025-10-22T00:00:00,0.4092
FUND31,2025-10-23T00:00:00,0.0242
FUND31,2025-10-24T00:00:00,-0.1033
FUND31,2025-10-27T00:00:00,-0.0097
FUND31,2025-10-28T00:00:00,-0.2879
FUND31,2025-10-29T00:00:00,-0.3168
FUND31,2025-10-30T00:00:00,-0.2647
FUND31,2025-10-31T00:00:00,-0.4879
FUND31,2025-11-03T00:00:00,-0.5374
FUND31,2025-11-04T00:00:00,-0.2972
FUND31,2025-11-05T00:00:00,-0.496
FUND31,2025-11-06T00:00:00,-0.8607
FUND31,2025-11-07T00:00:00,-0.879
FUND31,2025-11-10T00:00:00,-0.5586
FUND31,2025-11-11T00:00:00,-0.5386
FUND31,2025-11-12T00:00:00,-0.5645
FUND31,2025-11-13T00:00:00,-0.3226
FUND31,2025-11-14T00:00:00,-0.2788
FUND31,2025-11-17T00:00:00,-0.3858
FUND31,2025-11-18T00:00:00,-0.1558
FUND31,2025-11-19T00:00:00,-0.2721
FUND31,2025-11-20T00:00:00,-0.6813
FUND31,2025-11-21T00:00:00,-0.6368
FUND31,2025-11-24T00:00:00,-0.7054
FUND32,2023-05-08T00:00:00,1.6929
FUND32,2023-05-09T00:00:00,1.9643
FUND32,2023-05-10T00:00:00,1.6489
FUND32,2023-05-11T00:00:00,1.9775
FUND32,2023-05-12T00:00:00,1.9257
FUND32,2023-05-15T00:00:00,1.6837
FUND32,2023-05-16T00:00:00,1.6666
FUND32,2023-05-17T00:00:00,1.5811
FUND32,2023-05-18T00:00:00,1.3842
FUND32,2023-05-19T00:00:00,1.6622
FUND32,2023-05-22T00:00:00,1.9688
FUND32,2023-05-23T00:00:00,1.6398
FUND32,2023-05-24T00:00:00,1.3782
FUND32,2023-05-25T00:00:00,1.5138
FUND32,2023-05-26T00:00:00,1.802
FUND32,2023-05-29T00:00:00,1.6985
FUND32,2023-05-30T00:00:00,1.7655
FUND32,2023-05-31T00:00:00,1.5842
FUND32,2023-06-01T00:00:00,1.7516
FUND32,2023-06-02T00:00:00,1.5535
FUND32,2023-06-05T00:00:00,1.7581
FUND32,2023-06-06T00:00:00,1.8157
FUND32,2023-06-07T00:00:00,1.856
FUND32,2023-06-08T00:00:00,2.2006
FUND32,2023-06-09T00:00:00,2.1601
FUND32,2023-06-12T00:00:00,2.1679
FUND32,2023-06-13T00:00:00,2.3404
FUND32,2023-06-14T00:00:00,2.3167
FUND32,2023-06-15T00:00:00,2.6865
FUND32,2023-06-16T00:00:00,2.6173
FUND32,2023-06-19T00:00:00,2.9471
FUND32,2023-06-20T00:00:00,3.3127
FUND32,2023-06-21T00:00:00,3.256
FUND32,2023-06-22T00:00:00,3.3696
FUND32,2023-06-23T00:00:00,3.118
FUND32,2023-06-26T00:00:00,3.3064
FUND32,2023-06-27T00:00:00,3.0737
FUND32,2023-06-28T00:00:00,3.1921
FUND32,2023-06-29T00:00:00,3.4038
FUND32,2023-06-30T00:00:00,3.3526
FUND32,2023-07-03T00:00:00,3.5039
FUND32,2023-07-04T00:00:00,3.0316
FUND32,2023-07-05T00:00:00,3.1444
FUND32,2023-07-06T00:00:00,3.4873
FUND32,2023-07-07T00:00:00,3.6079
FUND32,2023-07-10T00:00:00,3.4357
FUND32,2023-07-11T00:00:00,3.2732
FUND32,2023-07-12T00:00:00,3.2424
FUND32,2023-07-13T00:00:00,3.2467
FUND32,2023-07-14T00:00:00,2.7842
FUND32,2023-07-17T00:00:00,2.7117
FUND32,2023-07-18T00:00:00,2.6668
FUND32,2023-07-19T00:00:00,2.5642
FUND32,2023-07-20T00:00:00,2.8061
FUND32,2023-07-21T00:00:00,2.9155
FUND32,2023-07-24T00:00:00,3.0989
FUND32,2023-07-25T00:00:00,2.7872
FUND32,2023-07-26T00:00:00,2.3823
FUND32,2023-07-27T00:00:00,1.6977
FUND32,2023-07-28T00:00:00,1.7726
FUND32,2023-07-31T00:00:00,1.8756
FUND32,2023-08-01T00:00:00,1.726
FUND32,2023-08-02T00:00:00,1.5601
FUND32,2023-08-03T00:00:00,1.7732
FUND32,2023-08-04T00:00:00,1.6498
FUND32,2023-08-07T00:00:00,1.6712
FUND32,2023-08-08T00:00:00,1.8929
FUND32,2023-08-09T00:00:00,1.7182
FUND32,2023-08-10T00:00:00,1.7355
FUND32,2023-08-11T00:00:00,1.357
FUND32,2023-08-14T00:00:00,1.2464
FUND32,2023-08-15T00:00:00,0.9814
FUND32,2023-08-16T00:00:00,1.2133
FUND32,2023-08-17T00:00:00,1.2465
FUND32,2023-08-18T00:00:00,0.8505
FUND32,2023-08-21T00:00:00,0.8109
FUND32,2023-08-22T00:00:00,0.9369
FUND32,2023-08-23T00:00:00,1.0758
FUND32,2023-08-24T00:00:00,1.2079
FUND32,2023-08-25T00:00:00,1.0968
FUND32,2023-08-28T00:00:00,1.3349
FUND32,2023-08-29T00:00:00,1.2029
FUND32,2023-08-30T00:00:00,1.1934
FUND32,2023-08-31T00:00:00,0.8501
FUND32,2023-09-01T00:00:00,0.9476
FUND32,2023-09-04T00:00:00,1.2524
FUND32,2023-09-05T00:00:00,1.6972
FUND32,2023-09-06T00:00:00,1.7928
FUND32,2023-09-07T00:00:00,1.9613
FUND32,2023-09-08T00:00:00,1.9957
FUND32,2023-09-11T00:00:00,1.8627
FUND32,2023-09-12T00:00:00,2.0933
FUND32,2023-09-13T00:00:00,2.281
FUND32,2023-09-14T00:00:00,1.9924
FUND32,2023-09-15T00:00:00,2.265
FUND32,2023-09-18T00:00:00,2.6883
FUND32,2023-09-19T00:00:00,2.5576
FUND32,2023-09-20T00:00:00,2.7648
FUND32,2023-09-21T00:00:00,2.3638
FUND32,2023-09-22T00:00:00,2.11
FUND32,2023-09-25T00:00:00,1.7286
FUND32,2023-09-26T00:00:00,2.0427
FUND32,2023-09-27T00:00:00,2.3059
FUND32,2023-09-28T00:00:00,2.0759
FUND32,2023-09-29T00:00:00,1.6981
FUND32,2023-10-02T00:00:00,1.7376
FUND32,2023-10-03T00:00:00,1.493
FUND32,2023-10-04T00:00:00,1.7928
FUND32,2023-10-05T00:00:00,1.5604
FUND32,2023-10-06T00:00:00,1.6243
FUND32,2023-10-09T00:00:00,1.2808
FUND32,2023-10-10T00:00:00,1.0491
FUND32,2023-10-11T00:00:00,1.294
FUND32,2023-10-12T00:00:00,1.4459
FUND32,2023-10-13T00:00:00,1.7146
FUND32,2023-10-16T00:00:00,1.4836
FUND32,2023-10-17T00:00:00,1.3216
FUND32,2023-10-18T00:00:00,1.5992
FUND32,2023-10-19T00:00:00,1.5274
FUND32,2023-10-20T00:00:00,1.7741
FUND32,2023-10-23T00:00:00,1.4343
FUND32,2023-10-24T00:00:00,1.4568
FUND32,2023-10-25T00:00:00,1.0857
FUND32,2023-10-26T00:00:00,1.0758
FUND32,2023-10-27T00:00:00,1.349
FUND32,2023-10-30T00:00:00,1.4915
FUND32,2023-10-31T00:00:00,1.7431
FUND32,2023-11-01T00:00:00,1.6856
FUND32,2023-11-02T00:00:00,1.9017
FUND32,2023-11-03T00:00:00,2.0427
FUND32,2023-11-06T00:00:00,2.1772
FUND32,2023-11-07T00:00:00,2.307
FUND32,2023-11-08T00:00:00,2.0237
FUND32,2023-11-09T00:00:00,1.6288
FUND32,2023-11-10T00:00:00,1.5728
FUND32,2023-11-13T00:00:00,1.5634
FUND32,2023-11-14T00:00:00,1.6314
FUND32,2023-11-15T00:00:00,1.5955
FUND32,2023-11-16T00:00:00,1.5184
FUND32,2023-11-17T00:00:00,1.8837
FUND32,2023-11-20T00:00:00,2.2074
FUND32,2023-11-21T00:00:00,2.0448
FUND32,2023-11-22T00:00:00,2.4922
FUND32,2023-11-23T00:00:00,2.603
FUND32,2023-11-24T00:00:00,2.4013
FUND32,2023-11-27T00:00:00,2.1946
FUND32,2023-11-28T00:00:00,2.416
FUND32,2023-11-29T00:00:00,2.6921
FUND32,2023-11-30T00:00:00,2.8438
FUND32,2023-12-01T00:00:00,2.3894
FUND32,2023-12-04T00:00:00,2.3153
FUND32,2023-12-05T00:00:00,2.6598
FUND32,2023-12-06T00:00:00,3.0346
FUND32,2023-12-07T00:00:00,3.152
FUND32,2023-12-08T00:00:00,3.3443
FUND32,2023-12-11T00:00:00,3.1161
FUND32,2023-12-12T00:00:00,2.7933
FUND32,2023-12-13T00:00:00,3.0813
FUND32,2023-12-14T00:00:00,3.3783
FUND32,2023-12-15T00:00:00,3.2272
FUND32,2023-12-18T00:00:00,2.9147
FUND32,2023-12-19T00:00:00,3.8537
FUND32,2023-12-20T00:00:00,3.9708
FUND32,2023-12-21T00:00:00,4.1565
FUND32,2023-12-22T00:00:00,4.1119
FUND32,2023-12-25T00:00:00,4.2683
FUND32,2023-12-26T00:00:00,4.0206
FUND32,2023-12-27T00:00:00,4.0385
FUND32,2023-12-28T00:00:00,4.0139
FUND32,2023-12-29T00:00:00,4.1407
FUND32,2024-01-01T00:00:00,4.2155
FUND32,2024-01-02T00:00:00,4.2258
FUND32,2024-01-03T00:00:00,4.4404
FUND32,2024-01-04T00:00:00,4.4149
FUND32,2024-01-05T00:00:00,4.4434
FUND32,2024-01-08T00:00:00,4.4016
FUND32,2024-01-09T00:00:00,4.2426
FUND32,2024-01-10T00:00:00,4.3066
FUND32,2024-01-11T00:00:00,4.3795
FUND32,2024-01-12T00:00:00,4.2204
FUND32,2024-01-15T00:00:00,4.4156
FUND32,2024-01-16T00:00:00,4.1447
FUND32,2024-01-17T00:00:00,4.1269
FUND32,2024-01-18T00:00:00,4.3597
FUND32,2024-01-19T00:00:00,4.1019
FUND32,2024-01-22T00:00:00,3.9257
FUND32,2024-01-23T00:00:00,4.087
FUND32,2024-01-24T00:00:00,4.2079
FUND32,2024-01-25T00:00:00,4.853
FUND32,2024-01-26T00:00:00,5.0871
FUND32,2024-01-29T00:00:00,4.8674
FUND32,2024-01-30T00:00:00,4.718
FUND32,2024-01-31T00:00:00,4.526
FUND32,2024-02-01T00:00:00,4.7437
FUND32,2024-02-02T00:00:00,5.2826
FUND32,2024-02-05T00:00:00,5.3946
FUND32,2024-02-06T00:00:00,5.4066
FUND32,2024-02-07T00:00:00,5.1374
FUND32,2024-02-08T00:00:00,5.4272
FUND32,2024-02-09T00:00:00,5.4241
FUND32,2024-02-12T00:00:00,5.5135
FUND32,2024-02-13T00:00:00,5.5733
FUND32,2024-02-14T00:00:00,5.3258
FUND32,2024-02-15T00:00:00,5.1365
FUND32,2024-02-16T00:00:00,4.4641
FUND32,2024-02-19T00:00:00,4.7181
FUND32,2024-02-20T00:00:00,4.6604
FUND32,2024-02-21T00:00:00,4.4221
FUND32,2024-02-22T00:00:00,3.777
FUND32,2024-02-23T00:00:00,3.4477
FUND32,2024-02-26T00:00:00,3.399
FUND32,2024-02-27T00:00:00,3.4536
FUND32,2024-02-28T00:00:00,3.3763
FUND32,2024-02-29T00:00:00,3.7451
FUND32,2024-03-01T00:00:00,3.6791
FUND32,2024-03-04T00:00:00,3.8985
FUND32,2024-03-05T00:00:00,3.71
FUND32,2024-03-06T00:00:00,3.5711
FUND32,2024-03-07T00:00:00,3.5823
FUND32,2024-03-08T00:00:00,3.6358
FUND32,2024-03-11T00:00:00,3.2808
FUND32,2024-03-12T00:00:00,3.5856
FUND32,2024-03-13T00:00:00,4.1608
FUND32,2024-03-14T00:00:00,4.2768
FUND32,2024-03-15T00:00:00,4.3877
FUND32,2024-03-18T00:00:00,4.6532
FUND32,2024-03-19T00:00:00,4.7313
FUND32,2024-03-20T00:00:00,4.8289
FUND32,2024-03-21T00:00:00,4.9695
FUND32,2024-03-22T00:00:00,4.9184
FUND32,2024-03-25T00:00:00,4.8162
FUND32,2024-03-26T00:00:00,4.9669
FUND32,2024-03-27T00:00:00,4.7795
FUND32,2024-03-28T00:00:00,4.4311
FUND32,2024-03-29T00:00:00,4.4491
FUND32,2024-04-01T00:00:00,4.7391
FUND32,2024-04-02T00:00:00,4.7182
FUND32,2024-04-03T00:00:00,4.319
FUND32,2024-04-04T00:00:00,4.719
FUND32,2024-04-05T00:00:00,4.8457
FUND32,2024-04-08T00:00:00,4.7212
FUND32,2024-04-09T00:00:00,4.7872
FUND32,2024-04-10T00:00:00,4.5829
FUND32,2024-04-11T00:00:00,4.0635
FUND32,2024-04-12T00:00:00,3.9004
FUND32,2024-04-15T00:00:00,3.7982
FUND32,2024-04-16T00:00:00,4.2636
FUND32,2024-04-17T00:00:00,3.8433
FUND32,2024-04-18T00:00:00,3.4472
FUND32,2024-04-19T00:00:00,3.7855
FUND32,2024-04-22T00:00:00,3.8965
FUND32,2024-04-23T00:00:00,3.4431
FUND32,2024-04-24T00:00:00,3.3268
FUND32,2024-04-25T00:00:00,3.1519
FUND32,2024-04-26T00:00:00,3.5291
FUND32,2024-04-29T00:00:00,3.2203
FUND32,2024-04-30T00:00:00,3.3357
FUND32,2024-05-01T00:00:00,3.5595
FUND32,2024-05-02T00:00:00,3.5791
FUND32,2024-05-03T00:00:00,3.5607
FUND32,2024-05-06T00:00:00,3.26
FUND32,2024-05-07T00:00:00,3.4121
FUND32,2024-05-08T00:00:00,3.1635
FUND32,2024-05-09T00:00:00,3.4089
FUND32,2024-05-10T00:00:00,3.0179
FUND32,2024-05-13T00:00:00,2.8403
FUND32,2024-05-14T00:00:00,2.8373
FUND32,2024-05-15T00:00:00,2.6428
FUND32,2024-05-16T00:00:00,2.5322
FUND32,2024-05-17T00:00:00,2.4785
FUND32,2024-05-20T00:00:00,2.1835
FUND32,2024-05-21T00:00:00,1.9555
FUND32,2024-05-22T00:00:00,2.0349
FUND32,2024-05-23T00:00:00,2.1267
FUND32,2024-05-24T00:00:00,2.1419
FUND32,2024-05-27T00:00:00,2.124
FUND32,2024-05-28T00:00:00,2.2992
FUND32,2024-05-29T00:00:00,1.9967
FUND32,2024-05-30T00:00:00,1.6428
FUND32,2024-05-31T00:00:00,1.2393
FUND32,2024-06-03T00:00:00,1.719
FUND32,2024-06-04T00:00:00,2.0204
FUND32,2024-06-05T00:00:00,1.9368
FUND32,2024-06-06T00:00:00,1.7881
FUND32,2024-06-07T00:00:00,1.5432
FUND32,2024-06-10T00:00:00,1.5968
FUND32,2024-06-11T00:00:00,1.4587
FUND32,2024-06-12T00:00:00,1.5427
FUND32,2024-06-13T00:00:00,1.7107
FUND32,2024-06-14T00:00:00,1.3572
FUND32,2024-06-17T00:00:00,1.1459
FUND32,2024-06-18T00:00:00,1.2845
FUND32,2024-06-19T00:00:00,1.5265
FUND32,2024-06-20T00:00:00,1.5807
FUND32,2024-06-21T00:00:00,1.847
FUND32,2024-06-24T00:00:00,1.7753
FUND32,2024-06-25T00:00:00,1.6784
FUND32,2024-06-26T00:00:00,1.3723
FUND32,2024-06-27T00:00:00,1.8877
FUND32,2024-06-28T00:00:00,1.8425
FUND32,2024-07-01T00:00:00,2.141
FUND32,2024-07-02T00:00:00,2.2908
FUND32,2024-07-03T00:00:00,2.6811
FUND32,2024-07-04T00:00:00,2.4163
FUND32,2024-07-05T00:00:00,2.4202
FUND32,2024-07-08T00:00:00,2.1045
FUND32,2024-07-09T00:00:00,2.0683
FUND32,2024-07-10T00:00:00,1.8901
FUND32,2024-07-11T00:00:00,1.5261
FUND32,2024-07-12T00:00:00,1.3208
FUND32,2024-07-15T00:00:00,1.686
FUND32,2024-07-16T00:00:00,1.046
FUND32,2024-07-17T00:00:00,0.5528
FUND32,2024-07-18T00:00:00,0.5748
FUND32,2024-07-19T00:00:00,0.6541
FUND32,2024-07-22T00:00:00,0.6843
FUND32,2024-07-23T00:00:00,0.6536
FUND32,2024-07-24T00:00:00,0.6772
FUND32,2024-07-25T00:00:00,0.2479
FUND32,2024-07-26T00:00:00,0.1457
FUND32,2024-07-29T00:00:00,0.3969
FUND32,2024-07-30T00:00:00,0.5175
FUND32,2024-07-31T00:00:00,0.5105
FUND32,2024-08-01T00:00:00,1.1826
FUND32,2024-08-02T00:00:00,1.3513
FUND32,2024-08-05T00:00:00,0.833
FUND32,2024-08-06T00:00:00,0.4758
FUND32,2024-08-07T00:00:00,0.6252
FUND32,2024-08-08T00:00:00,-0.0897
FUND32,2024-08-09T00:00:00,0.0626
FUND32,2024-08-12T00:00:00,0.1425
FUND32,2024-08-13T00:00:00,-0.2141
FUND32,2024-08-14T00:00:00,0.0888
FUND32,2024-08-15T00:00:00,0.4016
FUND32,2024-08-16T00:00:00,0.0839
FUND32,2024-08-19T00:00:00,-0.0834
FUND32,2024-08-20T00:00:00,-0.8446
FUND32,2024-08-21T00:00:00,-1.1051
FUND32,2024-08-22T00:00:00,-0.7061
FUND32,2024-08-23T00:00:00,-0.8511
FUND32,2024-08-26T00:00:00,-0.6817
FUND32,2024-08-27T00:00:00,-0.4233
FUND32,2024-08-28T00:00:00,-0.9132
FUND32,2024-08-29T00:00:00,-0.4232
FUND32,2024-08-30T00:00:00,-0.6609
FUND32,2024-09-02T00:00:00,-0.4401
FUND32,2024-09-03T00:00:00,-0.1392
FUND32,2024-09-04T00:00:00,-0.0462
FUND32,2024-09-05T00:00:00,0.3909
FUND32,2024-09-06T00:00:00,0.4534
FUND32,2024-09-09T00:00:00,0.5945
FUND32,2024-09-10T00:00:00,0.5546
FUND32,2024-09-11T00:00:00,0.5504
FUND32,2024-09-12T00:00:00,0.3671
FUND32,2024-09-13T00:00:00,0.3726
FUND32,2024-09-16T00:00:00,0.731
FUND32,2024-09-17T00:00:00,0.782
FUND32,2024-09-18T00:00:00,1.0743
FUND32,2024-09-19T00:00:00,0.9703
FUND32,2024-09-20T00:00:00,1.2986
FUND32,2024-09-23T00:00:00,1.2417
FUND32,2024-09-24T00:00:00,1.2681
FUND32,2024-09-25T00:00:00,1.2551
FUND32,2024-09-26T00:00:00,1.3106
FUND32,2024-09-27T00:00:00,1.4895
FUND32,2024-09-30T00:00:00,1.3811
FUND32,2024-10-01T00:00:00,1.3511
FUND32,2024-10-02T00:00:00,1.6664
FUND32,2024-10-03T00:00:00,1.8328
FUND32,2024-10-04T00:00:00,1.8072
FUND32,2024-10-07T00:00:00,1.8627
FUND32,2024-10-08T00:00:00,1.9018
FUND32,2024-10-09T00:00:00,1.9673
FUND32,2024-10-10T00:00:00,1.898
FUND32,2024-10-11T00:00:00,2.1231
FUND32,2024-10-14T00:00:00,1.9068
FUND32,2024-10-15T00:00:00,2.017
FUND32,2024-10-16T00:00:00,2.0905
FUND32,2024-10-17T00:00:00,1.8892
FUND32,2024-10-18T00:00:00,2.3417
FUND32,2024-10-21T00:00:00,2.6506
FUND32,2024-10-22T00:00:00,2.4662
FUND32,2024-10-23T00:00:00,2.3796
FUND32,2024-10-24T00:00:00,2.5812
FUND32,2024-10-25T00:00:00,2.7256
FUND32,2024-10-28T00:00:00,2.8443
FUND32,2024-10-29T00:00:00,2.7266
FUND32,2024-10-30T00:00:00,3.0922
FUND32,2024-10-31T00:00:00,3.1529
FUND32,2024-11-01T00:00:00,3.6428
FUND32,2024-11-04T00:00:00,3.4902
FUND32,2024-11-05T00:00:00,3.3376
FUND32,2024-11-06T00:00:00,3.4605
FUND32,2024-11-07T00:00:00,3.2992
FUND32,2024-11-08T00:00:00,3.1529
FUND32,2024-11-11T00:00:00,2.598
FUND32,2024-11-12T00:00:00,2.8201
FUND32,2024-11-13T00:00:00,2.5712
FUND32,2024-11-14T00:00:00,2.5678
FUND32,2024-11-15T00:00:00,2.4364
FUND32,2024-11-18T00:00:00,2.3824
FUND32,2024-11-19T00:00:00,2.7726
FUND32,2024-11-20T00:00:00,2.5885
FUND32,2024-11-21T00:00:00,2.1729
FUND32,2024-11-22T00:00:00,2.0447
FUND32,2024-11-25T00:00:00,2.1665
FUND32,2024-11-26T00:00:00,2.1137
FUND32,2024-11-27T00:00:00,1.8862
FUND32,2024-11-28T00:00:00,2.1269
FUND32,2024-11-29T00:00:00,2.0796
FUND32,2024-12-02T00:00:00,1.9185
FUND32,2024-12-03T00:00:00,1.8185
FUND32,2024-12-04T00:00:00,2.0073
FUND32,2024-12-05T00:00:00,1.9548
FUND32,2024-12-06T00:00:00,1.8427
FUND32,2024-12-09T00:00:00,2.2051
FUND32,2024-12-10T00:00:00,2.2998
FUND32,2024-12-11T00:00:00,2.4693
FUND32,2024-12-12T00:00:00,2.9825
FUND32,2024-12-13T00:00:00,2.8621
FUND32,2024-12-16T00:00:00,3.0857
FUND32,2024-12-17T00:00:00,3.156
FUND32,2024-12-18T00:00:00,2.4889
FUND32,2024-12-19T00:00:00,2.5788
FUND32,2024-12-20T00:00:00,2.8059
FUND32,2024-12-23T00:00:00,2.8125
FUND32,2024-12-24T00:00:00,3.0606
FUND32,2024-12-25T00:00:00,3.2048
FUND32,2024-12-26T00:00:00,3.0016
FUND32,2024-12-27T00:00:00,3.0731
FUND32,2024-12-30T00:00:00,2.9088
FUND32,2024-12-31T00:00:00,2.8325
FUND32,2025-01-01T00:00:00,3.1574
FUND32,2025-01-02T00:00:00,2.8776
FUND32,2025-01-03T00:00:00,3.0695
FUND32,2025-01-06T00:00:00,2.995
FUND32,2025-01-07T00:00:00,2.7963
FUND32,2025-01-08T00:00:00,2.6245
FUND32,2025-01-09T00:00:00,2.1281
FUND32,2025-01-10T00:00:00,2.0612
FUND32,2025-01-13T00:00:00,1.8664
FUND32,2025-01-14T00:00:00,1.8124
FUND32,2025-01-15T00:00:00,2.0484
FUND32,2025-01-16T00:00:00,1.9821
FUND32,2025-01-17T00:00:00,2.2653
FUND32,2025-01-20T00:00:00,1.813
FUND32,2025-01-21T00:00:00,1.5355
FUND32,2025-01-22T00:00:00,1.2428
FUND32,2025-01-23T00:00:00,1.5451
FUND32,2025-01-24T00:00:00,1.4093
FUND32,2025-01-27T00:00:00,1.6335
FUND32,2025-01-28T00:00:00,1.7037
FUND32,2025-01-29T00:00:00,1.8319
FUND32,2025-01-30T00:00:00,1.654
FUND32,2025-01-31T00:00:00,1.2395
FUND32,2025-02-03T00:00:00,1.3338
FUND32,2025-02-04T00:00:00,1.4218
FUND32,2025-02-05T00:00:00,1.3872
FUND32,2025-02-06T00:00:00,1.6519
FUND32,2025-02-07T00:00:00,1.5779
FUND32,2025-02-10T00:00:00,1.2739
FUND32,2025-02-11T00:00:00,1.1257
FUND32,2025-02-12T00:00:00,1.4305
FUND32,2025-02-13T00:00:00,1.0057
FUND32,2025-02-14T00:00:00,1.0015
FUND32,2025-02-17T00:00:00,1.1098
FUND32,2025-02-18T00:00:00,1.0959
FUND32,2025-02-19T00:00:00,0.5293
FUND32,2025-02-20T00:00:00,0.3071
FUND32,2025-02-21T00:00:00,0.0193
FUND32,2025-02-24T00:00:00,0.0774
FUND32,2025-02-25T00:00:00,0.193
FUND32,2025-02-26T00:00:00,-0.1755
FUND32,2025-02-27T00:00:00,-0.0615
FUND32,2025-02-28T00:00:00,-0.2586
FUND32,2025-03-03T00:00:00,-0.5233
FUND32,2025-03-04T00:00:00,-0.2658
FUND32,2025-03-05T00:00:00,-0.3036
FUND32,2025-03-06T00:00:00,-0.3326
FUND32,2025-03-07T00:00:00,-0.7928
FUND32,2025-03-10T00:00:00,-0.9425
FUND32,2025-03-11T00:00:00,-0.7823
FUND32,2025-03-12T00:00:00,-0.8522
FUND32,2025-03-13T00:00:00,-0.7185
FUND32,2025-03-14T00:00:00,-0.7552
FUND32,2025-03-17T00:00:00,-0.348
FUND32,2025-03-18T00:00:00,-0.4646
FUND32,2025-03-19T00:00:00,0.1024
FUND32,2025-03-20T00:00:00,0.3099
FUND32,2025-03-21T00:00:00,0.2835
FUND32,2025-03-24T00:00:00,0.0554
FUND32,2025-03-25T00:00:00,0.0406
FUND32,2025-03-26T00:00:00,0.5456
FUND32,2025-03-27T00:00:00,1.0675
FUND32,2025-03-28T00:00:00,1.1616
FUND32,2025-03-31T00:00:00,1.0535
FUND32,2025-04-01T00:00:00,1.0145
FUND32,2025-04-02T00:00:00,1.3036
FUND32,2025-04-03T00:00:00,1.5329
FUND32,2025-04-04T00:00:00,1.3669
FUND32,2025-04-07T00:00:00,1.2804
FUND32,2025-04-08T00:00:00,1.1002
FUND32,2025-04-09T00:00:00,0.9615
FUND32,2025-04-10T00:00:00,1.0105
FUND32,2025-04-11T00:00:00,0.8115
FUND32,2025-04-14T00:00:00,1.0351
FUND32,2025-04-15T00:00:00,1.2598
FUND32,2025-04-16T00:00:00,1.2212
FUND32,2025-04-17T00:00:00,1.0556
FUND32,2025-04-18T00:00:00,0.9651
FUND32,2025-04-21T00:00:00,1.0347
FUND32,2025-04-22T00:00:00,0.9253
FUND32,2025-04-23T00:00:00,1.6599
FUND32,2025-04-24T00:00:00,1.7638
FUND32,2025-04-25T00:00:00,1.7408
FUND32,2025-04-28T00:00:00,2.2751
FUND32,2025-04-29T00:00:00,2.2406
FUND32,2025-04-30T00:00:00,2.5344
FUND32,2025-05-01T00:00:00,2.4283
FUND32,2025-05-02T00:00:00,2.123
FUND32,2025-05-05T00:00:00,2.3864
FUND32,2025-05-06T00:00:00,2.6968
FUND32,2025-05-07T00:00:00,2.9854
FUND32,2025-05-08T00:00:00,2.8024
FUND32,2025-05-09T00:00:00,2.668
FUND32,2025-05-12T00:00:00,2.6373
FUND32,2025-05-13T00:00:00,2.7115
FUND32,2025-05-14T00:00:00,2.7682
FUND32,2025-05-15T00:00:00,2.5234
FUND32,2025-05-16T00:00:00,2.6908
FUND32,2025-05-19T00:00:00,2.8189
FUND32,2025-05-20T00:00:00,2.8854
FUND32,2025-05-21T00:00:00,2.6709
FUND32,2025-05-22T00:00:00,2.7984
FUND32,2025-05-23T00:00:00,2.6788
FUND32,2025-05-26T00:00:00,2.7446
FUND32,2025-05-27T00:00:00,2.7533
FUND32,2025-05-28T00:00:00,2.7944
FUND32,2025-05-29T00:00:00,2.4755
FUND32,2025-05-30T00:00:00,2.3095
FUND32,2025-06-02T00:00:00,2.1026
FUND32,2025-06-03T00:00:00,2.2807
FUND32,2025-06-04T00:00:00,1.763
FUND32,2025-06-05T00:00:00,1.8077
FUND32,2025-06-06T00:00:00,2.0438
FUND32,2025-06-09T00:00:00,2.2544
FUND32,2025-06-10T00:00:00,2.193
FUND32,2025-06-11T00:00:00,2.1066
FUND32,2025-06-12T00:00:00,1.8603
FUND32,2025-06-13T00:00:00,2.0295
FUND32,2025-06-16T00:00:00,2.0414
FUND32,2025-06-17T00:00:00,1.8235
FUND32,2025-06-18T00:00:00,1.4318
FUND32,2025-06-19T00:00:00,1.7864
FUND32,2025-06-20T00:00:00,1.631
FUND32,2025-06-23T00:00:00,1.4686
FUND32,2025-06-24T00:00:00,1.4457
FUND32,2025-06-25T00:00:00,2.0062
FUND32,2025-06-26T00:00:00,2.2806
FUND32,2025-06-27T00:00:00,2.361
FUND32,2025-06-30T00:00:00,2.2214
FUND32,2025-07-01T00:00:00,2.2688
FUND32,2025-07-02T00:00:00,2.6149
FUND32,2025-07-03T00:00:00,2.0403
FUND32,2025-07-04T00:00:00,2.283
FUND32,2025-07-07T00:00:00,2.4164
FUND32,2025-07-08T00:00:00,1.893
FUND32,2025-07-09T00:00:00,1.8314
FUND32,2025-07-10T00:00:00,1.9931
FUND32,2025-07-11T00:00:00,1.9555
FUND32,2025-07-14T00:00:00,2.1991
FUND32,2025-07-15T00:00:00,2.0897
FUND32,2025-07-16T00:00:00,2.2572
FUND32,2025-07-17T00:00:00,2.2505
FUND32,2025-07-18T00:00:00,2.0064
FUND32,2025-07-21T00:00:00,2.1078
FUND32,2025-07-22T00:00:00,1.9824
FUND32,2025-07-23T00:00:00,1.8512
FUND32,2025-07-24T00:00:00,1.8574
FUND32,2025-07-25T00:00:00,1.9298
FUND32,2025-07-28T00:00:00,1.9494
FUND32,2025-07-29T00:00:00,1.6599
FUND32,2025-07-30T00:00:00,1.4273
FUND32,2025-07-31T00:00:00,1.5
FUND32,2025-08-01T00:00:00,1.3861
FUND32,2025-08-04T00:00:00,1.0134
FUND32,2025-08-05T00:00:00,1.0263
FUND32,2025-08-06T00:00:00,0.9444
FUND32,2025-08-07T00:00:00,0.7113
FUND32,2025-08-08T00:00:00,0.7562
FUND32,2025-08-11T00:00:00,0.907
FUND32,2025-08-12T00:00:00,0.9502
FUND32,2025-08-13T00:00:00,1.0175
FUND32,2025-08-14T00:00:00,0.6347
FUND32,2025-08-15T00:00:00,1.0246
FUND32,2025-08-18T00:00:00,0.9555
FUND32,2025-08-19T00:00:00,0.9957
FUND32,2025-08-20T00:00:00,1.0677
FUND32,2025-08-21T00:00:00,1.4857
FUND32,2025-08-22T00:00:00,1.7112
FUND32,2025-08-25T00:00:00,1.6019
FUND32,2025-08-26T00:00:00,1.7329
FUND32,2025-08-27T00:00:00,1.4264
FUND32,2025-08-28T00:00:00,1.2853
FUND32,2025-08-29T00:00:00,1.3415
FUND32,2025-09-01T00:00:00,1.2548
FUND32,2025-09-02T00:00:00,1.5276
FUND32,2025-09-03T00:00:00,1.798
FUND32,2025-09-04T00:00:00,1.698
FUND32,2025-09-05T00:00:00,1.8836
FUND32,2025-09-08T00:00:00,1.5679
FUND32,2025-09-09T00:00:00,1.2882
FUND32,2025-09-10T00:00:00,0.7175
FUND32,2025-09-11T00:00:00,0.7824
FUND32,2025-09-12T00:00:00,0.5719
FUND32,2025-09-15T00:00:00,0.132
FUND32,2025-09-16T00:00:00,-0.0728
FUND32,2025-09-17T00:00:00,-0.4369
FUND32,2025-09-18T00:00:00,-0.1625
FUND32,2025-09-19T00:00:00,-0.672
FUND32,2025-09-22T00:00:00,-0.6606
FUND32,2025-09-23T00:00:00,-0.2265
FUND32,2025-09-24T00:00:00,-0.0325
FUND32,2025-09-25T00:00:00,0.2716
FUND32,2025-09-26T00:00:00,0.323
FUND32,2025-09-29T00:00:00,0.3295
FUND32,2025-09-30T00:00:00,0.7154
FUND32,2025-10-01T00:00:00,0.7122
FUND32,2025-10-02T00:00:00,0.8028
FUND32,2025-10-03T00:00:00,1.0562
FUND32,2025-10-06T00:00:00,1.4686
FUND32,2025-10-07T00:00:00,1.3622
FUND32,2025-10-08T00:00:00,1.6129
FUND32,2025-10-09T00:00:00,1.4076
FUND32,2025-10-10T00:00:00,1.0932
FUND32,2025-10-13T00:00:00,1.0814
FUND32,2025-10-14T00:00:00,0.9564
FUND32,2025-10-15T00:00:00,0.7698
FUND32,2025-10-16T00:00:00,0.8983
FUND32,2025-10-17T00:00:00,1.0199
FUND32,2025-10-20T00:00:00,1.0711
FUND32,2025-10-21T00:00:00,0.829
FUND32,2025-10-22T00:00:00,1.522
FUND32,2025-10-23T00:00:00,1.5962
FUND32,2025-10-24T00:00:00,1.3883
FUND32,2025-10-27T00:00:00,1.6682
FUND32,2025-10-28T00:00:00,1.5894
FUND32,2025-10-29T00:00:00,1.6327
FUND32,2025-10-30T00:00:00,1.748
FUND32,2025-10-31T00:00:00,1.3181
FUND32,2025-11-03T00:00:00,1.0974
FUND32,2025-11-04T00:00:00,0.7312
FUND32,2025-11-05T00:00:00,0.6429
FUND32,2025-11-06T00:00:00,0.9606
FUND32,2025-11-07T00:00:00,0.6559
FUND32,2025-11-10T00:00:00,0.8652
FUND32,2025-11-11T00:00:00,1.2489
FUND32,2025-11-12T00:00:00,1.287
FUND32,2025-11-13T00:00:00,1.1075
FUND32,2025-11-14T00:00:00,0.9775
FUND32,2025-11-17T00:00:00,0.7718
FUND32,2025-11-18T00:00:00,0.3398
FUND32,2025-11-19T00:00:00,0.0299
FUND32,2025-11-20T00:00:00,0.0862
FUND32,2025-11-21T00:00:00,0.1291
FUND32,2025-11-24T00:00:00,0.3436
FUND33,2023-05-08T00:00:00,0.3413
FUND33,2023-05-09T00:00:00,0.5236
FUND33,2023-05-10T00:00:00,0.676
FUND33,2023-05-11T00:00:00,0.7422
FUND33,2023-05-12T00:00:00,1.0777
FUND33,2023-05-15T00:00:00,0.9488
FUND33,2023-05-16T00:00:00,0.7033
FUND33,2023-05-17T00:00:00,0.1905
FUND33,2023-05-18T00:00:00,0.3218
FUND33,2023-05-19T00:00:00,0.285
FUND33,2023-05-22T00:00:00,0.0596
FUND33,2023-05-23T00:00:00,-0.069
FUND33,2023-05-24T00:00:00,0.2246
FUND33,2023-05-25T00:00:00,0.5086
FUND33,2023-05-26T00:00:00,0.3396
FUND33,2023-05-29T00:00:00,0.1879
FUND33,2023-05-30T00:00:00,-0.2318
FUND33,2023-05-31T00:00:00,0.1138
FUND33,2023-06-01T00:00:00,-0.2661
FUND33,2023-06-02T00:00:00,-0.5974
FUND33,2023-06-05T00:00:00,-0.8329
FUND33,2023-06-06T00:00:00,-0.8244
FUND33,2023-06-07T00:00:00,-0.7655
FUND33,2023-06-08T00:00:00,-1.0009
FUND33,2023-06-09T00:00:00,-0.9015
FUND33,2023-06-12T00:00:00,-0.7116
FUND33,2023-06-13T00:00:00,-0.4778
FUND33,2023-06-14T00:00:00,-0.7907
FUND33,2023-06-15T00:00:00,-1.1034
FUND33,2023-06-16T00:00:00,-1.3785
FUND33,2023-06-19T00:00:00,-1.7222
FUND33,2023-06-20T00:00:00,-1.9427
FUND33,2023-06-21T00:00:00,-2.4681
FUND33,2023-06-22T00:00:00,-2.4986
FUND33,2023-06-23T00:00:00,-2.3372
FUND33,2023-06-26T00:00:00,-2.4991
FUND33,2023-06-27T00:00:00,-2.5962
FUND33,2023-06-28T00:00:00,-2.738
FUND33,2023-06-29T00:00:00,-2.4732
FUND33,2023-06-30T00:00:00,-2.4843
FUND33,2023-07-03T00:00:00,-2.1245
FUND33,2023-07-04T00:00:00,-2.3774
FUND33,2023-07-05T00:00:00,-2.2137
FUND33,2023-07-06T00:00:00,-2.3992
FUND33,2023-07-07T00:00:00,-2.3863
FUND33,2023-07-10T00:00:00,-2.5425
FUND33,2023-07-11T00:00:00,-2.3435
FUND33,2023-07-12T00:00:00,-2.4586
FUND33,2023-07-13T00:00:00,-1.8562
FUND33,2023-07-14T00:00:00,-1.9229
FUND33,2023-07-17T00:00:00,-2.0246
FUND33,2023-07-18T00:00:00,-1.7815
FUND33,2023-07-19T00:00:00,-1.924
FUND33,2023-07-20T00:00:00,-2.2519
FUND33,2023-07-21T00:00:00,-1.5519
FUND33,2023-07-24T00:00:00,-1.3163
FUND33,2023-07-25T00:00:00,-1.4208
FUND33,2023-07-26T00:00:00,-1.2152
FUND33,2023-07-27T00:00:00,-1.2198
FUND33,2023-07-28T00:00:00,-1.1574
FUND33,2023-07-31T00:00:00,-1.0823
FUND33,2023-08-01T00:00:00,-0.9617
FUND33,2023-08-02T00:00:00,-0.6909
FUND33,2023-08-03T00:00:00,-0.9337
FUND33,2023-08-04T00:00:00,-0.9122
FUND33,2023-08-07T00:00:00,-0.5274
FUND33,2023-08-08T00:00:00,-0.905
FUND33,2023-08-09T00:00:00,-0.9662
FUND33,2023-08-10T00:00:00,-0.8077
FUND33,2023-08-11T00:00:00,-0.892
FUND33,2023-08-14T00:00:00,-1.0182
FUND33,2023-08-15T00:00:00,-0.9691
FUND33,2023-08-16T00:00:00,-1.0118
FUND33,2023-08-17T00:00:00,-1.168
FUND33,2023-08-18T00:00:00,-0.6014
FUND33,2023-08-21T00:00:00,-0.4311
FUND33,2023-08-22T00:00:00,-0.2243
FUND33,2023-08-23T00:00:00,0.2684
FUND33,2023-08-24T00:00:00,0.1535
FUND33,2023-08-25T00:00:00,-0.4535
FUND33,2023-08-28T00:00:00,-0.4305
FUND33,2023-08-29T00:00:00,-0.2322
FUND33,2023-08-30T00:00:00,-0.8463
FUND33,2023-08-31T00:00:00,-1.3806
FUND33,2023-09-01T00:00:00,-1.466
FUND33,2023-09-04T00:00:00,-1.2798
FUND33,2023-09-05T00:00:00,-1.2739
FUND33,2023-09-06T00:00:00,-0.8827
FUND33,2023-09-07T00:00:00,-0.9433
FUND33,2023-09-08T00:00:00,-0.7791
FUND33,2023-09-11T00:00:00,-1.0581
FUND33,2023-09-12T00:00:00,-1.1137
FUND33,2023-09-13T00:00:00,-1.1718
FUND33,2023-09-14T00:00:00,-1.3438
FUND33,2023-09-15T00:00:00,-1.6369
FUND33,2023-09-18T00:00:00,-1.3766
FUND33,2023-09-19T00:00:00,-1.4329
FUND33,2023-09-20T00:00:00,-1.3433
FUND33,2023-09-21T00:00:00,-1.0072
FUND33,2023-09-22T00:00:00,-0.7247
FUND33,2023-09-25T00:00:00,-0.4114
FUND33,2023-09-26T00:00:00,-0.3242
FUND33,2023-09-27T00:00:00,-0.5749
FUND33,2023-09-28T00:00:00,-0.7728
FUND33,2023-09-29T00:00:00,-0.39
FUND33,2023-10-02T00:00:00,-0.3079
FUND33,2023-10-03T00:00:00,-0.2117
FUND33,2023-10-04T00:00:00,0.0524
FUND33,2023-10-05T00:00:00,0.7115
FUND33,2023-10-06T00:00:00,1.0647
FUND33,2023-10-09T00:00:00,1.2011
FUND33,2023-10-10T00:00:00,1.3075
FUND33,2023-10-11T00:00:00,1.1693
FUND33,2023-10-12T00:00:00,1.5177
FUND33,2023-10-13T00:00:00,1.706
FUND33,2023-10-16T00:00:00,1.7368
FUND33,2023-10-17T00:00:00,1.5254
FUND33,2023-10-18T00:00:00,1.4246
FUND33,2023-10-19T00:00:00,1.6808
FUND33,2023-10-20T00:00:00,1.8693
FUND33,2023-10-23T00:00:00,1.8128
FUND33,2023-10-24T00:00:00,1.645
FUND33,2023-10-25T00:00:00,1.8553
FUND33,2023-10-26T00:00:00,1.9376
FUND33,2023-10-27T00:00:00,1.6826
FUND33,2023-10-30T00:00:00,1.6616
FUND33,2023-10-31T00:00:00,1.5758
FUND33,2023-11-01T00:00:00,1.3769
FUND33,2023-11-02T00:00:00,1.4884
FUND33,2023-11-03T00:00:00,1.6844
FUND33,2023-11-06T00:00:00,1.5664
FUND33,2023-11-07T00:00:00,1.4269
FUND33,2023-11-08T00:00:00,1.5047
FUND33,2023-11-09T00:00:00,1.7028
FUND33,2023-11-10T00:00:00,1.919
FUND33,2023-11-13T00:00:00,2.2556
FUND33,2023-11-14T00:00:00,2.3281
FUND33,2023-11-15T00:00:00,2.1811
FUND33,2023-11-16T00:00:00,1.8618
FUND33,2023-11-17T00:00:00,1.9987
FUND33,2023-11-20T00:00:00,2.1705
FUND33,2023-11-21T00:00:00,1.5029
FUND33,2023-11-22T00:00:00,1.8133
FUND33,2023-11-23T00:00:00,1.9798
FUND33,2023-11-24T00:00:00,1.5404
FUND33,2023-11-27T00:00:00,1.6223
FUND33,2023-11-28T00:00:00,1.9035
FUND33,2023-11-29T00:00:00,2.1541
FUND33,2023-11-30T00:00:00,2.2486
FUND33,2023-12-01T00:00:00,1.7023
FUND33,2023-12-04T00:00:00,1.4815
FUND33,2023-12-05T00:00:00,1.1932
FUND33,2023-12-06T00:00:00,1.2757
FUND33,2023-12-07T00:00:00,1.3522
FUND33,2023-12-08T00:00:00,1.366
FUND33,2023-12-11T00:00:00,1.2641
FUND33,2023-12-12T00:00:00,1.2642
FUND33,2023-12-13T00:00:00,1.6858
FUND33,2023-12-14T00:00:00,1.6328
FUND33,2023-12-15T00:00:00,1.2486
FUND33,2023-12-18T00:00:00,1.1999
FUND33,2023-12-19T00:00:00,1.2248
FUND33,2023-12-20T00:00:00,1.1949
FUND33,2023-12-21T00:00:00,1.3888
FUND33,2023-12-22T00:00:00,1.1711
FUND33,2023-12-25T00:00:00,0.7734
FUND33,2023-12-26T00:00:00,0.9681
FUND33,2023-12-27T00:00:00,0.6826
FUND33,2023-12-28T00:00:00,0.5732
FUND33,2023-12-29T00:00:00,0.8467
FUND33,2024-01-01T00:00:00,0.7228
FUND33,2024-01-02T00:00:00,0.6276
FUND33,2024-01-03T00:00:00,1.1106
FUND33,2024-01-04T00:00:00,1.1779
FUND33,2024-01-05T00:00:00,0.968
FUND33,2024-01-08T00:00:00,0.908
FUND33,2024-01-09T00:00:00,0.7005
FUND33,2024-01-10T00:00:00,0.7235
FUND33,2024-01-11T00:00:00,0.7362
FUND33,2024-01-12T00:00:00,0.6436
FUND33,2024-01-15T00:00:00,0.4896
FUND33,2024-01-16T00:00:00,0.2104
FUND33,2024-01-17T00:00:00,0.698
FUND33,2024-01-18T00:00:00,0.881
FUND33,2024-01-19T00:00:00,0.8544
FUND33,2024-01-22T00:00:00,0.4626
FUND33,2024-01-23T00:00:00,0.4711
FUND33,2024-01-24T00:00:00,0.4568
FUND33,2024-01-25T00:00:00,0.0151
FUND33,2024-01-26T00:00:00,-0.4468
FUND33,2024-01-29T00:00:00,-0.8258
FUND33,2024-01-30T00:00:00,-0.5773
FUND33,2024-01-31T00:00:00,-0.3093
FUND33,2024-02-01T00:00:00,-0.3614
FUND33,2024-02-02T00:00:00,-0.7264
FUND33,2024-02-05T00:00:00,-0.8007
FUND33,2024-02-06T00:00:00,-0.6085
FUND33,2024-02-07T00:00:00,-0.4079
FUND33,2024-02-08T00:00:00,-0.9159
FUND33,2024-02-09T00:00:00,-0.9102
FUND33,2024-02-12T00:00:00,-1.1487
FUND33,2024-02-13T00:00:00,-1.2241
FUND33,2024-02-14T00:00:00,-1.0538
FUND33,2024-02-15T00:00:00,-1.1016
FUND33,2024-02-16T00:00:00,-1.0284
FUND33,2024-02-19T00:00:00,-0.9955
FUND33,2024-02-20T00:00:00,-0.5296
FUND33,2024-02-21T00:00:00,-0.2047
FUND33,2024-02-22T00:00:00,-0.3276
FUND33,2024-02-23T00:00:00,-0.0201
FUND33,2024-02-26T00:00:00,-0.0054
FUND33,2024-02-27T00:00:00,-0.0852
FUND33,2024-02-28T00:00:00,-0.0264
FUND33,2024-02-29T00:00:00,0.0281
FUND33,2024-03-01T00:00:00,-0.0805
FUND33,2024-03-04T00:00:00,-0.2979
FUND33,2024-03-05T00:00:00,-0.2185
FUND33,2024-03-06T00:00:00,-0.1092
FUND33,2024-03-07T00:00:00,-0.2404
FUND33,2024-03-08T00:00:00,-0.6634
FUND33,2024-03-11T00:00:00,-0.6346
FUND33,2024-03-12T00:00:00,-0.3764
FUND33,2024-03-13T00:00:00,-0.5899
FUND33,2024-03-14T00:00:00,-0.632
FUND33,2024-03-15T00:00:00,-0.7718
FUND33,2024-03-18T00:00:00,-0.9042
FUND33,2024-03-19T00:00:00,-1.1062
FUND33,2024-03-20T00:00:00,-1.033
FUND33,2024-03-21T00:00:00,-1.1217
FUND33,2024-03-22T00:00:00,-0.9638
FUND33,2024-03-25T00:00:00,-1.0519
FUND33,2024-03-26T00:00:00,-0.214
FUND33,2024-03-27T00:00:00,-0.2412
FUND33,2024-03-28T00:00:00,-0.2922
FUND33,2024-03-29T00:00:00,-0.2421
FUND33,2024-04-01T00:00:00,-0.4491
FUND33,2024-04-02T00:00:00,-0.5378
FUND33,2024-04-03T00:00:00,-0.7768
FUND33,2024-04-04T00:00:00,-0.8931
FUND33,2024-04-05T00:00:00,-0.7118
FUND33,2024-04-08T00:00:00,-0.4402
FUND33,2024-04-09T00:00:00,-0.2713
FUND33,2024-04-10T00:00:00,-0.6632
FUND33,2024-04-11T00:00:00,-0.6652
FUND33,2024-04-12T00:00:00,-0.4405
FUND33,2024-04-15T00:00:00,-0.6189
FUND33,2024-04-16T00:00:00,-0.7071
FUND33,2024-04-17T00:00:00,-1.0077
FUND33,2024-04-18T00:00:00,-1.3737
FUND33,2024-04-19T00:00:00,-1.4998
FUND33,2024-04-22T00:00:00,-1.4797
FUND33,2024-04-23T00:00:00,-1.3649
FUND33,2024-04-24T00:00:00,-1.6617
FUND33,2024-04-25T00:00:00,-1.8898
FUND33,2024-04-26T00:00:00,-1.7656
FUND33,2024-04-29T00:00:00,-1.4399
FUND33,2024-04-30T00:00:00,-1.6714
FUND33,2024-05-01T00:00:00,-1.4834
FUND33,2024-05-02T00:00:00,-1.4187
FUND33,2024-05-03T00:00:00,-1.7558
FUND33,2024-05-06T00:00:00,-1.8137
FUND33,2024-05-07T00:00:00,-1.6634
FUND33,2024-05-08T00:00:00,-1.6693
FUND33,2024-05-09T00:00:00,-1.7311
FUND33,2024-05-10T00:00:00,-1.2512
FUND33,2024-05-13T00:00:00,-1.4968
FUND33,2024-05-14T00:00:00,-1.4744
FUND33,2024-05-15T00:00:00,-2.0039
FUND33,2024-05-16T00:00:00,-2.1223
FUND33,2024-05-17T00:00:00,-2.0555
FUND33,2024-05-20T00:00:00,-1.879
FUND33,2024-05-21T00:00:00,-1.5971
FUND33,2024-05-22T00:00:00,-1.881
FUND33,2024-05-23T00:00:00,-2.1404
FUND33,2024-05-24T00:00:00,-1.791
FUND33,2024-05-27T00:00:00,-1.569
FUND33,2024-05-28T00:00:00,-1.6794
FUND33,2024-05-29T00:00:00,-1.3488
FUND33,2024-05-30T00:00:00,-1.0354
FUND33,2024-05-31T00:00:00,-0.5753
FUND33,2024-06-03T00:00:00,-0.3422
FUND33,2024-06-04T00:00:00,-0.7181
FUND33,2024-06-05T00:00:00,-0.7562
FUND33,2024-06-06T00:00:00,-0.7105
FUND33,2024-06-07T00:00:00,-0.7699
FUND33,2024-06-10T00:00:00,-0.6512
FUND33,2024-06-11T00:00:00,-1.101
FUND33,2024-06-12T00:00:00,-1.7668
FUND33,2024-06-13T00:00:00,-1.5005
FUND33,2024-06-14T00:00:00,-1.5275
FUND33,2024-06-17T00:00:00,-1.2563
FUND33,2024-06-18T00:00:00,-1.1681
FUND33,2024-06-19T00:00:00,-1.2865
FUND33,2024-06-20T00:00:00,-1.2641
FUND33,2024-06-21T00:00:00,-1.3575
FUND33,2024-06-24T00:00:00,-1.5458
FUND33,2024-06-25T00:00:00,-1.664
FUND33,2024-06-26T00:00:00,-1.5513
FUND33,2024-06-27T00:00:00,-1.4379
FUND33,2024-06-28T00:00:00,-1.8224
FUND33,2024-07-01T00:00:00,-1.7983
FUND33,2024-07-02T00:00:00,-1.8607
FUND33,2024-07-03T00:00:00,-1.8511
FUND33,2024-07-04T00:00:00,-2.102
FUND33,2024-07-05T00:00:00,-1.8975
FUND33,2024-07-08T00:00:00,-1.5148
FUND33,2024-07-09T00:00:00,-1.6577
FUND33,2024-07-10T00:00:00,-1.6235
FUND33,2024-07-11T00:00:00,-1.4895
FUND33,2024-07-12T00:00:00,-1.3179
FUND33,2024-07-15T00:00:00,-1.2829
FUND33,2024-07-16T00:00:00,-0.9377
FUND33,2024-07-17T00:00:00,-0.9676
FUND33,2024-07-18T00:00:00,-1.0085
FUND33,2024-07-19T00:00:00,-0.9799
FUND33,2024-07-22T00:00:00,-1.1751
FUND33,2024-07-23T00:00:00,-1.0603
FUND33,2024-07-24T00:00:00,-1.0208
FUND33,2024-07-25T00:00:00,-0.9596
FUND33,2024-07-26T00:00:00,-0.9695
FUND33,2024-07-29T00:00:00,-1.1115
FUND33,2024-07-30T00:00:00,-1.29
FUND33,2024-07-31T00:00:00,-1.4082
FUND33,2024-08-01T00:00:00,-1.4776
FUND33,2024-08-02T00:00:00,-1.2315
FUND33,2024-08-05T00:00:00,-1.0843
FUND33,2024-08-06T00:00:00,-0.9701
FUND33,2024-08-07T00:00:00,-1.0509
FUND33,2024-08-08T00:00:00,-1.0406
FUND33,2024-08-09T00:00:00,-1.064
FUND33,2024-08-12T00:00:00,-1.2627
FUND33,2024-08-13T00:00:00,-1.1458
FUND33,2024-08-14T00:00:00,-1.1539
FUND33,2024-08-15T00:00:00,-1.2868
FUND33,2024-08-16T00:00:00,-1.4225
FUND33,2024-08-19T00:00:00,-1.4402
FUND33,2024-08-20T00:00:00,-1.3518
FUND33,2024-08-21T00:00:00,-1.132
FUND33,2024-08-22T00:00:00,-0.88
FUND33,2024-08-23T00:00:00,-0.2827
FUND33,2024-08-26T00:00:00,-0.0248
FUND33,2024-08-27T00:00:00,-0.3176
FUND33,2024-08-28T00:00:00,-0.4201
FUND33,2024-08-29T00:00:00,0.1537
FUND33,2024-08-30T00:00:00,0.139
FUND33,2024-09-02T00:00:00,-0.1978
FUND33,2024-09-03T00:00:00,0.0265
FUND33,2024-09-04T00:00:00,-0.313
FUND33,2024-09-05T00:00:00,0.0381
FUND33,2024-09-06T00:00:00,0.3987
FUND33,2024-09-09T00:00:00,0.847
FUND33,2024-09-10T00:00:00,0.5255
FUND33,2024-09-11T00:00:00,0.673
FUND33,2024-09-12T00:00:00,0.4533
FUND33,2024-09-13T00:00:00,0.1754
FUND33,2024-09-16T00:00:00,0.8489
FUND33,2024-09-17T00:00:00,1.2421
FUND33,2024-09-18T00:00:00,1.268
FUND33,2024-09-19T00:00:00,1.4901
FUND33,2024-09-20T00:00:00,1.585
FUND33,2024-09-23T00:00:00,1.6042
FUND33,2024-09-24T00:00:00,1.6295
FUND33,2024-09-25T00:00:00,1.5031
FUND33,2024-09-26T00:00:00,1.55
FUND33,2024-09-27T00:00:00,1.6191
FUND33,2024-09-30T00:00:00,1.6546
FUND33,2024-10-01T00:00:00,1.9324
FUND33,2024-10-02T00:00:00,1.5365
FUND33,2024-10-03T00:00:00,1.7235
FUND33,2024-10-04T00:00:00,1.5254
FUND33,2024-10-07T00:00:00,1.5262
FUND33,2024-10-08T00:00:00,1.3612
FUND33,2024-10-09T00:00:00,1.3722
FUND33,2024-10-10T00:00:00,1.5683
FUND33,2024-10-11T00:00:00,1.2548
FUND33,2024-10-14T00:00:00,1.2525
FUND33,2024-10-15T00:00:00,1.9278
FUND33,2024-10-16T00:00:00,2.1319
FUND33,2024-10-17T00:00:00,2.0854
FUND33,2024-10-18T00:00:00,1.9102
FUND33,2024-10-21T00:00:00,1.4648
FUND33,2024-10-22T00:00:00,1.6173
FUND33,2024-10-23T00:00:00,1.3746
FUND33,2024-10-24T00:00:00,1.3082
FUND33,2024-10-25T00:00:00,1.2736
FUND33,2024-10-28T00:00:00,1.2176
FUND33,2024-10-29T00:00:00,1.1932
FUND33,2024-10-30T00:00:00,1.0945
FUND33,2024-10-31T00:00:00,0.727
FUND33,2024-11-01T00:00:00,0.9257
FUND33,2024-11-04T00:00:00,0.8488
FUND33,2024-11-05T00:00:00,0.8712
FUND33,2024-11-06T00:00:00,0.9117
FUND33,2024-11-07T00:00:00,1.077
FUND33,2024-11-08T00:00:00,1.4181
FUND33,2024-11-11T00:00:00,1.3945
FUND33,2024-11-12T00:00:00,1.1763
FUND33,2024-11-13T00:00:00,0.9821
FUND33,2024-11-14T00:00:00,1.1586
FUND33,2024-11-15T00:00:00,1.3505
FUND33,2024-11-18T00:00:00,1.2788
FUND33,2024-11-19T00:00:00,1.2352
FUND33,2024-11-20T00:00:00,1.3602
FUND33,2024-11-21T00:00:00,0.8514
FUND33,2024-11-22T00:00:00,0.9241
FUND33,2024-11-25T00:00:00,1.0843
FUND33,2024-11-26T00:00:00,1.1023
FUND33,2024-11-27T00:00:00,1.2812
FUND33,2024-11-28T00:00:00,1.164
FUND33,2024-11-29T00:00:00,1.1857
FUND33,2024-12-02T00:00:00,1.3521
FUND33,2024-12-03T00:00:00,1.2919
FUND33,2024-12-04T00:00:00,1.521
FUND33,2024-12-05T00:00:00,1.8013
FUND33,2024-12-06T00:00:00,1.6744
FUND33,2024-12-09T00:00:00,1.7622
FUND33,2024-12-10T00:00:00,1.7505
FUND33,2024-12-11T00:00:00,1.8138
FUND33,2024-12-12T00:00:00,1.6557
FUND33,2024-12-13T00:00:00,2.1471
FUND33,2024-12-16T00:00:00,2.0751
FUND33,2024-12-17T00:00:00,1.8635
FUND33,2024-12-18T00:00:00,1.9961
FUND33,2024-12-19T00:00:00,2.1639
FUND33,2024-12-20T00:00:00,2.4305
FUND33,2024-12-23T00:00:00,2.4429
FUND33,2024-12-24T00:00:00,2.342
FUND33,2024-12-25T00:00:00,2.172
FUND33,2024-12-26T00:00:00,2.158
FUND33,2024-12-27T00:00:00,2.0155
FUND33,2024-12-30T00:00:00,2.229
FUND33,2024-12-31T00:00:00,2.3698
FUND33,2025-01-01T00:00:00,2.4778
FUND33,2025-01-02T00:00:00,2.4483
FUND33,2025-01-03T00:00:00,2.1329
FUND33,2025-01-06T00:00:00,2.0864
FUND33,2025-01-07T00:00:00,1.6149
FUND33,2025-01-08T00:00:00,1.8646
FUND33,2025-01-09T00:00:00,1.6886
FUND33,2025-01-10T00:00:00,1.5878
FUND33,2025-01-13T00:00:00,1.3133
FUND33,2025-01-14T00:00:00,1.6264
FUND33,2025-01-15T00:00:00,1.5725
FUND33,2025-01-16T00:00:00,1.6077
FUND33,2025-01-17T00:00:00,1.5969
FUND33,2025-01-20T00:00:00,1.5306
FUND33,2025-01-21T00:00:00,1.2079
FUND33,2025-01-22T00:00:00,1.3867
FUND33,2025-01-23T00:00:00,1.6257
FUND33,2025-01-24T00:00:00,1.363
FUND33,2025-01-27T00:00:00,1.4703
FUND33,2025-01-28T00:00:00,1.5306
FUND33,2025-01-29T00:00:00,1.2836
FUND33,2025-01-30T00:00:00,1.4663
FUND33,2025-01-31T00:00:00,1.3799
FUND33,2025-02-03T00:00:00,1.3469
FUND33,2025-02-04T00:00:00,1.5708
FUND33,2025-02-05T00:00:00,1.8865
FUND33,2025-02-06T00:00:00,1.7539
FUND33,2025-02-07T00:00:00,1.5743
FUND33,2025-02-10T00:00:00,1.9011
FUND33,2025-02-11T00:00:00,1.5551
FUND33,2025-02-12T00:00:00,1.3451
FUND33,2025-02-13T00:00:00,1.249
FUND33,2025-02-14T00:00:00,1.4132
FUND33,2025-02-17T00:00:00,1.513
FUND33,2025-02-18T00:00:00,0.9663
FUND33,2025-02-19T00:00:00,0.9643
FUND33,2025-02-20T00:00:00,0.8997
FUND33,2025-02-21T00:00:00,0.8037
FUND33,2025-02-24T00:00:00,1.1137
FUND33,2025-02-25T00:00:00,1.0636
FUND33,2025-02-26T00:00:00,1.01
FUND33,2025-02-27T00:00:00,0.7969
FUND33,2025-02-28T00:00:00,0.7174
FUND33,2025-03-03T00:00:00,0.9092
FUND33,2025-03-04T00:00:00,0.8171
FUND33,2025-03-05T00:00:00,0.842
FUND33,2025-03-06T00:00:00,1.0982
FUND33,2025-03-07T00:00:00,1.1479
FUND33,2025-03-10T00:00:00,1.6529
FUND33,2025-03-11T00:00:00,1.9724
FUND33,2025-03-12T00:00:00,1.9243
FUND33,2025-03-13T00:00:00,2.0718
FUND33,2025-03-14T00:00:00,1.8119
FUND33,2025-03-17T00:00:00,1.5212
FUND33,2025-03-18T00:00:00,1.5946
FUND33,2025-03-19T00:00:00,1.7584
FUND33,2025-03-20T00:00:00,1.6646
FUND33,2025-03-21T00:00:00,1.6126
FUND33,2025-03-24T00:00:00,1.5612
FUND33,2025-03-25T00:00:00,1.3579
FUND33,2025-03-26T00:00:00,1.1295
FUND33,2025-03-27T00:00:00,1.929
FUND33,2025-03-28T00:00:00,1.8258
FUND33,2025-03-31T00:00:00,1.8283
FUND33,2025-04-01T00:00:00,2.1132
FUND33,2025-04-02T00:00:00,1.7322
FUND33,2025-04-03T00:00:00,1.6342
FUND33,2025-04-04T00:00:00,1.5482
FUND33,2025-04-07T00:00:00,1.6723
FUND33,2025-04-08T00:00:00,1.4022
FUND33,2025-04-09T00:00:00,1.1963
FUND33,2025-04-10T00:00:00,1.2171
FUND33,2025-04-11T00:00:00,1.4912
FUND33,2025-04-14T00:00:00,1.7783
FUND33,2025-04-15T00:00:00,1.6179
FUND33,2025-04-16T00:00:00,1.3816
FUND33,2025-04-17T00:00:00,1.3939
FUND33,2025-04-18T00:00:00,1.3182
FUND33,2025-04-21T00:00:00,1.2418
FUND33,2025-04-22T00:00:00,1.2533
FUND33,2025-04-23T00:00:00,1.0338
FUND33,2025-04-24T00:00:00,0.9085
FUND33,2025-04-25T00:00:00,0.679
FUND33,2025-04-28T00:00:00,0.4472
FUND33,2025-04-29T00:00:00,0.5891
FUND33,2025-04-30T00:00:00,0.939
FUND33,2025-05-01T00:00:00,0.927
FUND33,2025-05-02T00:00:00,0.8424
FUND33,2025-05-05T00:00:00,0.5012
FUND33,2025-05-06T00:00:00,0.7429
FUND33,2025-05-07T00:00:00,0.7396
FUND33,2025-05-08T00:00:00,0.5012
FUND33,2025-05-09T00:00:00,0.9002
FUND33,2025-05-12T00:00:00,0.8188
FUND33,2025-05-13T00:00:00,0.9402
FUND33,2025-05-14T00:00:00,0.8316
FUND33,2025-05-15T00:00:00,0.934
FUND33,2025-05-16T00:00:00,1.1945
FUND33,2025-05-19T00:00:00,1.1932
FUND33,2025-05-20T00:00:00,1.3069
FUND33,2025-05-21T00:00:00,0.9878
FUND33,2025-05-22T00:00:00,1.3114
FUND33,2025-05-23T00:00:00,1.1446
FUND33,2025-05-26T00:00:00,0.6872
FUND33,2025-05-27T00:00:00,0.4229
FUND33,2025-05-28T00:00:00,0.7051
FUND33,2025-05-29T00:00:00,0.4629
FUND33,2025-05-30T00:00:00,0.7005
FUND33,2025-06-02T00:00:00,0.8456
FUND33,2025-06-03T00:00:00,0.7753
FUND33,2025-06-04T00:00:00,1.2103
FUND33,2025-06-05T00:00:00,0.9563
FUND33,2025-06-06T00:00:00,0.6249
FUND33,2025-06-09T00:00:00,0.4188
FUND33,2025-06-10T00:00:00,0.0969
FUND33,2025-06-11T00:00:00,0.1763
FUND33,2025-06-12T00:00:00,0.0694
FUND33,2025-06-13T00:00:00,0.0701
FUND33,2025-06-16T00:00:00,-0.3889
FUND33,2025-06-17T00:00:00,0.2213
FUND33,2025-06-18T00:00:00,0.33
FUND33,2025-06-19T00:00:00,0.4263
FUND33,2025-06-20T00:00:00,0.508
FUND33,2025-06-23T00:00:00,0.2721
FUND33,2025-06-24T00:00:00,0.291
FUND33,2025-06-25T00:00:00,0.135
FUND33,2025-06-26T00:00:00,0.1563
FUND33,2025-06-27T00:00:00,0.4474
FUND33,2025-06-30T00:00:00,0.4384
FUND33,2025-07-01T00:00:00,0.5115
FUND33,2025-07-02T00:00:00,1.0784
FUND33,2025-07-03T00:00:00,1.2683
FUND33,2025-07-04T00:00:00,1.4829
FUND33,2025-07-07T00:00:00,1.5307
FUND33,2025-07-08T00:00:00,1.1793
FUND33,2025-07-09T00:00:00,1.22
FUND33,2025-07-10T00:00:00,1.622
FUND33,2025-07-11T00:00:00,1.5354
FUND33,2025-07-14T00:00:00,1.5479
FUND33,2025-07-15T00:00:00,1.5576
FUND33,2025-07-16T00:00:00,1.3355
FUND33,2025-07-17T00:00:00,1.4029
FUND33,2025-07-18T00:00:00,1.3164
FUND33,2025-07-21T00:00:00,1.6869
FUND33,2025-07-22T00:00:00,1.9389
FUND33,2025-07-23T00:00:00,2.1306
FUND33,2025-07-24T00:00:00,1.7886
FUND33,2025-07-25T00:00:00,1.8073
FUND33,2025-07-28T00:00:00,1.8938
FUND33,2025-07-29T00:00:00,2.1713
FUND33,2025-07-30T00:00:00,2.4894
FUND33,2025-07-31T00:00:00,2.2451
FUND33,2025-08-01T00:00:00,2.2429
FUND33,2025-08-04T00:00:00,2.0464
FUND33,2025-08-05T00:00:00,2.1633
FUND33,2025-08-06T00:00:00,2.4862
FUND33,2025-08-07T00:00:00,2.6985
FUND33,2025-08-08T00:00:00,2.2772
FUND33,2025-08-11T00:00:00,2.152
FUND33,2025-08-12T00:00:00,2.3238
FUND33,2025-08-13T00:00:00,2.152
FUND33,2025-08-14T00:00:00,2.0012
FUND33,2025-08-15T00:00:00,1.7289
FUND33,2025-08-18T00:00:00,1.549
FUND33,2025-08-19T00:00:00,1.57
FUND33,2025-08-20T00:00:00,2.1232
FUND33,2025-08-21T00:00:00,2.2489
FUND33,2025-08-22T00:00:00,1.8592
FUND33,2025-08-25T00:00:00,1.8349
FUND33,2025-08-26T00:00:00,1.9945
FUND33,2025-08-27T00:00:00,2.5636
FUND33,2025-08-28T00:00:00,2.4617
FUND33,2025-08-29T00:00:00,2.5251
FUND33,2025-09-01T00:00:00,2.7667
FUND33,2025-09-02T00:00:00,2.2466
FUND33,2025-09-03T00:00:00,2.2851
FUND33,2025-09-04T00:00:00,2.0539
FUND33,2025-09-05T00:00:00,1.8467
FUND33,2025-09-08T00:00:00,1.8038
FUND33,2025-09-09T00:00:00,1.6162
FUND33,2025-09-10T00:00:00,1.9071
FUND33,2025-09-11T00:00:00,1.7876
FUND33,2025-09-12T00:00:00,2.0969
FUND33,2025-09-15T00:00:00,2.5192
FUND33,2025-09-16T00:00:00,2.6256
FUND33,2025-09-17T00:00:00,2.5282
FUND33,2025-09-18T00:00:00,2.385
FUND33,2025-09-19T00:00:00,1.9509
FUND33,2025-09-22T00:00:00,1.739
FUND33,2025-09-23T00:00:00,1.4674
FUND33,2025-09-24T00:00:00,1.525
FUND33,2025-09-25T00:00:00,1.6052
FUND33,2025-09-26T00:00:00,1.9517
FUND33,2025-09-29T00:00:00,2.3837
FUND33,2025-09-30T00:00:00,2.5293
FUND33,2025-10-01T00:00:00,2.1828
FUND33,2025-10-02T00:00:00,2.2919
FUND33,2025-10-03T00:00:00,1.9142
FUND33,2025-10-06T00:00:00,1.7846
FUND33,2025-10-07T00:00:00,1.7274
FUND33,2025-10-08T00:00:00,1.7018
FUND33,2025-10-09T00:00:00,2.0867
FUND33,2025-10-10T00:00:00,2.0463
FUND33,2025-10-13T00:00:00,2.2334
FUND33,2025-10-14T00:00:00,1.8657
FUND33,2025-10-15T00:00:00,1.8061
FUND33,2025-10-16T00:00:00,1.7328
FUND33,2025-10-17T00:00:00,1.925
FUND33,2025-10-20T00:00:00,1.9212
FUND33,2025-10-21T00:00:00,1.6156
FUND33,2025-10-22T00:00:00,1.5451
FUND33,2025-10-23T00:00:00,1.4534
FUND33,2025-10-24T00:00:00,1.4535
FUND33,2025-10-27T00:00:00,1.2735
FUND33,2025-10-28T00:00:00,1.3033
FUND33,2025-10-29T00:00:00,1.4504
FUND33,2025-10-30T00:00:00,1.5872
FUND33,2025-10-31T00:00:00,1.6927
FUND33,2025-11-03T00:00:00,1.5582
FUND33,2025-11-04T00:00:00,1.2074
FUND33,2025-11-05T00:00:00,0.7964
FUND33,2025-11-06T00:00:00,0.5237
FUND33,2025-11-07T00:00:00,0.2699
FUND33,2025-11-10T00:00:00,0.3305
FUND33,2025-11-11T00:00:00,0.4782
FUND33,2025-11-12T00:00:00,0.3675
FUND33,2025-11-13T00:00:00,0.0003
FUND33,2025-11-14T00:00:00,0.0106
FUND33,2025-11-17T00:00:00,-0.6577
FUND33,2025-11-18T00:00:00,-0.4516
FUND33,2025-11-19T00:00:00,-0.3492
FUND33,2025-11-20T00:00:00,-0.4335
FUND33,2025-11-21T00:00:00,-0.4099
FUND33,2025-11-24T00:00:00,-0.6162
FUND34,2023-05-08T00:00:00,4.9213
FUND34,2023-05-09T00:00:00,4.5806
FUND34,2023-05-10T00:00:00,4.5395
FUND34,2023-05-11T00:00:00,4.4174
FUND34,2023-05-12T00:00:00,4.4242
FUND34,2023-05-15T00:00:00,4.6349
FUND34,2023-05-16T00:00:00,3.9262
FUND34,2023-05-17T00:00:00,4.0945
FUND34,2023-05-18T00:00:00,4.4892
FUND34,2023-05-19T00:00:00,4.8105
FUND34,2023-05-22T00:00:00,4.7828
FUND34,2023-05-23T00:00:00,4.4663
FUND34,2023-05-24T00:00:00,4.7085
FUND34,2023-05-25T00:00:00,4.6665
FUND34,2023-05-26T00:00:00,4.6436
FUND34,2023-05-29T00:00:00,4.8639
FUND34,2023-05-30T00:00:00,4.8699
FUND34,2023-05-31T00:00:00,4.8563
FUND34,2023-06-01T00:00:00,4.8342
FUND34,2023-06-02T00:00:00,3.9697
FUND34,2023-06-05T00:00:00,4.0728
FUND34,2023-06-06T00:00:00,4.1429
FUND34,2023-06-07T00:00:00,4.1641
FUND34,2023-06-08T00:00:00,4.1965
FUND34,2023-06-09T00:00:00,4.069
FUND34,2023-06-12T00:00:00,4.3565
FUND34,2023-06-13T00:00:00,4.5711
FUND34,2023-06-14T00:00:00,3.9715
FUND34,2023-06-15T00:00:00,4.1535
FUND34,2023-06-16T00:00:00,3.7915
FUND34,2023-06-19T00:00:00,3.7082
FUND34,2023-06-20T00:00:00,3.4605
FUND34,2023-06-21T00:00:00,3.5814
FUND34,2023-06-22T00:00:00,3.6046
FUND34,2023-06-23T00:00:00,3.2832
FUND34,2023-06-26T00:00:00,3.5131
FUND34,2023-06-27T00:00:00,3.4511
FUND34,2023-06-28T00:00:00,3.2957
FUND34,2023-06-29T00:00:00,3.248
FUND34,2023-06-30T00:00:00,3.3733
FUND34,2023-07-03T00:00:00,3.3513
FUND34,2023-07-04T00:00:00,3.3473
FUND34,2023-07-05T00:00:00,2.9907
FUND34,2023-07-06T00:00:00,2.7079
FUND34,2023-07-07T00:00:00,3.0263
FUND34,2023-07-10T00:00:00,2.929
FUND34,2023-07-11T00:00:00,3.0292
FUND34,2023-07-12T00:00:00,2.9959
FUND34,2023-07-13T00:00:00,2.9977
FUND34,2023-07-14T00:00:00,3.1934
FUND34,2023-07-17T00:00:00,3.384
FUND34,2023-07-18T00:00:00,3.2991
FUND34,2023-07-19T00:00:00,3.2051
FUND34,2023-07-20T00:00:00,3.4003
FUND34,2023-07-21T00:00:00,3.37
FUND34,2023-07-24T00:00:00,3.1169
FUND34,2023-07-25T00:00:00,3.0956
FUND34,2023-07-26T00:00:00,2.9757
FUND34,2023-07-27T00:00:00,2.9604
FUND34,2023-07-28T00:00:00,2.7824
FUND34,2023-07-31T00:00:00,2.6541
FUND34,2023-08-01T00:00:00,2.5648
FUND34,2023-08-02T00:00:00,2.4133
FUND34,2023-08-03T00:00:00,2.3345
FUND34,2023-08-04T00:00:00,2.3194
FUND34,2023-08-07T00:00:00,2.1478
FUND34,2023-08-08T00:00:00,1.7474
FUND34,2023-08-09T00:00:00,2.2287
FUND34,2023-08-10T00:00:00,2.1995
FUND34,2023-08-11T00:00:00,2.3598
FUND34,2023-08-14T00:00:00,2.2204
FUND34,2023-08-15T00:00:00,1.9935
FUND34,2023-08-16T00:00:00,2.0761
FUND34,2023-08-17T00:00:00,1.7762
FUND34,2023-08-18T00:00:00,2.0138
FUND34,2023-08-21T00:00:00,1.9459
FUND34,2023-08-22T00:00:00,1.947
FUND34,2023-08-23T00:00:00,1.926
FUND34,2023-08-24T00:00:00,1.8528
FUND34,2023-08-25T00:00:00,2.0883
FUND34,2023-08-28T00:00:00,2.1807
FUND34,2023-08-29T00:00:00,2.2394
FUND34,2023-08-30T00:00:00,1.8649
FUND34,2023-08-31T00:00:00,1.7952
FUND34,2023-09-01T00:00:00,1.8743
FUND34,2023-09-04T00:00:00,1.6767
FUND34,2023-09-05T00:00:00,1.4061
FUND34,2023-09-06T00:00:00,1.6584
FUND34,2023-09-07T00:00:00,1.356
FUND34,2023-09-08T00:00:00,1.0399
FUND34,2023-09-11T00:00:00,1.0818
FUND34,2023-09-12T00:00:00,1.2177
FUND34,2023-09-13T00:00:00,1.65
FUND34,2023-09-14T00:00:00,1.3986
FUND34,2023-09-15T00:00:00,1.2442
FUND34,2023-09-18T00:00:00,0.978
FUND34,2023-09-19T00:00:00,1.5821
FUND34,2023-09-20T00:00:00,1.8441
FUND34,2023-09-21T00:00:00,1.7474
FUND34,2023-09-22T00:00:00,1.7588
FUND34,2023-09-25T00:00:00,1.6528
FUND34,2023-09-26T00:00:00,2.0078
FUND34,2023-09-27T00:00:00,1.7982
FUND34,2023-09-28T00:00:00,1.4253
FUND34,2023-09-29T00:00:00,1.3476
FUND34,2023-10-02T00:00:00,1.3533
FUND34,2023-10-03T00:00:00,1.5165
FUND34,2023-10-04T00:00:00,1.273
FUND34,2023-10-05T00:00:00,1.3493
FUND34,2023-10-06T00:00:00,1.8124
FUND34,2023-10-09T00:00:00,1.7037
FUND34,2023-10-10T00:00:00,1.0107
FUND34,2023-10-11T00:00:00,0.6517
FUND34,2023-10-12T00:00:00,0.4285
FUND34,2023-10-13T00:00:00,0.7044
FUND34,2023-10-16T00:00:00,0.7326
FUND34,2023-10-17T00:00:00,0.3174
FUND34,2023-10-18T00:00:00,0.6042
FUND34,2023-10-19T00:00:00,0.4907
FUND34,2023-10-20T00:00:00,0.5061
FUND34,2023-10-23T00:00:00,0.5134
FUND34,2023-10-24T00:00:00,0.5737
FUND34,2023-10-25T00:00:00,0.3259
FUND34,2023-10-26T00:00:00,0.2173
FUND34,2023-10-27T00:00:00,0.4255
FUND34,2023-10-30T00:00:00,0.1423
FUND34,2023-10-31T00:00:00,0.3194
FUND34,2023-11-01T00:00:00,0.1728
FUND34,2023-11-02T00:00:00,-0.1295
FUND34,2023-11-03T00:00:00,-0.0359
FUND34,2023-11-06T00:00:00,-0.229
FUND34,2023-11-07T00:00:00,-0.4615
FUND34,2023-11-08T00:00:00,-0.3823
FUND34,2023-11-09T00:00:00,-0.3505
FUND34,2023-11-10T00:00:00,-0.1504
FUND34,2023-11-13T00:00:00,0.3062
FUND34,2023-11-14T00:00:00,0.1112
FUND34,2023-11-15T00:00:00,-0.2738
FUND34,2023-11-16T00:00:00,-0.4374
FUND34,2023-11-17T00:00:00,-0.3281
FUND34,2023-11-20T00:00:00,-0.6205
FUND34,2023-11-21T00:00:00,-0.6292
FUND34,2023-11-22T00:00:00,-0.803
FUND34,2023-11-23T00:00:00,-1.1728
FUND34,2023-11-24T00:00:00,-1.2852
FUND34,2023-11-27T00:00:00,-1.1692
FUND34,2023-11-28T00:00:00,-1.4102
FUND34,2023-11-29T00:00:00,-1.1587
FUND34,2023-11-30T00:00:00,-0.9236
FUND34,2023-12-01T00:00:00,-0.5426
FUND34,2023-12-04T00:00:00,-0.2935
FUND34,2023-12-05T00:00:00,-0.062
FUND34,2023-12-06T00:00:00,-0.1817
FUND34,2023-12-07T00:00:00,-0.4021
FUND34,2023-12-08T00:00:00,-0.3085
FUND34,2023-12-11T00:00:00,-0.6501
FUND34,2023-12-12T00:00:00,-0.3155
FUND34,2023-12-13T00:00:00,-0.6402
FUND34,2023-12-14T00:00:00,-0.5663
FUND34,2023-12-15T00:00:00,-0.8964
FUND34,2023-12-18T00:00:00,-1.0037
FUND34,2023-12-19T00:00:00,-0.7737
FUND34,2023-12-20T00:00:00,-0.3461
FUND34,2023-12-21T00:00:00,-0.231
FUND34,2023-12-22T00:00:00,-0.5121
FUND34,2023-12-25T00:00:00,-0.5005
FUND34,2023-12-26T00:00:00,-0.5145
FUND34,2023-12-27T00:00:00,-0.3257
FUND34,2023-12-28T00:00:00,-0.5494
FUND34,2023-12-29T00:00:00,-0.3946
FUND34,2024-01-01T00:00:00,-0.9454
FUND34,2024-01-02T00:00:00,-0.9727
FUND34,2024-01-03T00:00:00,-1.0541
FUND34,2024-01-04T00:00:00,-1.1987
FUND34,2024-01-05T00:00:00,-1.2795
FUND34,2024-01-08T00:00:00,-1.0586
FUND34,2024-01-09T00:00:00,-0.6114
FUND34,2024-01-10T00:00:00,-0.3938
FUND34,2024-01-11T00:00:00,-0.5323
FUND34,2024-01-12T00:00:00,-0.6687
FUND34,2024-01-15T00:00:00,-0.8541
FUND34,2024-01-16T00:00:00,-0.9674
FUND34,2024-01-17T00:00:00,-1.1767
FUND34,2024-01-18T00:00:00,-0.6838
FUND34,2024-01-19T00:00:00,-0.598
FUND34,2024-01-22T00:00:00,-0.3186
FUND34,2024-01-23T00:00:00,-0.6865
FUND34,2024-01-24T00:00:00,-0.7219
FUND34,2024-01-25T00:00:00,-1.1159
FUND34,2024-01-26T00:00:00,-1.0749
FUND34,2024-01-29T00:00:00,-0.9519
FUND34,2024-01-30T00:00:00,-0.7762
FUND34,2024-01-31T00:00:00,-1.3284
FUND34,2024-02-01T00:00:00,-1.0732
FUND34,2024-02-02T00:00:00,-1.4318
FUND34,2024-02-05T00:00:00,-1.3614
FUND34,2024-02-06T00:00:00,-1.5733
FUND34,2024-02-07T00:00:00,-1.1948
FUND34,2024-02-08T00:00:00,-0.9186
FUND34,2024-02-09T00:00:00,-0.962
FUND34,2024-02-12T00:00:00,-0.9956
FUND34,2024-02-13T00:00:00,-0.7497
FUND34,2024-02-14T00:00:00,-0.9175
FUND34,2024-02-15T00:00:00,-0.5641
FUND34,2024-02-16T00:00:00,-0.7674
FUND34,2024-02-19T00:00:00,-0.892
FUND34,2024-02-20T00:00:00,-0.4589
FUND34,2024-02-21T00:00:00,-0.4566
FUND34,2024-02-22T00:00:00,-0.4661
FUND34,2024-02-23T00:00:00,-0.2091
FUND34,2024-02-26T00:00:00,0.013
FUND34,2024-02-27T00:00:00,0.1915
FUND34,2024-02-28T00:00:00,0.3305
FUND34,2024-02-29T00:00:00,0.5188
FUND34,2024-03-01T00:00:00,0.6115
FUND34,2024-03-04T00:00:00,0.75
FUND34,2024-03-05T00:00:00,0.3264
FUND34,2024-03-06T00:00:00,0.2862
FUND34,2024-03-07T00:00:00,0.2408
FUND34,2024-03-08T00:00:00,0.3374
FUND34,2024-03-11T00:00:00,0.5172
FUND34,2024-03-12T00:00:00,0.3437
FUND34,2024-03-13T00:00:00,0.3781
FUND34,2024-03-14T00:00:00,0.4999
FUND34,2024-03-15T00:00:00,-0.0425
FUND34,2024-03-18T00:00:00,0.1252
FUND34,2024-03-19T00:00:00,0.282
FUND34,2024-03-20T00:00:00,0.2675
FUND34,2024-03-21T00:00:00,-0.0132
FUND34,2024-03-22T00:00:00,-0.203
FUND34,2024-03-25T00:00:00,-0.09
FUND34,2024-03-26T00:00:00,-0.3574
FUND34,2024-03-27T00:00:00,-0.7867
FUND34,2024-03-28T00:00:00,-0.7412
FUND34,2024-03-29T00:00:00,-0.9504
FUND34,2024-04-01T00:00:00,-0.9751
FUND34,2024-04-02T00:00:00,-1.1169
FUND34,2024-04-03T00:00:00,-1.3689
FUND34,2024-04-04T00:00:00,-1.4901
FUND34,2024-04-05T00:00:00,-1.425
FUND34,2024-04-08T00:00:00,-1.7242
FUND34,2024-04-09T00:00:00,-2.1459
FUND34,2024-04-10T00:00:00,-1.803
FUND34,2024-04-11T00:00:00,-1.5913
FUND34,2024-04-12T00:00:00,-1.629
FUND34,2024-04-15T00:00:00,-1.5201
FUND34,2024-04-16T00:00:00,-1.3389
FUND34,2024-04-17T00:00:00,-1.7801
FUND34,2024-04-18T00:00:00,-1.843
FUND34,2024-04-19T00:00:00,-1.7783
FUND34,2024-04-22T00:00:00,-1.4815
FUND34,2024-04-23T00:00:00,-1.5009
FUND34,2024-04-24T00:00:00,-1.8139
FUND34,2024-04-25T00:00:00,-1.9476
FUND34,2024-04-26T00:00:00,-2.0348
FUND34,2024-04-29T00:00:00,-2.1045
FUND34,2024-04-30T00:00:00,-1.9319
FUND34,2024-05-01T00:00:00,-2.1213
FUND34,2024-05-02T00:00:00,-2.2467
FUND34,2024-05-03T00:00:00,-2.4497
FUND34,2024-05-06T00:00:00,-2.1142
FUND34,2024-05-07T00:00:00,-2.3809
FUND34,2024-05-08T00:00:00,-2.263
FUND34,2024-05-09T00:00:00,-2.3422
FUND34,2024-05-10T00:00:00,-2.3259
FUND34,2024-05-13T00:00:00,-2.3272
FUND34,2024-05-14T00:00:00,-2.4799
FUND34,2024-05-15T00:00:00,-2.2176
FUND34,2024-05-16T00:00:00,-2.111
FUND34,2024-05-17T00:00:00,-1.627
FUND34,2024-05-20T00:00:00,-1.6268
FUND34,2024-05-21T00:00:00,-1.7481
FUND34,2024-05-22T00:00:00,-1.4957
FUND34,2024-05-23T00:00:00,-1.7282
FUND34,2024-05-24T00:00:00,-1.5187
FUND34,2024-05-27T00:00:00,-1.7279
FUND34,2024-05-28T00:00:00,-1.3249
FUND34,2024-05-29T00:00:00,-1.6292
FUND34,2024-05-30T00:00:00,-1.3692
FUND34,2024-05-31T00:00:00,-1.5422
FUND34,2024-06-03T00:00:00,-1.578
FUND34,2024-06-04T00:00:00,-1.681
FUND34,2024-06-05T00:00:00,-1.5202
FUND34,2024-06-06T00:00:00,-1.3687
FUND34,2024-06-07T00:00:00,-1.1796
FUND34,2024-06-10T00:00:00,-1.1243
FUND34,2024-06-11T00:00:00,-1.0955
FUND34,2024-06-12T00:00:00,-0.9081
FUND34,2024-06-13T00:00:00,-1.4061
FUND34,2024-06-14T00:00:00,-1.1155
FUND34,2024-06-17T00:00:00,-1.2674
FUND34,2024-06-18T00:00:00,-1.355
FUND34,2024-06-19T00:00:00,-1.1823
FUND34,2024-06-20T00:00:00,-1.5759
FUND34,2024-06-21T00:00:00,-1.5943
FUND34,2024-06-24T00:00:00,-1.4389
FUND34,2024-06-25T00:00:00,-1.8837
FUND34,2024-06-26T00:00:00,-1.7279
FUND34,2024-06-27T00:00:00,-1.8314
FUND34,2024-06-28T00:00:00,-1.6863
FUND34,2024-07-01T00:00:00,-2.0611
FUND34,2024-07-02T00:00:00,-2.3018
FUND34,2024-07-03T00:00:00,-2.2104
FUND34,2024-07-04T00:00:00,-2.3002
FUND34,2024-07-05T00:00:00,-2.358
FUND34,2024-07-08T00:00:00,-1.8276
FUND34,2024-07-09T00:00:00,-1.6961
FUND34,2024-07-10T00:00:00,-1.4233
FUND34,2024-07-11T00:00:00,-1.0813
FUND34,2024-07-12T00:00:00,-1.3426
FUND34,2024-07-15T00:00:00,-1.5968
FUND34,2024-07-16T00:00:00,-1.6342
FUND34,2024-07-17T00:00:00,-1.7007
FUND34,2024-07-18T00:00:00,-1.9072
FUND34,2024-07-19T00:00:00,-1.9478
FUND34,2024-07-22T00:00:00,-2.2686
FUND34,2024-07-23T00:00:00,-2.2997
FUND34,2024-07-24T00:00:00,-1.5038
FUND34,2024-07-25T00:00:00,-1.0006
FUND34,2024-07-26T00:00:00,-0.8678
FUND34,2024-07-29T00:00:00,-0.7299
FUND34,2024-07-30T00:00:00,-0.5018
FUND34,2024-07-31T00:00:00,0.1644
FUND34,2024-08-01T00:00:00,0.066
FUND34,2024-08-02T00:00:00,0.0629
FUND34,2024-08-05T00:00:00,0.1862
FUND34,2024-08-06T00:00:00,0.6212
FUND34,2024-08-07T00:00:00,0.9542
FUND34,2024-08-08T00:00:00,1.1355
FUND34,2024-08-09T00:00:00,1.0026
FUND34,2024-08-12T00:00:00,0.9217
FUND34,2024-08-13T00:00:00,1.3839
FUND34,2024-08-14T00:00:00,1.4027
FUND34,2024-08-15T00:00:00,1.4468
FUND34,2024-08-16T00:00:00,1.5764
FUND34,2024-08-19T00:00:00,1.7788
FUND34,2024-08-20T00:00:00,1.5193
FUND34,2024-08-21T00:00:00,1.5115
FUND34,2024-08-22T00:00:00,1.2553
FUND34,2024-08-23T00:00:00,1.3273
FUND34,2024-08-26T00:00:00,0.9837
FUND34,2024-08-27T00:00:00,0.7869
FUND34,2024-08-28T00:00:00,0.6949
FUND34,2024-08-29T00:00:00,0.7099
FUND34,2024-08-30T00:00:00,0.6695
FUND34,2024-09-02T00:00:00,0.4861
FUND34,2024-09-03T00:00:00,0.8158
FUND34,2024-09-04T00:00:00,1.0583
FUND34,2024-09-05T00:00:00,1.1455
FUND34,2024-09-06T00:00:00,1.3097
FUND34,2024-09-09T00:00:00,1.3538
FUND34,2024-09-10T00:00:00,1.8077
FUND34,2024-09-11T00:00:00,1.6826
FUND34,2024-09-12T00:00:00,2.0876
FUND34,2024-09-13T00:00:00,2.4606
FUND34,2024-09-16T00:00:00,2.3239
FUND34,2024-09-17T00:00:00,2.0418
FUND34,2024-09-18T00:00:00,1.9445
FUND34,2024-09-19T00:00:00,2.0538
FUND34,2024-09-20T00:00:00,1.7991
FUND34,2024-09-23T00:00:00,1.9185
FUND34,2024-09-24T00:00:00,2.2348
FUND34,2024-09-25T00:00:00,2.1245
FUND34,2024-09-26T00:00:00,2.3915
FUND34,2024-09-27T00:00:00,2.1808
FUND34,2024-09-30T00:00:00,2.1865
FUND34,2024-10-01T00:00:00,1.9143
FUND34,2024-10-02T00:00:00,2.0028
FUND34,2024-10-03T00:00:00,1.7416
FUND34,2024-10-04T00:00:00,1.8073
FUND34,2024-10-07T00:00:00,1.6036
FUND34,2024-10-08T00:00:00,1.4027
FUND34,2024-10-09T00:00:00,1.5948
FUND34,2024-10-10T00:00:00,1.7488
FUND34,2024-10-11T00:00:00,1.9363
FUND34,2024-10-14T00:00:00,1.7909
FUND34,2024-10-15T00:00:00,1.7754
FUND34,2024-10-16T00:00:00,1.2626
FUND34,2024-10-17T00:00:00,1.6562
FUND34,2024-10-18T00:00:00,1.487
FUND34,2024-10-21T00:00:00,1.7386
FUND34,2024-10-22T00:00:00,2.2383
FUND34,2024-10-23T00:00:00,2.3176
FUND34,2024-10-24T00:00:00,2.4165
FUND34,2024-10-25T00:00:00,2.7232
FUND34,2024-10-28T00:00:00,2.2172
FUND34,2024-10-29T00:00:00,2.2358
FUND34,2024-10-30T00:00:00,2.2666
FUND34,2024-10-31T00:00:00,2.3557
FUND34,2024-11-01T00:00:00,1.9868
FUND34,2024-11-04T00:00:00,1.8806
FUND34,2024-11-05T00:00:00,2.1129
FUND34,2024-11-06T00:00:00,2.0979
FUND34,2024-11-07T00:00:00,2.1162
FUND34,2024-11-08T00:00:00,1.9838
FUND34,2024-11-11T00:00:00,1.8128
FUND34,2024-11-12T00:00:00,2.013
FUND34,2024-11-13T00:00:00,1.8866
FUND34,2024-11-14T00:00:00,1.9474
FUND34,2024-11-15T00:00:00,2.2507
FUND34,2024-11-18T00:00:00,2.4127
FUND34,2024-11-19T00:00:00,2.6151
FUND34,2024-11-20T00:00:00,2.9128
FUND34,2024-11-21T00:00:00,2.747
FUND34,2024-11-22T00:00:00,3.0421
FUND34,2024-11-25T00:00:00,2.9109
FUND34,2024-11-26T00:00:00,2.9253
FUND34,2024-11-27T00:00:00,2.3315
FUND34,2024-11-28T00:00:00,2.2619
FUND34,2024-11-29T00:00:00,2.2109
FUND34,2024-12-02T00:00:00,2.1528
FUND34,2024-12-03T00:00:00,2.5236
FUND34,2024-12-04T00:00:00,2.3362
FUND34,2024-12-05T00:00:00,2.5153
FUND34,2024-12-06T00:00:00,2.592
FUND34,2024-12-09T00:00:00,2.4815
FUND34,2024-12-10T00:00:00,2.1629
FUND34,2024-12-11T00:00:00,1.665
FUND34,2024-12-12T00:00:00,1.5577
FUND34,2024-12-13T00:00:00,1.2287
FUND34,2024-12-16T00:00:00,1.1184
FUND34,2024-12-17T00:00:00,1.1993
FUND34,2024-12-18T00:00:00,1.0182
FUND34,2024-12-19T00:00:00,0.4625
FUND34,2024-12-20T00:00:00,0.5265
FUND34,2024-12-23T00:00:00,0.4418
FUND34,2024-12-24T00:00:00,0.7634
FUND34,2024-12-25T00:00:00,1.0476
FUND34,2024-12-26T00:00:00,1.831
FUND34,2024-12-27T00:00:00,1.5328
FUND34,2024-12-30T00:00:00,1.627
FUND34,2024-12-31T00:00:00,1.3796
FUND34,2025-01-01T00:00:00,1.3291
FUND34,2025-01-02T00:00:00,1.1886
FUND34,2025-01-03T00:00:00,0.9118
FUND34,2025-01-06T00:00:00,1.1952
FUND34,2025-01-07T00:00:00,0.7085
FUND34,2025-01-08T00:00:00,0.3902
FUND34,2025-01-09T00:00:00,0.6784
FUND34,2025-01-10T00:00:00,0.3435
FUND34,2025-01-13T00:00:00,0.2949
FUND34,2025-01-14T00:00:00,0.0364
FUND34,2025-01-15T00:00:00,0.1919
FUND34,2025-01-16T00:00:00,0.249
FUND34,2025-01-17T00:00:00,0.1135
FUND34,2025-01-20T00:00:00,-0.0246
FUND34,2025-01-21T00:00:00,-0.1467
FUND34,2025-01-22T00:00:00,-0.305
FUND34,2025-01-23T00:00:00,-0.2763
FUND34,2025-01-24T00:00:00,-0.0045
FUND34,2025-01-27T00:00:00,-0.2251
FUND34,2025-01-28T00:00:00,-0.2348
FUND34,2025-01-29T00:00:00,-0.0179
FUND34,2025-01-30T00:00:00,-0.5428
FUND34,2025-01-31T00:00:00,-0.5011
FUND34,2025-02-03T00:00:00,-0.4126
FUND34,2025-02-04T00:00:00,-0.3085
FUND34,2025-02-05T00:00:00,-0.442
FUND34,2025-02-06T00:00:00,-0.3488
FUND34,2025-02-07T00:00:00,-0.5446
FUND34,2025-02-10T00:00:00,-0.5446
FUND34,2025-02-11T00:00:00,-0.4593
FUND34,2025-02-12T00:00:00,-0.5013
FUND34,2025-02-13T00:00:00,-0.731
FUND34,2025-02-14T00:00:00,-1.0522
FUND34,2025-02-17T00:00:00,-1.1986
FUND34,2025-02-18T00:00:00,-1.1533
FUND34,2025-02-19T00:00:00,-0.6647
FUND34,2025-02-20T00:00:00,-0.774
FUND34,2025-02-21T00:00:00,-0.8452
FUND34,2025-02-24T00:00:00,-0.9391
FUND34,2025-02-25T00:00:00,-1.279
FUND34,2025-02-26T00:00:00,-0.9723
FUND34,2025-02-27T00:00:00,-1.0744
FUND34,2025-02-28T00:00:00,-1.174
FUND34,2025-03-03T00:00:00,-0.5892
FUND34,2025-03-04T00:00:00,-0.4475
FUND34,2025-03-05T00:00:00,-0.7199
FUND34,2025-03-06T00:00:00,-0.9489
FUND34,2025-03-07T00:00:00,-0.9462
FUND34,2025-03-10T00:00:00,-0.8981
FUND34,2025-03-11T00:00:00,-1.0559
FUND34,2025-03-12T00:00:00,-1.3613
FUND34,2025-03-13T00:00:00,-1.3951
FUND34,2025-03-14T00:00:00,-1.5448
FUND34,2025-03-17T00:00:00,-1.3515
FUND34,2025-03-18T00:00:00,-1.663
FUND34,2025-03-19T00:00:00,-1.6561
FUND34,2025-03-20T00:00:00,-1.8479
FUND34,2025-03-21T00:00:00,-1.7472
FUND34,2025-03-24T00:00:00,-1.769
FUND34,2025-03-25T00:00:00,-1.8599
FUND34,2025-03-26T00:00:00,-2.253
FUND34,2025-03-27T00:00:00,-2.0687
FUND34,2025-03-28T00:00:00,-1.9427
FUND34,2025-03-31T00:00:00,-1.8001
FUND34,2025-04-01T00:00:00,-1.936
FUND34,2025-04-02T00:00:00,-1.6976
FUND34,2025-04-03T00:00:00,-1.9681
FUND34,2025-04-04T00:00:00,-1.8424
FUND34,2025-04-07T00:00:00,-2.3267
FUND34,2025-04-08T00:00:00,-2.9974
FUND34,2025-04-09T00:00:00,-3.1577
FUND34,2025-04-10T00:00:00,-3.331
FUND34,2025-04-11T00:00:00,-3.277
FUND34,2025-04-14T00:00:00,-2.9344
FUND34,2025-04-15T00:00:00,-2.6407
FUND34,2025-04-16T00:00:00,-2.52
FUND34,2025-04-17T00:00:00,-2.2937
FUND34,2025-04-18T00:00:00,-2.2383
FUND34,2025-04-21T00:00:00,-2.0413
FUND34,2025-04-22T00:00:00,-2.044
FUND34,2025-04-23T00:00:00,-1.8496
FUND34,2025-04-24T00:00:00,-1.3126
FUND34,2025-04-25T00:00:00,-1.7582
FUND34,2025-04-28T00:00:00,-1.6759
FUND34,2025-04-29T00:00:00,-2.1302
FUND34,2025-04-30T00:00:00,-2.1599
FUND34,2025-05-01T00:00:00,-2.4334
FUND34,2025-05-02T00:00:00,-2.3679
FUND34,2025-05-05T00:00:00,-2.6141
FUND34,2025-05-06T00:00:00,-2.2167
FUND34,2025-05-07T00:00:00,-2.0362
FUND34,2025-05-08T00:00:00,-2.0669
FUND34,2025-05-09T00:00:00,-1.7791
FUND34,2025-05-12T00:00:00,-1.356
FUND34,2025-05-13T00:00:00,-1.1473
FUND34,2025-05-14T00:00:00,-1.2074
FUND34,2025-05-15T00:00:00,-1.4502
FUND34,2025-05-16T00:00:00,-1.4816
FUND34,2025-05-19T00:00:00,-1.3595
FUND34,2025-05-20T00:00:00,-1.0036
FUND34,2025-05-21T00:00:00,-1.258
FUND34,2025-05-22T00:00:00,-1.3455
FUND34,2025-05-23T00:00:00,-1.5808
FUND34,2025-05-26T00:00:00,-1.4708
FUND34,2025-05-27T00:00:00,-1.4067
FUND34,2025-05-28T00:00:00,-1.2098
FUND34,2025-05-29T00:00:00,-1.1915
FUND34,2025-05-30T00:00:00,-1.5676
FUND34,2025-06-02T00:00:00,-1.1591
FUND34,2025-06-03T00:00:00,-1.115
FUND34,2025-06-04T00:00:00,-1.1611
FUND34,2025-06-05T00:00:00,-1.0033
FUND34,2025-06-06T00:00:00,-0.9792
FUND34,2025-06-09T00:00:00,-0.6488
FUND34,2025-06-10T00:00:00,-0.4867
FUND34,2025-06-11T00:00:00,0.0156
FUND34,2025-06-12T00:00:00,-0.3414
FUND34,2025-06-13T00:00:00,-0.4075
FUND34,2025-06-16T00:00:00,-0.2425
FUND34,2025-06-17T00:00:00,-0.211
FUND34,2025-06-18T00:00:00,-0.1219
FUND34,2025-06-19T00:00:00,-0.4383
FUND34,2025-06-20T00:00:00,-0.1408
FUND34,2025-06-23T00:00:00,-0.3344
FUND34,2025-06-24T00:00:00,-0.4646
FUND34,2025-06-25T00:00:00,-0.7343
FUND34,2025-06-26T00:00:00,-0.5756
FUND34,2025-06-27T00:00:00,-0.6503
FUND34,2025-06-30T00:00:00,-0.9053
FUND34,2025-07-01T00:00:00,-0.982
FUND34,2025-07-02T00:00:00,-1.2707
FUND34,2025-07-03T00:00:00,-1.1009
FUND34,2025-07-04T00:00:00,-1.0573
FUND34,2025-07-07T00:00:00,-1.4491
FUND34,2025-07-08T00:00:00,-1.2518
FUND34,2025-07-09T00:00:00,-1.1822
FUND34,2025-07-10T00:00:00,-0.9499
FUND34,2025-07-11T00:00:00,-0.6844
FUND34,2025-07-14T00:00:00,-0.4496
FUND34,2025-07-15T00:00:00,-0.3746
FUND34,2025-07-16T00:00:00,-0.2507
FUND34,2025-07-17T00:00:00,-0.605
FUND34,2025-07-18T00:00:00,-0.5725
FUND34,2025-07-21T00:00:00,-1.054
FUND34,2025-07-22T00:00:00,-0.9563
FUND34,2025-07-23T00:00:00,-0.7882
FUND34,2025-07-24T00:00:00,-0.7154
FUND34,2025-07-25T00:00:00,-0.6231
FUND34,2025-07-28T00:00:00,-0.2828
FUND34,2025-07-29T00:00:00,-0.0751
FUND34,2025-07-30T00:00:00,-0.0094
FUND34,2025-07-31T00:00:00,-0.0256
FUND34,2025-08-01T00:00:00,0.0446
FUND34,2025-08-04T00:00:00,0.0298
FUND34,2025-08-05T00:00:00,-0.0821
FUND34,2025-08-06T00:00:00,-0.0969
FUND34,2025-08-07T00:00:00,0.0449
FUND34,2025-08-08T00:00:00,-0.2151
FUND34,2025-08-11T00:00:00,0.1107
FUND34,2025-08-12T00:00:00,0.4827
FUND34,2025-08-13T00:00:00,0.4808
FUND34,2025-08-14T00:00:00,0.5872
FUND34,2025-08-15T00:00:00,0.8116
FUND34,2025-08-18T00:00:00,0.577
FUND34,2025-08-19T00:00:00,0.5039
FUND34,2025-08-20T00:00:00,0.9971
FUND34,2025-08-21T00:00:00,0.5542
FUND34,2025-08-22T00:00:00,0.8409
FUND34,2025-08-25T00:00:00,1.0411
FUND34,2025-08-26T00:00:00,1.0069
FUND34,2025-08-27T00:00:00,1.063
FUND34,2025-08-28T00:00:00,1.1286
FUND34,2025-08-29T00:00:00,1.7921
FUND34,2025-09-01T00:00:00,1.7205
FUND34,2025-09-02T00:00:00,1.6055
FUND34,2025-09-03T00:00:00,1.8792
FUND34,2025-09-04T00:00:00,1.6316
FUND34,2025-09-05T00:00:00,1.6694
FUND34,2025-09-08T00:00:00,2.265
FUND34,2025-09-09T00:00:00,2.3535
FUND34,2025-09-10T00:00:00,2.4979
FUND34,2025-09-11T00:00:00,2.6961
FUND34,2025-09-12T00:00:00,2.7532
FUND34,2025-09-15T00:00:00,2.3719
FUND34,2025-09-16T00:00:00,2.4665
FUND34,2025-09-17T00:00:00,2.7816
FUND34,2025-09-18T00:00:00,2.8209
FUND34,2025-09-19T00:00:00,2.9235
FUND34,2025-09-22T00:00:00,2.5698
FUND34,2025-09-23T00:00:00,2.2128
FUND34,2025-09-24T00:00:00,2.7326
FUND34,2025-09-25T00:00:00,2.8966
FUND34,2025-09-26T00:00:00,3.1274
FUND34,2025-09-29T00:00:00,3.299
FUND34,2025-09-30T00:00:00,3.2069
FUND34,2025-10-01T00:00:00,3.2286
FUND34,2025-10-02T00:00:00,3.2737
FUND34,2025-10-03T00:00:00,3.7146
FUND34,2025-10-06T00:00:00,3.6076
FUND34,2025-10-07T00:00:00,3.2183
FUND34,2025-10-08T00:00:00,2.8103
FUND34,2025-10-09T00:00:00,3.0286
FUND34,2025-10-10T00:00:00,2.8954
FUND34,2025-10-13T00:00:00,2.7592
FUND34,2025-10-14T00:00:00,1.7451
FUND34,2025-10-15T00:00:00,1.7738
FUND34,2025-10-16T00:00:00,2.0849
FUND34,2025-10-17T00:00:00,2.3655
FUND34,2025-10-20T00:00:00,2.2483
FUND34,2025-10-21T00:00:00,2.3756
FUND34,2025-10-22T00:00:00,2.1568
FUND34,2025-10-23T00:00:00,2.5733
FUND34,2025-10-24T00:00:00,2.4113
FUND34,2025-10-27T00:00:00,2.8072
FUND34,2025-10-28T00:00:00,2.9276
FUND34,2025-10-29T00:00:00,2.8725
FUND34,2025-10-30T00:00:00,2.8925
FUND34,2025-10-31T00:00:00,3.1114
FUND34,2025-11-03T00:00:00,3.5133
FUND34,2025-11-04T00:00:00,3.1414
FUND34,2025-11-05T00:00:00,3.2352
FUND34,2025-11-06T00:00:00,2.9029
FUND34,2025-11-07T00:00:00,2.8412
FUND34,2025-11-10T00:00:00,3.0298
FUND34,2025-11-11T00:00:00,2.492
FUND34,2025-11-12T00:00:00,2.3782
FUND34,2025-11-13T00:00:00,2.2222
FUND34,2025-11-14T00:00:00,2.3205
FUND34,2025-11-17T00:00:00,2.1741
FUND34,2025-11-18T00:00:00,2.2754
FUND34,2025-11-19T00:00:00,1.9701
FUND34,2025-11-20T00:00:00,2.4253
FUND34,2025-11-21T00:00:00,2.6733
FUND34,2025-11-24T00:00:00,2.7525
FUND35,2023-05-08T00:00:00,0.2707
FUND35,2023-05-09T00:00:00,0.7003
FUND35,2023-05-10T00:00:00,0.8748
FUND35,2023-05-11T00:00:00,0.5711
FUND35,2023-05-12T00:00:00,0.507
FUND35,2023-05-15T00:00:00,0.2838
FUND35,2023-05-16T00:00:00,0.2604
FUND35,2023-05-17T00:00:00,0.4057
FUND35,2023-05-18T00:00:00,0.5958
FUND35,2023-05-19T00:00:00,1.0366
FUND35,2023-05-22T00:00:00,1.0854
FUND35,2023-05-23T00:00:00,1.2486
FUND35,2023-05-24T00:00:00,1.4904
FUND35,2023-05-25T00:00:00,1.383
FUND35,2023-05-26T00:00:00,1.3229
FUND35,2023-05-29T00:00:00,1.6047
FUND35,2023-05-30T00:00:00,1.3493
FUND35,2023-05-31T00:00:00,1.1772
FUND35,2023-06-01T00:00:00,1.3068
FUND35,2023-06-02T00:00:00,1.3289
FUND35,2023-06-05T00:00:00,1.457
FUND35,2023-06-06T00:00:00,1.2191
FUND35,2023-06-07T00:00:00,1.328
FUND35,2023-06-08T00:00:00,1.415
FUND35,2023-06-09T00:00:00,0.9291
FUND35,2023-06-12T00:00:00,1.0112
FUND35,2023-06-13T00:00:00,0.6617
FUND35,2023-06-14T00:00:00,0.5815
FUND35,2023-06-15T00:00:00,0.7157
FUND35,2023-06-16T00:00:00,0.9384
FUND35,2023-06-19T00:00:00,1.2737
FUND35,2023-06-20T00:00:00,1.1138
FUND35,2023-06-21T00:00:00,1.4449
FUND35,2023-06-22T00:00:00,1.0188
FUND35,2023-06-23T00:00:00,0.5066
FUND35,2023-06-26T00:00:00,0.3406
FUND35,2023-06-27T00:00:00,0.5298
FUND35,2023-06-28T00:00:00,0.8906
FUND35,2023-06-29T00:00:00,0.4436
FUND35,2023-06-30T00:00:00,0.7692
FUND35,2023-07-03T00:00:00,0.7395
FUND35,2023-07-04T00:00:00,0.4862
FUND35,2023-07-05T00:00:00,0.1947
FUND35,2023-07-06T00:00:00,0.0042
FUND35,2023-07-07T00:00:00,0.2518
FUND35,2023-07-10T00:00:00,0.0038
FUND35,2023-07-11T00:00:00,0.217
FUND35,2023-07-12T00:00:00,0.5892
FUND35,2023-07-13T00:00:00,0.9766
FUND35,2023-07-14T00:00:00,0.9513
FUND35,2023-07-17T00:00:00,0.903
FUND35,2023-07-18T00:00:00,1.0957
FUND35,2023-07-19T00:00:00,1.3931
FUND35,2023-07-20T00:00:00,1.7768
FUND35,2023-07-21T00:00:00,1.3049
FUND35,2023-07-24T00:00:00,1.0676
FUND35,2023-07-25T00:00:00,1.1983
FUND35,2023-07-26T00:00:00,1.3391
FUND35,2023-07-27T00:00:00,1.3903
FUND35,2023-07-28T00:00:00,1.7366
FUND35,2023-07-31T00:00:00,1.8685
FUND35,2023-08-01T00:00:00,1.8055
FUND35,2023-08-02T00:00:00,2.0056
FUND35,2023-08-03T00:00:00,1.4913
FUND35,2023-08-04T00:00:00,1.6035
FUND35,2023-08-07T00:00:00,1.4953
FUND35,2023-08-08T00:00:00,1.1057
FUND35,2023-08-09T00:00:00,1.2987
FUND35,2023-08-10T00:00:00,1.3331
FUND35,2023-08-11T00:00:00,1.3286
FUND35,2023-08-14T00:00:00,1.3725
FUND35,2023-08-15T00:00:00,1.6523
FUND35,2023-08-16T00:00:00,1.7242
FUND35,2023-08-17T00:00:00,1.3437
FUND35,2023-08-18T00:00:00,1.2564
FUND35,2023-08-21T00:00:00,1.4043
FUND35,2023-08-22T00:00:00,1.3885
FUND35,2023-08-23T00:00:00,0.8141
FUND35,2023-08-24T00:00:00,0.6798
FUND35,2023-08-25T00:00:00,0.3671
FUND35,2023-08-28T00:00:00,0.2215
FUND35,2023-08-29T00:00:00,0.3608
FUND35,2023-08-30T00:00:00,0.479
FUND35,2023-08-31T00:00:00,0.4872
FUND35,2023-09-01T00:00:00,0.8254
FUND35,2023-09-04T00:00:00,0.6545
FUND35,2023-09-05T00:00:00,0.6118
FUND35,2023-09-06T00:00:00,0.6775
FUND35,2023-09-07T00:00:00,0.2672
FUND35,2023-09-08T00:00:00,-0.0027
FUND35,2023-09-11T00:00:00,0.1747
FUND35,2023-09-12T00:00:00,-0.0163
FUND35,2023-09-13T00:00:00,-0.0507
FUND35,2023-09-14T00:00:00,-0.0274
FUND35,2023-09-15T00:00:00,-0.0501
FUND35,2023-09-18T00:00:00,0.154
FUND35,2023-09-19T00:00:00,-0.1893
FUND35,2023-09-20T00:00:00,-0.44
FUND35,2023-09-21T00:00:00,-0.2128
FUND35,2023-09-22T00:00:00,-0.0711
FUND35,2023-09-25T00:00:00,0.1008
FUND35,2023-09-26T00:00:00,-0.0093
FUND35,2023-09-27T00:00:00,0.007
FUND35,2023-09-28T00:00:00,-0.0534
FUND35,2023-09-29T00:00:00,-0.3535
FUND35,2023-10-02T00:00:00,-0.3261
FUND35,2023-10-03T00:00:00,-0.2318
FUND35,2023-10-04T00:00:00,-0.514
FUND35,2023-10-05T00:00:00,-0.335
FUND35,2023-10-06T00:00:00,-0.3274
FUND35,2023-10-09T00:00:00,-0.2199
FUND35,2023-10-10T00:00:00,-0.283
FUND35,2023-10-11T00:00:00,-0.0665
FUND35,2023-10-12T00:00:00,-0.3251
FUND35,2023-10-13T00:00:00,0.1756
FUND35,2023-10-16T00:00:00,0.7038
FUND35,2023-10-17T00:00:00,0.7245
FUND35,2023-10-18T00:00:00,0.9879
FUND35,2023-10-19T00:00:00,0.6754
FUND35,2023-10-20T00:00:00,0.5377
FUND35,2023-10-23T00:00:00,0.4104
FUND35,2023-10-24T00:00:00,0.3554
FUND35,2023-10-25T00:00:00,0.5167
FUND35,2023-10-26T00:00:00,0.7728
FUND35,2023-10-27T00:00:00,0.6757
FUND35,2023-10-30T00:00:00,0.7606
FUND35,2023-10-31T00:00:00,0.751
FUND35,2023-11-01T00:00:00,0.8728
FUND35,2023-11-02T00:00:00,1.1248
FUND35,2023-11-03T00:00:00,1.2466
FUND35,2023-11-06T00:00:00,1.2093
FUND35,2023-11-07T00:00:00,1.2912
FUND35,2023-11-08T00:00:00,1.5802
FUND35,2023-11-09T00:00:00,1.5222
FUND35,2023-11-10T00:00:00,1.6665
FUND35,2023-11-13T00:00:00,1.6495
FUND35,2023-11-14T00:00:00,1.7609
FUND35,2023-11-15T00:00:00,1.6022
FUND35,2023-11-16T00:00:00,1.5808
FUND35,2023-11-17T00:00:00,1.6273
FUND35,2023-11-20T00:00:00,1.6869
FUND35,2023-11-21T00:00:00,1.3156
FUND35,2023-11-22T00:00:00,1.2742
FUND35,2023-11-23T00:00:00,1.079
FUND35,2023-11-24T00:00:00,0.9995
FUND35,2023-11-27T00:00:00,1.2595
FUND35,2023-11-28T00:00:00,1.2031
FUND35,2023-11-29T00:00:00,0.7807
FUND35,2023-11-30T00:00:00,0.9796
FUND35,2023-12-01T00:00:00,0.7657
FUND35,2023-12-04T00:00:00,0.85
FUND35,2023-12-05T00:00:00,0.4748
FUND35,2023-12-06T00:00:00,0.3269
FUND35,2023-12-07T00:00:00,0.6594
FUND35,2023-12-08T00:00:00,0.2652
FUND35,2023-12-11T00:00:00,0.0156
FUND35,2023-12-12T00:00:00,0.2822
FUND35,2023-12-13T00:00:00,-0.0929
FUND35,2023-12-14T00:00:00,-0.2829
FUND35,2023-12-15T00:00:00,0.1245
FUND35,2023-12-18T00:00:00,0.1628
FUND35,2023-12-19T00:00:00,0.0132
FUND35,2023-12-20T00:00:00,-0.0195
FUND35,2023-12-21T00:00:00,0.3362
FUND35,2023-12-22T00:00:00,0.558
FUND35,2023-12-25T00:00:00,0.3113
FUND35,2023-12-26T00:00:00,0.1409
FUND35,2023-12-27T00:00:00,0.7903
FUND35,2023-12-28T00:00:00,0.6695
FUND35,2023-12-29T00:00:00,1.0819
FUND35,2024-01-01T00:00:00,1.1551
FUND35,2024-01-02T00:00:00,1.506
FUND35,2024-01-03T00:00:00,1.0118
FUND35,2024-01-04T00:00:00,0.7903
FUND35,2024-01-05T00:00:00,0.8897
FUND35,2024-01-08T00:00:00,1.1105
FUND35,2024-01-09T00:00:00,1.2989
FUND35,2024-01-10T00:00:00,1.4592
FUND35,2024-01-11T00:00:00,1.2762
FUND35,2024-01-12T00:00:00,1.4845
FUND35,2024-01-15T00:00:00,0.9378
FUND35,2024-01-16T00:00:00,1.0254
FUND35,2024-01-17T00:00:00,0.8411
FUND35,2024-01-18T00:00:00,0.7547
FUND35,2024-01-19T00:00:00,0.6453
FUND35,2024-01-22T00:00:00,0.4827
FUND35,2024-01-23T00:00:00,0.3913
FUND35,2024-01-24T00:00:00,0.9312
FUND35,2024-01-25T00:00:00,0.9245
FUND35,2024-01-26T00:00:00,0.2775
FUND35,2024-01-29T00:00:00,0.1619
FUND35,2024-01-30T00:00:00,0.0228
FUND35,2024-01-31T00:00:00,-0.322
FUND35,2024-02-01T00:00:00,-0.5812
FUND35,2024-02-02T00:00:00,-0.1797
FUND35,2024-02-05T00:00:00,-0.5316
FUND35,2024-02-06T00:00:00,-0.6709
FUND35,2024-02-07T00:00:00,-0.4229
FUND35,2024-02-08T00:00:00,-0.2342
FUND35,2024-02-09T00:00:00,-0.1097
FUND35,2024-02-12T00:00:00,-0.2711
FUND35,2024-02-13T00:00:00,-0.3883
FUND35,2024-02-14T00:00:00,-0.5308
FUND35,2024-02-15T00:00:00,-0.477
FUND35,2024-02-16T00:00:00,-0.6659
FUND35,2024-02-19T00:00:00,-0.7172
FUND35,2024-02-20T00:00:00,-1.0977
FUND35,2024-02-21T00:00:00,-1.195
FUND35,2024-02-22T00:00:00,-0.8802
FUND35,2024-02-23T00:00:00,-0.8825
FUND35,2024-02-26T00:00:00,-0.7536
FUND35,2024-02-27T00:00:00,-0.6792
FUND35,2024-02-28T00:00:00,-0.8854
FUND35,2024-02-29T00:00:00,-0.7533
FUND35,2024-03-01T00:00:00,-0.2603
FUND35,2024-03-04T00:00:00,-0.3393
FUND35,2024-03-05T00:00:00,-0.1673
FUND35,2024-03-06T00:00:00,-0.3728
FUND35,2024-03-07T00:00:00,-0.1094
FUND35,2024-03-08T00:00:00,-0.8205
FUND35,2024-03-11T00:00:00,-1.2121
FUND35,2024-03-12T00:00:00,-1.4342
FUND35,2024-03-13T00:00:00,-1.6203
FUND35,2024-03-14T00:00:00,-1.2406
FUND35,2024-03-15T00:00:00,-1.2861
FUND35,2024-03-18T00:00:00,-1.3865
FUND35,2024-03-19T00:00:00,-1.2031
FUND35,2024-03-20T00:00:00,-1.1551
FUND35,2024-03-21T00:00:00,-0.9649
FUND35,2024-03-22T00:00:00,-1.1707
FUND35,2024-03-25T00:00:00,-1.416
FUND35,2024-03-26T00:00:00,-1.1739
FUND35,2024-03-27T00:00:00,-1.0637
FUND35,2024-03-28T00:00:00,-1.324
FUND35,2024-03-29T00:00:00,-1.1716
FUND35,2024-04-01T00:00:00,-1.1089
FUND35,2024-04-02T00:00:00,-0.8997
FUND35,2024-04-03T00:00:00,-0.5803
FUND35,2024-04-04T00:00:00,-0.5083
FUND35,2024-04-05T00:00:00,-0.5248
FUND35,2024-04-08T00:00:00,-0.7049
FUND35,2024-04-09T00:00:00,-0.2348
FUND35,2024-04-10T00:00:00,-0.1185
FUND35,2024-04-11T00:00:00,0.0901
FUND35,2024-04-12T00:00:00,0.2578
FUND35,2024-04-15T00:00:00,0.3335
FUND35,2024-04-16T00:00:00,0.0739
FUND35,2024-04-17T00:00:00,0.1543
FUND35,2024-04-18T00:00:00,0.3571
FUND35,2024-04-19T00:00:00,0.3305
FUND35,2024-04-22T00:00:00,-0.0826
FUND35,2024-04-23T00:00:00,0.0462
FUND35,2024-04-24T00:00:00,-0.134
FUND35,2024-04-25T00:00:00,0.1199
FUND35,2024-04-26T00:00:00,-0.211
FUND35,2024-04-29T00:00:00,-0.3229
FUND35,2024-04-30T00:00:00,-0.5877
FUND35,2024-05-01T00:00:00,-0.6959
FUND35,2024-05-02T00:00:00,-0.5526
FUND35,2024-05-03T00:00:00,-0.4292
FUND35,2024-05-06T00:00:00,-0.6003
FUND35,2024-05-07T00:00:00,-0.8625
FUND35,2024-05-08T00:00:00,-0.9901
FUND35,2024-05-09T00:00:00,-0.7833
FUND35,2024-05-10T00:00:00,-0.946
FUND35,2024-05-13T00:00:00,-0.9568
FUND35,2024-05-14T00:00:00,-1.2208
FUND35,2024-05-15T00:00:00,-1.706
FUND35,2024-05-16T00:00:00,-1.1746
FUND35,2024-05-17T00:00:00,-1.3358
FUND35,2024-05-20T00:00:00,-1.1372
FUND35,2024-05-21T00:00:00,-1.1614
FUND35,2024-05-22T00:00:00,-0.9939
FUND35,2024-05-23T00:00:00,-0.8912
FUND35,2024-05-24T00:00:00,-0.8448
FUND35,2024-05-27T00:00:00,-0.933
FUND35,2024-05-28T00:00:00,-0.7366
FUND35,2024-05-29T00:00:00,-1.2972
FUND35,2024-05-30T00:00:00,-1.6888
FUND35,2024-05-31T00:00:00,-1.3191
FUND35,2024-06-03T00:00:00,-1.529
FUND35,2024-06-04T00:00:00,-1.4639
FUND35,2024-06-05T00:00:00,-1.2521
FUND35,2024-06-06T00:00:00,-1.1305
FUND35,2024-06-07T00:00:00,-1.546
FUND35,2024-06-10T00:00:00,-1.4752
FUND35,2024-06-11T00:00:00,-1.277
FUND35,2024-06-12T00:00:00,-1.2006
FUND35,2024-06-13T00:00:00,-1.3206
FUND35,2024-06-14T00:00:00,-1.4081
FUND35,2024-06-17T00:00:00,-1.2643
FUND35,2024-06-18T00:00:00,-1.4494
FUND35,2024-06-19T00:00:00,-1.8088
FUND35,2024-06-20T00:00:00,-1.4923
FUND35,2024-06-21T00:00:00,-0.9758
FUND35,2024-06-24T00:00:00,-1.0148
FUND35,2024-06-25T00:00:00,-0.5406
FUND35,2024-06-26T00:00:00,-1.011
FUND35,2024-06-27T00:00:00,-1.0115
FUND35,2024-06-28T00:00:00,-0.8552
FUND35,2024-07-01T00:00:00,-0.9731
FUND35,2024-07-02T00:00:00,-0.7859
FUND35,2024-07-03T00:00:00,-0.7014
FUND35,2024-07-04T00:00:00,-1.0681
FUND35,2024-07-05T00:00:00,-0.961
FUND35,2024-07-08T00:00:00,-1.0483
FUND35,2024-07-09T00:00:00,-1.1205
FUND35,2024-07-10T00:00:00,-0.8974
FUND35,2024-07-11T00:00:00,-0.9728
FUND35,2024-07-12T00:00:00,-0.4238
FUND35,2024-07-15T00:00:00,0.0772
FUND35,2024-07-16T00:00:00,0.1579
FUND35,2024-07-17T00:00:00,0.569
FUND35,2024-07-18T00:00:00,0.5356
FUND35,2024-07-19T00:00:00,0.596
FUND35,2024-07-22T00:00:00,0.6249
FUND35,2024-07-23T00:00:00,0.1808
FUND35,2024-07-24T00:00:00,0.3154
FUND35,2024-07-25T00:00:00,0.2478
FUND35,2024-07-26T00:00:00,0.2093
FUND35,2024-07-29T00:00:00,0.5675
FUND35,2024-07-30T00:00:00,0.0262
FUND35,2024-07-31T00:00:00,-0.5563
FUND35,2024-08-01T00:00:00,-0.0255
FUND35,2024-08-02T00:00:00,0.0388
FUND35,2024-08-05T00:00:00,0.114
FUND35,2024-08-06T00:00:00,0.1103
FUND35,2024-08-07T00:00:00,-0.0911
FUND35,2024-08-08T00:00:00,-0.3286
FUND35,2024-08-09T00:00:00,-0.2471
FUND35,2024-08-12T00:00:00,-0.2952
FUND35,2024-08-13T00:00:00,-0.2917
FUND35,2024-08-14T00:00:00,-0.4445
FUND35,2024-08-15T00:00:00,-0.5315
FUND35,2024-08-16T00:00:00,-0.431
FUND35,2024-08-19T00:00:00,-0.5651
FUND35,2024-08-20T00:00:00,-0.4002
FUND35,2024-08-21T00:00:00,-0.3828
FUND35,2024-08-22T00:00:00,-0.4921
FUND35,2024-08-23T00:00:00,-0.6835
FUND35,2024-08-26T00:00:00,-0.4831
FUND35,2024-08-27T00:00:00,-0.7341
FUND35,2024-08-28T00:00:00,-0.5472
FUND35,2024-08-29T00:00:00,-0.6943
FUND35,2024-08-30T00:00:00,-0.4998
FUND35,2024-09-02T00:00:00,-0.3787
FUND35,2024-09-03T00:00:00,-0.4622
FUND35,2024-09-04T00:00:00,-0.4089
FUND35,2024-09-05T00:00:00,-0.4399
FUND35,2024-09-06T00:00:00,-0.6393
FUND35,2024-09-09T00:00:00,-0.2415
FUND35,2024-09-10T00:00:00,-0.2708
FUND35,2024-09-11T00:00:00,0.0354
FUND35,2024-09-12T00:00:00,-0.3417
FUND35,2024-09-13T00:00:00,-0.0686
FUND35,2024-09-16T00:00:00,-0.2238
FUND35,2024-09-17T00:00:00,0.0116
FUND35,2024-09-18T00:00:00,0.3696
FUND35,2024-09-19T00:00:00,0.2989
FUND35,2024-09-20T00:00:00,0.6283
FUND35,2024-09-23T00:00:00,0.5133
FUND35,2024-09-24T00:00:00,0.8469
FUND35,2024-09-25T00:00:00,0.2595
FUND35,2024-09-26T00:00:00,0.4101
FUND35,2024-09-27T00:00:00,0.6024
FUND35,2024-09-30T00:00:00,0.5864
FUND35,2024-10-01T00:00:00,0.6252
FUND35,2024-10-02T00:00:00,0.6234
FUND35,2024-10-03T00:00:00,1.0394
FUND35,2024-10-04T00:00:00,0.6559
FUND35,2024-10-07T00:00:00,0.585
FUND35,2024-10-08T00:00:00,0.6162
FUND35,2024-10-09T00:00:00,0.4587
FUND35,2024-10-10T00:00:00,0.6192
FUND35,2024-10-11T00:00:00,0.8829
FUND35,2024-10-14T00:00:00,0.9619
FUND35,2024-10-15T00:00:00,0.8224
FUND35,2024-10-16T00:00:00,0.3341
FUND35,2024-10-17T00:00:00,0.4909
FUND35,2024-10-18T00:00:00,0.574
FUND35,2024-10-21T00:00:00,0.7382
FUND35,2024-10-22T00:00:00,1.0956
FUND35,2024-10-23T00:00:00,1.3858
FUND35,2024-10-24T00:00:00,1.2641
FUND35,2024-10-25T00:00:00,1.2699
FUND35,2024-10-28T00:00:00,1.0116
FUND35,2024-10-29T00:00:00,0.5832
FUND35,2024-10-30T00:00:00,0.9332
FUND35,2024-10-31T00:00:00,1.1179
FUND35,2024-11-01T00:00:00,0.7912
FUND35,2024-11-04T00:00:00,0.9194
FUND35,2024-11-05T00:00:00,0.6328
FUND35,2024-11-06T00:00:00,0.4153
FUND35,2024-11-07T00:00:00,0.5278
FUND35,2024-11-08T00:00:00,0.1251
FUND35,2024-11-11T00:00:00,0.1449
FUND35,2024-11-12T00:00:00,0.2589
FUND35,2024-11-13T00:00:00,0.0749
FUND35,2024-11-14T00:00:00,0.1294
FUND35,2024-11-15T00:00:00,0.1606
FUND35,2024-11-18T00:00:00,0.3977
FUND35,2024-11-19T00:00:00,0.5745
FUND35,2024-11-20T00:00:00,0.511
FUND35,2024-11-21T00:00:00,0.1544
FUND35,2024-11-22T00:00:00,0.076
FUND35,2024-11-25T00:00:00,0.0353
FUND35,2024-11-26T00:00:00,0.307
FUND35,2024-11-27T00:00:00,-0.0431
FUND35,2024-11-28T00:00:00,-0.2511
FUND35,2024-11-29T00:00:00,-0.0851
FUND35,2024-12-02T00:00:00,-0.338
FUND35,2024-12-03T00:00:00,0.1648
FUND35,2024-12-04T00:00:00,0.5406
FUND35,2024-12-05T00:00:00,0.4891
FUND35,2024-12-06T00:00:00,0.3024
FUND35,2024-12-09T00:00:00,0.133
FUND35,2024-12-10T00:00:00,-0.0449
FUND35,2024-12-11T00:00:00,0.0449
FUND35,2024-12-12T00:00:00,0.1366
FUND35,2024-12-13T00:00:00,0.0863
FUND35,2024-12-16T00:00:00,0.0561
FUND35,2024-12-17T00:00:00,-0.1435
FUND35,2024-12-18T00:00:00,0.0454
FUND35,2024-12-19T00:00:00,-0.2293
FUND35,2024-12-20T00:00:00,0.0851
FUND35,2024-12-23T00:00:00,0.1615
FUND35,2024-12-24T00:00:00,0.2575
FUND35,2024-12-25T00:00:00,0.0174
FUND35,2024-12-26T00:00:00,0.2923
FUND35,2024-12-27T00:00:00,0.3491
FUND35,2024-12-30T00:00:00,0.1384
FUND35,2024-12-31T00:00:00,0.475
FUND35,2025-01-01T00:00:00,0.5528
FUND35,2025-01-02T00:00:00,0.3301
FUND35,2025-01-03T00:00:00,0.227
FUND35,2025-01-06T00:00:00,0.5551
FUND35,2025-01-07T00:00:00,1.0664
FUND35,2025-01-08T00:00:00,1.3668
FUND35,2025-01-09T00:00:00,1.6895
FUND35,2025-01-10T00:00:00,1.7571
FUND35,2025-01-13T00:00:00,1.5242
FUND35,2025-01-14T00:00:00,1.743
FUND35,2025-01-15T00:00:00,1.8238
FUND35,2025-01-16T00:00:00,1.9309
FUND35,2025-01-17T00:00:00,1.8148
FUND35,2025-01-20T00:00:00,1.4972
FUND35,2025-01-21T00:00:00,1.4765
FUND35,2025-01-22T00:00:00,1.4927
FUND35,2025-01-23T00:00:00,1.2408
FUND35,2025-01-24T00:00:00,0.8522
FUND35,2025-01-27T00:00:00,1.0092
FUND35,2025-01-28T00:00:00,0.925
FUND35,2025-01-29T00:00:00,1.4624
FUND35,2025-01-30T00:00:00,1.4463
FUND35,2025-01-31T00:00:00,1.482
FUND35,2025-02-03T00:00:00,1.585
FUND35,2025-02-04T00:00:00,1.5389
FUND35,2025-02-05T00:00:00,1.5885
FUND35,2025-02-06T00:00:00,0.9034
FUND35,2025-02-07T00:00:00,1.1412
FUND35,2025-02-10T00:00:00,1.4033
FUND35,2025-02-11T00:00:00,1.5109
FUND35,2025-02-12T00:00:00,1.8824
FUND35,2025-02-13T00:00:00,1.7813
FUND35,2025-02-14T00:00:00,1.3862
FUND35,2025-02-17T00:00:00,1.4477
FUND35,2025-02-18T00:00:00,1.4773
FUND35,2025-02-19T00:00:00,1.8384
FUND35,2025-02-20T00:00:00,1.5064
FUND35,2025-02-21T00:00:00,1.3374
FUND35,2025-02-24T00:00:00,0.8699
FUND35,2025-02-25T00:00:00,0.9162
FUND35,2025-02-26T00:00:00,0.9559
FUND35,2025-02-27T00:00:00,0.8801
FUND35,2025-02-28T00:00:00,0.6255
FUND35,2025-03-03T00:00:00,0.6867
FUND35,2025-03-04T00:00:00,1.2884
FUND35,2025-03-05T00:00:00,1.6241
FUND35,2025-03-06T00:00:00,1.2294
FUND35,2025-03-07T00:00:00,1.7165
FUND35,2025-03-10T00:00:00,1.504
FUND35,2025-03-11T00:00:00,2.0289
FUND35,2025-03-12T00:00:00,2.0912
FUND35,2025-03-13T00:00:00,1.9926
FUND35,2025-03-14T00:00:00,2.2735
FUND35,2025-03-17T00:00:00,2.3401
FUND35,2025-03-18T00:00:00,2.303
FUND35,2025-03-19T00:00:00,2.542
FUND35,2025-03-20T00:00:00,2.1261
FUND35,2025-03-21T00:00:00,1.5861
FUND35,2025-03-24T00:00:00,1.2014
FUND35,2025-03-25T00:00:00,1.0577
FUND35,2025-03-26T00:00:00,0.8385
FUND35,2025-03-27T00:00:00,0.9592
FUND35,2025-03-28T00:00:00,0.8703
FUND35,2025-03-31T00:00:00,0.961
FUND35,2025-04-01T00:00:00,0.9365
FUND35,2025-04-02T00:00:00,1.0514
FUND35,2025-04-03T00:00:00,1.1209
FUND35,2025-04-04T00:00:00,1.1091
FUND35,2025-04-07T00:00:00,1.1968
FUND35,2025-04-08T00:00:00,1.2929
FUND35,2025-04-09T00:00:00,1.4582
FUND35,2025-04-10T00:00:00,1.1152
FUND35,2025-04-11T00:00:00,1.5028
FUND35,2025-04-14T00:00:00,1.5687
FUND35,2025-04-15T00:00:00,1.5271
FUND35,2025-04-16T00:00:00,1.4124
FUND35,2025-04-17T00:00:00,1.1784
FUND35,2025-04-18T00:00:00,1.1776
FUND35,2025-04-21T00:00:00,1.5645
FUND35,2025-04-22T00:00:00,1.913
FUND35,2025-04-23T00:00:00,1.66
FUND35,2025-04-24T00:00:00,2.1082
FUND35,2025-04-25T00:00:00,1.7308
FUND35,2025-04-28T00:00:00,1.5572
FUND35,2025-04-29T00:00:00,1.5477
FUND35,2025-04-30T00:00:00,1.9249
FUND35,2025-05-01T00:00:00,1.529
FUND35,2025-05-02T00:00:00,1.5773
FUND35,2025-05-05T00:00:00,1.5732
FUND35,2025-05-06T00:00:00,1.4332
FUND35,2025-05-07T00:00:00,1.3449
FUND35,2025-05-08T00:00:00,1.4757
FUND35,2025-05-09T00:00:00,1.8067
FUND35,2025-05-12T00:00:00,1.6443
FUND35,2025-05-13T00:00:00,1.1829
FUND35,2025-05-14T00:00:00,1.263
FUND35,2025-05-15T00:00:00,0.8213
FUND35,2025-05-16T00:00:00,0.9982
FUND35,2025-05-19T00:00:00,1.4384
FUND35,2025-05-20T00:00:00,1.2485
FUND35,2025-05-21T00:00:00,1.2665
FUND35,2025-05-22T00:00:00,1.3023
FUND35,2025-05-23T00:00:00,1.4433
FUND35,2025-05-26T00:00:00,1.443
FUND35,2025-05-27T00:00:00,1.4653
FUND35,2025-05-28T00:00:00,1.2735
FUND35,2025-05-29T00:00:00,1.5165
FUND35,2025-05-30T00:00:00,1.8707
FUND35,2025-06-02T00:00:00,1.6866
FUND35,2025-06-03T00:00:00,1.362
FUND35,2025-06-04T00:00:00,1.286
FUND35,2025-06-05T00:00:00,0.9061
FUND35,2025-06-06T00:00:00,0.435
FUND35,2025-06-09T00:00:00,-0.0101
FUND35,2025-06-10T00:00:00,0.3516
FUND35,2025-06-11T00:00:00,0.4187
FUND35,2025-06-12T00:00:00,0.8197
FUND35,2025-06-13T00:00:00,0.8018
FUND35,2025-06-16T00:00:00,0.955
FUND35,2025-06-17T00:00:00,0.8398
FUND35,2025-06-18T00:00:00,0.6879
FUND35,2025-06-19T00:00:00,0.5293
FUND35,2025-06-20T00:00:00,1.0382
FUND35,2025-06-23T00:00:00,0.9255
FUND35,2025-06-24T00:00:00,1.0289
FUND35,2025-06-25T00:00:00,1.2898
FUND35,2025-06-26T00:00:00,1.4443
FUND35,2025-06-27T00:00:00,1.3764
FUND35,2025-06-30T00:00:00,1.5572
FUND35,2025-07-01T00:00:00,1.7461
FUND35,2025-07-02T00:00:00,1.5291
FUND35,2025-07-03T00:00:00,1.6445
FUND35,2025-07-04T00:00:00,1.7093
FUND35,2025-07-07T00:00:00,1.6954
FUND35,2025-07-08T00:00:00,1.3914
FUND35,2025-07-09T00:00:00,1.2646
FUND35,2025-07-10T00:00:00,1.0462
FUND35,2025-07-11T00:00:00,0.9477
FUND35,2025-07-14T00:00:00,0.9679
FUND35,2025-07-15T00:00:00,1.0769
FUND35,2025-07-16T00:00:00,1.3923
FUND35,2025-07-17T00:00:00,1.3326
FUND35,2025-07-18T00:00:00,1.41
FUND35,2025-07-21T00:00:00,1.1591
FUND35,2025-07-22T00:00:00,0.7355
FUND35,2025-07-23T00:00:00,0.491
FUND35,2025-07-24T00:00:00,0.8217
FUND35,2025-07-25T00:00:00,1.4121
FUND35,2025-07-28T00:00:00,1.3512
FUND35,2025-07-29T00:00:00,1.1357
FUND35,2025-07-30T00:00:00,1.3896
FUND35,2025-07-31T00:00:00,1.6328
FUND35,2025-08-01T00:00:00,1.9416
FUND35,2025-08-04T00:00:00,1.6075
FUND35,2025-08-05T00:00:00,1.3577
FUND35,2025-08-06T00:00:00,1.2408
FUND35,2025-08-07T00:00:00,1.2453
FUND35,2025-08-08T00:00:00,1.3929
FUND35,2025-08-11T00:00:00,1.593
FUND35,2025-08-12T00:00:00,1.4541
FUND35,2025-08-13T00:00:00,1.0891
FUND35,2025-08-14T00:00:00,1.1436
FUND35,2025-08-15T00:00:00,1.2405
FUND35,2025-08-18T00:00:00,1.464
FUND35,2025-08-19T00:00:00,1.3124
FUND35,2025-08-20T00:00:00,1.5336
FUND35,2025-08-21T00:00:00,1.9556
FUND35,2025-08-22T00:00:00,1.8746
FUND35,2025-08-25T00:00:00,1.7858
FUND35,2025-08-26T00:00:00,1.5997
FUND35,2025-08-27T00:00:00,1.8752
FUND35,2025-08-28T00:00:00,1.5927
FUND35,2025-08-29T00:00:00,1.502
FUND35,2025-09-01T00:00:00,1.7383
FUND35,2025-09-02T00:00:00,2.0189
FUND35,2025-09-03T00:00:00,2.0329
FUND35,2025-09-04T00:00:00,2.1134
FUND35,2025-09-05T00:00:00,1.9309
FUND35,2025-09-08T00:00:00,2.2793
FUND35,2025-09-09T00:00:00,1.9483
FUND35,2025-09-10T00:00:00,2.1585
FUND35,2025-09-11T00:00:00,1.9361
FUND35,2025-09-12T00:00:00,1.7515
FUND35,2025-09-15T00:00:00,1.8106
FUND35,2025-09-16T00:00:00,2.0874
FUND35,2025-09-17T00:00:00,1.7659
FUND35,2025-09-18T00:00:00,1.5559
FUND35,2025-09-19T00:00:00,1.3481
FUND35,2025-09-22T00:00:00,0.6513
FUND35,2025-09-23T00:00:00,0.8804
FUND35,2025-09-24T00:00:00,0.7396
FUND35,2025-09-25T00:00:00,1.1947
FUND35,2025-09-26T00:00:00,0.984
FUND35,2025-09-29T00:00:00,1.461
FUND35,2025-09-30T00:00:00,1.6233
FUND35,2025-10-01T00:00:00,1.3214
FUND35,2025-10-02T00:00:00,1.0456
FUND35,2025-10-03T00:00:00,0.7436
FUND35,2025-10-06T00:00:00,1.1002
FUND35,2025-10-07T00:00:00,1.2728
FUND35,2025-10-08T00:00:00,1.3822
FUND35,2025-10-09T00:00:00,1.8547
FUND35,2025-10-10T00:00:00,1.7066
FUND35,2025-10-13T00:00:00,1.7367
FUND35,2025-10-14T00:00:00,1.3908
FUND35,2025-10-15T00:00:00,1.717
FUND35,2025-10-16T00:00:00,1.8343
FUND35,2025-10-17T00:00:00,2.1144
FUND35,2025-10-20T00:00:00,1.7724
FUND35,2025-10-21T00:00:00,1.6139
FUND35,2025-10-22T00:00:00,1.7716
FUND35,2025-10-23T00:00:00,1.8978
FUND35,2025-10-24T00:00:00,1.7417
FUND35,2025-10-27T00:00:00,1.9586
FUND35,2025-10-28T00:00:00,1.6985
FUND35,2025-10-29T00:00:00,1.696
FUND35,2025-10-30T00:00:00,1.8556
FUND35,2025-10-31T00:00:00,1.6763
FUND35,2025-11-03T00:00:00,1.9032
FUND35,2025-11-04T00:00:00,1.698
FUND35,2025-11-05T00:00:00,1.8108
FUND35,2025-11-06T00:00:00,1.7983
FUND35,2025-11-07T00:00:00,1.736
FUND35,2025-11-10T00:00:00,1.8945
FUND35,2025-11-11T00:00:00,2.235
FUND35,2025-11-12T00:00:00,2.0783
FUND35,2025-11-13T00:00:00,2.0102
FUND35,2025-11-14T00:00:00,1.9402
FUND35,2025-11-17T00:00:00,2.0396
FUND35,2025-11-18T00:00:00,1.7813
FUND35,2025-11-19T00:00:00,1.6237
FUND35,2025-11-20T00:00:00,1.7109
FUND35,2025-11-21T00:00:00,1.4115
FUND35,2025-11-24T00:00:00,1.5237
FUND36,2023-05-08T00:00:00,3.4123
FUND36,2023-05-09T00:00:00,3.1682
FUND36,2023-05-10T00:00:00,3.4001
FUND36,2023-05-11T00:00:00,3.1346
FUND36,2023-05-12T00:00:00,3.4463
FUND36,2023-05-15T00:00:00,3.4779
FUND36,2023-05-16T00:00:00,3.3498
FUND36,2023-05-17T00:00:00,3.5799
FUND36,2023-05-18T00:00:00,3.4466
FUND36,2023-05-19T00:00:00,3.2523
FUND36,2023-05-22T00:00:00,2.5798
FUND36,2023-05-23T00:00:00,2.2541
FUND36,2023-05-24T00:00:00,2.3175
FUND36,2023-05-25T00:00:00,1.9076
FUND36,2023-05-26T00:00:00,2.3506
FUND36,2023-05-29T00:00:00,1.9557
FUND36,2023-05-30T00:00:00,1.6137
FUND36,2023-05-31T00:00:00,1.6307
FUND36,2023-06-01T00:00:00,1.4447
FUND36,2023-06-02T00:00:00,1.2189
FUND36,2023-06-05T00:00:00,1.2939
FUND36,2023-06-06T00:00:00,1.2936
FUND36,2023-06-07T00:00:00,1.5418
FUND36,2023-06-08T00:00:00,1.2908
FUND36,2023-06-09T00:00:00,1.4596
FUND36,2023-06-12T00:00:00,1.5051
FUND36,2023-06-13T00:00:00,1.3515
FUND36,2023-06-14T00:00:00,0.7967
FUND36,2023-06-15T00:00:00,0.8372
FUND36,2023-06-16T00:00:00,1.09
FUND36,2023-06-19T00:00:00,1.1956
FUND36,2023-06-20T00:00:00,1.6833
FUND36,2023-06-21T00:00:00,1.7358
FUND36,2023-06-22T00:00:00,2.1228
FUND36,2023-06-23T00:00:00,2.2722
FUND36,2023-06-26T00:00:00,2.4932
FUND36,2023-06-27T00:00:00,2.4985
FUND36,2023-06-28T00:00:00,2.4355
FUND36,2023-06-29T00:00:00,2.5001
FUND36,2023-06-30T00:00:00,2.943
FUND36,2023-07-03T00:00:00,2.5505
FUND36,2023-07-04T00:00:00,2.3986
FUND36,2023-07-05T00:00:00,2.5666
FUND36,2023-07-06T00:00:00,2.8614
FUND36,2023-07-07T00:00:00,2.6764
FUND36,2023-07-10T00:00:00,2.3013
FUND36,2023-07-11T00:00:00,2.233
FUND36,2023-07-12T00:00:00,1.8967
FUND36,2023-07-13T00:00:00,1.8679
FUND36,2023-07-14T00:00:00,1.4309
FUND36,2023-07-17T00:00:00,1.6671
FUND36,2023-07-18T00:00:00,1.9411
FUND36,2023-07-19T00:00:00,1.9448
FUND36,2023-07-20T00:00:00,1.961
FUND36,2023-07-21T00:00:00,1.923
FUND36,2023-07-24T00:00:00,1.8842
FUND36,2023-07-25T00:00:00,2.0132
FUND36,2023-07-26T00:00:00,1.9575
FUND36,2023-07-27T00:00:00,1.8061
FUND36,2023-07-28T00:00:00,1.5279
FUND36,2023-07-31T00:00:00,1.7202
FUND36,2023-08-01T00:00:00,1.5051
FUND36,2023-08-02T00:00:00,1.3056
FUND36,2023-08-03T00:00:00,1.476
FUND36,2023-08-04T00:00:00,1.5647
FUND36,2023-08-07T00:00:00,1.3228
FUND36,2023-08-08T00:00:00,1.2517
FUND36,2023-08-09T00:00:00,0.9596
FUND36,2023-08-10T00:00:00,0.525
FUND36,2023-08-11T00:00:00,0.6492
FUND36,2023-08-14T00:00:00,0.3392
FUND36,2023-08-15T00:00:00,0.2797
FUND36,2023-08-16T00:00:00,-0.0224
FUND36,2023-08-17T00:00:00,-0.1076
FUND36,2023-08-18T00:00:00,0.103
FUND36,2023-08-21T00:00:00,0.0539
FUND36,2023-08-22T00:00:00,0.2421
FUND36,2023-08-23T00:00:00,0.0255
FUND36,2023-08-24T00:00:00,0.0441
FUND36,2023-08-25T00:00:00,0.2097
FUND36,2023-08-28T00:00:00,0.1195
FUND36,2023-08-29T00:00:00,-0.5661
FUND36,2023-08-30T00:00:00,-0.8507
FUND36,2023-08-31T00:00:00,-0.8986
FUND36,2023-09-01T00:00:00,-0.9646
FUND36,2023-09-04T00:00:00,-0.6459
FUND36,2023-09-05T00:00:00,-0.1675
FUND36,2023-09-06T00:00:00,0.2665
FUND36,2023-09-07T00:00:00,0.5104
FUND36,2023-09-08T00:00:00,0.3194
FUND36,2023-09-11T00:00:00,0.3063
FUND36,2023-09-12T00:00:00,0.4423
FUND36,2023-09-13T00:00:00,0.1454
FUND36,2023-09-14T00:00:00,0.4313
FUND36,2023-09-15T00:00:00,0.0806
FUND36,2023-09-18T00:00:00,-0.0232
FUND36,2023-09-19T00:00:00,-0.0447
FUND36,2023-09-20T00:00:00,-0.0739
FUND36,2023-09-21T00:00:00,0.1942
FUND36,2023-09-22T00:00:00,0.0323
FUND36,2023-09-25T00:00:00,0.1125
FUND36,2023-09-26T00:00:00,0.3923
FUND36,2023-09-27T00:00:00,0.5061
FUND36,2023-09-28T00:00:00,0.7503
FUND36,2023-09-29T00:00:00,0.3881
FUND36,2023-10-02T00:00:00,0.4936
FUND36,2023-10-03T00:00:00,0.9447
FUND36,2023-10-04T00:00:00,0.7087
FUND36,2023-10-05T00:00:00,0.627
FUND36,2023-10-06T00:00:00,0.755
FUND36,2023-10-09T00:00:00,0.1556
FUND36,2023-10-10T00:00:00,0.2852
FUND36,2023-10-11T00:00:00,0.465
FUND36,2023-10-12T00:00:00,0.5362
FUND36,2023-10-13T00:00:00,0.4547
FUND36,2023-10-16T00:00:00,0.4147
FUND36,2023-10-17T00:00:00,0.7791
FUND36,2023-10-18T00:00:00,1.1217
FUND36,2023-10-19T00:00:00,0.9448
FUND36,2023-10-20T00:00:00,0.6739
FUND36,2023-10-23T00:00:00,0.5228
FUND36,2023-10-24T00:00:00,0.1907
FUND36,2023-10-25T00:00:00,0.3768
FUND36,2023-10-26T00:00:00,0.4198
FUND36,2023-10-27T00:00:00,0.2219
FUND36,2023-10-30T00:00:00,0.4695
FUND36,2023-10-31T00:00:00,0.5832
FUND36,2023-11-01T00:00:00,0.5017
FUND36,2023-11-02T00:00:00,0.4523
FUND36,2023-11-03T00:00:00,-0.1756
FUND36,2023-11-06T00:00:00,0.3189
FUND36,2023-11-07T00:00:00,0.2327
FUND36,2023-11-08T00:00:00,0.1716
FUND36,2023-11-09T00:00:00,-0.0402
FUND36,2023-11-10T00:00:00,-0.2199
FUND36,2023-11-13T00:00:00,0.2436
FUND36,2023-11-14T00:00:00,0.4791
FUND36,2023-11-15T00:00:00,0.5659
FUND36,2023-11-16T00:00:00,0.7721
FUND36,2023-11-17T00:00:00,0.8972
FUND36,2023-11-20T00:00:00,0.5334
FUND36,2023-11-21T00:00:00,0.1135
FUND36,2023-11-22T00:00:00,-0.1458
FUND36,2023-11-23T00:00:00,0.092
FUND36,2023-11-24T00:00:00,-0.2973
FUND36,2023-11-27T00:00:00,-0.1109
FUND36,2023-11-28T00:00:00,-0.2175
FUND36,2023-11-29T00:00:00,-0.1366
FUND36,2023-11-30T00:00:00,-0.3693
FUND36,2023-12-01T00:00:00,-0.4707
FUND36,2023-12-04T00:00:00,-0.7252
FUND36,2023-12-05T00:00:00,-0.3252
FUND36,2023-12-06T00:00:00,-0.3052
FUND36,2023-12-07T00:00:00,-0.3138
FUND36,2023-12-08T00:00:00,-0.3135
FUND36,2023-12-11T00:00:00,-0.3265
FUND36,2023-12-12T00:00:00,-0.3008
FUND36,2023-12-13T00:00:00,-0.0389
FUND36,2023-12-14T00:00:00,0.1707
FUND36,2023-12-15T00:00:00,0.0564
FUND36,2023-12-18T00:00:00,0.6403
FUND36,2023-12-19T00:00:00,0.7289
FUND36,2023-12-20T00:00:00,0.9033
FUND36,2023-12-21T00:00:00,0.6052
FUND36,2023-12-22T00:00:00,0.5151
FUND36,2023-12-25T00:00:00,0.5935
FUND36,2023-12-26T00:00:00,0.6564
FUND36,2023-12-27T00:00:00,0.9362
FUND36,2023-12-28T00:00:00,1.0031
FUND36,2023-12-29T00:00:00,1.3421
FUND36,2024-01-01T00:00:00,1.2795
FUND36,2024-01-02T00:00:00,1.5033
FUND36,2024-01-03T00:00:00,1.914
FUND36,2024-01-04T00:00:00,2.1529
FUND36,2024-01-05T00:00:00,2.1069
FUND36,2024-01-08T00:00:00,2.1306
FUND36,2024-01-09T00:00:00,2.0212
FUND36,2024-01-10T00:00:00,1.8923
FUND36,2024-01-11T00:00:00,1.6927
FUND36,2024-01-12T00:00:00,1.7342
FUND36,2024-01-15T00:00:00,1.8851
FUND36,2024-01-16T00:00:00,1.4705
FUND36,2024-01-17T00:00:00,1.5272
FUND36,2024-01-18T00:00:00,1.5714
FUND36,2024-01-19T00:00:00,1.8618
FUND36,2024-01-22T00:00:00,1.7959
FUND36,2024-01-23T00:00:00,1.54
FUND36,2024-01-24T00:00:00,1.6316
FUND36,2024-01-25T00:00:00,1.799
FUND36,2024-01-26T00:00:00,2.1643
FUND36,2024-01-29T00:00:00,2.4602
FUND36,2024-01-30T00:00:00,2.2615
FUND36,2024-01-31T00:00:00,1.9707
FUND36,2024-02-01T00:00:00,2.1825
FUND36,2024-02-02T00:00:00,2.4835
FUND36,2024-02-05T00:00:00,2.9212
FUND36,2024-02-06T00:00:00,2.8096
FUND36,2024-02-07T00:00:00,3.0236
FUND36,2024-02-08T00:00:00,3.2564
FUND36,2024-02-09T00:00:00,3.416
FUND36,2024-02-12T00:00:00,3.76
FUND36,2024-02-13T00:00:00,3.5481
FUND36,2024-02-14T00:00:00,3.2639
FUND36,2024-02-15T00:00:00,3.2377
FUND36,2024-02-16T00:00:00,3.1044
FUND36,2024-02-19T00:00:00,3.424
FUND36,2024-02-20T00:00:00,3.58
FUND36,2024-02-21T00:00:00,3.6885
FUND36,2024-02-22T00:00:00,3.9572
FUND36,2024-02-23T00:00:00,3.7236
FUND36,2024-02-26T00:00:00,3.3524
FUND36,2024-02-27T00:00:00,3.2758
FUND36,2024-02-28T00:00:00,3.2975
FUND36,2024-02-29T00:00:00,3.4831
FUND36,2024-03-01T00:00:00,3.2521
FUND36,2024-03-04T00:00:00,3.195
FUND36,2024-03-05T00:00:00,2.7665
FUND36,2024-03-06T00:00:00,2.7149
FUND36,2024-03-07T00:00:00,2.7262
FUND36,2024-03-08T00:00:00,3.1352
FUND36,2024-03-11T00:00:00,2.9611
FUND36,2024-03-12T00:00:00,3.0361
FUND36,2024-03-13T00:00:00,2.9117
FUND36,2024-03-14T00:00:00,2.696
FUND36,2024-03-15T00:00:00,2.7585
FUND36,2024-03-18T00:00:00,2.576
FUND36,2024-03-19T00:00:00,2.6025
FUND36,2024-03-20T00:00:00,2.9022
FUND36,2024-03-21T00:00:00,2.8473
FUND36,2024-03-22T00:00:00,2.9241
FUND36,2024-03-25T00:00:00,3.1302
FUND36,2024-03-26T00:00:00,3.4096
FUND36,2024-03-27T00:00:00,3.8184
FUND36,2024-03-28T00:00:00,3.3775
FUND36,2024-03-29T00:00:00,3.1339
FUND36,2024-04-01T00:00:00,2.978
FUND36,2024-04-02T00:00:00,2.9567
FUND36,2024-04-03T00:00:00,2.9441
FUND36,2024-04-04T00:00:00,2.9136
FUND36,2024-04-05T00:00:00,2.8883
FUND36,2024-04-08T00:00:00,2.4915
FUND36,2024-04-09T00:00:00,2.5985
FUND36,2024-04-10T00:00:00,2.5971
FUND36,2024-04-11T00:00:00,2.603
FUND36,2024-04-12T00:00:00,2.2838
FUND36,2024-04-15T00:00:00,2.3884
FUND36,2024-04-16T00:00:00,2.497
FUND36,2024-04-17T00:00:00,2.5646
FUND36,2024-04-18T00:00:00,2.5774
FUND36,2024-04-19T00:00:00,2.3987
FUND36,2024-04-22T00:00:00,2.2373
FUND36,2024-04-23T00:00:00,2.2439
FUND36,2024-04-24T00:00:00,2.1985
FUND36,2024-04-25T00:00:00,2.2805
FUND36,2024-04-26T00:00:00,2.3364
FUND36,2024-04-29T00:00:00,2.2371
FUND36,2024-04-30T00:00:00,2.1715
FUND36,2024-05-01T00:00:00,2.2944
FUND36,2024-05-02T00:00:00,2.1915
FUND36,2024-05-03T00:00:00,2.0294
FUND36,2024-05-06T00:00:00,2.0474
FUND36,2024-05-07T00:00:00,2.1543
FUND36,2024-05-08T00:00:00,1.6427
FUND36,2024-05-09T00:00:00,1.5353
FUND36,2024-05-10T00:00:00,1.5029
FUND36,2024-05-13T00:00:00,1.3189
FUND36,2024-05-14T00:00:00,1.2897
FUND36,2024-05-15T00:00:00,1.4115
FUND36,2024-05-16T00:00:00,1.3572
FUND36,2024-05-17T00:00:00,1.4605
FUND36,2024-05-20T00:00:00,1.3953
FUND36,2024-05-21T00:00:00,2.0271
FUND36,2024-05-22T00:00:00,2.221
FUND36,2024-05-23T00:00:00,2.1201
FUND36,2024-05-24T00:00:00,2.3649
FUND36,2024-05-27T00:00:00,2.1393
FUND36,2024-05-28T00:00:00,2.438
FUND36,2024-05-29T00:00:00,2.4362
FUND36,2024-05-30T00:00:00,2.1827
FUND36,2024-05-31T00:00:00,2.0359
FUND36,2024-06-03T00:00:00,1.9082
FUND36,2024-06-04T00:00:00,1.9569
FUND36,2024-06-05T00:00:00,2.0919
FUND36,2024-06-06T00:00:00,2.1022
FUND36,2024-06-07T00:00:00,1.6902
FUND36,2024-06-10T00:00:00,1.4518
FUND36,2024-06-11T00:00:00,1.3258
FUND36,2024-06-12T00:00:00,0.9267
FUND36,2024-06-13T00:00:00,0.6436
FUND36,2024-06-14T00:00:00,0.3649
FUND36,2024-06-17T00:00:00,0.2165
FUND36,2024-06-18T00:00:00,0.4366
FUND36,2024-06-19T00:00:00,0.4598
FUND36,2024-06-20T00:00:00,0.4981
FUND36,2024-06-21T00:00:00,0.5063
FUND36,2024-06-24T00:00:00,0.4119
FUND36,2024-06-25T00:00:00,-0.4492
FUND36,2024-06-26T00:00:00,-0.6687
FUND36,2024-06-27T00:00:00,-0.5204
FUND36,2024-06-28T00:00:00,-0.3803
FUND36,2024-07-01T00:00:00,-0.1254
FUND36,2024-07-02T00:00:00,0.0796
FUND36,2024-07-03T00:00:00,0.0318
FUND36,2024-07-04T00:00:00,-0.4584
FUND36,2024-07-05T00:00:00,-0.424
FUND36,2024-07-08T00:00:00,-0.5958
FUND36,2024-07-09T00:00:00,-0.5648
FUND36,2024-07-10T00:00:00,-0.5889
FUND36,2024-07-11T00:00:00,-0.5803
FUND36,2024-07-12T00:00:00,-0.7994
FUND36,2024-07-15T00:00:00,-1.0264
FUND36,2024-07-16T00:00:00,-1.1029
FUND36,2024-07-17T00:00:00,-1.1624
FUND36,2024-07-18T00:00:00,-0.9636
FUND36,2024-07-19T00:00:00,-0.3024
FUND36,2024-07-22T00:00:00,-0.3743
FUND36,2024-07-23T00:00:00,-0.1284
FUND36,2024-07-24T00:00:00,-0.4342
FUND36,2024-07-25T00:00:00,-0.4455
FUND36,2024-07-26T00:00:00,-0.4873
FUND36,2024-07-29T00:00:00,-0.6847
FUND36,2024-07-30T00:00:00,-1.044
FUND36,2024-07-31T00:00:00,-1.4399
FUND36,2024-08-01T00:00:00,-1.5921
FUND36,2024-08-02T00:00:00,-1.0724
FUND36,2024-08-05T00:00:00,-1.3449
FUND36,2024-08-06T00:00:00,-1.3062
FUND36,2024-08-07T00:00:00,-1.2526
FUND36,2024-08-08T00:00:00,-0.7485
FUND36,2024-08-09T00:00:00,-0.5386
FUND36,2024-08-12T00:00:00,-0.0629
FUND36,2024-08-13T00:00:00,0.0845
FUND36,2024-08-14T00:00:00,0.3566
FUND36,2024-08-15T00:00:00,-0.1495
FUND36,2024-08-16T00:00:00,-0.2153
FUND36,2024-08-19T00:00:00,-0.3326
FUND36,2024-08-20T00:00:00,-0.1855
FUND36,2024-08-21T00:00:00,-0.5782
FUND36,2024-08-22T00:00:00,-0.3398
FUND36,2024-08-23T00:00:00,-0.4726
FUND36,2024-08-26T00:00:00,-0.5802
FUND36,2024-08-27T00:00:00,-1.0209
FUND36,2024-08-28T00:00:00,-1.2622
FUND36,2024-08-29T00:00:00,-0.8103
FUND36,2024-08-30T00:00:00,-1.2227
FUND36,2024-09-02T00:00:00,-1.4797
FUND36,2024-09-03T00:00:00,-1.5083
FUND36,2024-09-04T00:00:00,-1.7913
FUND36,2024-09-05T00:00:00,-2.1971
FUND36,2024-09-06T00:00:00,-2.2078
FUND36,2024-09-09T00:00:00,-2.1251
FUND36,2024-09-10T00:00:00,-1.8119
FUND36,2024-09-11T00:00:00,-1.4925
FUND36,2024-09-12T00:00:00,-1.5279
FUND36,2024-09-13T00:00:00,-1.3704
FUND36,2024-09-16T00:00:00,-1.1631
FUND36,2024-09-17T00:00:00,-1.4066
FUND36,2024-09-18T00:00:00,-1.4999
FUND36,2024-09-19T00:00:00,-1.2162
FUND36,2024-09-20T00:00:00,-1.4516
FUND36,2024-09-23T00:00:00,-1.5207
FUND36,2024-09-24T00:00:00,-2.0976
FUND36,2024-09-25T00:00:00,-1.9953
FUND36,2024-09-26T00:00:00,-1.9607
FUND36,2024-09-27T00:00:00,-1.9611
FUND36,2024-09-30T00:00:00,-1.5407
FUND36,2024-10-01T00:00:00,-1.4611
FUND36,2024-10-02T00:00:00,-1.2392
FUND36,2024-10-03T00:00:00,-1.4099
FUND36,2024-10-04T00:00:00,-1.3581
FUND36,2024-10-07T00:00:00,-1.1142
FUND36,2024-10-08T00:00:00,-1.089
FUND36,2024-10-09T00:00:00,-1.0224
FUND36,2024-10-10T00:00:00,-1.2028
FUND36,2024-10-11T00:00:00,-0.6771
FUND36,2024-10-14T00:00:00,-0.6918
FUND36,2024-10-15T00:00:00,-0.6341
FUND36,2024-10-16T00:00:00,-0.7338
FUND36,2024-10-17T00:00:00,-0.4032
FUND36,2024-10-18T00:00:00,-0.3621
FUND36,2024-10-21T00:00:00,-0.3694
FUND36,2024-10-22T00:00:00,-0.1365
FUND36,2024-10-23T00:00:00,-0.3326
FUND36,2024-10-24T00:00:00,-0.3493
FUND36,2024-10-25T00:00:00,-0.1526
FUND36,2024-10-28T00:00:00,-0.2378
FUND36,2024-10-29T00:00:00,0.1195
FUND36,2024-10-30T00:00:00,0.0694
FUND36,2024-10-31T00:00:00,0.0939
FUND36,2024-11-01T00:00:00,0.1351
FUND36,2024-11-04T00:00:00,-0.3246
FUND36,2024-11-05T00:00:00,-0.336
FUND36,2024-11-06T00:00:00,-0.2888
FUND36,2024-11-07T00:00:00,-0.041
FUND36,2024-11-08T00:00:00,0.3028
FUND36,2024-11-11T00:00:00,0.3132
FUND36,2024-11-12T00:00:00,0.5224
FUND36,2024-11-13T00:00:00,0.3874
FUND36,2024-11-14T00:00:00,0.3944
FUND36,2024-11-15T00:00:00,0.6354
FUND36,2024-11-18T00:00:00,1.0569
FUND36,2024-11-19T00:00:00,0.6967
FUND36,2024-11-20T00:00:00,0.6893
FUND36,2024-11-21T00:00:00,0.8621
FUND36,2024-11-22T00:00:00,0.2528
FUND36,2024-11-25T00:00:00,0.1834
FUND36,2024-11-26T00:00:00,-0.0777
FUND36,2024-11-27T00:00:00,0.1828
FUND36,2024-11-28T00:00:00,0.2059
FUND36,2024-11-29T00:00:00,0.1433
FUND36,2024-12-02T00:00:00,0.3368
FUND36,2024-12-03T00:00:00,0.6244
FUND36,2024-12-04T00:00:00,0.4759
FUND36,2024-12-05T00:00:00,0.1995
FUND36,2024-12-06T00:00:00,0.1235
FUND36,2024-12-09T00:00:00,0.436
FUND36,2024-12-10T00:00:00,0.1498
FUND36,2024-12-11T00:00:00,-0.3515
FUND36,2024-12-12T00:00:00,-0.1471
FUND36,2024-12-13T00:00:00,-0.0232
FUND36,2024-12-16T00:00:00,0.1006
FUND36,2024-12-17T00:00:00,-0.2511
FUND36,2024-12-18T00:00:00,-0.3176
FUND36,2024-12-19T00:00:00,-0.1799
FUND36,2024-12-20T00:00:00,0.0679
FUND36,2024-12-23T00:00:00,0.238
FUND36,2024-12-24T00:00:00,0.0635
FUND36,2024-12-25T00:00:00,0.2884
FUND36,2024-12-26T00:00:00,-0.1823
FUND36,2024-12-27T00:00:00,0.0545
FUND36,2024-12-30T00:00:00,0.0998
FUND36,2024-12-31T00:00:00,0.6603
FUND36,2025-01-01T00:00:00,0.8732
FUND36,2025-01-02T00:00:00,0.7199
FUND36,2025-01-03T00:00:00,0.8429
FUND36,2025-01-06T00:00:00,1.017
FUND36,2025-01-07T00:00:00,0.9571
FUND36,2025-01-08T00:00:00,1.2758
FUND36,2025-01-09T00:00:00,1.691
FUND36,2025-01-10T00:00:00,1.8702
FUND36,2025-01-13T00:00:00,1.8442
FUND36,2025-01-14T00:00:00,1.5639
FUND36,2025-01-15T00:00:00,1.5359
FUND36,2025-01-16T00:00:00,1.5272
FUND36,2025-01-17T00:00:00,0.8697
FUND36,2025-01-20T00:00:00,0.8637
FUND36,2025-01-21T00:00:00,0.7551
FUND36,2025-01-22T00:00:00,0.8956
FUND36,2025-01-23T00:00:00,0.8093
FUND36,2025-01-24T00:00:00,0.9636
FUND36,2025-01-27T00:00:00,0.9109
FUND36,2025-01-28T00:00:00,0.8476
FUND36,2025-01-29T00:00:00,0.5639
FUND36,2025-01-30T00:00:00,0.5976
FUND36,2025-01-31T00:00:00,0.3706
FUND36,2025-02-03T00:00:00,0.2981
FUND36,2025-02-04T00:00:00,0.4089
FUND36,2025-02-05T00:00:00,0.2254
FUND36,2025-02-06T00:00:00,0.3775
FUND36,2025-02-07T00:00:00,0.3454
FUND36,2025-02-10T00:00:00,0.5743
FUND36,2025-02-11T00:00:00,0.5436
FUND36,2025-02-12T00:00:00,0.2009
FUND36,2025-02-13T00:00:00,0.2145
FUND36,2025-02-14T00:00:00,-0.0651
FUND36,2025-02-17T00:00:00,-0.2546
FUND36,2025-02-18T00:00:00,-0.0566
FUND36,2025-02-19T00:00:00,0.1534
FUND36,2025-02-20T00:00:00,0.0328
FUND36,2025-02-21T00:00:00,0.3359
FUND36,2025-02-24T00:00:00,0.2932
FUND36,2025-02-25T00:00:00,-0.0797
FUND36,2025-02-26T00:00:00,0.076
FUND36,2025-02-27T00:00:00,0.1562
FUND36,2025-02-28T00:00:00,0.1227
FUND36,2025-03-03T00:00:00,0.1085
FUND36,2025-03-04T00:00:00,-0.0349
FUND36,2025-03-05T00:00:00,0.1034
FUND36,2025-03-06T00:00:00,0.1273
FUND36,2025-03-07T00:00:00,0.0762
FUND36,2025-03-10T00:00:00,0.2347
FUND36,2025-03-11T00:00:00,0.0288
FUND36,2025-03-12T00:00:00,0.211
FUND36,2025-03-13T00:00:00,-0.3853
FUND36,2025-03-14T00:00:00,-0.6267
FUND36,2025-03-17T00:00:00,-0.5554
FUND36,2025-03-18T00:00:00,-0.482
FUND36,2025-03-19T00:00:00,-0.3645
FUND36,2025-03-20T00:00:00,-0.4627
FUND36,2025-03-21T00:00:00,-0.1803
FUND36,2025-03-24T00:00:00,-0.3762
FUND36,2025-03-25T00:00:00,-0.2101
FUND36,2025-03-26T00:00:00,-0.3425
FUND36,2025-03-27T00:00:00,-0.6881
FUND36,2025-03-28T00:00:00,-0.3356
FUND36,2025-03-31T00:00:00,-0.0155
FUND36,2025-04-01T00:00:00,-0.0793
FUND36,2025-04-02T00:00:00,-0.2041
FUND36,2025-04-03T00:00:00,-0.4935
FUND36,2025-04-04T00:00:00,-0.5176
FUND36,2025-04-07T00:00:00,-0.6672
FUND36,2025-04-08T00:00:00,-0.899
FUND36,2025-04-09T00:00:00,-0.7692
FUND36,2025-04-10T00:00:00,-0.182
FUND36,2025-04-11T00:00:00,0.0629
FUND36,2025-04-14T00:00:00,-0.0736
FUND36,2025-04-15T00:00:00,0.111
FUND36,2025-04-16T00:00:00,0.1512
FUND36,2025-04-17T00:00:00,-0.2082
FUND36,2025-04-18T00:00:00,-0.5524
FUND36,2025-04-21T00:00:00,-0.3295
FUND36,2025-04-22T00:00:00,-0.5559
FUND36,2025-04-23T00:00:00,-0.5605
FUND36,2025-04-24T00:00:00,-0.5176
FUND36,2025-04-25T00:00:00,-0.6113
FUND36,2025-04-28T00:00:00,-0.9147
FUND36,2025-04-29T00:00:00,-0.763
FUND36,2025-04-30T00:00:00,-0.4699
FUND36,2025-05-01T00:00:00,0.1186
FUND36,2025-05-02T00:00:00,0.0689
FUND36,2025-05-05T00:00:00,-0.0181
FUND36,2025-05-06T00:00:00,-0.2548
FUND36,2025-05-07T00:00:00,-0.3143
FUND36,2025-05-08T00:00:00,-0.5448
FUND36,2025-05-09T00:00:00,-0.2805
FUND36,2025-05-12T00:00:00,-0.363
FUND36,2025-05-13T00:00:00,-0.1265
FUND36,2025-05-14T00:00:00,-0.3071
FUND36,2025-05-15T00:00:00,-0.6043
FUND36,2025-05-16T00:00:00,-0.7728
FUND36,2025-05-19T00:00:00,-0.9885
FUND36,2025-05-20T00:00:00,-0.9128
FUND36,2025-05-21T00:00:00,-0.9288
FUND36,2025-05-22T00:00:00,-0.7653
FUND36,2025-05-23T00:00:00,-0.4169
FUND36,2025-05-26T00:00:00,-1.0136
FUND36,2025-05-27T00:00:00,-0.6999
FUND36,2025-05-28T00:00:00,-0.5449
FUND36,2025-05-29T00:00:00,-0.842
FUND36,2025-05-30T00:00:00,-0.7786
FUND36,2025-06-02T00:00:00,-0.9665
FUND36,2025-06-03T00:00:00,-0.844
FUND36,2025-06-04T00:00:00,-0.5562
FUND36,2025-06-05T00:00:00,-0.565
FUND36,2025-06-06T00:00:00,-0.8264
FUND36,2025-06-09T00:00:00,-1.1453
FUND36,2025-06-10T00:00:00,-1.5331
FUND36,2025-06-11T00:00:00,-1.7056
FUND36,2025-06-12T00:00:00,-1.7108
FUND36,2025-06-13T00:00:00,-1.7377
FUND36,2025-06-16T00:00:00,-2.4142
FUND36,2025-06-17T00:00:00,-2.8126
FUND36,2025-06-18T00:00:00,-2.4662
FUND36,2025-06-19T00:00:00,-2.5647
FUND36,2025-06-20T00:00:00,-2.5388
FUND36,2025-06-23T00:00:00,-2.2519
FUND36,2025-06-24T00:00:00,-2.5623
FUND36,2025-06-25T00:00:00,-2.8124
FUND36,2025-06-26T00:00:00,-3.1407
FUND36,2025-06-27T00:00:00,-3.0532
FUND36,2025-06-30T00:00:00,-3.0683
FUND36,2025-07-01T00:00:00,-2.9188
FUND36,2025-07-02T00:00:00,-3.0388
FUND36,2025-07-03T00:00:00,-3.1982
FUND36,2025-07-04T00:00:00,-2.9752
FUND36,2025-07-07T00:00:00,-3.1909
FUND36,2025-07-08T00:00:00,-3.1954
FUND36,2025-07-09T00:00:00,-3.1569
FUND36,2025-07-10T00:00:00,-3.2484
FUND36,2025-07-11T00:00:00,-3.1863
FUND36,2025-07-14T00:00:00,-2.915
FUND36,2025-07-15T00:00:00,-2.7508
FUND36,2025-07-16T00:00:00,-3.1662
FUND36,2025-07-17T00:00:00,-2.9912
FUND36,2025-07-18T00:00:00,-3.2723
FUND36,2025-07-21T00:00:00,-3.5658
FUND36,2025-07-22T00:00:00,-3.8158
FUND36,2025-07-23T00:00:00,-3.6248
FUND36,2025-07-24T00:00:00,-3.5477
FUND36,2025-07-25T00:00:00,-4.0067
FUND36,2025-07-28T00:00:00,-4.3027
FUND36,2025-07-29T00:00:00,-4.3038
FUND36,2025-07-30T00:00:00,-4.2225
FUND36,2025-07-31T00:00:00,-4.076
FUND36,2025-08-01T00:00:00,-4.2446
FUND36,2025-08-04T00:00:00,-3.695
FUND36,2025-08-05T00:00:00,-3.7174
FUND36,2025-08-06T00:00:00,-3.7219
FUND36,2025-08-07T00:00:00,-3.0878
FUND36,2025-08-08T00:00:00,-3.0035
FUND36,2025-08-11T00:00:00,-3.0586
FUND36,2025-08-12T00:00:00,-2.9859
FUND36,2025-08-13T00:00:00,-3.2258
FUND36,2025-08-14T00:00:00,-3.3416
FUND36,2025-08-15T00:00:00,-3.5364
FUND36,2025-08-18T00:00:00,-3.5877
FUND36,2025-08-19T00:00:00,-3.6157
FUND36,2025-08-20T00:00:00,-3.3997
FUND36,2025-08-21T00:00:00,-3.1013
FUND36,2025-08-22T00:00:00,-3.0094
FUND36,2025-08-25T00:00:00,-3.2866
FUND36,2025-08-26T00:00:00,-2.9449
FUND36,2025-08-27T00:00:00,-3.2051
FUND36,2025-08-28T00:00:00,-3.2553
FUND36,2025-08-29T00:00:00,-3.1327
FUND36,2025-09-01T00:00:00,-2.909
FUND36,2025-09-02T00:00:00,-2.8477
FUND36,2025-09-03T00:00:00,-3.2037
FUND36,2025-09-04T00:00:00,-3.2878
FUND36,2025-09-05T00:00:00,-3.2506
FUND36,2025-09-08T00:00:00,-2.6798
FUND36,2025-09-09T00:00:00,-2.4949
FUND36,2025-09-10T00:00:00,-2.3633
FUND36,2025-09-11T00:00:00,-2.3942
FUND36,2025-09-12T00:00:00,-2.4609
FUND36,2025-09-15T00:00:00,-2.4239
FUND36,2025-09-16T00:00:00,-2.5902
FUND36,2025-09-17T00:00:00,-2.5207
FUND36,2025-09-18T00:00:00,-2.1539
FUND36,2025-09-19T00:00:00,-1.9876
FUND36,2025-09-22T00:00:00,-1.623
FUND36,2025-09-23T00:00:00,-1.6717
FUND36,2025-09-24T00:00:00,-1.6462
FUND36,2025-09-25T00:00:00,-1.5315
FUND36,2025-09-26T00:00:00,-1.6094
FUND36,2025-09-29T00:00:00,-1.3911
FUND36,2025-09-30T00:00:00,-1.443
FUND36,2025-10-01T00:00:00,-1.6907
FUND36,2025-10-02T00:00:00,-1.5314
FUND36,2025-10-03T00:00:00,-1.4114
FUND36,2025-10-06T00:00:00,-1.0918
FUND36,2025-10-07T00:00:00,-1.2457
FUND36,2025-10-08T00:00:00,-1.4556
FUND36,2025-10-09T00:00:00,-1.5285
FUND36,2025-10-10T00:00:00,-1.0985
FUND36,2025-10-13T00:00:00,-1.0626
FUND36,2025-10-14T00:00:00,-1.1317
FUND36,2025-10-15T00:00:00,-0.8029
FUND36,2025-10-16T00:00:00,-0.453
FUND36,2025-10-17T00:00:00,-0.3884
FUND36,2025-10-20T00:00:00,0.1601
FUND36,2025-10-21T00:00:00,0.5874
FUND36,2025-10-22T00:00:00,0.5981
FUND36,2025-10-23T00:00:00,0.3
FUND36,2025-10-24T00:00:00,0.1508
FUND36,2025-10-27T00:00:00,0.0778
FUND36,2025-10-28T00:00:00,0.1042
FUND36,2025-10-29T00:00:00,0.4961
FUND36,2025-10-30T00:00:00,0.8437
FUND36,2025-10-31T00:00:00,0.7137
FUND36,2025-11-03T00:00:00,1.0856
FUND36,2025-11-04T00:00:00,1.2054
FUND36,2025-11-05T00:00:00,1.4824
FUND36,2025-11-06T00:00:00,1.4392
FUND36,2025-11-07T00:00:00,1.0081
FUND36,2025-11-10T00:00:00,1.0761
FUND36,2025-11-11T00:00:00,0.8019
FUND36,2025-11-12T00:00:00,0.9835
FUND36,2025-11-13T00:00:00,0.8057
FUND36,2025-11-14T00:00:00,0.9931
FUND36,2025-11-17T00:00:00,0.7361
FUND36,2025-11-18T00:00:00,0.8262
FUND36,2025-11-19T00:00:00,0.9568
FUND36,2025-11-20T00:00:00,1.2531
FUND36,2025-11-21T00:00:00,1.841
FUND36,2025-11-24T00:00:00,2.1487
FUND37,2023-05-08T00:00:00,2.0609
FUND37,2023-05-09T00:00:00,2.4066
FUND37,2023-05-10T00:00:00,2.0403
FUND37,2023-05-11T00:00:00,2.0362
FUND37,2023-05-12T00:00:00,1.9821
FUND37,2023-05-15T00:00:00,1.8308
FUND37,2023-05-16T00:00:00,1.8033
FUND37,2023-05-17T00:00:00,1.8428
FUND37,2023-05-18T00:00:00,1.6371
FUND37,2023-05-19T00:00:00,1.7601
FUND37,2023-05-22T00:00:00,1.7444
FUND37,2023-05-23T00:00:00,1.6402
FUND37,2023-05-24T00:00:00,1.7062
FUND37,2023-05-25T00:00:00,1.7852
FUND37,2023-05-26T00:00:00,1.6999
FUND37,2023-05-29T00:00:00,1.4474
FUND37,2023-05-30T00:00:00,0.8417
FUND37,2023-05-31T00:00:00,1.0141
FUND37,2023-06-01T00:00:00,0.5646
FUND37,2023-06-02T00:00:00,-0.15
FUND37,2023-06-05T00:00:00,-0.0785
FUND37,2023-06-06T00:00:00,-0.2212
FUND37,2023-06-07T00:00:00,0.0433
FUND37,2023-06-08T00:00:00,-0.5636
FUND37,2023-06-09T00:00:00,-0.396
FUND37,2023-06-12T00:00:00,-0.4962
FUND37,2023-06-13T00:00:00,-0.5122
FUND37,2023-06-14T00:00:00,-0.2441
FUND37,2023-06-15T00:00:00,-0.3867
FUND37,2023-06-16T00:00:00,-0.6344
FUND37,2023-06-19T00:00:00,-0.7214
FUND37,2023-06-20T00:00:00,-0.6428
FUND37,2023-06-21T00:00:00,-0.7968
FUND37,2023-06-22T00:00:00,-0.5783
FUND37,2023-06-23T00:00:00,-0.661
FUND37,2023-06-26T00:00:00,-1.2579
FUND37,2023-06-27T00:00:00,-1.1981
FUND37,2023-06-28T00:00:00,-1.3613
FUND37,2023-06-29T00:00:00,-1.1493
FUND37,2023-06-30T00:00:00,-0.7869
FUND37,2023-07-03T00:00:00,-0.6573
FUND37,2023-07-04T00:00:00,-0.8974
FUND37,2023-07-05T00:00:00,-0.3582
FUND37,2023-07-06T00:00:00,-0.2618
FUND37,2023-07-07T00:00:00,-0.4065
FUND37,2023-07-10T00:00:00,-0.4767
FUND37,2023-07-11T00:00:00,-0.7456
FUND37,2023-07-12T00:00:00,-0.8102
FUND37,2023-07-13T00:00:00,-0.8356
FUND37,2023-07-14T00:00:00,-0.8008
FUND37,2023-07-17T00:00:00,-0.6449
FUND37,2023-07-18T00:00:00,-0.1636
FUND37,2023-07-19T00:00:00,-0.6825
FUND37,2023-07-20T00:00:00,-0.6481
FUND37,2023-07-21T00:00:00,-0.596
FUND37,2023-07-24T00:00:00,-0.4063
FUND37,2023-07-25T00:00:00,-0.0495
FUND37,2023-07-26T00:00:00,0.0843
FUND37,2023-07-27T00:00:00,0.3806
FUND37,2023-07-28T00:00:00,0.343
FUND37,2023-07-31T00:00:00,0.2809
FUND37,2023-08-01T00:00:00,0.6034
FUND37,2023-08-02T00:00:00,0.7111
FUND37,2023-08-03T00:00:00,1.0075
FUND37,2023-08-04T00:00:00,1.1974
FUND37,2023-08-07T00:00:00,1.0692
FUND37,2023-08-08T00:00:00,1.2984
FUND37,2023-08-09T00:00:00,1.5215
FUND37,2023-08-10T00:00:00,1.8211
FUND37,2023-08-11T00:00:00,1.4407
FUND37,2023-08-14T00:00:00,1.1718
FUND37,2023-08-15T00:00:00,1.0698
FUND37,2023-08-16T00:00:00,1.2388
FUND37,2023-08-17T00:00:00,1.6654
FUND37,2023-08-18T00:00:00,1.7125
FUND37,2023-08-21T00:00:00,1.3837
FUND37,2023-08-22T00:00:00,1.3439
FUND37,2023-08-23T00:00:00,1.6298
FUND37,2023-08-24T00:00:00,1.5952
FUND37,2023-08-25T00:00:00,1.7992
FUND37,2023-08-28T00:00:00,2.0058
FUND37,2023-08-29T00:00:00,1.9849
FUND37,2023-08-30T00:00:00,1.7842
FUND37,2023-08-31T00:00:00,1.6005
FUND37,2023-09-01T00:00:00,1.5553
FUND37,2023-09-04T00:00:00,1.4594
FUND37,2023-09-05T00:00:00,0.9357
FUND37,2023-09-06T00:00:00,0.7725
FUND37,2023-09-07T00:00:00,1.0312
FUND37,2023-09-08T00:00:00,0.9711
FUND37,2023-09-11T00:00:00,1.0914
FUND37,2023-09-12T00:00:00,1.1858
FUND37,2023-09-13T00:00:00,1.1622
FUND37,2023-09-14T00:00:00,1.1293
FUND37,2023-09-15T00:00:00,0.8452
FUND37,2023-09-18T00:00:00,0.7646
FUND37,2023-09-19T00:00:00,0.8233
FUND37,2023-09-20T00:00:00,1.0414
FUND37,2023-09-21T00:00:00,1.0336
FUND37,2023-09-22T00:00:00,1.0411
FUND37,2023-09-25T00:00:00,1.0472
FUND37,2023-09-26T00:00:00,1.0192
FUND37,2023-09-27T00:00:00,1.4626
FUND37,2023-09-28T00:00:00,1.4781
FUND37,2023-09-29T00:00:00,1.7337
FUND37,2023-10-02T00:00:00,1.9134
FUND37,2023-10-03T00:00:00,2.1753
FUND37,2023-10-04T00:00:00,2.3463
FUND37,2023-10-05T00:00:00,2.4297
FUND37,2023-10-06T00:00:00,3.1057
FUND37,2023-10-09T00:00:00,2.9619
FUND37,2023-10-10T00:00:00,3.1346
FUND37,2023-10-11T00:00:00,2.9085
FUND37,2023-10-12T00:00:00,3.459
FUND37,2023-10-13T00:00:00,2.6494
FUND37,2023-10-16T00:00:00,3.0391
FUND37,2023-10-17T00:00:00,3.2691
FUND37,2023-10-18T00:00:00,3.1922
FUND37,2023-10-19T00:00:00,3.5021
FUND37,2023-10-20T00:00:00,3.656
FUND37,2023-10-23T00:00:00,3.6703
FUND37,2023-10-24T00:00:00,3.8245
FUND37,2023-10-25T00:00:00,3.9609
FUND37,2023-10-26T00:00:00,3.7574
FUND37,2023-10-27T00:00:00,3.8733
FUND37,2023-10-30T00:00:00,4.1021
FUND37,2023-10-31T00:00:00,3.8432
FUND37,2023-11-01T00:00:00,3.79
FUND37,2023-11-02T00:00:00,3.3555
FUND37,2023-11-03T00:00:00,3.2479
FUND37,2023-11-06T00:00:00,2.5937
FUND37,2023-11-07T00:00:00,2.2255
FUND37,2023-11-08T00:00:00,2.0613
FUND37,2023-11-09T00:00:00,2.0136
FUND37,2023-11-10T00:00:00,2.1314
FUND37,2023-11-13T00:00:00,2.0856
FUND37,2023-11-14T00:00:00,1.9342
FUND37,2023-11-15T00:00:00,1.5443
FUND37,2023-11-16T00:00:00,1.526
FUND37,2023-11-17T00:00:00,1.508
FUND37,2023-11-20T00:00:00,1.0797
FUND37,2023-11-21T00:00:00,0.9682
FUND37,2023-11-22T00:00:00,0.9736
FUND37,2023-11-23T00:00:00,1.0924
FUND37,2023-11-24T00:00:00,0.7816
FUND37,2023-11-27T00:00:00,0.694
FUND37,2023-11-28T00:00:00,0.4039
FUND37,2023-11-29T00:00:00,0.6122
FUND37,2023-11-30T00:00:00,0.7867
FUND37,2023-12-01T00:00:00,0.7319
FUND37,2023-12-04T00:00:00,0.7127
FUND37,2023-12-05T00:00:00,0.6018
FUND37,2023-12-06T00:00:00,0.6373
FUND37,2023-12-07T00:00:00,0.4293
FUND37,2023-12-08T00:00:00,-0.0207
FUND37,2023-12-11T00:00:00,0.1153
FUND37,2023-12-12T00:00:00,0.0311
FUND37,2023-12-13T00:00:00,-0.035
FUND37,2023-12-14T00:00:00,-0.386
FUND37,2023-12-15T00:00:00,-0.2534
FUND37,2023-12-18T00:00:00,-0.1556
FUND37,2023-12-19T00:00:00,-0.3648
FUND37,2023-12-20T00:00:00,-0.2192
FUND37,2023-12-21T00:00:00,-0.2195
FUND37,2023-12-22T00:00:00,0.0366
FUND37,2023-12-25T00:00:00,0.6517
FUND37,2023-12-26T00:00:00,0.9025
FUND37,2023-12-27T00:00:00,1.3662
FUND37,2023-12-28T00:00:00,1.4841
FUND37,2023-12-29T00:00:00,1.2982
FUND37,2024-01-01T00:00:00,1.409
FUND37,2024-01-02T00:00:00,1.4076
FUND37,2024-01-03T00:00:00,1.8112
FUND37,2024-01-04T00:00:00,2.1537
FUND37,2024-01-05T00:00:00,2.2357
FUND37,2024-01-08T00:00:00,2.2975
FUND37,2024-01-09T00:00:00,2.3991
FUND37,2024-01-10T00:00:00,2.1113
FUND37,2024-01-11T00:00:00,1.472
FUND37,2024-01-12T00:00:00,1.0166
FUND37,2024-01-15T00:00:00,0.6382
FUND37,2024-01-16T00:00:00,0.5802
FUND37,2024-01-17T00:00:00,0.9417
FUND37,2024-01-18T00:00:00,0.6956
FUND37,2024-01-19T00:00:00,0.9477
FUND37,2024-01-22T00:00:00,0.8168
FUND37,2024-01-23T00:00:00,0.467
FUND37,2024-01-24T00:00:00,0.4258
FUND37,2024-01-25T00:00:00,0.4691
FUND37,2024-01-26T00:00:00,0.2383
FUND37,2024-01-29T00:00:00,0.313
FUND37,2024-01-30T00:00:00,0.126
FUND37,2024-01-31T00:00:00,-0.0299
FUND37,2024-02-01T00:00:00,0.134
FUND37,2024-02-02T00:00:00,-0.4345
FUND37,2024-02-05T00:00:00,-0.6006
FUND37,2024-02-06T00:00:00,-0.6758
FUND37,2024-02-07T00:00:00,-1.0839
FUND37,2024-02-08T00:00:00,-1.0426
FUND37,2024-02-09T00:00:00,-0.7208
FUND37,2024-02-12T00:00:00,-0.6528
FUND37,2024-02-13T00:00:00,-1.0916
FUND37,2024-02-14T00:00:00,-0.9955
FUND37,2024-02-15T00:00:00,-1.0835
FUND37,2024-02-16T00:00:00,-0.5205
FUND37,2024-02-19T00:00:00,-0.8164
FUND37,2024-02-20T00:00:00,-1.0881
FUND37,2024-02-21T00:00:00,-0.8738
FUND37,2024-02-22T00:00:00,-1.1142
FUND37,2024-02-23T00:00:00,-1.0215
FUND37,2024-02-26T00:00:00,-0.9984
FUND37,2024-02-27T00:00:00,-1.0689
FUND37,2024-02-28T00:00:00,-1.0197
FUND37,2024-02-29T00:00:00,-1.0268
FUND37,2024-03-01T00:00:00,-0.8214
FUND37,2024-03-04T00:00:00,-0.6465
FUND37,2024-03-05T00:00:00,-0.7014
FUND37,2024-03-06T00:00:00,-0.9049
FUND37,2024-03-07T00:00:00,-0.8686
FUND37,2024-03-08T00:00:00,-0.8909
FUND37,2024-03-11T00:00:00,-0.5769
FUND37,2024-03-12T00:00:00,-0.391
FUND37,2024-03-13T00:00:00,-0.3297
FUND37,2024-03-14T00:00:00,-0.2134
FUND37,2024-03-15T00:00:00,-0.4603
FUND37,2024-03-18T00:00:00,-0.3739
FUND37,2024-03-19T00:00:00,0.0376
FUND37,2024-03-20T00:00:00,0.2783
FUND37,2024-03-21T00:00:00,0.2965
FUND37,2024-03-22T00:00:00,0.8481
FUND37,2024-03-25T00:00:00,1.2645
FUND37,2024-03-26T00:00:00,0.8822
FUND37,2024-03-27T00:00:00,1.0469
FUND37,2024-03-28T00:00:00,0.9508
FUND37,2024-03-29T00:00:00,1.2419
FUND37,2024-04-01T00:00:00,1.138
FUND37,2024-04-02T00:00:00,1.2791
FUND37,2024-04-03T00:00:00,0.9918
FUND37,2024-04-04T00:00:00,1.0108
FUND37,2024-04-05T00:00:00,0.7758
FUND37,2024-04-08T00:00:00,0.6609
FUND37,2024-04-09T00:00:00,0.8612
FUND37,2024-04-10T00:00:00,0.9278
FUND37,2024-04-11T00:00:00,1.4008
FUND37,2024-04-12T00:00:00,1.5955
FUND37,2024-04-15T00:00:00,1.8925
FUND37,2024-04-16T00:00:00,1.8123
FUND37,2024-04-17T00:00:00,2.0003
FUND37,2024-04-18T00:00:00,2.0574
FUND37,2024-04-19T00:00:00,2.3149
FUND37,2024-04-22T00:00:00,2.2508
FUND37,2024-04-23T00:00:00,2.4062
FUND37,2024-04-24T00:00:00,2.0841
FUND37,2024-04-25T00:00:00,2.1675
FUND37,2024-04-26T00:00:00,1.8786
FUND37,2024-04-29T00:00:00,1.7254
FUND37,2024-04-30T00:00:00,1.2978
FUND37,2024-05-01T00:00:00,1.0923
FUND37,2024-05-02T00:00:00,1.1128
FUND37,2024-05-03T00:00:00,1.1914
FUND37,2024-05-06T00:00:00,0.9896
FUND37,2024-05-07T00:00:00,0.7276
FUND37,2024-05-08T00:00:00,0.8753
FUND37,2024-05-09T00:00:00,0.7752
FUND37,2024-05-10T00:00:00,0.8276
FUND37,2024-05-13T00:00:00,1.0296
FUND37,2024-05-14T00:00:00,1.2633
FUND37,2024-05-15T00:00:00,1.2685
FUND37,2024-05-16T00:00:00,1.7769
FUND37,2024-05-17T00:00:00,2.0646
FUND37,2024-05-20T00:00:00,2.3078
FUND37,2024-05-21T00:00:00,2.4255
FUND37,2024-05-22T00:00:00,2.3856
FUND37,2024-05-23T00:00:00,2.4048
FUND37,2024-05-24T00:00:00,2.1189
FUND37,2024-05-27T00:00:00,2.4745
FUND37,2024-05-28T00:00:00,2.9229
FUND37,2024-05-29T00:00:00,2.7196
FUND37,2024-05-30T00:00:00,2.9304
FUND37,2024-05-31T00:00:00,2.9719
FUND37,2024-06-03T00:00:00,2.9567
FUND37,2024-06-04T00:00:00,3.1489
FUND37,2024-06-05T00:00:00,2.9984
FUND37,2024-06-06T00:00:00,2.5642
FUND37,2024-06-07T00:00:00,2.8498
FUND37,2024-06-10T00:00:00,2.5891
FUND37,2024-06-11T00:00:00,2.8416
FUND37,2024-06-12T00:00:00,3.2583
FUND37,2024-06-13T00:00:00,3.2973
FUND37,2024-06-14T00:00:00,3.2188
FUND37,2024-06-17T00:00:00,3.1052
FUND37,2024-06-18T00:00:00,3.5128
FUND37,2024-06-19T00:00:00,3.6079
FUND37,2024-06-20T00:00:00,3.7404
FUND37,2024-06-21T00:00:00,3.619
FUND37,2024-06-24T00:00:00,3.7779
FUND37,2024-06-25T00:00:00,3.9797
FUND37,2024-06-26T00:00:00,3.6524
FUND37,2024-06-27T00:00:00,3.3541
FUND37,2024-06-28T00:00:00,3.2065
FUND37,2024-07-01T00:00:00,2.9407
FUND37,2024-07-02T00:00:00,2.9893
FUND37,2024-07-03T00:00:00,2.81
FUND37,2024-07-04T00:00:00,3.1844
FUND37,2024-07-05T00:00:00,3.2371
FUND37,2024-07-08T00:00:00,3.3133
FUND37,2024-07-09T00:00:00,3.6394
FUND37,2024-07-10T00:00:00,3.8127
FUND37,2024-07-11T00:00:00,4.113
FUND37,2024-07-12T00:00:00,3.7276
FUND37,2024-07-15T00:00:00,3.5407
FUND37,2024-07-16T00:00:00,3.4437
FUND37,2024-07-17T00:00:00,2.9819
FUND37,2024-07-18T00:00:00,3.0078
FUND37,2024-07-19T00:00:00,3.2609
FUND37,2024-07-22T00:00:00,3.1235
FUND37,2024-07-23T00:00:00,3.2473
FUND37,2024-07-24T00:00:00,3.421
FUND37,2024-07-25T00:00:00,3.3542
FUND37,2024-07-26T00:00:00,3.1684
FUND37,2024-07-29T00:00:00,3.3348
FUND37,2024-07-30T00:00:00,3.6285
FUND37,2024-07-31T00:00:00,3.6858
FUND37,2024-08-01T00:00:00,3.6075
FUND37,2024-08-02T00:00:00,3.4679
FUND37,2024-08-05T00:00:00,3.3946
FUND37,2024-08-06T00:00:00,3.4699
FUND37,2024-08-07T00:00:00,3.4496
FUND37,2024-08-08T00:00:00,3.4236
FUND37,2024-08-09T00:00:00,3.718
FUND37,2024-08-12T00:00:00,3.6856
FUND37,2024-08-13T00:00:00,3.5814
FUND37,2024-08-14T00:00:00,3.6377
FUND37,2024-08-15T00:00:00,3.1792
FUND37,2024-08-16T00:00:00,2.8818
FUND37,2024-08-19T00:00:00,2.5336
FUND37,2024-08-20T00:00:00,2.8719
FUND37,2024-08-21T00:00:00,2.8317
FUND37,2024-08-22T00:00:00,2.9059
FUND37,2024-08-23T00:00:00,2.7921
FUND37,2024-08-26T00:00:00,2.7199
FUND37,2024-08-27T00:00:00,2.7018
FUND37,2024-08-28T00:00:00,2.8651
FUND37,2024-08-29T00:00:00,2.8649
FUND37,2024-08-30T00:00:00,3.0723
FUND37,2024-09-02T00:00:00,3.1349
FUND37,2024-09-03T00:00:00,3.5085
FUND37,2024-09-04T00:00:00,3.4345
FUND37,2024-09-05T00:00:00,3.1295
FUND37,2024-09-06T00:00:00,3.0029
FUND37,2024-09-09T00:00:00,3.4125
FUND37,2024-09-10T00:00:00,3.6945
FUND37,2024-09-11T00:00:00,3.6465
FUND37,2024-09-12T00:00:00,3.5717
FUND37,2024-09-13T00:00:00,3.4846
FUND37,2024-09-16T00:00:00,3.3809
FUND37,2024-09-17T00:00:00,2.9302
FUND37,2024-09-18T00:00:00,3.2275
FUND37,2024-09-19T00:00:00,2.8539
FUND37,2024-09-20T00:00:00,2.5549
FUND37,2024-09-23T00:00:00,2.5246
FUND37,2024-09-24T00:00:00,2.3448
FUND37,2024-09-25T00:00:00,2.5434
FUND37,2024-09-26T00:00:00,2.5683
FUND37,2024-09-27T00:00:00,2.4317
FUND37,2024-09-30T00:00:00,2.1368
FUND37,2024-10-01T00:00:00,1.844
FUND37,2024-10-02T00:00:00,1.7933
FUND37,2024-10-03T00:00:00,1.3219
FUND37,2024-10-04T00:00:00,1.0475
FUND37,2024-10-07T00:00:00,0.9807
FUND37,2024-10-08T00:00:00,1.1227
FUND37,2024-10-09T00:00:00,1.1453
FUND37,2024-10-10T00:00:00,1.1798
FUND37,2024-10-11T00:00:00,1.5094
FUND37,2024-10-14T00:00:00,1.9245
FUND37,2024-10-15T00:00:00,1.4585
FUND37,2024-10-16T00:00:00,1.4455
FUND37,2024-10-17T00:00:00,1.3523
FUND37,2024-10-18T00:00:00,0.9723
FUND37,2024-10-21T00:00:00,0.7552
FUND37,2024-10-22T00:00:00,0.6607
FUND37,2024-10-23T00:00:00,0.5184
FUND37,2024-10-24T00:00:00,0.7307
FUND37,2024-10-25T00:00:00,0.6399
FUND37,2024-10-28T00:00:00,0.6689
FUND37,2024-10-29T00:00:00,0.6156
FUND37,2024-10-30T00:00:00,0.4885
FUND37,2024-10-31T00:00:00,0.9938
FUND37,2024-11-01T00:00:00,1.1044
FUND37,2024-11-04T00:00:00,1.2838
FUND37,2024-11-05T00:00:00,1.0887
FUND37,2024-11-06T00:00:00,0.8686
FUND37,2024-11-07T00:00:00,0.71
FUND37,2024-11-08T00:00:00,0.5119
FUND37,2024-11-11T00:00:00,0.7578
FUND37,2024-11-12T00:00:00,0.58
FUND37,2024-11-13T00:00:00,0.9818
FUND37,2024-11-14T00:00:00,0.8641
FUND37,2024-11-15T00:00:00,1.3578
FUND37,2024-11-18T00:00:00,1.6486
FUND37,2024-11-19T00:00:00,1.7142
FUND37,2024-11-20T00:00:00,1.9554
FUND37,2024-11-21T00:00:00,1.9306
FUND37,2024-11-22T00:00:00,2.097
FUND37,2024-11-25T00:00:00,1.6366
FUND37,2024-11-26T00:00:00,1.2857
FUND37,2024-11-27T00:00:00,0.8909
FUND37,2024-11-28T00:00:00,1.0805
FUND37,2024-11-29T00:00:00,0.9036
FUND37,2024-12-02T00:00:00,0.8704
FUND37,2024-12-03T00:00:00,0.7762
FUND37,2024-12-04T00:00:00,0.9128
FUND37,2024-12-05T00:00:00,1.1523
FUND37,2024-12-06T00:00:00,0.8404
FUND37,2024-12-09T00:00:00,1.1819
FUND37,2024-12-10T00:00:00,1.2934
FUND37,2024-12-11T00:00:00,1.6589
FUND37,2024-12-12T00:00:00,1.5219
FUND37,2024-12-13T00:00:00,1.5018
FUND37,2024-12-16T00:00:00,1.5309
FUND37,2024-12-17T00:00:00,1.1598
FUND37,2024-12-18T00:00:00,1.0613
FUND37,2024-12-19T00:00:00,1.1809
FUND37,2024-12-20T00:00:00,1.4305
FUND37,2024-12-23T00:00:00,1.6466
FUND37,2024-12-24T00:00:00,1.5005
FUND37,2024-12-25T00:00:00,1.4201
FUND37,2024-12-26T00:00:00,1.3911
FUND37,2024-12-27T00:00:00,1.1263
FUND37,2024-12-30T00:00:00,1.6022
FUND37,2024-12-31T00:00:00,1.7084
FUND37,2025-01-01T00:00:00,1.5052
FUND37,2025-01-02T00:00:00,1.3799
FUND37,2025-01-03T00:00:00,1.1353
FUND37,2025-01-06T00:00:00,1.4577
FUND37,2025-01-07T00:00:00,1.2049
FUND37,2025-01-08T00:00:00,1.4223
FUND37,2025-01-09T00:00:00,1.6022
FUND37,2025-01-10T00:00:00,1.605
FUND37,2025-01-13T00:00:00,1.3603
FUND37,2025-01-14T00:00:00,0.9603
FUND37,2025-01-15T00:00:00,0.9616
FUND37,2025-01-16T00:00:00,0.9398
FUND37,2025-01-17T00:00:00,0.895
FUND37,2025-01-20T00:00:00,0.8408
FUND37,2025-01-21T00:00:00,1.0542
FUND37,2025-01-22T00:00:00,1.0109
FUND37,2025-01-23T00:00:00,1.1212
FUND37,2025-01-24T00:00:00,1.2807
FUND37,2025-01-27T00:00:00,1.4677
FUND37,2025-01-28T00:00:00,1.5429
FUND37,2025-01-29T00:00:00,1.4959
FUND37,2025-01-30T00:00:00,1.7062
FUND37,2025-01-31T00:00:00,2.0739
FUND37,2025-02-03T00:00:00,2.2611
FUND37,2025-02-04T00:00:00,2.3503
FUND37,2025-02-05T00:00:00,2.5302
FUND37,2025-02-06T00:00:00,2.6501
FUND37,2025-02-07T00:00:00,2.9962
FUND37,2025-02-10T00:00:00,3.0615
FUND37,2025-02-11T00:00:00,2.7949
FUND37,2025-02-12T00:00:00,2.8731
FUND37,2025-02-13T00:00:00,3.2685
FUND37,2025-02-14T00:00:00,3.0831
FUND37,2025-02-17T00:00:00,3.2049
FUND37,2025-02-18T00:00:00,3.3848
FUND37,2025-02-19T00:00:00,2.5845
FUND37,2025-02-20T00:00:00,2.9453
FUND37,2025-02-21T00:00:00,3.1861
FUND37,2025-02-24T00:00:00,3.7186
FUND37,2025-02-25T00:00:00,3.9579
FUND37,2025-02-26T00:00:00,3.835
FUND37,2025-02-27T00:00:00,3.6566
FUND37,2025-02-28T00:00:00,3.6418
FUND37,2025-03-03T00:00:00,3.5296
FUND37,2025-03-04T00:00:00,3.811
FUND37,2025-03-05T00:00:00,3.9277
FUND37,2025-03-06T00:00:00,3.3668
FUND37,2025-03-07T00:00:00,3.1477
FUND37,2025-03-10T00:00:00,3.2356
FUND37,2025-03-11T00:00:00,3.3888
FUND37,2025-03-12T00:00:00,3.6957
FUND37,2025-03-13T00:00:00,3.7737
FUND37,2025-03-14T00:00:00,3.8581
FUND37,2025-03-17T00:00:00,3.9037
FUND37,2025-03-18T00:00:00,4.0349
FUND37,2025-03-19T00:00:00,3.9491
FUND37,2025-03-20T00:00:00,3.7596
FUND37,2025-03-21T00:00:00,3.6097
FUND37,2025-03-24T00:00:00,3.6593
FUND37,2025-03-25T00:00:00,3.353
FUND37,2025-03-26T00:00:00,3.4207
FUND37,2025-03-27T00:00:00,3.5428
FUND37,2025-03-28T00:00:00,3.0052
FUND37,2025-03-31T00:00:00,3.7568
FUND37,2025-04-01T00:00:00,3.8938
FUND37,2025-04-02T00:00:00,4.1724
FUND37,2025-04-03T00:00:00,4.2707
FUND37,2025-04-04T00:00:00,4.2699
FUND37,2025-04-07T00:00:00,3.9185
FUND37,2025-04-08T00:00:00,3.6997
FUND37,2025-04-09T00:00:00,3.4195
FUND37,2025-04-10T00:00:00,3.3839
FUND37,2025-04-11T00:00:00,3.6477
FUND37,2025-04-14T00:00:00,3.6797
FUND37,2025-04-15T00:00:00,3.4205
FUND37,2025-04-16T00:00:00,3.2455
FUND37,2025-04-17T00:00:00,3.3168
FUND37,2025-04-18T00:00:00,3.5604
FUND37,2025-04-21T00:00:00,3.7699
FUND37,2025-04-22T00:00:00,3.8479
FUND37,2025-04-23T00:00:00,3.617
FUND37,2025-04-24T00:00:00,3.6899
FUND37,2025-04-25T00:00:00,3.3786
FUND37,2025-04-28T00:00:00,3.3181
FUND37,2025-04-29T00:00:00,3.0454
FUND37,2025-04-30T00:00:00,3.0417
FUND37,2025-05-01T00:00:00,2.8388
FUND37,2025-05-02T00:00:00,3.0159
FUND37,2025-05-05T00:00:00,2.7582
FUND37,2025-05-06T00:00:00,2.5706
FUND37,2025-05-07T00:00:00,2.8229
FUND37,2025-05-08T00:00:00,2.5699
FUND37,2025-05-09T00:00:00,2.9492
FUND37,2025-05-12T00:00:00,2.774
FUND37,2025-05-13T00:00:00,3.1522
FUND37,2025-05-14T00:00:00,2.8987
FUND37,2025-05-15T00:00:00,2.7936
FUND37,2025-05-16T00:00:00,2.8436
FUND37,2025-05-19T00:00:00,2.8219
FUND37,2025-05-20T00:00:00,3.3871
FUND37,2025-05-21T00:00:00,2.8179
FUND37,2025-05-22T00:00:00,2.9137
FUND37,2025-05-23T00:00:00,3.1027
FUND37,2025-05-26T00:00:00,2.837
FUND37,2025-05-27T00:00:00,2.7884
FUND37,2025-05-28T00:00:00,2.9228
FUND37,2025-05-29T00:00:00,3.0514
FUND37,2025-05-30T00:00:00,3.1137
FUND37,2025-06-02T00:00:00,3.2422
FUND37,2025-06-03T00:00:00,2.9774
FUND37,2025-06-04T00:00:00,2.7299
FUND37,2025-06-05T00:00:00,2.4936
FUND37,2025-06-06T00:00:00,2.357
FUND37,2025-06-09T00:00:00,2.2205
FUND37,2025-06-10T00:00:00,1.9434
FUND37,2025-06-11T00:00:00,1.7675
FUND37,2025-06-12T00:00:00,1.91
FUND37,2025-06-13T00:00:00,1.9322
FUND37,2025-06-16T00:00:00,2.1209
FUND37,2025-06-17T00:00:00,2.4725
FUND37,2025-06-18T00:00:00,2.5741
FUND37,2025-06-19T00:00:00,2.6054
FUND37,2025-06-20T00:00:00,2.7563
FUND37,2025-06-23T00:00:00,2.6056
FUND37,2025-06-24T00:00:00,2.7214
FUND37,2025-06-25T00:00:00,2.8068
FUND37,2025-06-26T00:00:00,2.3554
FUND37,2025-06-27T00:00:00,2.1035
FUND37,2025-06-30T00:00:00,2.1432
FUND37,2025-07-01T00:00:00,2.1841
FUND37,2025-07-02T00:00:00,2.3049
FUND37,2025-07-03T00:00:00,2.4429
FUND37,2025-07-04T00:00:00,2.7861
FUND37,2025-07-07T00:00:00,2.7489
FUND37,2025-07-08T00:00:00,2.3504
FUND37,2025-07-09T00:00:00,2.5133
FUND37,2025-07-10T00:00:00,2.9946
FUND37,2025-07-11T00:00:00,3.2309
FUND37,2025-07-14T00:00:00,3.4244
FUND37,2025-07-15T00:00:00,3.6459
FUND37,2025-07-16T00:00:00,3.3742
FUND37,2025-07-17T00:00:00,2.819
FUND37,2025-07-18T00:00:00,2.9217
FUND37,2025-07-21T00:00:00,2.398
FUND37,2025-07-22T00:00:00,1.9067
FUND37,2025-07-23T00:00:00,1.4484
FUND37,2025-07-24T00:00:00,1.7925
FUND37,2025-07-25T00:00:00,1.6257
FUND37,2025-07-28T00:00:00,1.8184
FUND37,2025-07-29T00:00:00,2.064
FUND37,2025-07-30T00:00:00,2.0875
FUND37,2025-07-31T00:00:00,1.8433
FUND37,2025-08-01T00:00:00,2.3491
FUND37,2025-08-04T00:00:00,1.9939
FUND37,2025-08-05T00:00:00,1.8091
FUND37,2025-08-06T00:00:00,1.7237
FUND37,2025-08-07T00:00:00,1.5012
FUND37,2025-08-08T00:00:00,1.5128
FUND37,2025-08-11T00:00:00,1.9236
FUND37,2025-08-12T00:00:00,2.2878
FUND37,2025-08-13T00:00:00,2.5867
FUND37,2025-08-14T00:00:00,2.279
FUND37,2025-08-15T00:00:00,2.4618
FUND37,2025-08-18T00:00:00,2.1061
FUND37,2025-08-19T00:00:00,2.0613
FUND37,2025-08-20T00:00:00,2.2512
FUND37,2025-08-21T00:00:00,2.4123
FUND37,2025-08-22T00:00:00,2.2831
FUND37,2025-08-25T00:00:00,1.9628
FUND37,2025-08-26T00:00:00,2.0604
FUND37,2025-08-27T00:00:00,1.6319
FUND37,2025-08-28T00:00:00,1.4273
FUND37,2025-08-29T00:00:00,1.8223
FUND37,2025-09-01T00:00:00,1.1885
FUND37,2025-09-02T00:00:00,1.4812
FUND37,2025-09-03T00:00:00,1.3501
FUND37,2025-09-04T00:00:00,1.6644
FUND37,2025-09-05T00:00:00,1.7537
FUND37,2025-09-08T00:00:00,1.4782
FUND37,2025-09-09T00:00:00,1.3009
FUND37,2025-09-10T00:00:00,1.2609
FUND37,2025-09-11T00:00:00,1.3604
FUND37,2025-09-12T00:00:00,1.7226
FUND37,2025-09-15T00:00:00,1.8581
FUND37,2025-09-16T00:00:00,1.398
FUND37,2025-09-17T00:00:00,1.5331
FUND37,2025-09-18T00:00:00,1.7969
FUND37,2025-09-19T00:00:00,1.9365
FUND37,2025-09-22T00:00:00,1.7356
FUND37,2025-09-23T00:00:00,1.8764
FUND37,2025-09-24T00:00:00,2.0167
FUND37,2025-09-25T00:00:00,2.0493
FUND37,2025-09-26T00:00:00,1.9566
FUND37,2025-09-29T00:00:00,1.9795
FUND37,2025-09-30T00:00:00,1.854
FUND37,2025-10-01T00:00:00,1.858
FUND37,2025-10-02T00:00:00,1.5473
FUND37,2025-10-03T00:00:00,1.7786
FUND37,2025-10-06T00:00:00,1.6273
FUND37,2025-10-07T00:00:00,1.7533
FUND37,2025-10-08T00:00:00,1.9389
FUND37,2025-10-09T00:00:00,1.8502
FUND37,2025-10-10T00:00:00,2.0333
FUND37,2025-10-13T00:00:00,2.3349
FUND37,2025-10-14T00:00:00,2.9399
FUND37,2025-10-15T00:00:00,2.6183
FUND37,2025-10-16T00:00:00,2.7201
FUND37,2025-10-17T00:00:00,2.8462
FUND37,2025-10-20T00:00:00,2.4351
FUND37,2025-10-21T00:00:00,2.3226
FUND37,2025-10-22T00:00:00,2.1022
FUND37,2025-10-23T00:00:00,2.2331
FUND37,2025-10-24T00:00:00,2.3079
FUND37,2025-10-27T00:00:00,2.2497
FUND37,2025-10-28T00:00:00,2.0031
FUND37,2025-10-29T00:00:00,2.6155
FUND37,2025-10-30T00:00:00,2.6187
FUND37,2025-10-31T00:00:00,2.5789
FUND37,2025-11-03T00:00:00,2.2946
FUND37,2025-11-04T00:00:00,2.384
FUND37,2025-11-05T00:00:00,2.3548
FUND37,2025-11-06T00:00:00,2.1577
FUND37,2025-11-07T00:00:00,1.8917
FUND37,2025-11-10T00:00:00,1.892
FUND37,2025-11-11T00:00:00,1.8352
FUND37,2025-11-12T00:00:00,1.6755
FUND37,2025-11-13T00:00:00,1.1798
FUND37,2025-11-14T00:00:00,1.2175
FUND37,2025-11-17T00:00:00,0.9051
FUND37,2025-11-18T00:00:00,0.7653
FUND37,2025-11-19T00:00:00,0.5635
FUND37,2025-11-20T00:00:00,0.7961
FUND37,2025-11-21T00:00:00,0.8984
FUND37,2025-11-24T00:00:00,1.3383
FUND38,2023-05-08T00:00:00,1.1982
FUND38,2023-05-09T00:00:00,1.5748
FUND38,2023-05-10T00:00:00,1.7473
FUND38,2023-05-11T00:00:00,2.0318
FUND38,2023-05-12T00:00:00,1.5738
FUND38,2023-05-15T00:00:00,1.4663
FUND38,2023-05-16T00:00:00,1.771
FUND38,2023-05-17T00:00:00,1.9259
FUND38,2023-05-18T00:00:00,1.6127
FUND38,2023-05-19T00:00:00,1.3658
FUND38,2023-05-22T00:00:00,1.2134
FUND38,2023-05-23T00:00:00,1.1392
FUND38,2023-05-24T00:00:00,0.9709
FUND38,2023-05-25T00:00:00,1.0646
FUND38,2023-05-26T00:00:00,1.105
FUND38,2023-05-29T00:00:00,1.455
FUND38,2023-05-30T00:00:00,1.8796
FUND38,2023-05-31T00:00:00,1.3963
FUND38,2023-06-01T00:00:00,1.7537
FUND38,2023-06-02T00:00:00,1.563
FUND38,2023-06-05T00:00:00,1.4524
FUND38,2023-06-06T00:00:00,1.5051
FUND38,2023-06-07T00:00:00,1.1786
FUND38,2023-06-08T00:00:00,1.1732
FUND38,2023-06-09T00:00:00,0.931
FUND38,2023-06-12T00:00:00,0.6694
FUND38,2023-06-13T00:00:00,0.4954
FUND38,2023-06-14T00:00:00,0.1636
FUND38,2023-06-15T00:00:00,0.1473
FUND38,2023-06-16T00:00:00,0.1023
FUND38,2023-06-19T00:00:00,0.631
FUND38,2023-06-20T00:00:00,0.4623
FUND38,2023-06-21T00:00:00,0.5604
FUND38,2023-06-22T00:00:00,0.817
FUND38,2023-06-23T00:00:00,0.9285
FUND38,2023-06-26T00:00:00,1.0862
FUND38,2023-06-27T00:00:00,0.9369
FUND38,2023-06-28T00:00:00,0.7583
FUND38,2023-06-29T00:00:00,0.6346
FUND38,2023-06-30T00:00:00,0.5991
FUND38,2023-07-03T00:00:00,0.3052
FUND38,2023-07-04T00:00:00,0.3475
FUND38,2023-07-05T00:00:00,0.635
FUND38,2023-07-06T00:00:00,0.4056
FUND38,2023-07-07T00:00:00,0.2255
FUND38,2023-07-10T00:00:00,0.2825
FUND38,2023-07-11T00:00:00,0.5713
FUND38,2023-07-12T00:00:00,0.3022
FUND38,2023-07-13T00:00:00,0.6328
FUND38,2023-07-14T00:00:00,0.1561
FUND38,2023-07-17T00:00:00,-0.1343
FUND38,2023-07-18T00:00:00,-0.1284
FUND38,2023-07-19T00:00:00,0.1083
FUND38,2023-07-20T00:00:00,-0.2964
FUND38,2023-07-21T00:00:00,-0.2854
FUND38,2023-07-24T00:00:00,-0.2451
FUND38,2023-07-25T00:00:00,-0.4269
FUND38,2023-07-26T00:00:00,-0.404
FUND38,2023-07-27T00:00:00,-0.3981
FUND38,2023-07-28T00:00:00,-0.8796
FUND38,2023-07-31T00:00:00,-0.9409
FUND38,2023-08-01T00:00:00,-0.8313
FUND38,2023-08-02T00:00:00,-0.5212
FUND38,2023-08-03T00:00:00,-0.5335
FUND38,2023-08-04T00:00:00,-0.538
FUND38,2023-08-07T00:00:00,-0.0462
FUND38,2023-08-08T00:00:00,-0.0951
FUND38,2023-08-09T00:00:00,-0.1698
FUND38,2023-08-10T00:00:00,-0.6578
FUND38,2023-08-11T00:00:00,-0.5727
FUND38,2023-08-14T00:00:00,-1.0465
FUND38,2023-08-15T00:00:00,-1.2928
FUND38,2023-08-16T00:00:00,-1.217
FUND38,2023-08-17T00:00:00,-1.3581
FUND38,2023-08-18T00:00:00,-1.4483
FUND38,2023-08-21T00:00:00,-1.3091
FUND38,2023-08-22T00:00:00,-1.3287
FUND38,2023-08-23T00:00:00,-1.4279
FUND38,2023-08-24T00:00:00,-1.2528
FUND38,2023-08-25T00:00:00,-1.3185
FUND38,2023-08-28T00:00:00,-1.5838
FUND38,2023-08-29T00:00:00,-1.6805
FUND38,2023-08-30T00:00:00,-1.6991
FUND38,2023-08-31T00:00:00,-1.7814
FUND38,2023-09-01T00:00:00,-1.6217
FUND38,2023-09-04T00:00:00,-1.568
FUND38,2023-09-05T00:00:00,-1.567
FUND38,2023-09-06T00:00:00,-1.3488
FUND38,2023-09-07T00:00:00,-1.371
FUND38,2023-09-08T00:00:00,-1.3144
FUND38,2023-09-11T00:00:00,-1.6438
FUND38,2023-09-12T00:00:00,-1.7452
FUND38,2023-09-13T00:00:00,-1.6481
FUND38,2023-09-14T00:00:00,-1.949
FUND38,2023-09-15T00:00:00,-1.7814
FUND38,2023-09-18T00:00:00,-1.6279
FUND38,2023-09-19T00:00:00,-1.4528
FUND38,2023-09-20T00:00:00,-1.1434
FUND38,2023-09-21T00:00:00,-1.1426
FUND38,2023-09-22T00:00:00,-0.8059
FUND38,2023-09-25T00:00:00,-0.8316
FUND38,2023-09-26T00:00:00,-0.542
FUND38,2023-09-27T00:00:00,-0.2952
FUND38,2023-09-28T00:00:00,-0.424
FUND38,2023-09-29T00:00:00,-0.2637
FUND38,2023-10-02T00:00:00,-0.0453
FUND38,2023-10-03T00:00:00,-0.4335
FUND38,2023-10-04T00:00:00,0.3956
FUND38,2023-10-05T00:00:00,0.1911
FUND38,2023-10-06T00:00:00,0.4726
FUND38,2023-10-09T00:00:00,0.554
FUND38,2023-10-10T00:00:00,1.0849
FUND38,2023-10-11T00:00:00,1.0074
FUND38,2023-10-12T00:00:00,0.9003
FUND38,2023-10-13T00:00:00,0.9718
FUND38,2023-10-16T00:00:00,0.9382
FUND38,2023-10-17T00:00:00,1.0128
FUND38,2023-10-18T00:00:00,1.0993
FUND38,2023-10-19T00:00:00,1.1639
FUND38,2023-10-20T00:00:00,0.5354
FUND38,2023-10-23T00:00:00,0.5107
FUND38,2023-10-24T00:00:00,0.5941
FUND38,2023-10-25T00:00:00,0.5388
FUND38,2023-10-26T00:00:00,0.5598
FUND38,2023-10-27T00:00:00,0.4683
FUND38,2023-10-30T00:00:00,0.5481
FUND38,2023-10-31T00:00:00,0.5206
FUND38,2023-11-01T00:00:00,0.5804
FUND38,2023-11-02T00:00:00,0.577
FUND38,2023-11-03T00:00:00,0.5192
FUND38,2023-11-06T00:00:00,1.0335
FUND38,2023-11-07T00:00:00,0.6042
FUND38,2023-11-08T00:00:00,0.2993
FUND38,2023-11-09T00:00:00,0.3469
FUND38,2023-11-10T00:00:00,0.196
FUND38,2023-11-13T00:00:00,0.161
FUND38,2023-11-14T00:00:00,0.3529
FUND38,2023-11-15T00:00:00,0.4402
FUND38,2023-11-16T00:00:00,0.4451
FUND38,2023-11-17T00:00:00,0.7941
FUND38,2023-11-20T00:00:00,1.0355
FUND38,2023-11-21T00:00:00,0.7983
FUND38,2023-11-22T00:00:00,0.957
FUND38,2023-11-23T00:00:00,1.3861
FUND38,2023-11-24T00:00:00,1.3626
FUND38,2023-11-27T00:00:00,1.2171
FUND38,2023-11-28T00:00:00,1.3964
FUND38,2023-11-29T00:00:00,1.4496
FUND38,2023-11-30T00:00:00,1.4792
FUND38,2023-12-01T00:00:00,2.0147
FUND38,2023-12-04T00:00:00,2.2146
FUND38,2023-12-05T00:00:00,2.1696
FUND38,2023-12-06T00:00:00,1.9068
FUND38,2023-12-07T00:00:00,1.346
FUND38,2023-12-08T00:00:00,1.1892
FUND38,2023-12-11T00:00:00,0.3503
FUND38,2023-12-12T00:00:00,0.4839
FUND38,2023-12-13T00:00:00,0.438
FUND38,2023-12-14T00:00:00,0.2833
FUND38,2023-12-15T00:00:00,0.1163
FUND38,2023-12-18T00:00:00,0.0106
FUND38,2023-12-19T00:00:00,0.0247
FUND38,2023-12-20T00:00:00,0.0147
FUND38,2023-12-21T00:00:00,0.0082
FUND38,2023-12-22T00:00:00,0.3534
FUND38,2023-12-25T00:00:00,0.537
FUND38,2023-12-26T00:00:00,0.4562
FUND38,2023-12-27T00:00:00,0.5882
FUND38,2023-12-28T00:00:00,0.7732
FUND38,2023-12-29T00:00:00,0.5411
FUND38,2024-01-01T00:00:00,0.9631
FUND38,2024-01-02T00:00:00,0.9506
FUND38,2024-01-03T00:00:00,0.8737
FUND38,2024-01-04T00:00:00,0.6574
FUND38,2024-01-05T00:00:00,0.5532
FUND38,2024-01-08T00:00:00,0.4033
FUND38,2024-01-09T00:00:00,0.1318
FUND38,2024-01-10T00:00:00,0.0031
FUND38,2024-01-11T00:00:00,0.0051
FUND38,2024-01-12T00:00:00,0.1747
FUND38,2024-01-15T00:00:00,-0.1824
FUND38,2024-01-16T00:00:00,-0.3281
FUND38,2024-01-17T00:00:00,-0.4679
FUND38,2024-01-18T00:00:00,-0.5066
FUND38,2024-01-19T00:00:00,-0.1127
FUND38,2024-01-22T00:00:00,-0.1499
FUND38,2024-01-23T00:00:00,-0.0583
FUND38,2024-01-24T00:00:00,-0.1672
FUND38,2024-01-25T00:00:00,-0.2501
FUND38,2024-01-26T00:00:00,-0.4938
FUND38,2024-01-29T00:00:00,-0.1199
FUND38,2024-01-30T00:00:00,0.4583
FUND38,2024-01-31T00:00:00,0.5343
FUND38,2024-02-01T00:00:00,0.4036
FUND38,2024-02-02T00:00:00,0.5635
FUND38,2024-02-05T00:00:00,0.418
FUND38,2024-02-06T00:00:00,0.3505
FUND38,2024-02-07T00:00:00,-0.1237
FUND38,2024-02-08T00:00:00,0.5527
FUND38,2024-02-09T00:00:00,0.4207
FUND38,2024-02-12T00:00:00,0.2296
FUND38,2024-02-13T00:00:00,-0.1387
FUND38,2024-02-14T00:00:00,0.2816
FUND38,2024-02-15T00:00:00,0.0784
FUND38,2024-02-16T00:00:00,0.3325
FUND38,2024-02-19T00:00:00,0.5706
FUND38,2024-02-20T00:00:00,0.47
FUND38,2024-02-21T00:00:00,0.9244
FUND38,2024-02-22T00:00:00,0.872
FUND38,2024-02-23T00:00:00,1.3842
FUND38,2024-02-26T00:00:00,1.0422
FUND38,2024-02-27T00:00:00,0.6682
FUND38,2024-02-28T00:00:00,0.7213
FUND38,2024-02-29T00:00:00,0.4056
FUND38,2024-03-01T00:00:00,0.4702
FUND38,2024-03-04T00:00:00,0.7479
FUND38,2024-03-05T00:00:00,0.8968
FUND38,2024-03-06T00:00:00,0.8854
FUND38,2024-03-07T00:00:00,0.8316
FUND38,2024-03-08T00:00:00,0.8602
FUND38,2024-03-11T00:00:00,0.9654
FUND38,2024-03-12T00:00:00,1.5276
FUND38,2024-03-13T00:00:00,1.9643
FUND38,2024-03-14T00:00:00,1.9566
FUND38,2024-03-15T00:00:00,2.4776
FUND38,2024-03-18T00:00:00,2.3734
FUND38,2024-03-19T00:00:00,2.1086
FUND38,2024-03-20T00:00:00,2.1982
FUND38,2024-03-21T00:00:00,2.1569
FUND38,2024-03-22T00:00:00,2.151
FUND38,2024-03-25T00:00:00,2.0896
FUND38,2024-03-26T00:00:00,2.3574
FUND38,2024-03-27T00:00:00,2.1578
FUND38,2024-03-28T00:00:00,2.2466
FUND38,2024-03-29T00:00:00,2.428
FUND38,2024-04-01T00:00:00,2.7537
FUND38,2024-04-02T00:00:00,2.7172
FUND38,2024-04-03T00:00:00,2.8223
FUND38,2024-04-04T00:00:00,2.8055
FUND38,2024-04-05T00:00:00,2.8632
FUND38,2024-04-08T00:00:00,2.7885
FUND38,2024-04-09T00:00:00,2.4411
FUND38,2024-04-10T00:00:00,2.7268
FUND38,2024-04-11T00:00:00,3.0385
FUND38,2024-04-12T00:00:00,3.3414
FUND38,2024-04-15T00:00:00,3.9646
FUND38,2024-04-16T00:00:00,3.633
FUND38,2024-04-17T00:00:00,3.8192
FUND38,2024-04-18T00:00:00,3.9899
FUND38,2024-04-19T00:00:00,4.0845
FUND38,2024-04-22T00:00:00,4.4985
FUND38,2024-04-23T00:00:00,4.3356
FUND38,2024-04-24T00:00:00,4.4648
FUND38,2024-04-25T00:00:00,4.3337
FUND38,2024-04-26T00:00:00,4.3256
FUND38,2024-04-29T00:00:00,4.242
FUND38,2024-04-30T00:00:00,4.23
FUND38,2024-05-01T00:00:00,4.2968
FUND38,2024-05-02T00:00:00,3.6744
FUND38,2024-05-03T00:00:00,3.766
FUND38,2024-05-06T00:00:00,3.3667
FUND38,2024-05-07T00:00:00,3.4026
FUND38,2024-05-08T00:00:00,3.6079
FUND38,2024-05-09T00:00:00,3.7354
FUND38,2024-05-10T00:00:00,3.9033
FUND38,2024-05-13T00:00:00,4.0064
FUND38,2024-05-14T00:00:00,4.1259
FUND38,2024-05-15T00:00:00,3.9281
FUND38,2024-05-16T00:00:00,3.8209
FUND38,2024-05-17T00:00:00,3.5301
FUND38,2024-05-20T00:00:00,3.4918
FUND38,2024-05-21T00:00:00,3.4308
FUND38,2024-05-22T00:00:00,3.1988
FUND38,2024-05-23T00:00:00,3.2597
FUND38,2024-05-24T00:00:00,3.1256
FUND38,2024-05-27T00:00:00,2.9031
FUND38,2024-05-28T00:00:00,2.7445
FUND38,2024-05-29T00:00:00,2.7048
FUND38,2024-05-30T00:00:00,3.1484
FUND38,2024-05-31T00:00:00,3.0471
FUND38,2024-06-03T00:00:00,2.9618
FUND38,2024-06-04T00:00:00,2.6213
FUND38,2024-06-05T00:00:00,2.7202
FUND38,2024-06-06T00:00:00,2.7029
FUND38,2024-06-07T00:00:00,2.2531
FUND38,2024-06-10T00:00:00,2.2665
FUND38,2024-06-11T00:00:00,2.274
FUND38,2024-06-12T00:00:00,2.4731
FUND38,2024-06-13T00:00:00,2.318
FUND38,2024-06-14T00:00:00,2.1673
FUND38,2024-06-17T00:00:00,2.1474
FUND38,2024-06-18T00:00:00,2.0874
FUND38,2024-06-19T00:00:00,2.1292
FUND38,2024-06-20T00:00:00,2.1499
FUND38,2024-06-21T00:00:00,2.0498
FUND38,2024-06-24T00:00:00,1.9014
FUND38,2024-06-25T00:00:00,1.8828
FUND38,2024-06-26T00:00:00,1.4202
FUND38,2024-06-27T00:00:00,1.3674
FUND38,2024-06-28T00:00:00,0.9537
FUND38,2024-07-01T00:00:00,1.0315
FUND38,2024-07-02T00:00:00,1.5396
FUND38,2024-07-03T00:00:00,1.4664
FUND38,2024-07-04T00:00:00,1.712
FUND38,2024-07-05T00:00:00,1.5486
FUND38,2024-07-08T00:00:00,1.345
FUND38,2024-07-09T00:00:00,0.9595
FUND38,2024-07-10T00:00:00,0.6304
FUND38,2024-07-11T00:00:00,0.1904
FUND38,2024-07-12T00:00:00,0.1916
FUND38,2024-07-15T00:00:00,-0.4533
FUND38,2024-07-16T00:00:00,-0.7121
FUND38,2024-07-17T00:00:00,-0.7581
FUND38,2024-07-18T00:00:00,-0.8259
FUND38,2024-07-19T00:00:00,-1.0602
FUND38,2024-07-22T00:00:00,-1.3904
FUND38,2024-07-23T00:00:00,-1.2366
FUND38,2024-07-24T00:00:00,-0.8779
FUND38,2024-07-25T00:00:00,-1.0292
FUND38,2024-07-26T00:00:00,-0.9318
FUND38,2024-07-29T00:00:00,-0.9657
FUND38,2024-07-30T00:00:00,-0.7505
FUND38,2024-07-31T00:00:00,-0.3822
FUND38,2024-08-01T00:00:00,-0.5854
FUND38,2024-08-02T00:00:00,-0.8717
FUND38,2024-08-05T00:00:00,-1.1072
FUND38,2024-08-06T00:00:00,-0.7702
FUND38,2024-08-07T00:00:00,-1.0088
FUND38,2024-08-08T00:00:00,-1.0349
FUND38,2024-08-09T00:00:00,-1.3624
FUND38,2024-08-12T00:00:00,-1.0732
FUND38,2024-08-13T00:00:00,-0.6033
FUND38,2024-08-14T00:00:00,-0.9106
FUND38,2024-08-15T00:00:00,-0.7206
FUND38,2024-08-16T00:00:00,-0.7818
FUND38,2024-08-19T00:00:00,-0.7199
FUND38,2024-08-20T00:00:00,-0.2525
FUND38,2024-08-21T00:00:00,-0.4085
FUND38,2024-08-22T00:00:00,-0.6925
FUND38,2024-08-23T00:00:00,-1.0434
FUND38,2024-08-26T00:00:00,-1.2643
FUND38,2024-08-27T00:00:00,-1.0923
FUND38,2024-08-28T00:00:00,-1.3415
FUND38,2024-08-29T00:00:00,-1.2793
FUND38,2024-08-30T00:00:00,-1.5875
FUND38,2024-09-02T00:00:00,-1.8952
FUND38,2024-09-03T00:00:00,-1.9247
FUND38,2024-09-04T00:00:00,-1.9487
FUND38,2024-09-05T00:00:00,-1.8204
FUND38,2024-09-06T00:00:00,-1.4657
FUND38,2024-09-09T00:00:00,-1.2348
FUND38,2024-09-10T00:00:00,-1.5929
FUND38,2024-09-11T00:00:00,-1.6591
FUND38,2024-09-12T00:00:00,-1.801
FUND38,2024-09-13T00:00:00,-1.849
FUND38,2024-09-16T00:00:00,-1.716
FUND38,2024-09-17T00:00:00,-1.5612
FUND38,2024-09-18T00:00:00,-1.136
FUND38,2024-09-19T00:00:00,-0.7345
FUND38,2024-09-20T00:00:00,-0.8545
FUND38,2024-09-23T00:00:00,-0.9251
FUND38,2024-09-24T00:00:00,-0.8309
FUND38,2024-09-25T00:00:00,-0.7254
FUND38,2024-09-26T00:00:00,-0.9219
FUND38,2024-09-27T00:00:00,-1.0417
FUND38,2024-09-30T00:00:00,-0.8244
FUND38,2024-10-01T00:00:00,-1.076
FUND38,2024-10-02T00:00:00,-0.8304
FUND38,2024-10-03T00:00:00,-0.9171
FUND38,2024-10-04T00:00:00,-0.2599
FUND38,2024-10-07T00:00:00,-0.2834
FUND38,2024-10-08T00:00:00,-0.4958
FUND38,2024-10-09T00:00:00,-1.1044
FUND38,2024-10-10T00:00:00,-1.1997
FUND38,2024-10-11T00:00:00,-0.9012
FUND38,2024-10-14T00:00:00,-0.7176
FUND38,2024-10-15T00:00:00,-0.4902
FUND38,2024-10-16T00:00:00,-0.6011
FUND38,2024-10-17T00:00:00,-0.7849
FUND38,2024-10-18T00:00:00,-0.7135
FUND38,2024-10-21T00:00:00,-0.5033
FUND38,2024-10-22T00:00:00,-0.2631
FUND38,2024-10-23T00:00:00,-0.4477
FUND38,2024-10-24T00:00:00,-0.79
FUND38,2024-10-25T00:00:00,-0.8762
FUND38,2024-10-28T00:00:00,-0.6226
FUND38,2024-10-29T00:00:00,-0.3364
FUND38,2024-10-30T00:00:00,-0.4515
FUND38,2024-10-31T00:00:00,-0.4154
FUND38,2024-11-01T00:00:00,-0.4801
FUND38,2024-11-04T00:00:00,-0.3583
FUND38,2024-11-05T00:00:00,-0.4922
FUND38,2024-11-06T00:00:00,-0.8242
FUND38,2024-11-07T00:00:00,-0.7486
FUND38,2024-11-08T00:00:00,-0.9057
FUND38,2024-11-11T00:00:00,-0.9525
FUND38,2024-11-12T00:00:00,-0.6621
FUND38,2024-11-13T00:00:00,-0.2709
FUND38,2024-11-14T00:00:00,0.2892
FUND38,2024-11-15T00:00:00,0.3393
FUND38,2024-11-18T00:00:00,0.8166
FUND38,2024-11-19T00:00:00,0.6899
FUND38,2024-11-20T00:00:00,0.4605
FUND38,2024-11-21T00:00:00,0.4404
FUND38,2024-11-22T00:00:00,0.5681
FUND38,2024-11-25T00:00:00,0.8528
FUND38,2024-11-26T00:00:00,0.7198
FUND38,2024-11-27T00:00:00,0.4288
FUND38,2024-11-28T00:00:00,0.3212
FUND38,2024-11-29T00:00:00,0.3901
FUND38,2024-12-02T00:00:00,0.5988
FUND38,2024-12-03T00:00:00,0.1676
FUND38,2024-12-04T00:00:00,0.355
FUND38,2024-12-05T00:00:00,0.5135
FUND38,2024-12-06T00:00:00,0.5597
FUND38,2024-12-09T00:00:00,0.8404
FUND38,2024-12-10T00:00:00,0.8176
FUND38,2024-12-11T00:00:00,0.7325
FUND38,2024-12-12T00:00:00,0.4405
FUND38,2024-12-13T00:00:00,0.6722
FUND38,2024-12-16T00:00:00,0.6261
FUND38,2024-12-17T00:00:00,0.7327
FUND38,2024-12-18T00:00:00,0.7156
FUND38,2024-12-19T00:00:00,0.6398
FUND38,2024-12-20T00:00:00,0.5862
FUND38,2024-12-23T00:00:00,0.4337
FUND38,2024-12-24T00:00:00,0.1064
FUND38,2024-12-25T00:00:00,0.0168
FUND38,2024-12-26T00:00:00,0.0615
FUND38,2024-12-27T00:00:00,0.2429
FUND38,2024-12-30T00:00:00,0.5549
FUND38,2024-12-31T00:00:00,0.5737
FUND38,2025-01-01T00:00:00,0.4895
FUND38,2025-01-02T00:00:00,0.7168
FUND38,2025-01-03T00:00:00,0.7203
FUND38,2025-01-06T00:00:00,0.7062
FUND38,2025-01-07T00:00:00,0.5337
FUND38,2025-01-08T00:00:00,0.5932
FUND38,2025-01-09T00:00:00,0.7355
FUND38,2025-01-10T00:00:00,0.3273
FUND38,2025-01-13T00:00:00,0.3838
FUND38,2025-01-14T00:00:00,0.9701
FUND38,2025-01-15T00:00:00,0.9894
FUND38,2025-01-16T00:00:00,1.1997
FUND38,2025-01-17T00:00:00,1.1507
FUND38,2025-01-20T00:00:00,0.9396
FUND38,2025-01-21T00:00:00,0.936
FUND38,2025-01-22T00:00:00,0.731
FUND38,2025-01-23T00:00:00,0.482
FUND38,2025-01-24T00:00:00,0.6407
FUND38,2025-01-27T00:00:00,1.1394
FUND38,2025-01-28T00:00:00,0.9917
FUND38,2025-01-29T00:00:00,1.076
FUND38,2025-01-30T00:00:00,1.1576
FUND38,2025-01-31T00:00:00,1.2022
FUND38,2025-02-03T00:00:00,0.8272
FUND38,2025-02-04T00:00:00,1.2383
FUND38,2025-02-05T00:00:00,1.2168
FUND38,2025-02-06T00:00:00,1.2113
FUND38,2025-02-07T00:00:00,0.909
FUND38,2025-02-10T00:00:00,0.7334
FUND38,2025-02-11T00:00:00,1.0552
FUND38,2025-02-12T00:00:00,1.6471
FUND38,2025-02-13T00:00:00,2.0677
FUND38,2025-02-14T00:00:00,1.2416
FUND38,2025-02-17T00:00:00,0.9071
FUND38,2025-02-18T00:00:00,0.9864
FUND38,2025-02-19T00:00:00,1.1378
FUND38,2025-02-20T00:00:00,1.1654
FUND38,2025-02-21T00:00:00,1.1912
FUND38,2025-02-24T00:00:00,1.1602
FUND38,2025-02-25T00:00:00,1.2307
FUND38,2025-02-26T00:00:00,1.2522
FUND38,2025-02-27T00:00:00,1.6841
FUND38,2025-02-28T00:00:00,1.7359
FUND38,2025-03-03T00:00:00,1.6178
FUND38,2025-03-04T00:00:00,1.3023
FUND38,2025-03-05T00:00:00,1.2705
FUND38,2025-03-06T00:00:00,1.4654
FUND38,2025-03-07T00:00:00,2.0223
FUND38,2025-03-10T00:00:00,2.1203
FUND38,2025-03-11T00:00:00,1.9689
FUND38,2025-03-12T00:00:00,2.224
FUND38,2025-03-13T00:00:00,2.2646
FUND38,2025-03-14T00:00:00,2.2158
FUND38,2025-03-17T00:00:00,2.0396
FUND38,2025-03-18T00:00:00,1.8084
FUND38,2025-03-19T00:00:00,1.444
FUND38,2025-03-20T00:00:00,1.3637
FUND38,2025-03-21T00:00:00,1.2989
FUND38,2025-03-24T00:00:00,0.8829
FUND38,2025-03-25T00:00:00,0.941
FUND38,2025-03-26T00:00:00,1.0396
FUND38,2025-03-27T00:00:00,1.0582
FUND38,2025-03-28T00:00:00,0.6618
FUND38,2025-03-31T00:00:00,1.0783
FUND38,2025-04-01T00:00:00,1.0396
FUND38,2025-04-02T00:00:00,1.3707
FUND38,2025-04-03T00:00:00,1.5668
FUND38,2025-04-04T00:00:00,1.1966
FUND38,2025-04-07T00:00:00,0.8247
FUND38,2025-04-08T00:00:00,0.8532
FUND38,2025-04-09T00:00:00,0.2487
FUND38,2025-04-10T00:00:00,0.2735
FUND38,2025-04-11T00:00:00,0.0608
FUND38,2025-04-14T00:00:00,0.0817
FUND38,2025-04-15T00:00:00,0.0475
FUND38,2025-04-16T00:00:00,-0.1031
FUND38,2025-04-17T00:00:00,-0.0664
FUND38,2025-04-18T00:00:00,-0.2898
FUND38,2025-04-21T00:00:00,-0.1008
FUND38,2025-04-22T00:00:00,-0.4867
FUND38,2025-04-23T00:00:00,-0.1856
FUND38,2025-04-24T00:00:00,0.1263
FUND38,2025-04-25T00:00:00,0.2615
FUND38,2025-04-28T00:00:00,0.3391
FUND38,2025-04-29T00:00:00,0.8503
FUND38,2025-04-30T00:00:00,0.7734
FUND38,2025-05-01T00:00:00,1.2811
FUND38,2025-05-02T00:00:00,1.0274
FUND38,2025-05-05T00:00:00,0.6515
FUND38,2025-05-06T00:00:00,0.4366
FUND38,2025-05-07T00:00:00,0.5413
FUND38,2025-05-08T00:00:00,0.4236
FUND38,2025-05-09T00:00:00,0.4376
FUND38,2025-05-12T00:00:00,0.498
FUND38,2025-05-13T00:00:00,0.8517
FUND38,2025-05-14T00:00:00,0.6516
FUND38,2025-05-15T00:00:00,0.7756
FUND38,2025-05-16T00:00:00,1.0445
FUND38,2025-05-19T00:00:00,1.1368
FUND38,2025-05-20T00:00:00,0.9024
FUND38,2025-05-21T00:00:00,0.9032
FUND38,2025-05-22T00:00:00,0.7452
FUND38,2025-05-23T00:00:00,1.0066
FUND38,2025-05-26T00:00:00,1.1047
FUND38,2025-05-27T00:00:00,1.0829
FUND38,2025-05-28T00:00:00,0.7841
FUND38,2025-05-29T00:00:00,0.6341
FUND38,2025-05-30T00:00:00,0.7876
FUND38,2025-06-02T00:00:00,0.4717
FUND38,2025-06-03T00:00:00,0.4394
FUND38,2025-06-04T00:00:00,0.4152
FUND38,2025-06-05T00:00:00,0.5976
FUND38,2025-06-06T00:00:00,0.6499
FUND38,2025-06-09T00:00:00,0.7635
FUND38,2025-06-10T00:00:00,0.6275
FUND38,2025-06-11T00:00:00,0.4315
FUND38,2025-06-12T00:00:00,0.3167
FUND38,2025-06-13T00:00:00,-0.0528
FUND38,2025-06-16T00:00:00,0.1004
FUND38,2025-06-17T00:00:00,0.2067
FUND38,2025-06-18T00:00:00,-0.0556
FUND38,2025-06-19T00:00:00,-0.1212
FUND38,2025-06-20T00:00:00,0.9021
FUND38,2025-06-23T00:00:00,1.0908
FUND38,2025-06-24T00:00:00,0.7545
FUND38,2025-06-25T00:00:00,0.9775
FUND38,2025-06-26T00:00:00,0.8695
FUND38,2025-06-27T00:00:00,1.0406
FUND38,2025-06-30T00:00:00,1.0193
FUND38,2025-07-01T00:00:00,0.6784
FUND38,2025-07-02T00:00:00,0.399
FUND38,2025-07-03T00:00:00,0.2384
FUND38,2025-07-04T00:00:00,0.4103
FUND38,2025-07-07T00:00:00,0.4079
FUND38,2025-07-08T00:00:00,0.6756
FUND38,2025-07-09T00:00:00,1.0868
FUND38,2025-07-10T00:00:00,1.1019
FUND38,2025-07-11T00:00:00,0.4659
FUND38,2025-07-14T00:00:00,0.0966
FUND38,2025-07-15T00:00:00,0.2873
FUND38,2025-07-16T00:00:00,0.576
FUND38,2025-07-17T00:00:00,0.5847
FUND38,2025-07-18T00:00:00,0.5817
FUND38,2025-07-21T00:00:00,0.9388
FUND38,2025-07-22T00:00:00,0.9788
FUND38,2025-07-23T00:00:00,1.0681
FUND38,2025-07-24T00:00:00,1.0356
FUND38,2025-07-25T00:00:00,0.9034
FUND38,2025-07-28T00:00:00,1.1473
FUND38,2025-07-29T00:00:00,1.2362
FUND38,2025-07-30T00:00:00,1.4859
FUND38,2025-07-31T00:00:00,1.5304
FUND38,2025-08-01T00:00:00,1.9012
FUND38,2025-08-04T00:00:00,1.7628
FUND38,2025-08-05T00:00:00,2.1096
FUND38,2025-08-06T00:00:00,1.8991
FUND38,2025-08-07T00:00:00,1.5399
FUND38,2025-08-08T00:00:00,1.4432
FUND38,2025-08-11T00:00:00,1.723
FUND38,2025-08-12T00:00:00,1.7001
FUND38,2025-08-13T00:00:00,1.6916
FUND38,2025-08-14T00:00:00,2.0166
FUND38,2025-08-15T00:00:00,2.4233
FUND38,2025-08-18T00:00:00,2.1474
FUND38,2025-08-19T00:00:00,1.7673
FUND38,2025-08-20T00:00:00,2.1375
FUND38,2025-08-21T00:00:00,2.5227
FUND38,2025-08-22T00:00:00,2.6784
FUND38,2025-08-25T00:00:00,2.4656
FUND38,2025-08-26T00:00:00,2.2785
FUND38,2025-08-27T00:00:00,1.8973
FUND38,2025-08-28T00:00:00,1.2362
FUND38,2025-08-29T00:00:00,0.9755
FUND38,2025-09-01T00:00:00,1.122
FUND38,2025-09-02T00:00:00,0.7947
FUND38,2025-09-03T00:00:00,1.1148
FUND38,2025-09-04T00:00:00,0.9056
FUND38,2025-09-05T00:00:00,1.0311
FUND38,2025-09-08T00:00:00,1.2095
FUND38,2025-09-09T00:00:00,1.4311
FUND38,2025-09-10T00:00:00,1.4612
FUND38,2025-09-11T00:00:00,1.6108
FUND38,2025-09-12T00:00:00,1.6187
FUND38,2025-09-15T00:00:00,1.5618
FUND38,2025-09-16T00:00:00,1.4424
FUND38,2025-09-17T00:00:00,1.4007
FUND38,2025-09-18T00:00:00,1.5449
FUND38,2025-09-19T00:00:00,1.5376
FUND38,2025-09-22T00:00:00,1.3359
FUND38,2025-09-23T00:00:00,1.5162
FUND38,2025-09-24T00:00:00,1.1713
FUND38,2025-09-25T00:00:00,1.0003
FUND38,2025-09-26T00:00:00,1.1009
FUND38,2025-09-29T00:00:00,1.1278
FUND38,2025-09-30T00:00:00,0.9868
FUND38,2025-10-01T00:00:00,1.2645
FUND38,2025-10-02T00:00:00,1.3111
FUND38,2025-10-03T00:00:00,1.4121
FUND38,2025-10-06T00:00:00,1.5648
FUND38,2025-10-07T00:00:00,1.5645
FUND38,2025-10-08T00:00:00,1.6748
FUND38,2025-10-09T00:00:00,1.6281
FUND38,2025-10-10T00:00:00,1.4287
FUND38,2025-10-13T00:00:00,1.1641
FUND38,2025-10-14T00:00:00,1.1546
FUND38,2025-10-15T00:00:00,1.2163
FUND38,2025-10-16T00:00:00,1.195
FUND38,2025-10-17T00:00:00,1.3877
FUND38,2025-10-20T00:00:00,1.1728
FUND38,2025-10-21T00:00:00,1.0342
FUND38,2025-10-22T00:00:00,0.9907
FUND38,2025-10-23T00:00:00,0.8062
FUND38,2025-10-24T00:00:00,0.3192
FUND38,2025-10-27T00:00:00,0.3794
FUND38,2025-10-28T00:00:00,0.4778
FUND38,2025-10-29T00:00:00,-0.2392
FUND38,2025-10-30T00:00:00,-0.4574
FUND38,2025-10-31T00:00:00,-0.7324
FUND38,2025-11-03T00:00:00,-0.2178
FUND38,2025-11-04T00:00:00,-0.1106
FUND38,2025-11-05T00:00:00,0.0249
FUND38,2025-11-06T00:00:00,0.0063
FUND38,2025-11-07T00:00:00,0.0604
FUND38,2025-11-10T00:00:00,0.1307
FUND38,2025-11-11T00:00:00,0.2658
FUND38,2025-11-12T00:00:00,0.0248
FUND38,2025-11-13T00:00:00,-0.2982
FUND38,2025-11-14T00:00:00,-0.312
FUND38,2025-11-17T00:00:00,-0.0087
FUND38,2025-11-18T00:00:00,-0.2307
FUND38,2025-11-19T00:00:00,-0.6539
FUND38,2025-11-20T00:00:00,-0.8562
FUND38,2025-11-21T00:00:00,-0.799
FUND38,2025-11-24T00:00:00,-0.8657
NIFTY50,2023-05-08T00:00:00,2.9507
NIFTY50,2023-05-09T00:00:00,2.6119
NIFTY50,2023-05-10T00:00:00,2.5637
NIFTY50,2023-05-11T00:00:00,2.9283
NIFTY50,2023-05-12T00:00:00,2.7084
NIFTY50,2023-05-15T00:00:00,2.5116
NIFTY50,2023-05-16T00:00:00,2.2034
NIFTY50,2023-05-17T00:00:00,1.7427
NIFTY50,2023-05-18T00:00:00,1.6622
NIFTY50,2023-05-19T00:00:00,1.2619
NIFTY50,2023-05-22T00:00:00,0.9769
NIFTY50,2023-05-23T00:00:00,1.064
NIFTY50,2023-05-24T00:00:00,0.9158
NIFTY50,2023-05-25T00:00:00,1.0223
NIFTY50,2023-05-26T00:00:00,1.0755
NIFTY50,2023-05-29T00:00:00,1.5321
NIFTY50,2023-05-30T00:00:00,1.7546
NIFTY50,2023-05-31T00:00:00,1.6533
NIFTY50,2023-06-01T00:00:00,1.9086
NIFTY50,2023-06-02T00:00:00,1.1987
NIFTY50,2023-06-05T00:00:00,1.6015
NIFTY50,2023-06-06T00:00:00,1.2453
NIFTY50,2023-06-07T00:00:00,1.5138
NIFTY50,2023-06-08T00:00:00,1.7152
NIFTY50,2023-06-09T00:00:00,1.3811
NIFTY50,2023-06-12T00:00:00,1.7523
NIFTY50,2023-06-13T00:00:00,1.8825
NIFTY50,2023-06-14T00:00:00,1.5987
NIFTY50,2023-06-15T00:00:00,1.2901
NIFTY50,2023-06-16T00:00:00,1.5355
NIFTY50,2023-06-19T00:00:00,1.103
NIFTY50,2023-06-20T00:00:00,1.0586
NIFTY50,2023-06-21T00:00:00,0.9208
NIFTY50,2023-06-22T00:00:00,0.906
NIFTY50,2023-06-23T00:00:00,0.8684
NIFTY50,2023-06-26T00:00:00,1.1258
NIFTY50,2023-06-27T00:00:00,1.1197
NIFTY50,2023-06-28T00:00:00,1.4109
NIFTY50,2023-06-29T00:00:00,1.0894
NIFTY50,2023-06-30T00:00:00,1.4059
NIFTY50,2023-07-03T00:00:00,0.6657
NIFTY50,2023-07-04T00:00:00,0.8921
NIFTY50,2023-07-05T00:00:00,0.2951
NIFTY50,2023-07-06T00:00:00,0.3512
NIFTY50,2023-07-07T00:00:00,0.6488
NIFTY50,2023-07-10T00:00:00,0.6791
NIFTY50,2023-07-11T00:00:00,0.5002
NIFTY50,2023-07-12T00:00:00,0.6957
NIFTY50,2023-07-13T00:00:00,0.9075
NIFTY50,2023-07-14T00:00:00,0.8153
NIFTY50,2023-07-17T00:00:00,0.6034
NIFTY50,2023-07-18T00:00:00,0.7803
NIFTY50,2023-07-19T00:00:00,0.7965
NIFTY50,2023-07-20T00:00:00,0.5012
NIFTY50,2023-07-21T00:00:00,-0.0037
NIFTY50,2023-07-24T00:00:00,0.4624
NIFTY50,2023-07-25T00:00:00,0.8169
NIFTY50,2023-07-26T00:00:00,0.785
NIFTY50,2023-07-27T00:00:00,0.6384
NIFTY50,2023-07-28T00:00:00,0.9405
NIFTY50,2023-07-31T00:00:00,1.1752
NIFTY50,2023-08-01T00:00:00,1.5223
NIFTY50,2023-08-02T00:00:00,1.5676
NIFTY50,2023-08-03T00:00:00,1.634
NIFTY50,2023-08-04T00:00:00,1.1774
NIFTY50,2023-08-07T00:00:00,1.0882
NIFTY50,2023-08-08T00:00:00,1.0302
NIFTY50,2023-08-09T00:00:00,0.726
NIFTY50,2023-08-10T00:00:00,0.3891
NIFTY50,2023-08-11T00:00:00,-0.0377
NIFTY50,2023-08-14T00:00:00,0.0437
NIFTY50,2023-08-15T00:00:00,0.2245
NIFTY50,2023-08-16T00:00:00,0.1564
NIFTY50,2023-08-17T00:00:00,0.206
NIFTY50,2023-08-18T00:00:00,0.5191
NIFTY50,2023-08-21T00:00:00,0.2088
NIFTY50,2023-08-22T00:00:00,0.2513
NIFTY50,2023-08-23T00:00:00,0.1557
NIFTY50,2023-08-24T00:00:00,0.0426
NIFTY50,2023-08-25T00:00:00,0.1986
NIFTY50,2023-08-28T00:00:00,0.4104
NIFTY50,2023-08-29T00:00:00,0.4176
NIFTY50,2023-08-30T00:00:00,0.3963
NIFTY50,2023-08-31T00:00:00,0.2665
NIFTY50,2023-09-01T00:00:00,0.2239
NIFTY50,2023-09-04T00:00:00,0.3145
NIFTY50,2023-09-05T00:00:00,0.4263
NIFTY50,2023-09-06T00:00:00,0.7391
NIFTY50,2023-09-07T00:00:00,0.7201
NIFTY50,2023-09-08T00:00:00,0.3237
NIFTY50,2023-09-11T00:00:00,0.3689
NIFTY50,2023-09-12T00:00:00,0.9686
NIFTY50,2023-09-13T00:00:00,1.0643
NIFTY50,2023-09-14T00:00:00,1.3998
NIFTY50,2023-09-15T00:00:00,1.3678
NIFTY50,2023-09-18T00:00:00,1.1219
NIFTY50,2023-09-19T00:00:00,1.4393
NIFTY50,2023-09-20T00:00:00,1.708
NIFTY50,2023-09-21T00:00:00,2.1012
NIFTY50,2023-09-22T00:00:00,2.3116
NIFTY50,2023-09-25T00:00:00,2.5088
NIFTY50,2023-09-26T00:00:00,2.6915
NIFTY50,2023-09-27T00:00:00,2.7311
NIFTY50,2023-09-28T00:00:00,2.181
NIFTY50,2023-09-29T00:00:00,1.8638
NIFTY50,2023-10-02T00:00:00,2.0177
NIFTY50,2023-10-03T00:00:00,1.8019
NIFTY50,2023-10-04T00:00:00,1.9616
NIFTY50,2023-10-05T00:00:00,1.7011
NIFTY50,2023-10-06T00:00:00,2.3501
NIFTY50,2023-10-09T00:00:00,2.6048
NIFTY50,2023-10-10T00:00:00,2.7487
NIFTY50,2023-10-11T00:00:00,2.6516
NIFTY50,2023-10-12T00:00:00,2.3513
NIFTY50,2023-10-13T00:00:00,2.8043
NIFTY50,2023-10-16T00:00:00,2.6322
NIFTY50,2023-10-17T00:00:00,2.5853
NIFTY50,2023-10-18T00:00:00,2.8721
NIFTY50,2023-10-19T00:00:00,3.1527
NIFTY50,2023-10-20T00:00:00,3.2411
NIFTY50,2023-10-23T00:00:00,3.1266
NIFTY50,2023-10-24T00:00:00,3.185
NIFTY50,2023-10-25T00:00:00,2.949
NIFTY50,2023-10-26T00:00:00,2.8718
NIFTY50,2023-10-27T00:00:00,2.7971
NIFTY50,2023-10-30T00:00:00,2.8404
NIFTY50,2023-10-31T00:00:00,3.0815
NIFTY50,2023-11-01T00:00:00,2.5199
NIFTY50,2023-11-02T00:00:00,2.2414
NIFTY50,2023-11-03T00:00:00,2.2471
NIFTY50,2023-11-06T00:00:00,2.6359
NIFTY50,2023-11-07T00:00:00,2.7571
NIFTY50,2023-11-08T00:00:00,3.1079
NIFTY50,2023-11-09T00:00:00,3.2956
NIFTY50,2023-11-10T00:00:00,3.1861
NIFTY50,2023-11-13T00:00:00,3.1753
NIFTY50,2023-11-14T00:00:00,3.0073
NIFTY50,2023-11-15T00:00:00,2.7106
NIFTY50,2023-11-16T00:00:00,2.6445
NIFTY50,2023-11-17T00:00:00,2.5918
NIFTY50,2023-11-20T00:00:00,2.5937
NIFTY50,2023-11-21T00:00:00,2.3016
NIFTY50,2023-11-22T00:00:00,2.6027
NIFTY50,2023-11-23T00:00:00,2.5683
NIFTY50,2023-11-24T00:00:00,2.5744
NIFTY50,2023-11-27T00:00:00,2.4322
NIFTY50,2023-11-28T00:00:00,2.4546
NIFTY50,2023-11-29T00:00:00,2.2646
NIFTY50,2023-11-30T00:00:00,2.268
NIFTY50,2023-12-01T00:00:00,2.0686
NIFTY50,2023-12-04T00:00:00,1.6151
NIFTY50,2023-12-05T00:00:00,1.568
NIFTY50,2023-12-06T00:00:00,1.5473
NIFTY50,2023-12-07T00:00:00,1.7997
NIFTY50,2023-12-08T00:00:00,2.0156
NIFTY50,2023-12-11T00:00:00,1.9046
NIFTY50,2023-12-12T00:00:00,1.9455
NIFTY50,2023-12-13T00:00:00,2.4242
NIFTY50,2023-12-14T00:00:00,2.5339
NIFTY50,2023-12-15T00:00:00,3.0834
NIFTY50,2023-12-18T00:00:00,3.1675
NIFTY50,2023-12-19T00:00:00,2.6992
NIFTY50,2023-12-20T00:00:00,2.6128
NIFTY50,2023-12-21T00:00:00,2.4742
NIFTY50,2023-12-22T00:00:00,2.1722
NIFTY50,2023-12-25T00:00:00,2.2513
NIFTY50,2023-12-26T00:00:00,1.958
NIFTY50,2023-12-27T00:00:00,2.0249
NIFTY50,2023-12-28T00:00:00,2.0789
NIFTY50,2023-12-29T00:00:00,1.8529
NIFTY50,2024-01-01T00:00:00,1.9148
NIFTY50,2024-01-02T00:00:00,1.8883
NIFTY50,2024-01-03T00:00:00,2.0522
NIFTY50,2024-01-04T00:00:00,1.6954
NIFTY50,2024-01-05T00:00:00,1.7247
NIFTY50,2024-01-08T00:00:00,1.9576
NIFTY50,2024-01-09T00:00:00,2.0367
NIFTY50,2024-01-10T00:00:00,1.7429
NIFTY50,2024-01-11T00:00:00,1.7087
NIFTY50,2024-01-12T00:00:00,2.0025
NIFTY50,2024-01-15T00:00:00,2.2192
NIFTY50,2024-01-16T00:00:00,2.1667
NIFTY50,2024-01-17T00:00:00,2.066
NIFTY50,2024-01-18T00:00:00,1.4322
NIFTY50,2024-01-19T00:00:00,1.323
NIFTY50,2024-01-22T00:00:00,1.5171
NIFTY50,2024-01-23T00:00:00,1.309
NIFTY50,2024-01-24T00:00:00,1.2062
NIFTY50,2024-01-25T00:00:00,0.9233
NIFTY50,2024-01-26T00:00:00,0.9647
NIFTY50,2024-01-29T00:00:00,1.0273
NIFTY50,2024-01-30T00:00:00,0.7191
NIFTY50,2024-01-31T00:00:00,1.1458
NIFTY50,2024-02-01T00:00:00,1.2167
NIFTY50,2024-02-02T00:00:00,1.645
NIFTY50,2024-02-05T00:00:00,1.0052
NIFTY50,2024-02-06T00:00:00,1.3665
NIFTY50,2024-02-07T00:00:00,1.7142
NIFTY50,2024-02-08T00:00:00,1.9185
NIFTY50,2024-02-09T00:00:00,1.9601
NIFTY50,2024-02-12T00:00:00,1.1984
NIFTY50,2024-02-13T00:00:00,1.0107
NIFTY50,2024-02-14T00:00:00,0.9121
NIFTY50,2024-02-15T00:00:00,0.8243
NIFTY50,2024-02-16T00:00:00,0.6463
NIFTY50,2024-02-19T00:00:00,0.8596
NIFTY50,2024-02-20T00:00:00,0.8594
NIFTY50,2024-02-21T00:00:00,0.8247
NIFTY50,2024-02-22T00:00:00,0.7803
NIFTY50,2024-02-23T00:00:00,0.8029
NIFTY50,2024-02-26T00:00:00,1.2224
NIFTY50,2024-02-27T00:00:00,1.3931
NIFTY50,2024-02-28T00:00:00,1.5135
NIFTY50,2024-02-29T00:00:00,1.2232
NIFTY50,2024-03-01T00:00:00,1.1097
NIFTY50,2024-03-04T00:00:00,0.7684
NIFTY50,2024-03-05T00:00:00,0.4612
NIFTY50,2024-03-06T00:00:00,0.8009
NIFTY50,2024-03-07T00:00:00,1.2125
NIFTY50,2024-03-08T00:00:00,1.1005
NIFTY50,2024-03-11T00:00:00,0.5556
NIFTY50,2024-03-12T00:00:00,0.0793
NIFTY50,2024-03-13T00:00:00,0.2671
NIFTY50,2024-03-14T00:00:00,0.298
NIFTY50,2024-03-15T00:00:00,0.2258
NIFTY50,2024-03-18T00:00:00,0.548
NIFTY50,2024-03-19T00:00:00,0.4171
NIFTY50,2024-03-20T00:00:00,0.7297
NIFTY50,2024-03-21T00:00:00,0.7451
NIFTY50,2024-03-22T00:00:00,0.6366
NIFTY50,2024-03-25T00:00:00,0.8285
NIFTY50,2024-03-26T00:00:00,0.6474
NIFTY50,2024-03-27T00:00:00,0.4502
NIFTY50,2024-03-28T00:00:00,-0.0221
NIFTY50,2024-03-29T00:00:00,0.0927
NIFTY50,2024-04-01T00:00:00,0.3073
NIFTY50,2024-04-02T00:00:00,0.0545
NIFTY50,2024-04-03T00:00:00,-0.1875
NIFTY50,2024-04-04T00:00:00,0.0001
NIFTY50,2024-04-05T00:00:00,0.254
NIFTY50,2024-04-08T00:00:00,0.2436
NIFTY50,2024-04-09T00:00:00,-0.1636
NIFTY50,2024-04-10T00:00:00,-0.1341
NIFTY50,2024-04-11T00:00:00,-0.2247
NIFTY50,2024-04-12T00:00:00,-0.1848
NIFTY50,2024-04-15T00:00:00,-0.4415
NIFTY50,2024-04-16T00:00:00,-0.1386
NIFTY50,2024-04-17T00:00:00,-0.5666
NIFTY50,2024-04-18T00:00:00,-0.5307
NIFTY50,2024-04-19T00:00:00,-0.5537
NIFTY50,2024-04-22T00:00:00,-0.7573
NIFTY50,2024-04-23T00:00:00,-0.2684
NIFTY50,2024-04-24T00:00:00,-0.4416
NIFTY50,2024-04-25T00:00:00,-0.3725
NIFTY50,2024-04-26T00:00:00,-0.4958
NIFTY50,2024-04-29T00:00:00,-0.289
NIFTY50,2024-04-30T00:00:00,0.0157
NIFTY50,2024-05-01T00:00:00,-0.0058
NIFTY50,2024-05-02T00:00:00,0.1443
NIFTY50,2024-05-03T00:00:00,0.713
NIFTY50,2024-05-06T00:00:00,0.5241
NIFTY50,2024-05-07T00:00:00,0.659
NIFTY50,2024-05-08T00:00:00,0.5486
NIFTY50,2024-05-09T00:00:00,0.938
NIFTY50,2024-05-10T00:00:00,1.0049
NIFTY50,2024-05-13T00:00:00,0.8257
NIFTY50,2024-05-14T00:00:00,0.9962
NIFTY50,2024-05-15T00:00:00,1.2762
NIFTY50,2024-05-16T00:00:00,1.496
NIFTY50,2024-05-17T00:00:00,1.603
NIFTY50,2024-05-20T00:00:00,1.6686
NIFTY50,2024-05-21T00:00:00,1.5062
NIFTY50,2024-05-22T00:00:00,1.8665
NIFTY50,2024-05-23T00:00:00,1.8498
NIFTY50,2024-05-24T00:00:00,2.1164
NIFTY50,2024-05-27T00:00:00,2.2061
NIFTY50,2024-05-28T00:00:00,2.1518
NIFTY50,2024-05-29T00:00:00,2.0506
NIFTY50,2024-05-30T00:00:00,2.2527
NIFTY50,2024-05-31T00:00:00,2.3444
NIFTY50,2024-06-03T00:00:00,2.4213
NIFTY50,2024-06-04T00:00:00,2.4122
NIFTY50,2024-06-05T00:00:00,2.4442
NIFTY50,2024-06-06T00:00:00,2.8754
NIFTY50,2024-06-07T00:00:00,2.7941
NIFTY50,2024-06-10T00:00:00,3.0618
NIFTY50,2024-06-11T00:00:00,2.5931
NIFTY50,2024-06-12T00:00:00,2.4722
NIFTY50,2024-06-13T00:00:00,2.417
NIFTY50,2024-06-14T00:00:00,2.2205
NIFTY50,2024-06-17T00:00:00,2.6663
NIFTY50,2024-06-18T00:00:00,2.9438
NIFTY50,2024-06-19T00:00:00,2.9319
NIFTY50,2024-06-20T00:00:00,3.081
NIFTY50,2024-06-21T00:00:00,2.8702
NIFTY50,2024-06-24T00:00:00,2.668
NIFTY50,2024-06-25T00:00:00,2.4542
NIFTY50,2024-06-26T00:00:00,2.5719
NIFTY50,2024-06-27T00:00:00,2.419
NIFTY50,2024-06-28T00:00:00,2.6053
NIFTY50,2024-07-01T00:00:00,2.5979
NIFTY50,2024-07-02T00:00:00,2.7182
NIFTY50,2024-07-03T00:00:00,2.767
NIFTY50,2024-07-04T00:00:00,2.7985
NIFTY50,2024-07-05T00:00:00,2.5991
NIFTY50,2024-07-08T00:00:00,2.7987
NIFTY50,2024-07-09T00:00:00,2.6783
NIFTY50,2024-07-10T00:00:00,2.9206
NIFTY50,2024-07-11T00:00:00,2.9409
NIFTY50,2024-07-12T00:00:00,3.3749
NIFTY50,2024-07-15T00:00:00,3.5692
NIFTY50,2024-07-16T00:00:00,3.2835
NIFTY50,2024-07-17T00:00:00,2.8348
NIFTY50,2024-07-18T00:00:00,2.5774
NIFTY50,2024-07-19T00:00:00,2.6008
NIFTY50,2024-07-22T00:00:00,2.2415
NIFTY50,2024-07-23T00:00:00,2.7992
NIFTY50,2024-07-24T00:00:00,2.7532
NIFTY50,2024-07-25T00:00:00,2.9096
NIFTY50,2024-07-26T00:00:00,2.8791
NIFTY50,2024-07-29T00:00:00,2.6576
NIFTY50,2024-07-30T00:00:00,3.0
NIFTY50,2024-07-31T00:00:00,3.0159
NIFTY50,2024-08-01T00:00:00,3.4072
NIFTY50,2024-08-02T00:00:00,3.4504
NIFTY50,2024-08-05T00:00:00,3.0541
NIFTY50,2024-08-06T00:00:00,3.1171
NIFTY50,2024-08-07T00:00:00,3.4403
NIFTY50,2024-08-08T00:00:00,3.5542
NIFTY50,2024-08-09T00:00:00,3.3109
NIFTY50,2024-08-12T00:00:00,3.3654
NIFTY50,2024-08-13T00:00:00,3.7653
NIFTY50,2024-08-14T00:00:00,3.5459
NIFTY50,2024-08-15T00:00:00,3.2111
NIFTY50,2024-08-16T00:00:00,3.0846
NIFTY50,2024-08-19T00:00:00,3.25
NIFTY50,2024-08-20T00:00:00,3.2066
NIFTY50,2024-08-21T00:00:00,3.4816
NIFTY50,2024-08-22T00:00:00,3.2676
NIFTY50,2024-08-23T00:00:00,3.3429
NIFTY50,2024-08-26T00:00:00,3.3853
NIFTY50,2024-08-27T00:00:00,3.5756
NIFTY50,2024-08-28T00:00:00,3.8368
NIFTY50,2024-08-29T00:00:00,3.5865
NIFTY50,2024-08-30T00:00:00,3.7146
NIFTY50,2024-09-02T00:00:00,3.6608
NIFTY50,2024-09-03T00:00:00,3.4851
NIFTY50,2024-09-04T00:00:00,3.6986
NIFTY50,2024-09-05T00:00:00,3.5708
NIFTY50,2024-09-06T00:00:00,3.2224
NIFTY50,2024-09-09T00:00:00,3.523
NIFTY50,2024-09-10T00:00:00,3.5974
NIFTY50,2024-09-11T00:00:00,3.6711
NIFTY50,2024-09-12T00:00:00,3.4224
NIFTY50,2024-09-13T00:00:00,3.5988
NIFTY50,2024-09-16T00:00:00,3.6623
NIFTY50,2024-09-17T00:00:00,3.6327
NIFTY50,2024-09-18T00:00:00,3.2881
NIFTY50,2024-09-19T00:00:00,3.1502
NIFTY50,2024-09-20T00:00:00,2.9581
NIFTY50,2024-09-23T00:00:00,2.8124
NIFTY50,2024-09-24T00:00:00,2.8749
NIFTY50,2024-09-25T00:00:00,2.5877
NIFTY50,2024-09-26T00:00:00,2.9258
NIFTY50,2024-09-27T00:00:00,2.5221
NIFTY50,2024-09-30T00:00:00,2.3718
NIFTY50,2024-10-01T00:00:00,2.3644
NIFTY50,2024-10-02T00:00:00,2.5118
NIFTY50,2024-10-03T00:00:00,2.3289
NIFTY50,2024-10-04T00:00:00,1.9345
NIFTY50,2024-10-07T00:00:00,1.8031
NIFTY50,2024-10-08T00:00:00,1.7575
NIFTY50,2024-10-09T00:00:00,1.7031
NIFTY50,2024-10-10T00:00:00,1.4688
NIFTY50,2024-10-11T00:00:00,1.4401
NIFTY50,2024-10-14T00:00:00,1.0966
NIFTY50,2024-10-15T00:00:00,0.8823
NIFTY50,2024-10-16T00:00:00,0.6702
NIFTY50,2024-10-17T00:00:00,0.5599
NIFTY50,2024-10-18T00:00:00,0.6111
NIFTY50,2024-10-21T00:00:00,0.4374
NIFTY50,2024-10-22T00:00:00,0.4031
NIFTY50,2024-10-23T00:00:00,0.4019
NIFTY50,2024-10-24T00:00:00,0.2451
NIFTY50,2024-10-25T00:00:00,0.3439
NIFTY50,2024-10-28T00:00:00,0.2194
NIFTY50,2024-10-29T00:00:00,0.537
NIFTY50,2024-10-30T00:00:00,0.0328
NIFTY50,2024-10-31T00:00:00,0.2139
NIFTY50,2024-11-01T00:00:00,0.0297
NIFTY50,2024-11-04T00:00:00,0.1356
NIFTY50,2024-11-05T00:00:00,-0.0461
NIFTY50,2024-11-06T00:00:00,-0.1404
NIFTY50,2024-11-07T00:00:00,0.3487
NIFTY50,2024-11-08T00:00:00,0.6285
NIFTY50,2024-11-11T00:00:00,0.5474
NIFTY50,2024-11-12T00:00:00,0.52
NIFTY50,2024-11-13T00:00:00,0.3718
NIFTY50,2024-11-14T00:00:00,0.1429
NIFTY50,2024-11-15T00:00:00,-0.5108
NIFTY50,2024-11-18T00:00:00,-0.0872
NIFTY50,2024-11-19T00:00:00,0.4542
NIFTY50,2024-11-20T00:00:00,0.8315
NIFTY50,2024-11-21T00:00:00,1.0324
NIFTY50,2024-11-22T00:00:00,1.2013
NIFTY50,2024-11-25T00:00:00,1.4095
NIFTY50,2024-11-26T00:00:00,1.0242
NIFTY50,2024-11-27T00:00:00,0.9683
NIFTY50,2024-11-28T00:00:00,0.9807
NIFTY50,2024-11-29T00:00:00,0.8859
NIFTY50,2024-12-02T00:00:00,1.0034
NIFTY50,2024-12-03T00:00:00,1.0604
NIFTY50,2024-12-04T00:00:00,1.0343
NIFTY50,2024-12-05T00:00:00,1.1546
NIFTY50,2024-12-06T00:00:00,1.338
NIFTY50,2024-12-09T00:00:00,2.0434
NIFTY50,2024-12-10T00:00:00,1.5897
NIFTY50,2024-12-11T00:00:00,1.8917
NIFTY50,2024-12-12T00:00:00,1.6534
NIFTY50,2024-12-13T00:00:00,1.8247
NIFTY50,2024-12-16T00:00:00,2.1172
NIFTY50,2024-12-17T00:00:00,1.8483
NIFTY50,2024-12-18T00:00:00,2.1908
NIFTY50,2024-12-19T00:00:00,2.28
NIFTY50,2024-12-20T00:00:00,2.5484
NIFTY50,2024-12-23T00:00:00,3.0087
NIFTY50,2024-12-24T00:00:00,2.9274
NIFTY50,2024-12-25T00:00:00,2.8638
NIFTY50,2024-12-26T00:00:00,3.3636
NIFTY50,2024-12-27T00:00:00,3.1994
NIFTY50,2024-12-30T00:00:00,3.0902
NIFTY50,2024-12-31T00:00:00,1.8828
NIFTY50,2025-01-01T00:00:00,1.4754
NIFTY50,2025-01-02T00:00:00,1.7623
NIFTY50,2025-01-03T00:00:00,1.787
NIFTY50,2025-01-06T00:00:00,1.9936
NIFTY50,2025-01-07T00:00:00,2.0813
NIFTY50,2025-01-08T00:00:00,1.7237
NIFTY50,2025-01-09T00:00:00,1.9271
NIFTY50,2025-01-10T00:00:00,2.1044
NIFTY50,2025-01-13T00:00:00,1.9712
NIFTY50,2025-01-14T00:00:00,1.8878
NIFTY50,2025-01-15T00:00:00,1.5518
NIFTY50,2025-01-16T00:00:00,1.7048
NIFTY50,2025-01-17T00:00:00,1.4717
NIFTY50,2025-01-20T00:00:00,1.5412
NIFTY50,2025-01-21T00:00:00,1.383
NIFTY50,2025-01-22T00:00:00,1.527
NIFTY50,2025-01-23T00:00:00,1.5219
NIFTY50,2025-01-24T00:00:00,1.3239
NIFTY50,2025-01-27T00:00:00,1.2667
NIFTY50,2025-01-28T00:00:00,1.2253
NIFTY50,2025-01-29T00:00:00,1.376
NIFTY50,2025-01-30T00:00:00,1.0668
NIFTY50,2025-01-31T00:00:00,1.3725
NIFTY50,2025-02-03T00:00:00,1.4664
NIFTY50,2025-02-04T00:00:00,1.8485
NIFTY50,2025-02-05T00:00:00,1.6447
NIFTY50,2025-02-06T00:00:00,1.7164
NIFTY50,2025-02-07T00:00:00,1.9702
NIFTY50,2025-02-10T00:00:00,1.7383
NIFTY50,2025-02-11T00:00:00,1.7888
NIFTY50,2025-02-12T00:00:00,1.6076
NIFTY50,2025-02-13T00:00:00,1.536
NIFTY50,2025-02-14T00:00:00,1.3046
NIFTY50,2025-02-17T00:00:00,1.5424
NIFTY50,2025-02-18T00:00:00,1.6413
NIFTY50,2025-02-19T00:00:00,1.968
NIFTY50,2025-02-20T00:00:00,2.1284
NIFTY50,2025-02-21T00:00:00,2.0115
NIFTY50,2025-02-24T00:00:00,2.2042
NIFTY50,2025-02-25T00:00:00,2.3203
NIFTY50,2025-02-26T00:00:00,2.4552
NIFTY50,2025-02-27T00:00:00,2.5417
NIFTY50,2025-02-28T00:00:00,2.5274
NIFTY50,2025-03-03T00:00:00,2.6576
NIFTY50,2025-03-04T00:00:00,2.4208
NIFTY50,2025-03-05T00:00:00,2.6446
NIFTY50,2025-03-06T00:00:00,2.8345
NIFTY50,2025-03-07T00:00:00,2.7534
NIFTY50,2025-03-10T00:00:00,2.5133
NIFTY50,2025-03-11T00:00:00,2.0834
NIFTY50,2025-03-12T00:00:00,2.1349
NIFTY50,2025-03-13T00:00:00,1.541
NIFTY50,2025-03-14T00:00:00,1.6681
NIFTY50,2025-03-17T00:00:00,1.9047
NIFTY50,2025-03-18T00:00:00,2.0001
NIFTY50,2025-03-19T00:00:00,1.8866
NIFTY50,2025-03-20T00:00:00,2.2126
NIFTY50,2025-03-21T00:00:00,2.3933
NIFTY50,2025-03-24T00:00:00,2.4579
NIFTY50,2025-03-25T00:00:00,2.399
NIFTY50,2025-03-26T00:00:00,2.465
NIFTY50,2025-03-27T00:00:00,2.4074
NIFTY50,2025-03-28T00:00:00,2.3089
NIFTY50,2025-03-31T00:00:00,2.5629
NIFTY50,2025-04-01T00:00:00,2.6272
NIFTY50,2025-04-02T00:00:00,2.365
NIFTY50,2025-04-03T00:00:00,1.8592
NIFTY50,2025-04-04T00:00:00,2.0387
NIFTY50,2025-04-07T00:00:00,2.0205
NIFTY50,2025-04-08T00:00:00,2.0117
NIFTY50,2025-04-09T00:00:00,1.7049
NIFTY50,2025-04-10T00:00:00,1.7955
NIFTY50,2025-04-11T00:00:00,1.7593
NIFTY50,2025-04-14T00:00:00,1.4689
NIFTY50,2025-04-15T00:00:00,1.7152
NIFTY50,2025-04-16T00:00:00,1.4373
NIFTY50,2025-04-17T00:00:00,1.5378
NIFTY50,2025-04-18T00:00:00,1.3532
NIFTY50,2025-04-21T00:00:00,1.2727
NIFTY50,2025-04-22T00:00:00,1.5012
NIFTY50,2025-04-23T00:00:00,1.0849
NIFTY50,2025-04-24T00:00:00,1.0838
NIFTY50,2025-04-25T00:00:00,0.6907
NIFTY50,2025-04-28T00:00:00,0.1347
NIFTY50,2025-04-29T00:00:00,-0.0187
NIFTY50,2025-04-30T00:00:00,-0.062
NIFTY50,2025-05-01T00:00:00,-0.236
NIFTY50,2025-05-02T00:00:00,-0.3344
NIFTY50,2025-05-05T00:00:00,-0.3974
NIFTY50,2025-05-06T00:00:00,0.3269
NIFTY50,2025-05-07T00:00:00,0.937
NIFTY50,2025-05-08T00:00:00,0.8159
NIFTY50,2025-05-09T00:00:00,0.7225
NIFTY50,2025-05-12T00:00:00,0.7512
NIFTY50,2025-05-13T00:00:00,0.6617
NIFTY50,2025-05-14T00:00:00,0.9335
NIFTY50,2025-05-15T00:00:00,0.7904
NIFTY50,2025-05-16T00:00:00,0.5715
NIFTY50,2025-05-19T00:00:00,0.3037
NIFTY50,2025-05-20T00:00:00,0.4274
NIFTY50,2025-05-21T00:00:00,0.6176
NIFTY50,2025-05-22T00:00:00,0.5118
NIFTY50,2025-05-23T00:00:00,0.4966
NIFTY50,2025-05-26T00:00:00,0.3407
NIFTY50,2025-05-27T00:00:00,0.3323
NIFTY50,2025-05-28T00:00:00,0.6294
NIFTY50,2025-05-29T00:00:00,0.5488
NIFTY50,2025-05-30T00:00:00,0.535
NIFTY50,2025-06-02T00:00:00,0.1901
NIFTY50,2025-06-03T00:00:00,0.2838
NIFTY50,2025-06-04T00:00:00,0.4318
NIFTY50,2025-06-05T00:00:00,0.7878
NIFTY50,2025-06-06T00:00:00,0.4555
NIFTY50,2025-06-09T00:00:00,0.5677
NIFTY50,2025-06-10T00:00:00,0.4801
NIFTY50,2025-06-11T00:00:00,0.8668
NIFTY50,2025-06-12T00:00:00,1.1285
NIFTY50,2025-06-13T00:00:00,1.5692
NIFTY50,2025-06-16T00:00:00,1.7837
NIFTY50,2025-06-17T00:00:00,2.0662
NIFTY50,2025-06-18T00:00:00,2.1934
NIFTY50,2025-06-19T00:00:00,2.2551
NIFTY50,2025-06-20T00:00:00,2.2308
NIFTY50,2025-06-23T00:00:00,2.0932
NIFTY50,2025-06-24T00:00:00,2.5863
NIFTY50,2025-06-25T00:00:00,2.2653
NIFTY50,2025-06-26T00:00:00,2.1153
NIFTY50,2025-06-27T00:00:00,2.2383
NIFTY50,2025-06-30T00:00:00,2.1153
NIFTY50,2025-07-01T00:00:00,2.1359
NIFTY50,2025-07-02T00:00:00,2.1637
NIFTY50,2025-07-03T00:00:00,2.2853
NIFTY50,2025-07-04T00:00:00,2.1845
NIFTY50,2025-07-07T00:00:00,2.1908
NIFTY50,2025-07-08T00:00:00,1.933
NIFTY50,2025-07-09T00:00:00,1.9227
NIFTY50,2025-07-10T00:00:00,1.9178
NIFTY50,2025-07-11T00:00:00,1.7733
NIFTY50,2025-07-14T00:00:00,1.8921
NIFTY50,2025-07-15T00:00:00,1.9664
NIFTY50,2025-07-16T00:00:00,1.9833
NIFTY50,2025-07-17T00:00:00,2.2042
NIFTY50,2025-07-18T00:00:00,2.1863
NIFTY50,2025-07-21T00:00:00,2.127
NIFTY50,2025-07-22T00:00:00,2.416
NIFTY50,2025-07-23T00:00:00,2.2409
NIFTY50,2025-07-24T00:00:00,1.8547
NIFTY50,2025-07-25T00:00:00,1.4541
NIFTY50,2025-07-28T00:00:00,1.1971
NIFTY50,2025-07-29T00:00:00,0.9381
NIFTY50,2025-07-30T00:00:00,0.2573
NIFTY50,2025-07-31T00:00:00,0.389
NIFTY50,2025-08-01T00:00:00,0.1582
NIFTY50,2025-08-04T00:00:00,-0.1312
NIFTY50,2025-08-05T00:00:00,0.2
NIFTY50,2025-08-06T00:00:00,0.187
NIFTY50,2025-08-07T00:00:00,0.3108
NIFTY50,2025-08-08T00:00:00,0.2841
NIFTY50,2025-08-11T00:00:00,0.2536
NIFTY50,2025-08-12T00:00:00,0.3393
NIFTY50,2025-08-13T00:00:00,0.4303
NIFTY50,2025-08-14T00:00:00,0.4408
NIFTY50,2025-08-15T00:00:00,0.3021
NIFTY50,2025-08-18T00:00:00,0.2139
NIFTY50,2025-08-19T00:00:00,0.3277
NIFTY50,2025-08-20T00:00:00,0.2891
NIFTY50,2025-08-21T00:00:00,0.2859
NIFTY50,2025-08-22T00:00:00,0.5125
NIFTY50,2025-08-25T00:00:00,0.5372
NIFTY50,2025-08-26T00:00:00,0.5291
NIFTY50,2025-08-27T00:00:00,0.6319
NIFTY50,2025-08-28T00:00:00,0.9087
NIFTY50,2025-08-29T00:00:00,1.1412
NIFTY50,2025-09-01T00:00:00,1.6207
NIFTY50,2025-09-02T00:00:00,1.5883
NIFTY50,2025-09-03T00:00:00,1.8818
NIFTY50,2025-09-04T00:00:00,1.7989
NIFTY50,2025-09-05T00:00:00,1.8624
NIFTY50,2025-09-08T00:00:00,1.6772
NIFTY50,2025-09-09T00:00:00,1.4998
NIFTY50,2025-09-10T00:00:00,1.3908
NIFTY50,2025-09-11T00:00:00,1.3519
NIFTY50,2025-09-12T00:00:00,1.5211
NIFTY50,2025-09-15T00:00:00,1.4252
NIFTY50,2025-09-16T00:00:00,1.3907
NIFTY50,2025-09-17T00:00:00,1.5246
NIFTY50,2025-09-18T00:00:00,1.3046
NIFTY50,2025-09-19T00:00:00,1.4882
NIFTY50,2025-09-22T00:00:00,1.5837
NIFTY50,2025-09-23T00:00:00,1.245
NIFTY50,2025-09-24T00:00:00,1.4273
NIFTY50,2025-09-25T00:00:00,1.4868
NIFTY50,2025-09-26T00:00:00,1.519
NIFTY50,2025-09-29T00:00:00,1.5959
NIFTY50,2025-09-30T00:00:00,1.8303
NIFTY50,2025-10-01T00:00:00,1.9409
NIFTY50,2025-10-02T00:00:00,2.0962
NIFTY50,2025-10-03T00:00:00,2.3776
NIFTY50,2025-10-06T00:00:00,2.7277
NIFTY50,2025-10-07T00:00:00,2.4384
NIFTY50,2025-10-08T00:00:00,2.2906
NIFTY50,2025-10-09T00:00:00,2.5385
NIFTY50,2025-10-10T00:00:00,2.7779
NIFTY50,2025-10-13T00:00:00,3.0568
NIFTY50,2025-10-14T00:00:00,3.1131
NIFTY50,2025-10-15T00:00:00,3.0968
NIFTY50,2025-10-16T00:00:00,2.665
NIFTY50,2025-10-17T00:00:00,2.1259
NIFTY50,2025-10-20T00:00:00,1.9826
NIFTY50,2025-10-21T00:00:00,1.3073
NIFTY50,2025-10-22T00:00:00,1.2151
NIFTY50,2025-10-23T00:00:00,1.4037
NIFTY50,2025-10-24T00:00:00,1.557
NIFTY50,2025-10-27T00:00:00,1.9351
NIFTY50,2025-10-28T00:00:00,1.6974
NIFTY50,2025-10-29T00:00:00,1.9757
NIFTY50,2025-10-30T00:00:00,2.2978
NIFTY50,2025-10-31T00:00:00,2.2871
NIFTY50,2025-11-03T00:00:00,1.9329
NIFTY50,2025-11-04T00:00:00,1.8757
NIFTY50,2025-11-05T00:00:00,1.7249
NIFTY50,2025-11-06T00:00:00,1.6852
NIFTY50,2025-11-07T00:00:00,2.0607
NIFTY50,2025-11-10T00:00:00,2.1809
NIFTY50,2025-11-11T00:00:00,2.1489
NIFTY50,2025-11-12T00:00:00,2.4148
NIFTY50,2025-11-13T00:00:00,2.0818
NIFTY50,2025-11-14T00:00:00,1.8159
NIFTY50,2025-11-17T00:00:00,1.8587
NIFTY50,2025-11-18T00:00:00,2.475
NIFTY50,2025-11-19T00:00:00,2.5767
NIFTY50,2025-11-20T00:00:00,2.8036
NIFTY50,2025-11-21T00:00:00,2.7882
NIFTY50,2025-11-24T00:00:00,2.6751
NIFTY100,2023-05-08T00:00:00,1.7415
NIFTY100,2023-05-09T00:00:00,2.2021
NIFTY100,2023-05-10T00:00:00,2.4182
NIFTY100,2023-05-11T00:00:00,2.5431
NIFTY100,2023-05-12T00:00:00,2.6196
NIFTY100,2023-05-15T00:00:00,2.7863
NIFTY100,2023-05-16T00:00:00,3.0808
NIFTY100,2023-05-17T00:00:00,2.8228
NIFTY100,2023-05-18T00:00:00,2.3577
NIFTY100,2023-05-19T00:00:00,2.3621
NIFTY100,2023-05-22T00:00:00,2.3199
NIFTY100,2023-05-23T00:00:00,2.8289
NIFTY100,2023-05-24T00:00:00,2.6543
NIFTY100,2023-05-25T00:00:00,2.7505
NIFTY100,2023-05-26T00:00:00,2.7014
NIFTY100,2023-05-29T00:00:00,2.3676
NIFTY100,2023-05-30T00:00:00,2.5383
NIFTY100,2023-05-31T00:00:00,2.0068
NIFTY100,2023-06-01T00:00:00,1.8682
NIFTY100,2023-06-02T00:00:00,2.1998
NIFTY100,2023-06-05T00:00:00,2.6474
NIFTY100,2023-06-06T00:00:00,2.4671
NIFTY100,2023-06-07T00:00:00,2.4825
NIFTY100,2023-06-08T00:00:00,2.3784
NIFTY100,2023-06-09T00:00:00,2.1037
NIFTY100,2023-06-12T00:00:00,2.3553
NIFTY100,2023-06-13T00:00:00,2.223
NIFTY100,2023-06-14T00:00:00,1.8588
NIFTY100,2023-06-15T00:00:00,1.3788
NIFTY100,2023-06-16T00:00:00,1.4033
NIFTY100,2023-06-19T00:00:00,0.9724
NIFTY100,2023-06-20T00:00:00,0.7691
NIFTY100,2023-06-21T00:00:00,0.8664
NIFTY100,2023-06-22T00:00:00,0.5496
NIFTY100,2023-06-23T00:00:00,0.4959
NIFTY100,2023-06-26T00:00:00,0.2647
NIFTY100,2023-06-27T00:00:00,0.3676
NIFTY100,2023-06-28T00:00:00,0.3046
NIFTY100,2023-06-29T00:00:00,0.1275
NIFTY100,2023-06-30T00:00:00,0.5001
NIFTY100,2023-07-03T00:00:00,0.5439
NIFTY100,2023-07-04T00:00:00,0.7347
NIFTY100,2023-07-05T00:00:00,0.4046
NIFTY100,2023-07-06T00:00:00,0.3415
NIFTY100,2023-07-07T00:00:00,0.4332
NIFTY100,2023-07-10T00:00:00,0.2565
NIFTY100,2023-07-11T00:00:00,0.2754
NIFTY100,2023-07-12T00:00:00,0.1106
NIFTY100,2023-07-13T00:00:00,0.0267
NIFTY100,2023-07-14T00:00:00,-0.1834
NIFTY100,2023-07-17T00:00:00,-0.3521
NIFTY100,2023-07-18T00:00:00,-0.2501
NIFTY100,2023-07-19T00:00:00,-0.2103
NIFTY100,2023-07-20T00:00:00,0.0129
NIFTY100,2023-07-21T00:00:00,-0.1126
NIFTY100,2023-07-24T00:00:00,0.2045
NIFTY100,2023-07-25T00:00:00,0.4759
NIFTY100,2023-07-26T00:00:00,0.5073
NIFTY100,2023-07-27T00:00:00,0.6151
NIFTY100,2023-07-28T00:00:00,0.498
NIFTY100,2023-07-31T00:00:00,0.1314
NIFTY100,2023-08-01T00:00:00,0.2046
NIFTY100,2023-08-02T00:00:00,-0.0018
NIFTY100,2023-08-03T00:00:00,0.1091
NIFTY100,2023-08-04T00:00:00,0.4341
NIFTY100,2023-08-07T00:00:00,0.5325
NIFTY100,2023-08-08T00:00:00,0.8019
NIFTY100,2023-08-09T00:00:00,0.9605
NIFTY100,2023-08-10T00:00:00,0.9031
NIFTY100,2023-08-11T00:00:00,0.634
NIFTY100,2023-08-14T00:00:00,0.7901
NIFTY100,2023-08-15T00:00:00,1.1078
NIFTY100,2023-08-16T00:00:00,1.0721
NIFTY100,2023-08-17T00:00:00,1.148
NIFTY100,2023-08-18T00:00:00,0.747
NIFTY100,2023-08-21T00:00:00,1.3743
NIFTY100,2023-08-22T00:00:00,0.8982
NIFTY100,2023-08-23T00:00:00,0.8114
NIFTY100,2023-08-24T00:00:00,0.7989
NIFTY100,2023-08-25T00:00:00,0.659
NIFTY100,2023-08-28T00:00:00,0.6586
NIFTY100,2023-08-29T00:00:00,0.2133
NIFTY100,2023-08-30T00:00:00,0.018
NIFTY100,2023-08-31T00:00:00,-0.1075
NIFTY100,2023-09-01T00:00:00,-0.5634
NIFTY100,2023-09-04T00:00:00,-0.8924
NIFTY100,2023-09-05T00:00:00,-0.6473
NIFTY100,2023-09-06T00:00:00,-0.3866
NIFTY100,2023-09-07T00:00:00,-0.5218
NIFTY100,2023-09-08T00:00:00,-0.3912
NIFTY100,2023-09-11T00:00:00,-0.5738
NIFTY100,2023-09-12T00:00:00,-0.6611
NIFTY100,2023-09-13T00:00:00,-0.9919
NIFTY100,2023-09-14T00:00:00,-0.599
NIFTY100,2023-09-15T00:00:00,-0.6055
NIFTY100,2023-09-18T00:00:00,-0.9188
NIFTY100,2023-09-19T00:00:00,-0.7287
NIFTY100,2023-09-20T00:00:00,-0.4324
NIFTY100,2023-09-21T00:00:00,-0.1136
NIFTY100,2023-09-22T00:00:00,-0.4828
NIFTY100,2023-09-25T00:00:00,-0.5935
NIFTY100,2023-09-26T00:00:00,-1.0676
NIFTY100,2023-09-27T00:00:00,-0.7266
NIFTY100,2023-09-28T00:00:00,-0.8654
NIFTY100,2023-09-29T00:00:00,-1.2049
NIFTY100,2023-10-02T00:00:00,-0.9602
NIFTY100,2023-10-03T00:00:00,-0.6138
NIFTY100,2023-10-04T00:00:00,-0.2049
NIFTY100,2023-10-05T00:00:00,0.032
NIFTY100,2023-10-06T00:00:00,0.1747
NIFTY100,2023-10-09T00:00:00,0.0811
NIFTY100,2023-10-10T00:00:00,0.0682
NIFTY100,2023-10-11T00:00:00,-0.0504
NIFTY100,2023-10-12T00:00:00,-0.1805
NIFTY100,2023-10-13T00:00:00,-0.2139
NIFTY100,2023-10-16T00:00:00,0.2594
NIFTY100,2023-10-17T00:00:00,0.7357
NIFTY100,2023-10-18T00:00:00,1.3197
NIFTY100,2023-10-19T00:00:00,1.6919
NIFTY100,2023-10-20T00:00:00,1.4862
NIFTY100,2023-10-23T00:00:00,1.9975
NIFTY100,2023-10-24T00:00:00,2.0197
NIFTY100,2023-10-25T00:00:00,1.9442
NIFTY100,2023-10-26T00:00:00,1.8416
NIFTY100,2023-10-27T00:00:00,1.9249
NIFTY100,2023-10-30T00:00:00,1.9148
NIFTY100,2023-10-31T00:00:00,2.0502
NIFTY100,2023-11-01T00:00:00,2.0395
NIFTY100,2023-11-02T00:00:00,1.9965
NIFTY100,2023-11-03T00:00:00,1.9902
NIFTY100,2023-11-06T00:00:00,2.0772
NIFTY100,2023-11-07T00:00:00,2.1395
NIFTY100,2023-11-08T00:00:00,2.2595
NIFTY100,2023-11-09T00:00:00,2.2935
NIFTY100,2023-11-10T00:00:00,2.4969
NIFTY100,2023-11-13T00:00:00,2.6633
NIFTY100,2023-11-14T00:00:00,2.9063
NIFTY100,2023-11-15T00:00:00,2.7724
NIFTY100,2023-11-16T00:00:00,2.9974
NIFTY100,2023-11-17T00:00:00,2.8064
NIFTY100,2023-11-20T00:00:00,2.7243
NIFTY100,2023-11-21T00:00:00,2.4991
NIFTY100,2023-11-22T00:00:00,2.4444
NIFTY100,2023-11-23T00:00:00,1.8577
NIFTY100,2023-11-24T00:00:00,1.9945
NIFTY100,2023-11-27T00:00:00,1.8109
NIFTY100,2023-11-28T00:00:00,1.7467
NIFTY100,2023-11-29T00:00:00,1.1712
NIFTY100,2023-11-30T00:00:00,0.8942
NIFTY100,2023-12-01T00:00:00,0.9542
NIFTY100,2023-12-04T00:00:00,1.0611
NIFTY100,2023-12-05T00:00:00,0.9617
NIFTY100,2023-12-06T00:00:00,1.365
NIFTY100,2023-12-07T00:00:00,1.2564
NIFTY100,2023-12-08T00:00:00,0.9889
NIFTY100,2023-12-11T00:00:00,0.7316
NIFTY100,2023-12-12T00:00:00,0.6735
NIFTY100,2023-12-13T00:00:00,0.4299
NIFTY100,2023-12-14T00:00:00,0.6375
NIFTY100,2023-12-15T00:00:00,0.8763
NIFTY100,2023-12-18T00:00:00,0.8627
NIFTY100,2023-12-19T00:00:00,0.5637
NIFTY100,2023-12-20T00:00:00,0.5202
NIFTY100,2023-12-21T00:00:00,0.2762
NIFTY100,2023-12-22T00:00:00,0.6135
NIFTY100,2023-12-25T00:00:00,0.3968
NIFTY100,2023-12-26T00:00:00,0.7085
NIFTY100,2023-12-27T00:00:00,0.611
NIFTY100,2023-12-28T00:00:00,0.8673
NIFTY100,2023-12-29T00:00:00,0.5353
NIFTY100,2024-01-01T00:00:00,0.3913
NIFTY100,2024-01-02T00:00:00,0.6499
NIFTY100,2024-01-03T00:00:00,1.0487
NIFTY100,2024-01-04T00:00:00,1.37
NIFTY100,2024-01-05T00:00:00,1.6196
NIFTY100,2024-01-08T00:00:00,1.7911
NIFTY100,2024-01-09T00:00:00,1.5795
NIFTY100,2024-01-10T00:00:00,1.7238
NIFTY100,2024-01-11T00:00:00,1.5733
NIFTY100,2024-01-12T00:00:00,1.4988
NIFTY100,2024-01-15T00:00:00,1.3678
NIFTY100,2024-01-16T00:00:00,1.108
NIFTY100,2024-01-17T00:00:00,1.555
NIFTY100,2024-01-18T00:00:00,1.2011
NIFTY100,2024-01-19T00:00:00,1.4894
NIFTY100,2024-01-22T00:00:00,1.2464
NIFTY100,2024-01-23T00:00:00,1.0158
NIFTY100,2024-01-24T00:00:00,0.5145
NIFTY100,2024-01-25T00:00:00,0.1497
NIFTY100,2024-01-26T00:00:00,0.1315
NIFTY100,2024-01-29T00:00:00,-0.2224
NIFTY100,2024-01-30T00:00:00,-0.0688
NIFTY100,2024-01-31T00:00:00,-0.3136
NIFTY100,2024-02-01T00:00:00,-0.1316
NIFTY100,2024-02-02T00:00:00,0.3215
NIFTY100,2024-02-05T00:00:00,0.3486
NIFTY100,2024-02-06T00:00:00,0.3191
NIFTY100,2024-02-07T00:00:00,0.2491
NIFTY100,2024-02-08T00:00:00,-0.0644
NIFTY100,2024-02-09T00:00:00,-0.1561
NIFTY100,2024-02-12T00:00:00,-0.2945
NIFTY100,2024-02-13T00:00:00,-0.3085
NIFTY100,2024-02-14T00:00:00,-0.1091
NIFTY100,2024-02-15T00:00:00,0.1853
NIFTY100,2024-02-16T00:00:00,0.4262
NIFTY100,2024-02-19T00:00:00,0.0673
NIFTY100,2024-02-20T00:00:00,-0.294
NIFTY100,2024-02-21T00:00:00,-0.0669
NIFTY100,2024-02-22T00:00:00,-0.3177
NIFTY100,2024-02-23T00:00:00,-0.0384
NIFTY100,2024-02-26T00:00:00,-0.1646
NIFTY100,2024-02-27T00:00:00,-0.198
NIFTY100,2024-02-28T00:00:00,-0.6171
NIFTY100,2024-02-29T00:00:00,-0.8528
NIFTY100,2024-03-01T00:00:00,-0.9148
NIFTY100,2024-03-04T00:00:00,-0.5354
NIFTY100,2024-03-05T00:00:00,-0.8435
NIFTY100,2024-03-06T00:00:00,-0.7969
NIFTY100,2024-03-07T00:00:00,-0.7757
NIFTY100,2024-03-08T00:00:00,-0.6818
NIFTY100,2024-03-11T00:00:00,-0.8591
NIFTY100,2024-03-12T00:00:00,-0.6542
NIFTY100,2024-03-13T00:00:00,-0.3174
NIFTY100,2024-03-14T00:00:00,-0.2417
NIFTY100,2024-03-15T00:00:00,-0.7093
NIFTY100,2024-03-18T00:00:00,-1.0413
NIFTY100,2024-03-19T00:00:00,-1.491
NIFTY100,2024-03-20T00:00:00,-1.5147
NIFTY100,2024-03-21T00:00:00,-1.756
NIFTY100,2024-03-22T00:00:00,-1.6107
NIFTY100,2024-03-25T00:00:00,-1.4587
NIFTY100,2024-03-26T00:00:00,-1.4214
NIFTY100,2024-03-27T00:00:00,-1.3499
NIFTY100,2024-03-28T00:00:00,-0.9976
NIFTY100,2024-03-29T00:00:00,-1.464
NIFTY100,2024-04-01T00:00:00,-1.3552
NIFTY100,2024-04-02T00:00:00,-1.6876
NIFTY100,2024-04-03T00:00:00,-1.565
NIFTY100,2024-04-04T00:00:00,-1.2181
NIFTY100,2024-04-05T00:00:00,-1.4033
NIFTY100,2024-04-08T00:00:00,-1.603
NIFTY100,2024-04-09T00:00:00,-1.8271
NIFTY100,2024-04-10T00:00:00,-1.4016
NIFTY100,2024-04-11T00:00:00,-0.9449
NIFTY100,2024-04-12T00:00:00,-0.7202
NIFTY100,2024-04-15T00:00:00,-0.5015
NIFTY100,2024-04-16T00:00:00,-0.7456
NIFTY100,2024-04-17T00:00:00,-0.6117
NIFTY100,2024-04-18T00:00:00,-0.9423
NIFTY100,2024-04-19T00:00:00,-1.2862
NIFTY100,2024-04-22T00:00:00,-1.031
NIFTY100,2024-04-23T00:00:00,-1.1255
NIFTY100,2024-04-24T00:00:00,-0.8817
NIFTY100,2024-04-25T00:00:00,-0.639
NIFTY100,2024-04-26T00:00:00,-0.5868
NIFTY100,2024-04-29T00:00:00,-0.7513
NIFTY100,2024-04-30T00:00:00,-0.9268
NIFTY100,2024-05-01T00:00:00,-1.1951
NIFTY100,2024-05-02T00:00:00,-1.5043
NIFTY100,2024-05-03T00:00:00,-1.2487
NIFTY100,2024-05-06T00:00:00,-0.7453
NIFTY100,2024-05-07T00:00:00,-0.624
NIFTY100,2024-05-08T00:00:00,-0.786
NIFTY100,2024-05-09T00:00:00,-0.8904
NIFTY100,2024-05-10T00:00:00,-1.212
NIFTY100,2024-05-13T00:00:00,-1.0469
NIFTY100,2024-05-14T00:00:00,-1.0118
NIFTY100,2024-05-15T00:00:00,-1.1901
NIFTY100,2024-05-16T00:00:00,-0.8155
NIFTY100,2024-05-17T00:00:00,-0.7032
NIFTY100,2024-05-20T00:00:00,-0.743
NIFTY100,2024-05-21T00:00:00,-0.456
NIFTY100,2024-05-22T00:00:00,-0.9075
NIFTY100,2024-05-23T00:00:00,-1.2563
NIFTY100,2024-05-24T00:00:00,-1.6552
NIFTY100,2024-05-27T00:00:00,-0.9608
NIFTY100,2024-05-28T00:00:00,-0.6677
NIFTY100,2024-05-29T00:00:00,-0.1819
NIFTY100,2024-05-30T00:00:00,-0.0522
NIFTY100,2024-05-31T00:00:00,-0.0608
NIFTY100,2024-06-03T00:00:00,0.573
NIFTY100,2024-06-04T00:00:00,0.2657
NIFTY100,2024-06-05T00:00:00,0.6309
NIFTY100,2024-06-06T00:00:00,0.6566
NIFTY100,2024-06-07T00:00:00,0.3349
NIFTY100,2024-06-10T00:00:00,0.4791
NIFTY100,2024-06-11T00:00:00,0.1755
NIFTY100,2024-06-12T00:00:00,0.0906
NIFTY100,2024-06-13T00:00:00,0.2991
NIFTY100,2024-06-14T00:00:00,0.0452
NIFTY100,2024-06-17T00:00:00,0.0231
NIFTY100,2024-06-18T00:00:00,-0.0767
NIFTY100,2024-06-19T00:00:00,0.0454
NIFTY100,2024-06-20T00:00:00,-0.2478
NIFTY100,2024-06-21T00:00:00,-0.4246
NIFTY100,2024-06-24T00:00:00,-0.5517
NIFTY100,2024-06-25T00:00:00,-0.5008
NIFTY100,2024-06-26T00:00:00,-1.0035
NIFTY100,2024-06-27T00:00:00,-1.0135
NIFTY100,2024-06-28T00:00:00,-1.1166
NIFTY100,2024-07-01T00:00:00,-1.1195
NIFTY100,2024-07-02T00:00:00,-1.0239
NIFTY100,2024-07-03T00:00:00,-0.9412
NIFTY100,2024-07-04T00:00:00,-0.6946
NIFTY100,2024-07-05T00:00:00,-0.703
NIFTY100,2024-07-08T00:00:00,-1.102
NIFTY100,2024-07-09T00:00:00,-0.809
NIFTY100,2024-07-10T00:00:00,-0.6979
NIFTY100,2024-07-11T00:00:00,-0.1349
NIFTY100,2024-07-12T00:00:00,-0.3802
NIFTY100,2024-07-15T00:00:00,-0.2347
NIFTY100,2024-07-16T00:00:00,-0.322
NIFTY100,2024-07-17T00:00:00,-0.4426
NIFTY100,2024-07-18T00:00:00,-0.3947
NIFTY100,2024-07-19T00:00:00,-0.0667
NIFTY100,2024-07-22T00:00:00,0.224
NIFTY100,2024-07-23T00:00:00,0.4407
NIFTY100,2024-07-24T00:00:00,1.0644
NIFTY100,2024-07-25T00:00:00,0.9862
NIFTY100,2024-07-26T00:00:00,1.0422
NIFTY100,2024-07-29T00:00:00,0.6039
NIFTY100,2024-07-30T00:00:00,0.8175
NIFTY100,2024-07-31T00:00:00,0.7222
NIFTY100,2024-08-01T00:00:00,0.6426
NIFTY100,2024-08-02T00:00:00,0.5483
NIFTY100,2024-08-05T00:00:00,0.2352
NIFTY100,2024-08-06T00:00:00,0.2559
NIFTY100,2024-08-07T00:00:00,0.5185
NIFTY100,2024-08-08T00:00:00,0.4358
NIFTY100,2024-08-09T00:00:00,0.505
NIFTY100,2024-08-12T00:00:00,0.6285
NIFTY100,2024-08-13T00:00:00,0.7819
NIFTY100,2024-08-14T00:00:00,0.2702
NIFTY100,2024-08-15T00:00:00,0.094
NIFTY100,2024-08-16T00:00:00,0.0191
NIFTY100,2024-08-19T00:00:00,0.0941
NIFTY100,2024-08-20T00:00:00,0.3705
NIFTY100,2024-08-21T00:00:00,0.5462
NIFTY100,2024-08-22T00:00:00,0.5159
NIFTY100,2024-08-23T00:00:00,0.641
NIFTY100,2024-08-26T00:00:00,0.3285
NIFTY100,2024-08-27T00:00:00,0.6268
NIFTY100,2024-08-28T00:00:00,0.7746
NIFTY100,2024-08-29T00:00:00,0.7751
NIFTY100,2024-08-30T00:00:00,0.5923
NIFTY100,2024-09-02T00:00:00,0.9301
NIFTY100,2024-09-03T00:00:00,1.2122
NIFTY100,2024-09-04T00:00:00,1.5535
NIFTY100,2024-09-05T00:00:00,1.7101
NIFTY100,2024-09-06T00:00:00,1.5883
NIFTY100,2024-09-09T00:00:00,1.4714
NIFTY100,2024-09-10T00:00:00,1.3983
NIFTY100,2024-09-11T00:00:00,1.5362
NIFTY100,2024-09-12T00:00:00,1.3828
NIFTY100,2024-09-13T00:00:00,1.6796
NIFTY100,2024-09-16T00:00:00,1.7431
NIFTY100,2024-09-17T00:00:00,1.7139
NIFTY100,2024-09-18T00:00:00,1.2569
NIFTY100,2024-09-19T00:00:00,1.027
NIFTY100,2024-09-20T00:00:00,1.3169
NIFTY100,2024-09-23T00:00:00,1.5193
NIFTY100,2024-09-24T00:00:00,1.3412
NIFTY100,2024-09-25T00:00:00,1.78
NIFTY100,2024-09-26T00:00:00,2.2818
NIFTY100,2024-09-27T00:00:00,2.6471
NIFTY100,2024-09-30T00:00:00,2.2311
NIFTY100,2024-10-01T00:00:00,2.0781
NIFTY100,2024-10-02T00:00:00,2.1102
NIFTY100,2024-10-03T00:00:00,2.1889
NIFTY100,2024-10-04T00:00:00,2.159
NIFTY100,2024-10-07T00:00:00,2.1148
NIFTY100,2024-10-08T00:00:00,2.4638
NIFTY100,2024-10-09T00:00:00,2.3367
NIFTY100,2024-10-10T00:00:00,1.9265
NIFTY100,2024-10-11T00:00:00,1.8857
NIFTY100,2024-10-14T00:00:00,1.5953
NIFTY100,2024-10-15T00:00:00,1.6994
NIFTY100,2024-10-16T00:00:00,2.0351
NIFTY100,2024-10-17T00:00:00,2.0937
NIFTY100,2024-10-18T00:00:00,2.3287
NIFTY100,2024-10-21T00:00:00,2.5942
NIFTY100,2024-10-22T00:00:00,2.5675
NIFTY100,2024-10-23T00:00:00,2.4267
NIFTY100,2024-10-24T00:00:00,2.711
NIFTY100,2024-10-25T00:00:00,3.2885
NIFTY100,2024-10-28T00:00:00,3.3022
NIFTY100,2024-10-29T00:00:00,3.4344
NIFTY100,2024-10-30T00:00:00,3.5099
NIFTY100,2024-10-31T00:00:00,3.2263
NIFTY100,2024-11-01T00:00:00,3.3109
NIFTY100,2024-11-04T00:00:00,3.6756
NIFTY100,2024-11-05T00:00:00,3.4994
NIFTY100,2024-11-06T00:00:00,3.6545
NIFTY100,2024-11-07T00:00:00,3.6025
NIFTY100,2024-11-08T00:00:00,3.4021
NIFTY100,2024-11-11T00:00:00,3.8052
NIFTY100,2024-11-12T00:00:00,3.5234
NIFTY100,2024-11-13T00:00:00,3.6156
NIFTY100,2024-11-14T00:00:00,3.3328
NIFTY100,2024-11-15T00:00:00,3.1622
NIFTY100,2024-11-18T00:00:00,2.9503
NIFTY100,2024-11-19T00:00:00,2.7498
NIFTY100,2024-11-20T00:00:00,2.5664
NIFTY100,2024-11-21T00:00:00,2.663
NIFTY100,2024-11-22T00:00:00,2.45
NIFTY100,2024-11-25T00:00:00,2.3851
NIFTY100,2024-11-26T00:00:00,2.3492
NIFTY100,2024-11-27T00:00:00,2.0266
NIFTY100,2024-11-28T00:00:00,2.1561
NIFTY100,2024-11-29T00:00:00,2.2168
NIFTY100,2024-12-02T00:00:00,2.5093
NIFTY100,2024-12-03T00:00:00,2.3105
NIFTY100,2024-12-04T00:00:00,2.7136
NIFTY100,2024-12-05T00:00:00,2.7187
NIFTY100,2024-12-06T00:00:00,3.1064
NIFTY100,2024-12-09T00:00:00,2.5711
NIFTY100,2024-12-10T00:00:00,2.7102
NIFTY100,2024-12-11T00:00:00,2.5817
NIFTY100,2024-12-12T00:00:00,2.3966
NIFTY100,2024-12-13T00:00:00,2.6687
NIFTY100,2024-12-16T00:00:00,2.7743
NIFTY100,2024-12-17T00:00:00,2.9118
NIFTY100,2024-12-18T00:00:00,3.0948
NIFTY100,2024-12-19T00:00:00,2.9462
NIFTY100,2024-12-20T00:00:00,2.6756
NIFTY100,2024-12-23T00:00:00,2.6058
NIFTY100,2024-12-24T00:00:00,2.2574
NIFTY100,2024-12-25T00:00:00,2.0654
NIFTY100,2024-12-26T00:00:00,2.3176
NIFTY100,2024-12-27T00:00:00,2.3444
NIFTY100,2024-12-30T00:00:00,2.5014
NIFTY100,2024-12-31T00:00:00,2.5771
NIFTY100,2025-01-01T00:00:00,2.3829
NIFTY100,2025-01-02T00:00:00,2.7203
NIFTY100,2025-01-03T00:00:00,2.9196
NIFTY100,2025-01-06T00:00:00,3.164
NIFTY100,2025-01-07T00:00:00,3.2537
NIFTY100,2025-01-08T00:00:00,3.3863
NIFTY100,2025-01-09T00:00:00,3.1792
NIFTY100,2025-01-10T00:00:00,3.2703
NIFTY100,2025-01-13T00:00:00,3.0504
NIFTY100,2025-01-14T00:00:00,3.1127
NIFTY100,2025-01-15T00:00:00,3.1017
NIFTY100,2025-01-16T00:00:00,3.2315
NIFTY100,2025-01-17T00:00:00,3.0245
NIFTY100,2025-01-20T00:00:00,2.7118
NIFTY100,2025-01-21T00:00:00,2.6359
NIFTY100,2025-01-22T00:00:00,3.2215
NIFTY100,2025-01-23T00:00:00,3.1937
NIFTY100,2025-01-24T00:00:00,2.9557
NIFTY100,2025-01-27T00:00:00,2.8799
NIFTY100,2025-01-28T00:00:00,2.9771
NIFTY100,2025-01-29T00:00:00,2.5268
NIFTY100,2025-01-30T00:00:00,2.4732
NIFTY100,2025-01-31T00:00:00,2.1503
NIFTY100,2025-02-03T00:00:00,1.9016
NIFTY100,2025-02-04T00:00:00,1.8164
NIFTY100,2025-02-05T00:00:00,1.3773
NIFTY100,2025-02-06T00:00:00,1.2639
NIFTY100,2025-02-07T00:00:00,1.4701
NIFTY100,2025-02-10T00:00:00,1.1428
NIFTY100,2025-02-11T00:00:00,1.524
NIFTY100,2025-02-12T00:00:00,1.4666
NIFTY100,2025-02-13T00:00:00,1.7594
NIFTY100,2025-02-14T00:00:00,2.0277
NIFTY100,2025-02-17T00:00:00,2.0658
NIFTY100,2025-02-18T00:00:00,2.3233
NIFTY100,2025-02-19T00:00:00,1.7917
NIFTY100,2025-02-20T00:00:00,1.8457
NIFTY100,2025-02-21T00:00:00,1.7415
NIFTY100,2025-02-24T00:00:00,1.7699
NIFTY100,2025-02-25T00:00:00,1.7776
NIFTY100,2025-02-26T00:00:00,1.544
NIFTY100,2025-02-27T00:00:00,1.3567
NIFTY100,2025-02-28T00:00:00,1.0607
NIFTY100,2025-03-03T00:00:00,1.1288
NIFTY100,2025-03-04T00:00:00,1.1015
NIFTY100,2025-03-05T00:00:00,1.1532
NIFTY100,2025-03-06T00:00:00,1.103
NIFTY100,2025-03-07T00:00:00,0.8949
NIFTY100,2025-03-10T00:00:00,0.4568
NIFTY100,2025-03-11T00:00:00,0.6516
NIFTY100,2025-03-12T00:00:00,0.7089
NIFTY100,2025-03-13T00:00:00,0.5917
NIFTY100,2025-03-14T00:00:00,0.9055
NIFTY100,2025-03-17T00:00:00,0.3898
NIFTY100,2025-03-18T00:00:00,0.2849
NIFTY100,2025-03-19T00:00:00,-0.052
NIFTY100,2025-03-20T00:00:00,-0.4481
NIFTY100,2025-03-21T00:00:00,-0.0797
NIFTY100,2025-03-24T00:00:00,-0.0288
NIFTY100,2025-03-25T00:00:00,-0.2544
NIFTY100,2025-03-26T00:00:00,-0.1178
NIFTY100,2025-03-27T00:00:00,-0.1758
NIFTY100,2025-03-28T00:00:00,-0.0654
NIFTY100,2025-03-31T00:00:00,0.1432
NIFTY100,2025-04-01T00:00:00,-0.2872
NIFTY100,2025-04-02T00:00:00,-0.1421
NIFTY100,2025-04-03T00:00:00,-0.1164
NIFTY100,2025-04-04T00:00:00,-0.3957
NIFTY100,2025-04-07T00:00:00,-0.0559
NIFTY100,2025-04-08T00:00:00,0.3363
NIFTY100,2025-04-09T00:00:00,0.2269
NIFTY100,2025-04-10T00:00:00,-0.0798
NIFTY100,2025-04-11T00:00:00,-0.1272
NIFTY100,2025-04-14T00:00:00,0.6479
NIFTY100,2025-04-15T00:00:00,0.4043
NIFTY100,2025-04-16T00:00:00,0.3681
NIFTY100,2025-04-17T00:00:00,0.4751
NIFTY100,2025-04-18T00:00:00,-0.0822
NIFTY100,2025-04-21T00:00:00,-0.3622
NIFTY100,2025-04-22T00:00:00,-0.2885
NIFTY100,2025-04-23T00:00:00,-0.3182
NIFTY100,2025-04-24T00:00:00,-0.3455
NIFTY100,2025-04-25T00:00:00,-0.3401
NIFTY100,2025-04-28T00:00:00,-0.4379
NIFTY100,2025-04-29T00:00:00,-0.1976
NIFTY100,2025-04-30T00:00:00,-0.3443
NIFTY100,2025-05-01T00:00:00,-0.7829
NIFTY100,2025-05-02T00:00:00,-0.5156
NIFTY100,2025-05-05T00:00:00,-0.1641
NIFTY100,2025-05-06T00:00:00,-0.3442
NIFTY100,2025-05-07T00:00:00,-0.2588
NIFTY100,2025-05-08T00:00:00,-0.4379
NIFTY100,2025-05-09T00:00:00,-0.817
NIFTY100,2025-05-12T00:00:00,-1.4451
NIFTY100,2025-05-13T00:00:00,-1.8086
NIFTY100,2025-05-14T00:00:00,-2.1759
NIFTY100,2025-05-15T00:00:00,-1.8062
NIFTY100,2025-05-16T00:00:00,-1.9181
NIFTY100,2025-05-19T00:00:00,-1.4213
NIFTY100,2025-05-20T00:00:00,-1.2169
NIFTY100,2025-05-21T00:00:00,-1.3779
NIFTY100,2025-05-22T00:00:00,-1.4395
NIFTY100,2025-05-23T00:00:00,-1.0881
NIFTY100,2025-05-26T00:00:00,-1.0885
NIFTY100,2025-05-27T00:00:00,-0.8811
NIFTY100,2025-05-28T00:00:00,-1.0719
NIFTY100,2025-05-29T00:00:00,-0.857
NIFTY100,2025-05-30T00:00:00,-0.9878
NIFTY100,2025-06-02T00:00:00,-1.3578
NIFTY100,2025-06-03T00:00:00,-1.4566
NIFTY100,2025-06-04T00:00:00,-1.4745
NIFTY100,2025-06-05T00:00:00,-1.4343
NIFTY100,2025-06-06T00:00:00,-1.2601
NIFTY100,2025-06-09T00:00:00,-0.8345
NIFTY100,2025-06-10T00:00:00,-0.9735
NIFTY100,2025-06-11T00:00:00,-0.316
NIFTY100,2025-06-12T00:00:00,-0.2674
NIFTY100,2025-06-13T00:00:00,-0.7699
NIFTY100,2025-06-16T00:00:00,-0.5144
NIFTY100,2025-06-17T00:00:00,-0.5587
NIFTY100,2025-06-18T00:00:00,-0.8306
NIFTY100,2025-06-19T00:00:00,-0.8588
NIFTY100,2025-06-20T00:00:00,-0.8685
NIFTY100,2025-06-23T00:00:00,-1.0413
NIFTY100,2025-06-24T00:00:00,-1.1758
NIFTY100,2025-06-25T00:00:00,-0.928
NIFTY100,2025-06-26T00:00:00,-1.2332
NIFTY100,2025-06-27T00:00:00,-1.0598
NIFTY100,2025-06-30T00:00:00,-0.8468
NIFTY100,2025-07-01T00:00:00,-0.813
NIFTY100,2025-07-02T00:00:00,-0.7627
NIFTY100,2025-07-03T00:00:00,-0.6802
NIFTY100,2025-07-04T00:00:00,-0.5214
NIFTY100,2025-07-07T00:00:00,-0.4861
NIFTY100,2025-07-08T00:00:00,-0.67
NIFTY100,2025-07-09T00:00:00,-0.6963
NIFTY100,2025-07-10T00:00:00,-0.0007
NIFTY100,2025-07-11T00:00:00,0.1884
NIFTY100,2025-07-14T00:00:00,0.6563
NIFTY100,2025-07-15T00:00:00,0.8668
NIFTY100,2025-07-16T00:00:00,0.9693
NIFTY100,2025-07-17T00:00:00,0.8593
NIFTY100,2025-07-18T00:00:00,0.9097
NIFTY100,2025-07-21T00:00:00,1.1279
NIFTY100,2025-07-22T00:00:00,1.6379
NIFTY100,2025-07-23T00:00:00,1.6202
NIFTY100,2025-07-24T00:00:00,1.579
NIFTY100,2025-07-25T00:00:00,1.5285
NIFTY100,2025-07-28T00:00:00,1.3899
NIFTY100,2025-07-29T00:00:00,1.5024
NIFTY100,2025-07-30T00:00:00,1.5572
NIFTY100,2025-07-31T00:00:00,1.121
NIFTY100,2025-08-01T00:00:00,1.249
NIFTY100,2025-08-04T00:00:00,1.1314
NIFTY100,2025-08-05T00:00:00,1.4392
NIFTY100,2025-08-06T00:00:00,1.1212
NIFTY100,2025-08-07T00:00:00,1.0238
NIFTY100,2025-08-08T00:00:00,1.2208
NIFTY100,2025-08-11T00:00:00,0.8878
NIFTY100,2025-08-12T00:00:00,1.0098
NIFTY100,2025-08-13T00:00:00,0.6095
NIFTY100,2025-08-14T00:00:00,0.4207
NIFTY100,2025-08-15T00:00:00,0.3739
NIFTY100,2025-08-18T00:00:00,0.2847
NIFTY100,2025-08-19T00:00:00,0.4703
NIFTY100,2025-08-20T00:00:00,0.2196
NIFTY100,2025-08-21T00:00:00,-0.1145
NIFTY100,2025-08-22T00:00:00,0.3333
NIFTY100,2025-08-25T00:00:00,0.5859
NIFTY100,2025-08-26T00:00:00,0.4533
NIFTY100,2025-08-27T00:00:00,0.4349
NIFTY100,2025-08-28T00:00:00,0.4967
NIFTY100,2025-08-29T00:00:00,0.7414
NIFTY100,2025-09-01T00:00:00,0.8896
NIFTY100,2025-09-02T00:00:00,0.8874
NIFTY100,2025-09-03T00:00:00,0.9921
NIFTY100,2025-09-04T00:00:00,1.176
NIFTY100,2025-09-05T00:00:00,1.1992
NIFTY100,2025-09-08T00:00:00,0.854
NIFTY100,2025-09-09T00:00:00,1.1777
NIFTY100,2025-09-10T00:00:00,0.9971
NIFTY100,2025-09-11T00:00:00,0.8528
NIFTY100,2025-09-12T00:00:00,0.8766
NIFTY100,2025-09-15T00:00:00,0.9649
NIFTY100,2025-09-16T00:00:00,1.0811
NIFTY100,2025-09-17T00:00:00,0.7651
NIFTY100,2025-09-18T00:00:00,0.9831
NIFTY100,2025-09-19T00:00:00,1.2316
NIFTY100,2025-09-22T00:00:00,1.0166
NIFTY100,2025-09-23T00:00:00,0.8093
NIFTY100,2025-09-24T00:00:00,0.7595
NIFTY100,2025-09-25T00:00:00,0.8609
NIFTY100,2025-09-26T00:00:00,0.6958
NIFTY100,2025-09-29T00:00:00,0.7263
NIFTY100,2025-09-30T00:00:00,0.6718
NIFTY100,2025-10-01T00:00:00,0.5512
NIFTY100,2025-10-02T00:00:00,0.2031
NIFTY100,2025-10-03T00:00:00,0.212
NIFTY100,2025-10-06T00:00:00,0.6015
NIFTY100,2025-10-07T00:00:00,0.8945
NIFTY100,2025-10-08T00:00:00,0.8779
NIFTY100,2025-10-09T00:00:00,0.6789
NIFTY100,2025-10-10T00:00:00,0.8014
NIFTY100,2025-10-13T00:00:00,0.8064
NIFTY100,2025-10-14T00:00:00,0.8786
NIFTY100,2025-10-15T00:00:00,0.6579
NIFTY100,2025-10-16T00:00:00,0.3637
NIFTY100,2025-10-17T00:00:00,1.0892
NIFTY100,2025-10-20T00:00:00,0.8286
NIFTY100,2025-10-21T00:00:00,0.5938
NIFTY100,2025-10-22T00:00:00,0.5025
NIFTY100,2025-10-23T00:00:00,0.7252
NIFTY100,2025-10-24T00:00:00,0.8682
NIFTY100,2025-10-27T00:00:00,1.2505
NIFTY100,2025-10-28T00:00:00,0.936
NIFTY100,2025-10-29T00:00:00,0.9354
NIFTY100,2025-10-30T00:00:00,1.1682
NIFTY100,2025-10-31T00:00:00,1.0228
NIFTY100,2025-11-03T00:00:00,0.8252
NIFTY100,2025-11-04T00:00:00,0.7429
NIFTY100,2025-11-05T00:00:00,0.6995
NIFTY100,2025-11-06T00:00:00,0.5536
NIFTY100,2025-11-07T00:00:00,0.2129
NIFTY100,2025-11-10T00:00:00,0.2493
NIFTY100,2025-11-11T00:00:00,0.0793
NIFTY100,2025-11-12T00:00:00,0.2194
NIFTY100,2025-11-13T00:00:00,-0.2486
NIFTY100,2025-11-14T00:00:00,-0.2104
NIFTY100,2025-11-17T00:00:00,-0.4558
NIFTY100,2025-11-18T00:00:00,-0.4705
NIFTY100,2025-11-19T00:00:00,-0.6269
NIFTY100,2025-11-20T00:00:00,-0.3464
NIFTY100,2025-11-21T00:00:00,-0.491
NIFTY100,2025-11-24T00:00:00,-0.7246
